date,iso,nominal,rate,rate_per_unit
2000-01-01,KZT,100,19.51,0.1951
2000-01-06,KZT,100,19.38,0.1938
2000-01-07,KZT,100,19.65,0.1965
2000-01-11,KZT,100,19.94,0.1994
2000-01-12,KZT,100,20.46,0.2046
2000-01-13,KZT,100,20.72,0.2072
2000-01-14,KZT,100,20.57,0.2057
2000-01-15,KZT,100,20.48,0.2048
2000-01-18,KZT,100,20.46,0.2046
2000-01-19,KZT,100,20.45,0.2045
2000-01-20,KZT,100,20.44,0.2044
2000-01-21,KZT,100,20.43,0.2043
2000-01-22,KZT,100,20.39,0.2039
2000-01-25,KZT,100,20.38,0.2038
2000-01-26,KZT,100,20.42,0.2042
2000-01-27,KZT,100,20.47,0.2047
2000-01-28,KZT,100,20.47,0.2047
2000-01-29,KZT,100,20.47,0.2047
2000-02-01,KZT,100,20.47,0.2047
2000-02-02,KZT,100,20.48,0.2048
2000-02-03,KZT,100,20.55,0.2055
2000-02-04,KZT,100,20.63,0.2063
2000-02-05,KZT,100,20.63,0.2063
2000-02-08,KZT,100,20.59,0.2059
2000-02-09,KZT,100,20.54,0.2054
2000-02-10,KZT,100,20.51,0.2051
2000-02-11,KZT,100,20.49,0.2049
2000-02-12,KZT,100,20.58,0.2058
2000-02-15,KZT,100,20.56,0.2056
2000-02-16,KZT,100,20.53,0.2053
2000-02-17,KZT,100,20.54,0.2054
2000-02-18,KZT,100,20.59,0.2059
2000-02-19,KZT,100,20.53,0.2053
2000-02-22,KZT,100,20.5,0.205
2000-02-23,KZT,100,20.6,0.206
2000-02-24,KZT,100,20.56,0.2056
2000-02-25,KZT,100,20.56,0.2056
2000-02-26,KZT,100,20.47,0.2047
2000-02-29,KZT,100,20.42,0.2042
2000-03-01,KZT,100,20.39,0.2039
2000-03-02,KZT,100,20.36,0.2036
2000-03-03,KZT,100,20.3,0.203
2000-03-04,KZT,100,20.3,0.203
2000-03-07,KZT,100,20.26,0.2026
2000-03-08,KZT,100,20.23,0.2023
2000-03-10,KZT,100,20.2,0.202
2000-03-11,KZT,100,20.17,0.2017
2000-03-14,KZT,100,20.16,0.2016
2000-03-15,KZT,100,20.16,0.2016
2000-03-16,KZT,100,20.13,0.2013
2000-03-17,KZT,100,20.09,0.2009
2000-03-18,KZT,100,20.06,0.2006
2000-03-21,KZT,100,20.06,0.2006
2000-03-22,KZT,100,20.07,0.2007
2000-03-23,KZT,100,20.05,0.2005
2000-03-24,KZT,100,20.01,0.2001
2000-03-25,KZT,100,19.99,0.1999
2000-03-28,KZT,100,19.95,0.1995
2000-03-29,KZT,100,19.93,0.1993
2000-03-30,KZT,100,19.93,0.1993
2000-03-31,KZT,100,20.04,0.2004
2000-04-01,KZT,100,20.15,0.2015
2000-04-04,KZT,100,20.28,0.2028
2000-04-05,KZT,100,20.26,0.2026
2000-04-06,KZT,100,20.22,0.2022
2000-04-07,KZT,100,20.16,0.2016
2000-04-08,KZT,100,20.11,0.2011
2000-04-11,KZT,100,20.07,0.2007
2000-04-12,KZT,100,20.07,0.2007
2000-04-13,KZT,100,20.06,0.2006
2000-04-14,KZT,100,20.05,0.2005
2000-04-15,KZT,100,20.04,0.2004
2000-04-18,KZT,100,20.11,0.2011
2000-04-19,KZT,100,20.24,0.2024
2000-04-20,KZT,100,20.14,0.2014
2000-04-21,KZT,100,20.11,0.2011
2000-04-22,KZT,100,20.09,0.2009
2000-04-25,KZT,100,20.08,0.2008
2000-04-26,KZT,100,20.09,0.2009
2000-04-27,KZT,100,20.04,0.2004
2000-04-28,KZT,100,20.01,0.2001
2000-04-29,KZT,100,20.0,0.2
2000-05-04,KZT,100,19.98,0.1998
2000-05-05,KZT,100,19.97,0.1997
2000-05-06,KZT,100,19.95,0.1995
2000-05-07,KZT,100,19.92,0.1992
2000-05-11,KZT,100,19.88,0.1988
2000-05-12,KZT,100,19.87,0.1987
2000-05-13,KZT,100,19.85,0.1985
2000-05-16,KZT,100,19.84,0.1984
2000-05-17,KZT,100,19.86,0.1986
2000-05-18,KZT,100,19.87,0.1987
2000-05-19,KZT,100,19.9,0.199
2000-05-20,KZT,100,19.89,0.1989
2000-05-23,KZT,100,19.89,0.1989
2000-05-24,KZT,100,19.88,0.1988
2000-05-25,KZT,100,19.87,0.1987
2000-05-26,KZT,100,19.87,0.1987
2000-05-27,KZT,100,19.87,0.1987
2000-05-30,KZT,100,19.88,0.1988
2000-05-31,KZT,100,19.85,0.1985
2000-06-01,KZT,100,19.84,0.1984
2000-06-02,KZT,100,19.82,0.1982
2000-06-03,KZT,100,19.88,0.1988
2000-06-06,KZT,100,19.87,0.1987
2000-06-07,KZT,100,19.83,0.1983
2000-06-08,KZT,100,19.84,0.1984
2000-06-09,KZT,100,19.83,0.1983
2000-06-10,KZT,100,19.82,0.1982
2000-06-14,KZT,100,19.92,0.1992
2000-06-15,KZT,100,19.85,0.1985
2000-06-16,KZT,100,19.85,0.1985
2000-06-17,KZT,100,19.83,0.1983
2000-06-20,KZT,100,19.82,0.1982
2000-06-21,KZT,100,19.82,0.1982
2000-06-22,KZT,100,19.81,0.1981
2000-06-23,KZT,100,19.76,0.1976
2000-06-24,KZT,100,19.73,0.1973
2000-06-27,KZT,100,19.69,0.1969
2000-06-28,KZT,100,19.71,0.1971
2000-06-29,KZT,100,19.7,0.197
2000-06-30,KZT,100,19.68,0.1968
2000-07-01,KZT,100,19.64,0.1964
2000-07-04,KZT,100,19.6,0.196
2000-07-05,KZT,100,19.6,0.196
2000-07-06,KZT,100,19.6,0.196
2000-07-07,KZT,100,19.61,0.1961
2000-07-08,KZT,100,19.59,0.1959
2000-07-11,KZT,100,19.6,0.196
2000-07-12,KZT,100,19.56,0.1956
2000-07-13,KZT,100,19.56,0.1956
2000-07-14,KZT,100,19.52,0.1952
2000-07-15,KZT,100,19.51,0.1951
2000-07-18,KZT,100,19.5,0.195
2000-07-19,KZT,100,19.49,0.1949
2000-07-20,KZT,100,19.44,0.1944
2000-07-21,KZT,100,19.37,0.1937
2000-07-22,KZT,100,19.37,0.1937
2000-07-25,KZT,100,19.38,0.1938
2000-07-26,KZT,100,19.37,0.1937
2000-07-27,KZT,100,19.37,0.1937
2000-07-28,KZT,100,19.41,0.1941
2000-07-29,KZT,100,19.48,0.1948
2000-08-01,KZT,100,19.5,0.195
2000-08-02,KZT,100,19.52,0.1952
2000-08-03,KZT,100,19.52,0.1952
2000-08-04,KZT,100,19.5,0.195
2000-08-05,KZT,100,19.48,0.1948
2000-08-08,KZT,100,19.45,0.1945
2000-08-09,KZT,100,19.45,0.1945
2000-08-10,KZT,100,19.43,0.1943
2000-08-11,KZT,100,19.41,0.1941
2000-08-12,KZT,100,19.4,0.194
2000-08-15,KZT,100,19.4,0.194
2000-08-16,KZT,100,19.42,0.1942
2000-08-17,KZT,100,19.43,0.1943
2000-08-18,KZT,100,19.44,0.1944
2000-08-19,KZT,100,19.44,0.1944
2000-08-22,KZT,100,19.43,0.1943
2000-08-23,KZT,100,19.44,0.1944
2000-08-24,KZT,100,19.44,0.1944
2000-08-25,KZT,100,19.43,0.1943
2000-08-26,KZT,100,19.42,0.1942
2000-08-29,KZT,100,19.43,0.1943
2000-08-30,KZT,100,19.47,0.1947
2000-08-31,KZT,100,19.47,0.1947
2000-09-01,KZT,100,19.47,0.1947
2000-09-02,KZT,100,19.45,0.1945
2000-09-05,KZT,100,19.44,0.1944
2000-09-06,KZT,100,19.51,0.1951
2000-09-07,KZT,100,19.53,0.1953
2000-09-08,KZT,100,19.49,0.1949
2000-09-09,KZT,100,19.49,0.1949
2000-09-12,KZT,100,19.5,0.195
2000-09-13,KZT,100,19.5,0.195
2000-09-14,KZT,100,19.49,0.1949
2000-09-15,KZT,100,19.47,0.1947
2000-09-16,KZT,100,19.44,0.1944
2000-09-19,KZT,100,19.43,0.1943
2000-09-20,KZT,100,19.47,0.1947
2000-09-21,KZT,100,19.51,0.1951
2000-09-22,KZT,100,19.51,0.1951
2000-09-23,KZT,100,19.48,0.1948
2000-09-26,KZT,100,19.51,0.1951
2000-09-27,KZT,100,19.5,0.195
2000-09-28,KZT,100,19.5,0.195
2000-09-29,KZT,100,19.46,0.1946
2000-09-30,KZT,100,19.47,0.1947
2000-10-03,KZT,100,19.48,0.1948
2000-10-04,KZT,100,19.49,0.1949
2000-10-05,KZT,100,19.53,0.1953
2000-10-06,KZT,100,19.56,0.1956
2000-10-07,KZT,100,19.57,0.1957
2000-10-10,KZT,100,19.56,0.1956
2000-10-11,KZT,100,19.59,0.1959
2000-10-12,KZT,100,19.54,0.1954
2000-10-13,KZT,100,19.57,0.1957
2000-10-14,KZT,100,19.55,0.1955
2000-10-17,KZT,100,19.5,0.195
2000-10-18,KZT,100,19.5,0.195
2000-10-19,KZT,100,19.55,0.1955
2000-10-20,KZT,100,19.58,0.1958
2000-10-21,KZT,100,19.57,0.1957
2000-10-24,KZT,100,19.58,0.1958
2000-10-25,KZT,100,19.57,0.1957
2000-10-26,KZT,100,19.53,0.1953
2000-10-27,KZT,100,19.57,0.1957
2000-10-28,KZT,100,19.55,0.1955
2000-10-31,KZT,100,19.52,0.1952
2000-11-01,KZT,100,19.51,0.1951
2000-11-02,KZT,100,19.53,0.1953
2000-11-03,KZT,100,19.5,0.195
2000-11-04,KZT,100,19.47,0.1947
2000-11-05,KZT,100,19.47,0.1947
2000-11-09,KZT,100,19.32,0.1932
2000-11-10,KZT,100,19.25,0.1925
2000-11-11,KZT,100,19.27,0.1927
2000-11-14,KZT,100,19.25,0.1925
2000-11-15,KZT,100,19.2,0.192
2000-11-16,KZT,100,19.19,0.1919
2000-11-17,KZT,100,19.25,0.1925
2000-11-18,KZT,100,19.28,0.1928
2000-11-21,KZT,100,19.34,0.1934
2000-11-22,KZT,100,19.35,0.1935
2000-11-23,KZT,100,19.36,0.1936
2000-11-24,KZT,100,19.36,0.1936
2000-11-25,KZT,100,19.35,0.1935
2000-11-28,KZT,100,19.33,0.1933
2000-11-29,KZT,100,19.33,0.1933
2000-11-30,KZT,100,19.31,0.1931
2000-12-01,KZT,100,19.35,0.1935
2000-12-02,KZT,100,19.34,0.1934
2000-12-05,KZT,100,19.33,0.1933
2000-12-06,KZT,100,19.35,0.1935
2000-12-07,KZT,100,19.34,0.1934
2000-12-08,KZT,100,19.34,0.1934
2000-12-09,KZT,100,19.34,0.1934
2000-12-10,KZT,100,19.33,0.1933
2000-12-14,KZT,100,19.32,0.1932
2000-12-15,KZT,100,19.3,0.193
2000-12-16,KZT,100,19.32,0.1932
2000-12-19,KZT,100,19.31,0.1931
2000-12-20,KZT,100,19.32,0.1932
2000-12-21,KZT,100,19.32,0.1932
2000-12-22,KZT,100,19.31,0.1931
2000-12-23,KZT,100,19.28,0.1928
2000-12-26,KZT,100,19.27,0.1927
2000-12-27,KZT,100,19.34,0.1934
2000-12-28,KZT,100,19.4,0.194
2000-12-29,KZT,100,19.37,0.1937
2000-12-30,KZT,100,19.36,0.1936
2001-01-04,KZT,100,19.34,0.1934
2001-01-05,KZT,100,19.55,0.1955
2001-01-06,KZT,100,19.54,0.1954
2001-01-10,KZT,100,19.51,0.1951
2001-01-11,KZT,100,19.51,0.1951
2001-01-12,KZT,100,19.51,0.1951
2001-01-13,KZT,100,19.5,0.195
2001-01-16,KZT,100,19.51,0.1951
2001-01-17,KZT,100,19.53,0.1953
2001-01-18,KZT,100,19.56,0.1956
2001-01-19,KZT,100,19.53,0.1953
2001-01-20,KZT,100,19.53,0.1953
2001-01-23,KZT,100,19.55,0.1955
2001-01-24,KZT,100,19.57,0.1957
2001-01-25,KZT,100,19.57,0.1957
2001-01-26,KZT,100,19.57,0.1957
2001-01-27,KZT,100,19.54,0.1954
2001-01-30,KZT,100,19.54,0.1954
2001-01-31,KZT,100,19.54,0.1954
2001-02-01,KZT,100,19.57,0.1957
2001-02-02,KZT,100,19.59,0.1959
2001-02-03,KZT,100,19.59,0.1959
2001-02-06,KZT,100,19.58,0.1958
2001-02-07,KZT,100,19.59,0.1959
2001-02-08,KZT,100,19.6,0.196
2001-02-09,KZT,100,19.61,0.1961
2001-02-10,KZT,100,19.66,0.1966
2001-02-13,KZT,100,19.72,0.1972
2001-02-14,KZT,100,19.71,0.1971
2001-02-15,KZT,100,19.71,0.1971
2001-02-16,KZT,100,19.73,0.1973
2001-02-17,KZT,100,19.73,0.1973
2001-02-20,KZT,100,19.72,0.1972
2001-02-21,KZT,100,19.74,0.1974
2001-02-22,KZT,100,19.72,0.1972
2001-02-23,KZT,100,19.69,0.1969
2001-02-24,KZT,100,19.74,0.1974
2001-02-27,KZT,100,19.78,0.1978
2001-02-28,KZT,100,19.77,0.1977
2001-03-01,KZT,100,19.7,0.197
2001-03-02,KZT,100,19.69,0.1969
2001-03-03,KZT,100,19.7,0.197
2001-03-06,KZT,100,19.7,0.197
2001-03-07,KZT,100,19.68,0.1968
2001-03-08,KZT,100,19.66,0.1966
2001-03-12,KZT,100,19.66,0.1966
2001-03-13,KZT,100,19.7,0.197
2001-03-14,KZT,100,19.69,0.1969
2001-03-15,KZT,100,19.7,0.197
2001-03-16,KZT,100,19.69,0.1969
2001-03-17,KZT,100,19.7,0.197
2001-03-20,KZT,100,19.69,0.1969
2001-03-21,KZT,100,19.66,0.1966
2001-03-22,KZT,100,19.7,0.197
2001-03-23,KZT,100,19.76,0.1976
2001-03-24,KZT,100,19.77,0.1977
2001-03-27,KZT,100,19.77,0.1977
2001-03-28,KZT,100,19.75,0.1975
2001-03-29,KZT,100,19.78,0.1978
2001-03-30,KZT,100,19.78,0.1978
2001-03-31,KZT,100,19.76,0.1976
2001-04-03,KZT,100,19.79,0.1979
2001-04-04,KZT,100,19.84,0.1984
2001-04-05,KZT,100,19.82,0.1982
2001-04-06,KZT,100,19.81,0.1981
2001-04-07,KZT,100,19.8,0.198
2001-04-10,KZT,100,19.8,0.198
2001-04-11,KZT,100,19.77,0.1977
2001-04-12,KZT,100,19.84,0.1984
2001-04-13,KZT,100,19.83,0.1983
2001-04-14,KZT,100,19.81,0.1981
2001-04-17,KZT,100,19.82,0.1982
2001-04-18,KZT,100,19.83,0.1983
2001-04-19,KZT,100,19.85,0.1985
2001-04-20,KZT,100,19.86,0.1986
2001-04-21,KZT,100,19.85,0.1985
2001-04-24,KZT,100,19.82,0.1982
2001-04-25,KZT,100,19.83,0.1983
2001-04-26,KZT,100,19.85,0.1985
2001-04-27,KZT,100,19.81,0.1981
2001-04-28,KZT,100,19.78,0.1978
2001-04-29,KZT,100,19.77,0.1977
2001-05-04,KZT,100,19.78,0.1978
2001-05-05,KZT,100,19.83,0.1983
2001-05-08,KZT,100,19.82,0.1982
2001-05-09,KZT,100,19.8,0.198
2001-05-11,KZT,100,19.8,0.198
2001-05-12,KZT,100,19.79,0.1979
2001-05-15,KZT,100,19.8,0.198
2001-05-16,KZT,100,19.87,0.1987
2001-05-17,KZT,100,19.86,0.1986
2001-05-18,KZT,100,19.9,0.199
2001-05-19,KZT,100,19.91,0.1991
2001-05-22,KZT,100,19.91,0.1991
2001-05-23,KZT,100,19.9,0.199
2001-05-24,KZT,100,19.89,0.1989
2001-05-25,KZT,100,19.9,0.199
2001-05-26,KZT,100,19.9,0.199
2001-05-29,KZT,100,19.89,0.1989
2001-05-30,KZT,100,19.91,0.1991
2001-05-31,KZT,100,19.88,0.1988
2001-06-01,KZT,100,19.9,0.199
2001-06-02,KZT,100,19.89,0.1989
2001-06-05,KZT,100,19.88,0.1988
2001-06-06,KZT,100,19.86,0.1986
2001-06-07,KZT,100,19.87,0.1987
2001-06-08,KZT,100,19.9,0.199
2001-06-09,KZT,100,19.89,0.1989
2001-06-10,KZT,100,19.89,0.1989
2001-06-14,KZT,100,19.89,0.1989
2001-06-15,KZT,100,19.86,0.1986
2001-06-16,KZT,100,19.84,0.1984
2001-06-19,KZT,100,19.82,0.1982
2001-06-20,KZT,100,19.86,0.1986
2001-06-21,KZT,100,19.89,0.1989
2001-06-22,KZT,100,19.84,0.1984
2001-06-23,KZT,100,19.87,0.1987
2001-06-26,KZT,100,19.86,0.1986
2001-06-27,KZT,100,19.84,0.1984
2001-06-28,KZT,100,19.86,0.1986
2001-06-29,KZT,100,19.85,0.1985
2001-06-30,KZT,100,19.8,0.198
2001-07-03,KZT,100,19.87,0.1987
2001-07-04,KZT,100,19.87,0.1987
2001-07-05,KZT,100,19.88,0.1988
2001-07-06,KZT,100,19.87,0.1987
2001-07-07,KZT,100,19.88,0.1988
2001-07-10,KZT,100,19.91,0.1991
2001-07-11,KZT,100,19.92,0.1992
2001-07-12,KZT,100,19.9,0.199
2001-07-13,KZT,100,19.91,0.1991
2001-07-14,KZT,100,19.9,0.199
2001-07-17,KZT,100,19.92,0.1992
2001-07-18,KZT,100,19.91,0.1991
2001-07-19,KZT,100,19.93,0.1993
2001-07-20,KZT,100,19.95,0.1995
2001-07-21,KZT,100,19.96,0.1996
2001-07-24,KZT,100,19.94,0.1994
2001-07-25,KZT,100,19.96,0.1996
2001-07-26,KZT,100,19.92,0.1992
2001-07-27,KZT,100,19.9,0.199
2001-07-28,KZT,100,19.92,0.1992
2001-07-31,KZT,100,19.91,0.1991
2001-08-01,KZT,100,19.94,0.1994
2001-08-02,KZT,100,19.91,0.1991
2001-08-03,KZT,100,19.93,0.1993
2001-08-04,KZT,100,19.95,0.1995
2001-08-07,KZT,100,19.92,0.1992
2001-08-08,KZT,100,19.92,0.1992
2001-08-09,KZT,100,19.92,0.1992
2001-08-10,KZT,100,19.94,0.1994
2001-08-11,KZT,100,19.93,0.1993
2001-08-14,KZT,100,19.92,0.1992
2001-08-15,KZT,100,19.93,0.1993
2001-08-16,KZT,100,19.93,0.1993
2001-08-17,KZT,100,19.94,0.1994
2001-08-18,KZT,100,19.95,0.1995
2001-08-21,KZT,100,19.96,0.1996
2001-08-22,KZT,100,19.95,0.1995
2001-08-23,KZT,100,19.95,0.1995
2001-08-24,KZT,100,19.96,0.1996
2001-08-25,KZT,100,19.96,0.1996
2001-08-28,KZT,100,19.94,0.1994
2001-08-29,KZT,100,19.94,0.1994
2001-08-30,KZT,100,19.93,0.1993
2001-08-31,KZT,100,19.95,0.1995
2001-09-01,KZT,100,19.97,0.1997
2001-09-04,KZT,100,19.95,0.1995
2001-09-05,KZT,100,19.97,0.1997
2001-09-06,KZT,100,19.96,0.1996
2001-09-07,KZT,100,19.94,0.1994
2001-09-08,KZT,100,19.92,0.1992
2001-09-11,KZT,100,19.92,0.1992
2001-09-12,KZT,100,19.93,0.1993
2001-09-13,KZT,100,19.95,0.1995
2001-09-14,KZT,100,19.95,0.1995
2001-09-15,KZT,100,19.91,0.1991
2001-09-18,KZT,100,19.9,0.199
2001-09-19,KZT,100,19.92,0.1992
2001-09-20,KZT,100,19.94,0.1994
2001-09-21,KZT,100,19.92,0.1992
2001-09-22,KZT,100,19.9,0.199
2001-09-25,KZT,100,19.92,0.1992
2001-09-26,KZT,100,19.93,0.1993
2001-09-27,KZT,100,19.9,0.199
2001-09-28,KZT,100,19.9,0.199
2001-09-29,KZT,100,19.88,0.1988
2001-10-02,KZT,100,19.89,0.1989
2001-10-03,KZT,100,19.9,0.199
2001-10-04,KZT,100,19.93,0.1993
2001-10-05,KZT,100,19.94,0.1994
2001-10-06,KZT,100,19.94,0.1994
2001-10-09,KZT,100,19.95,0.1995
2001-10-10,KZT,100,19.96,0.1996
2001-10-11,KZT,100,19.94,0.1994
2001-10-12,KZT,100,19.96,0.1996
2001-10-13,KZT,100,19.93,0.1993
2001-10-16,KZT,100,19.93,0.1993
2001-10-17,KZT,100,19.93,0.1993
2001-10-18,KZT,100,19.95,0.1995
2001-10-19,KZT,100,19.97,0.1997
2001-10-20,KZT,100,19.96,0.1996
2001-10-23,KZT,100,19.95,0.1995
2001-10-24,KZT,100,19.95,0.1995
2001-10-25,KZT,100,19.97,0.1997
2001-10-26,KZT,100,19.98,0.1998
2001-10-27,KZT,100,20.01,0.2001
2001-10-30,KZT,100,20.04,0.2004
2001-10-31,KZT,100,20.05,0.2005
2001-11-01,KZT,100,20.03,0.2003
2001-11-02,KZT,100,20.02,0.2002
2001-11-03,KZT,100,20.01,0.2001
2001-11-06,KZT,100,19.99,0.1999
2001-11-07,KZT,100,19.97,0.1997
2001-11-09,KZT,100,19.99,0.1999
2001-11-10,KZT,100,20.01,0.2001
2001-11-13,KZT,100,20.01,0.2001
2001-11-14,KZT,100,20.01,0.2001
2001-11-15,KZT,100,20.01,0.2001
2001-11-16,KZT,100,20.04,0.2004
2001-11-17,KZT,100,20.03,0.2003
2001-11-20,KZT,100,20.06,0.2006
2001-11-21,KZT,100,20.14,0.2014
2001-11-22,KZT,100,20.13,0.2013
2001-11-23,KZT,100,20.12,0.2012
2001-11-24,KZT,100,20.14,0.2014
2001-11-27,KZT,100,20.14,0.2014
2001-11-28,KZT,100,20.15,0.2015
2001-11-29,KZT,100,20.14,0.2014
2001-11-30,KZT,100,20.11,0.2011
2001-12-01,KZT,100,20.07,0.2007
2001-12-04,KZT,100,20.04,0.2004
2001-12-05,KZT,100,20.01,0.2001
2001-12-06,KZT,100,20.02,0.2002
2001-12-07,KZT,100,19.98,0.1998
2001-12-08,KZT,100,19.95,0.1995
2001-12-11,KZT,100,20.05,0.2005
2001-12-12,KZT,100,20.05,0.2005
2001-12-14,KZT,100,20.14,0.2014
2001-12-15,KZT,100,20.09,0.2009
2001-12-18,KZT,100,20.16,0.2016
2001-12-19,KZT,100,20.15,0.2015
2001-12-20,KZT,100,20.12,0.2012
2001-12-21,KZT,100,20.11,0.2011
2001-12-22,KZT,100,19.95,0.1995
2001-12-25,KZT,100,19.98,0.1998
2001-12-26,KZT,100,19.97,0.1997
2001-12-27,KZT,100,20.05,0.2005
2001-12-28,KZT,100,19.97,0.1997
2002-01-01,KZT,100,20.0032,0.200032
2002-01-04,KZT,100,19.9485,0.199485
2002-01-05,KZT,100,19.9054,0.199054
2002-01-09,KZT,100,19.8827,0.198827
2002-01-10,KZT,100,20.1626,0.201626
2002-01-11,KZT,100,20.1173,0.201173
2002-01-12,KZT,100,20.0713,0.200713
2002-01-15,KZT,100,20.0754,0.200754
2002-01-16,KZT,100,20.1119,0.201119
2002-01-17,KZT,100,20.1106,0.201106
2002-01-18,KZT,100,20.1714,0.201714
2002-01-19,KZT,100,20.1428,0.201428
2002-01-22,KZT,100,20.1294,0.201294
2002-01-23,KZT,100,20.1395,0.201395
2002-01-24,KZT,100,20.1734,0.201734
2002-01-25,KZT,100,20.1515,0.201515
2002-01-26,KZT,100,20.1847,0.201847
2002-01-29,KZT,100,20.2251,0.202251
2002-01-30,KZT,100,20.2297,0.202297
2002-01-31,KZT,100,20.2213,0.202213
2002-02-01,KZT,100,20.2025,0.202025
2002-02-02,KZT,100,20.1803,0.201803
2002-02-05,KZT,100,20.2051,0.202051
2002-02-06,KZT,100,20.1943,0.201943
2002-02-07,KZT,100,20.2115,0.202115
2002-02-08,KZT,100,20.2226,0.202226
2002-02-09,KZT,100,20.2272,0.202272
2002-02-12,KZT,100,20.2486,0.202486
2002-02-13,KZT,100,20.2834,0.202834
2002-02-14,KZT,100,20.286,0.20286
2002-02-15,KZT,100,20.2756,0.202756
2002-02-16,KZT,100,20.2707,0.202707
2002-02-19,KZT,100,20.2783,0.202783
2002-02-20,KZT,100,20.3321,0.203321
2002-02-21,KZT,100,20.3283,0.203283
2002-02-22,KZT,100,20.3137,0.203137
2002-02-23,KZT,100,20.2959,0.202959
2002-02-27,KZT,100,20.2914,0.202914
2002-02-28,KZT,100,20.3149,0.203149
2002-03-01,KZT,100,20.3369,0.203369
2002-03-02,KZT,100,20.3393,0.203393
2002-03-05,KZT,100,20.353,0.20353
2002-03-06,KZT,100,20.3625,0.203625
2002-03-07,KZT,100,20.372,0.20372
2002-03-08,KZT,100,20.3665,0.203665
2002-03-12,KZT,100,20.3986,0.203986
2002-03-13,KZT,100,20.4103,0.204103
2002-03-14,KZT,100,20.4277,0.204277
2002-03-15,KZT,100,20.3875,0.203875
2002-03-16,KZT,100,20.4217,0.204217
2002-03-19,KZT,100,20.4432,0.204432
2002-03-20,KZT,100,20.4413,0.204413
2002-03-21,KZT,100,20.4575,0.204575
2002-03-22,KZT,100,20.4498,0.204498
2002-03-23,KZT,100,20.4361,0.204361
2002-03-26,KZT,100,20.4612,0.204612
2002-03-27,KZT,100,20.4515,0.204515
2002-03-28,KZT,100,20.4166,0.204166
2002-03-29,KZT,100,20.3805,0.203805
2002-03-30,KZT,100,20.4241,0.204241
2002-04-02,KZT,100,20.4575,0.204575
2002-04-03,KZT,100,20.4237,0.204237
2002-04-04,KZT,100,20.4078,0.204078
2002-04-05,KZT,100,20.4038,0.204038
2002-04-06,KZT,100,20.4145,0.204145
2002-04-09,KZT,100,20.4275,0.204275
2002-04-10,KZT,100,20.4204,0.204204
2002-04-11,KZT,100,20.4291,0.204291
2002-04-12,KZT,100,20.447,0.20447
2002-04-13,KZT,100,20.4313,0.204313
2002-04-16,KZT,100,20.4128,0.204128
2002-04-17,KZT,100,20.4106,0.204106
2002-04-18,KZT,100,20.3987,0.203987
2002-04-19,KZT,100,20.3767,0.203767
2002-04-20,KZT,100,20.3843,0.203843
2002-04-23,KZT,100,20.3841,0.203841
2002-04-24,KZT,100,20.3917,0.203917
2002-04-25,KZT,100,20.3802,0.203802
2002-04-26,KZT,100,20.3901,0.203901
2002-04-27,KZT,100,20.399,0.20399
2002-04-28,KZT,100,20.3915,0.203915
2002-04-30,KZT,100,20.3951,0.203951
2002-05-01,KZT,100,20.3975,0.203975
2002-05-07,KZT,100,20.4001,0.204001
2002-05-08,KZT,100,20.382,0.20382
2002-05-09,KZT,100,20.4045,0.204045
2002-05-14,KZT,100,20.4291,0.204291
2002-05-15,KZT,100,20.4324,0.204324
2002-05-16,KZT,100,20.4377,0.204377
2002-05-17,KZT,100,20.4365,0.204365
2002-05-18,KZT,100,20.4427,0.204427
2002-05-19,KZT,100,20.4375,0.204375
2002-05-21,KZT,100,20.4433,0.204433
2002-05-22,KZT,100,20.4372,0.204372
2002-05-23,KZT,100,20.4068,0.204068
2002-05-24,KZT,100,20.4055,0.204055
2002-05-25,KZT,100,20.463,0.20463
2002-05-28,KZT,100,20.46,0.2046
2002-05-29,KZT,100,20.4587,0.204587
2002-05-30,KZT,100,20.4341,0.204341
2002-05-31,KZT,100,20.4341,0.204341
2002-06-01,KZT,100,20.4341,0.204341
2002-06-04,KZT,100,20.4345,0.204345
2002-06-05,KZT,100,20.4592,0.204592
2002-06-06,KZT,100,20.4812,0.204812
2002-06-07,KZT,100,20.5032,0.205032
2002-06-08,KZT,100,20.5048,0.205048
2002-06-11,KZT,100,20.5055,0.205055
2002-06-12,KZT,100,20.4962,0.204962
2002-06-14,KZT,100,20.5091,0.205091
2002-06-15,KZT,100,20.5081,0.205081
2002-06-18,KZT,100,20.5092,0.205092
2002-06-19,KZT,100,20.5217,0.205217
2002-06-20,KZT,100,20.5367,0.205367
2002-06-21,KZT,100,20.5387,0.205387
2002-06-22,KZT,100,20.5494,0.205494
2002-06-25,KZT,100,20.5642,0.205642
2002-06-26,KZT,100,20.568,0.20568
2002-06-27,KZT,100,20.5393,0.205393
2002-06-28,KZT,100,20.4825,0.204825
2002-06-29,KZT,100,20.5134,0.205134
2002-07-02,KZT,100,20.5463,0.205463
2002-07-03,KZT,100,20.5321,0.205321
2002-07-04,KZT,100,20.5405,0.205405
2002-07-05,KZT,100,20.5124,0.205124
2002-07-06,KZT,100,20.4796,0.204796
2002-07-09,KZT,100,20.4631,0.204631
2002-07-10,KZT,100,20.4533,0.204533
2002-07-11,KZT,100,20.4869,0.204869
2002-07-12,KZT,100,20.5184,0.205184
2002-07-13,KZT,100,20.5096,0.205096
2002-07-16,KZT,100,20.4374,0.204374
2002-07-17,KZT,100,20.4732,0.204732
2002-07-18,KZT,100,20.4952,0.204952
2002-07-19,KZT,100,20.5134,0.205134
2002-07-20,KZT,100,20.5073,0.205073
2002-07-23,KZT,100,20.4953,0.204953
2002-07-24,KZT,100,20.4874,0.204874
2002-07-25,KZT,100,20.4757,0.204757
2002-07-26,KZT,100,20.4604,0.204604
2002-07-27,KZT,100,20.4598,0.204598
2002-07-30,KZT,100,20.4357,0.204357
2002-07-31,KZT,100,20.3927,0.203927
2002-08-01,KZT,100,20.3952,0.203952
2002-08-02,KZT,100,20.4229,0.204229
2002-08-03,KZT,100,20.4152,0.204152
2002-08-06,KZT,100,20.4159,0.204159
2002-08-07,KZT,100,20.4227,0.204227
2002-08-08,KZT,100,20.449,0.20449
2002-08-09,KZT,100,20.4633,0.204633
2002-08-10,KZT,100,20.4803,0.204803
2002-08-13,KZT,100,20.4666,0.204666
2002-08-14,KZT,100,20.4396,0.204396
2002-08-15,KZT,100,20.4435,0.204435
2002-08-16,KZT,100,20.4652,0.204652
2002-08-17,KZT,100,20.47,0.2047
2002-08-20,KZT,100,20.4594,0.204594
2002-08-21,KZT,100,20.4645,0.204645
2002-08-22,KZT,100,20.4749,0.204749
2002-08-23,KZT,100,20.4735,0.204735
2002-08-24,KZT,100,20.4724,0.204724
2002-08-27,KZT,100,20.4436,0.204436
2002-08-28,KZT,100,20.4104,0.204104
2002-08-29,KZT,100,20.4212,0.204212
2002-08-30,KZT,100,20.4332,0.204332
2002-08-31,KZT,100,20.4288,0.204288
2002-09-03,KZT,100,20.4128,0.204128
2002-09-04,KZT,100,20.4498,0.204498
2002-09-05,KZT,100,20.4675,0.204675
2002-09-06,KZT,100,20.4487,0.204487
2002-09-07,KZT,100,20.4437,0.204437
2002-09-10,KZT,100,20.4474,0.204474
2002-09-11,KZT,100,20.4633,0.204633
2002-09-12,KZT,100,20.4761,0.204761
2002-09-13,KZT,100,20.4874,0.204874
2002-09-14,KZT,100,20.4839,0.204839
2002-09-17,KZT,100,20.4784,0.204784
2002-09-18,KZT,100,20.4739,0.204739
2002-09-19,KZT,100,20.4745,0.204745
2002-09-20,KZT,100,20.4887,0.204887
2002-09-21,KZT,100,20.4833,0.204833
2002-09-24,KZT,100,20.4636,0.204636
2002-09-25,KZT,100,20.4366,0.204366
2002-09-26,KZT,100,20.4562,0.204562
2002-09-27,KZT,100,20.4674,0.204674
2002-09-28,KZT,100,20.458,0.20458
2002-10-01,KZT,100,20.4831,0.204831
2002-10-02,KZT,100,20.5039,0.205039
2002-10-03,KZT,100,20.5083,0.205083
2002-10-04,KZT,100,20.5053,0.205053
2002-10-05,KZT,100,20.5122,0.205122
2002-10-08,KZT,100,20.5124,0.205124
2002-10-09,KZT,100,20.5134,0.205134
2002-10-10,KZT,100,20.5138,0.205138
2002-10-11,KZT,100,20.5102,0.205102
2002-10-12,KZT,100,20.5161,0.205161
2002-10-15,KZT,100,20.5237,0.205237
2002-10-16,KZT,100,20.536,0.20536
2002-10-17,KZT,100,20.5481,0.205481
2002-10-18,KZT,100,20.5481,0.205481
2002-10-19,KZT,100,20.5318,0.205318
2002-10-22,KZT,100,20.5016,0.205016
2002-10-23,KZT,100,20.5572,0.205572
2002-10-24,KZT,100,20.5528,0.205528
2002-10-25,KZT,100,20.5332,0.205332
2002-10-26,KZT,100,20.537,0.20537
2002-10-29,KZT,100,20.5412,0.205412
2002-10-30,KZT,100,20.5212,0.205212
2002-10-31,KZT,100,20.5439,0.205439
2002-11-01,KZT,100,20.5728,0.205728
2002-11-02,KZT,100,20.5699,0.205699
2002-11-05,KZT,100,20.5677,0.205677
2002-11-06,KZT,100,20.5756,0.205756
2002-11-07,KZT,100,20.5747,0.205747
2002-11-11,KZT,100,20.5897,0.205897
2002-11-12,KZT,100,20.5837,0.205837
2002-11-13,KZT,100,20.6128,0.206128
2002-11-14,KZT,100,20.6082,0.206082
2002-11-15,KZT,100,20.6214,0.206214
2002-11-16,KZT,100,20.6287,0.206287
2002-11-19,KZT,100,20.641,0.20641
2002-11-20,KZT,100,20.6429,0.206429
2002-11-21,KZT,100,20.6415,0.206415
2002-11-22,KZT,100,20.6429,0.206429
2002-11-23,KZT,100,20.6387,0.206387
2002-11-26,KZT,100,20.6407,0.206407
2002-11-27,KZT,100,20.632,0.20632
2002-11-28,KZT,100,20.6083,0.206083
2002-11-29,KZT,100,20.5914,0.205914
2002-11-30,KZT,100,20.5586,0.205586
2002-12-03,KZT,100,20.5557,0.205557
2002-12-04,KZT,100,20.5542,0.205542
2002-12-05,KZT,100,20.5363,0.205363
2002-12-06,KZT,100,20.5014,0.205014
2002-12-07,KZT,100,20.4484,0.204484
2002-12-10,KZT,100,20.4148,0.204148
2002-12-11,KZT,100,20.3784,0.203784
2002-12-12,KZT,100,20.4336,0.204336
2002-12-16,KZT,100,20.4568,0.204568
2002-12-17,KZT,100,20.4586,0.204586
2002-12-18,KZT,100,20.4623,0.204623
2002-12-19,KZT,100,20.5088,0.205088
2002-12-20,KZT,100,20.5167,0.205167
2002-12-21,KZT,100,20.4902,0.204902
2002-12-24,KZT,100,20.4451,0.204451
2002-12-25,KZT,100,20.4095,0.204095
2002-12-26,KZT,100,20.4111,0.204111
2002-12-27,KZT,100,20.4114,0.204114
2002-12-28,KZT,100,20.4006,0.204006
2002-12-31,KZT,100,20.393,0.20393
2003-01-01,KZT,100,20.3925,0.203925
2003-01-05,KZT,100,20.3923,0.203923
2003-01-06,KZT,100,20.3886,0.203886
2003-01-09,KZT,100,20.4579,0.204579
2003-01-10,KZT,100,20.4751,0.204751
2003-01-11,KZT,100,20.4402,0.204402
2003-01-14,KZT,100,20.4257,0.204257
2003-01-15,KZT,100,20.4519,0.204519
2003-01-16,KZT,100,20.4636,0.204636
2003-01-17,KZT,100,20.4685,0.204685
2003-01-18,KZT,100,20.5052,0.205052
2003-01-21,KZT,100,20.5028,0.205028
2003-01-22,KZT,100,20.4907,0.204907
2003-01-23,KZT,100,20.4942,0.204942
2003-01-24,KZT,100,20.501,0.20501
2003-01-25,KZT,100,20.5052,0.205052
2003-01-28,KZT,100,20.515,0.20515
2003-01-29,KZT,100,20.508,0.20508
2003-01-30,KZT,100,20.509,0.20509
2003-01-31,KZT,100,20.5551,0.205551
2003-02-01,KZT,100,20.5576,0.205576
2003-02-04,KZT,100,20.5471,0.205471
2003-02-05,KZT,100,20.5672,0.205672
2003-02-06,KZT,100,20.5897,0.205897
2003-02-07,KZT,100,20.6042,0.206042
2003-02-08,KZT,100,20.651,0.20651
2003-02-11,KZT,100,20.6505,0.206505
2003-02-12,KZT,100,20.6423,0.206423
2003-02-13,KZT,100,20.6053,0.206053
2003-02-14,KZT,100,20.5668,0.205668
2003-02-15,KZT,100,20.5918,0.205918
2003-02-18,KZT,100,20.6453,0.206453
2003-02-19,KZT,100,20.6277,0.206277
2003-02-20,KZT,100,20.679,0.20679
2003-02-21,KZT,100,20.6923,0.206923
2003-02-22,KZT,100,20.7275,0.207275
2003-02-26,KZT,100,20.6876,0.206876
2003-02-27,KZT,100,20.7969,0.207969
2003-02-28,KZT,100,20.8133,0.208133
2003-03-01,KZT,100,20.8194,0.208194
2003-03-04,KZT,100,20.8611,0.208611
2003-03-05,KZT,100,20.8827,0.208827
2003-03-06,KZT,100,20.8971,0.208971
2003-03-07,KZT,100,20.8946,0.208946
2003-03-08,KZT,100,20.828,0.20828
2003-03-12,KZT,100,20.8103,0.208103
2003-03-13,KZT,100,20.7882,0.207882
2003-03-14,KZT,100,20.7766,0.207766
2003-03-15,KZT,100,20.7846,0.207846
2003-03-18,KZT,100,20.7939,0.207939
2003-03-19,KZT,100,20.8006,0.208006
2003-03-20,KZT,100,20.7174,0.207174
2003-03-21,KZT,100,20.6612,0.206612
2003-03-22,KZT,100,20.5879,0.205879
2003-03-25,KZT,100,20.6165,0.206165
2003-03-26,KZT,100,20.6477,0.206477
2003-03-27,KZT,100,20.6065,0.206065
2003-03-28,KZT,100,20.6601,0.206601
2003-03-29,KZT,100,20.6599,0.206599
2003-04-01,KZT,100,20.6202,0.206202
2003-04-02,KZT,100,20.6063,0.206063
2003-04-03,KZT,100,20.5635,0.205635
2003-04-04,KZT,100,20.5717,0.205717
2003-04-05,KZT,100,20.542,0.20542
2003-04-08,KZT,100,20.5284,0.205284
2003-04-09,KZT,100,20.559,0.20559
2003-04-10,KZT,100,20.5355,0.205355
2003-04-11,KZT,100,20.5465,0.205465
2003-04-12,KZT,100,20.5669,0.205669
2003-04-15,KZT,100,20.5628,0.205628
2003-04-16,KZT,100,20.5369,0.205369
2003-04-17,KZT,100,20.5524,0.205524
2003-04-18,KZT,100,20.563,0.20563
2003-04-19,KZT,100,20.5659,0.205659
2003-04-22,KZT,100,20.4419,0.204419
2003-04-23,KZT,100,20.4413,0.204413
2003-04-24,KZT,100,20.441,0.20441
2003-04-25,KZT,100,20.4573,0.204573
2003-04-26,KZT,100,20.4789,0.204789
2003-04-29,KZT,100,20.4722,0.204722
2003-04-30,KZT,100,20.4574,0.204574
2003-05-01,KZT,100,20.4875,0.204875
2003-05-06,KZT,100,20.5087,0.205087
2003-05-07,KZT,100,20.5403,0.205403
2003-05-08,KZT,100,20.5569,0.205569
2003-05-09,KZT,100,20.5593,0.205593
2003-05-13,KZT,100,20.5325,0.205325
2003-05-14,KZT,100,20.5089,0.205089
2003-05-15,KZT,100,20.5441,0.205441
2003-05-16,KZT,100,20.545,0.20545
2003-05-17,KZT,100,20.5062,0.205062
2003-05-20,KZT,100,20.4538,0.204538
2003-05-21,KZT,100,20.4126,0.204126
2003-05-22,KZT,100,20.4333,0.204333
2003-05-23,KZT,100,20.452,0.20452
2003-05-24,KZT,100,20.4939,0.204939
2003-05-27,KZT,100,20.4258,0.204258
2003-05-28,KZT,100,20.4186,0.204186
2003-05-29,KZT,100,20.3466,0.203466
2003-05-30,KZT,100,20.3585,0.203585
2003-05-31,KZT,100,20.4125,0.204125
2003-06-03,KZT,100,20.4388,0.204388
2003-06-04,KZT,100,20.5219,0.205219
2003-06-05,KZT,100,20.5496,0.205496
2003-06-06,KZT,100,20.5066,0.205066
2003-06-07,KZT,100,20.4892,0.204892
2003-06-10,KZT,100,20.3699,0.203699
2003-06-11,KZT,100,20.4328,0.204328
2003-06-12,KZT,100,20.4635,0.204635
2003-06-17,KZT,100,20.4501,0.204501
2003-06-18,KZT,100,20.4397,0.204397
2003-06-19,KZT,100,20.4659,0.204659
2003-06-20,KZT,100,20.4616,0.204616
2003-06-21,KZT,100,20.4405,0.204405
2003-06-22,KZT,100,20.4117,0.204117
2003-06-24,KZT,100,20.4494,0.204494
2003-06-25,KZT,100,20.4245,0.204245
2003-06-26,KZT,100,20.428,0.20428
2003-06-27,KZT,100,20.4681,0.204681
2003-06-28,KZT,100,20.5268,0.205268
2003-07-01,KZT,100,20.5946,0.205946
2003-07-02,KZT,100,20.5608,0.205608
2003-07-03,KZT,100,20.5039,0.205039
2003-07-04,KZT,100,20.4728,0.204728
2003-07-05,KZT,100,20.5032,0.205032
2003-07-08,KZT,100,20.5334,0.205334
2003-07-09,KZT,100,20.6041,0.206041
2003-07-10,KZT,100,20.673,0.20673
2003-07-11,KZT,100,20.6624,0.206624
2003-07-12,KZT,100,20.6952,0.206952
2003-07-15,KZT,100,20.7912,0.207912
2003-07-16,KZT,100,20.8462,0.208462
2003-07-17,KZT,100,20.8232,0.208232
2003-07-18,KZT,100,20.8202,0.208202
2003-07-19,KZT,100,20.7856,0.207856
2003-07-22,KZT,100,20.7445,0.207445
2003-07-23,KZT,100,20.6825,0.206825
2003-07-24,KZT,100,20.7247,0.207247
2003-07-25,KZT,100,20.7386,0.207386
2003-07-26,KZT,100,20.677,0.20677
2003-07-29,KZT,100,20.6042,0.206042
2003-07-30,KZT,100,20.6034,0.206034
2003-07-31,KZT,100,20.6221,0.206221
2003-08-01,KZT,100,20.6358,0.206358
2003-08-02,KZT,100,20.633,0.20633
2003-08-05,KZT,100,20.644,0.20644
2003-08-06,KZT,100,20.5963,0.205963
2003-08-07,KZT,100,20.5831,0.205831
2003-08-08,KZT,100,20.5881,0.205881
2003-08-09,KZT,100,20.6325,0.206325
2003-08-12,KZT,100,20.6928,0.206928
2003-08-13,KZT,100,20.7024,0.207024
2003-08-14,KZT,100,20.7564,0.207564
2003-08-15,KZT,100,20.7521,0.207521
2003-08-16,KZT,100,20.7728,0.207728
2003-08-19,KZT,100,20.7681,0.207681
2003-08-20,KZT,100,20.7069,0.207069
2003-08-21,KZT,100,20.6628,0.206628
2003-08-22,KZT,100,20.7114,0.207114
2003-08-23,KZT,100,20.6757,0.206757
2003-08-26,KZT,100,20.6278,0.206278
2003-08-27,KZT,100,20.637,0.20637
2003-08-28,KZT,100,20.6252,0.206252
2003-08-29,KZT,100,20.6944,0.206944
2003-08-30,KZT,100,20.6829,0.206829
2003-09-02,KZT,100,20.7069,0.207069
2003-09-03,KZT,100,20.7162,0.207162
2003-09-04,KZT,100,20.6798,0.206798
2003-09-05,KZT,100,20.6747,0.206747
2003-09-06,KZT,100,20.6682,0.206682
2003-09-09,KZT,100,20.7584,0.207584
2003-09-10,KZT,100,20.7808,0.207808
2003-09-11,KZT,100,20.7908,0.207908
2003-09-12,KZT,100,20.7601,0.207601
2003-09-13,KZT,100,20.7729,0.207729
2003-09-16,KZT,100,20.8073,0.208073
2003-09-17,KZT,100,20.8046,0.208046
2003-09-18,KZT,100,20.7883,0.207883
2003-09-19,KZT,100,20.7014,0.207014
2003-09-20,KZT,100,20.6982,0.206982
2003-09-23,KZT,100,20.6305,0.206305
2003-09-24,KZT,100,20.586,0.20586
2003-09-25,KZT,100,20.5083,0.205083
2003-09-26,KZT,100,20.5457,0.205457
2003-09-27,KZT,100,20.5199,0.205199
2003-09-30,KZT,100,20.5337,0.205337
2003-10-01,KZT,100,20.5656,0.205656
2003-10-02,KZT,100,20.5733,0.205733
2003-10-03,KZT,100,20.4914,0.204914
2003-10-04,KZT,100,20.4921,0.204921
2003-10-07,KZT,100,20.5295,0.205295
2003-10-08,KZT,100,20.4792,0.204792
2003-10-09,KZT,100,20.5361,0.205361
2003-10-10,KZT,100,20.4614,0.204614
2003-10-11,KZT,100,20.5239,0.205239
2003-10-14,KZT,100,20.4207,0.204207
2003-10-15,KZT,100,20.5169,0.205169
2003-10-16,KZT,100,20.4531,0.204531
2003-10-17,KZT,100,20.5078,0.205078
2003-10-18,KZT,100,20.4129,0.204129
2003-10-21,KZT,100,20.3269,0.203269
2003-10-22,KZT,100,20.2535,0.202535
2003-10-23,KZT,100,20.2323,0.202323
2003-10-24,KZT,100,20.2001,0.202001
2003-10-25,KZT,100,20.2231,0.202231
2003-10-28,KZT,100,20.3049,0.203049
2003-10-29,KZT,100,20.2165,0.202165
2003-10-30,KZT,100,20.1407,0.201407
2003-10-31,KZT,100,20.1824,0.201824
2003-11-01,KZT,100,20.2923,0.202923
2003-11-04,KZT,100,20.2547,0.202547
2003-11-05,KZT,100,20.1847,0.201847
2003-11-06,KZT,100,20.1937,0.201937
2003-11-07,KZT,100,20.222,0.20222
2003-11-11,KZT,100,20.2004,0.202004
2003-11-12,KZT,100,20.1867,0.201867
2003-11-13,KZT,100,20.1858,0.201858
2003-11-14,KZT,100,20.2439,0.202439
2003-11-15,KZT,100,20.2707,0.202707
2003-11-18,KZT,100,20.3017,0.203017
2003-11-19,KZT,100,20.368,0.20368
2003-11-20,KZT,100,20.3534,0.203534
2003-11-21,KZT,100,20.4065,0.204065
2003-11-22,KZT,100,20.3666,0.203666
2003-11-25,KZT,100,20.2818,0.202818
2003-11-26,KZT,100,20.2983,0.202983
2003-11-27,KZT,100,20.3004,0.203004
2003-11-28,KZT,100,20.2812,0.202812
2003-11-29,KZT,100,20.2809,0.202809
2003-12-02,KZT,100,20.265,0.20265
2003-12-03,KZT,100,20.3199,0.203199
2003-12-04,KZT,100,20.3496,0.203496
2003-12-05,KZT,100,20.4119,0.204119
2003-12-06,KZT,100,20.3693,0.203693
2003-12-09,KZT,100,20.2781,0.202781
2003-12-10,KZT,100,20.3517,0.203517
2003-12-11,KZT,100,20.3596,0.203596
2003-12-12,KZT,100,20.2753,0.202753
2003-12-16,KZT,100,20.2017,0.202017
2003-12-17,KZT,100,20.1459,0.201459
2003-12-18,KZT,100,20.112,0.20112
2003-12-19,KZT,100,20.1765,0.201765
2003-12-20,KZT,100,20.2186,0.202186
2003-12-23,KZT,100,20.3036,0.203036
2003-12-24,KZT,100,20.2771,0.202771
2003-12-25,KZT,100,20.3,0.203
2003-12-26,KZT,100,20.3348,0.203348
2003-12-27,KZT,100,20.3691,0.203691
2003-12-30,KZT,100,20.479,0.20479
2003-12-31,KZT,100,20.4613,0.204613
2004-01-01,KZT,100,20.567,0.20567
2004-01-06,KZT,100,20.6319,0.206319
2004-01-07,KZT,100,20.5159,0.205159
2004-01-09,KZT,100,20.4908,0.204908
2004-01-10,KZT,100,20.3202,0.203202
2004-01-13,KZT,100,20.2496,0.202496
2004-01-14,KZT,100,20.3379,0.203379
2004-01-15,KZT,100,20.394,0.20394
2004-01-16,KZT,100,20.4447,0.204447
2004-01-17,KZT,100,20.4153,0.204153
2004-01-20,KZT,100,20.3738,0.203738
2004-01-21,KZT,100,20.5073,0.205073
2004-01-22,KZT,100,20.5979,0.205979
2004-01-23,KZT,100,20.4922,0.204922
2004-01-24,KZT,100,20.4188,0.204188
2004-01-27,KZT,100,20.4076,0.204076
2004-01-28,KZT,100,20.4461,0.204461
2004-01-29,KZT,100,20.4268,0.204268
2004-01-30,KZT,100,20.4624,0.204624
2004-01-31,KZT,100,20.4323,0.204323
2004-02-03,KZT,100,20.4423,0.204423
2004-02-04,KZT,100,20.4986,0.204986
2004-02-05,KZT,100,20.4684,0.204684
2004-02-06,KZT,100,20.4711,0.204711
2004-02-07,KZT,100,20.5233,0.205233
2004-02-10,KZT,100,20.464,0.20464
2004-02-11,KZT,100,20.4751,0.204751
2004-02-12,KZT,100,20.5045,0.205045
2004-02-13,KZT,100,20.5045,0.205045
2004-02-14,KZT,100,20.5112,0.205112
2004-02-17,KZT,100,20.4865,0.204865
2004-02-18,KZT,100,20.4888,0.204888
2004-02-19,KZT,100,20.5069,0.205069
2004-02-20,KZT,100,20.5209,0.205209
2004-02-21,KZT,100,20.4878,0.204878
2004-02-25,KZT,100,20.509,0.20509
2004-02-26,KZT,100,20.5164,0.205164
2004-02-27,KZT,100,20.4787,0.204787
2004-02-28,KZT,100,20.5098,0.205098
2004-03-02,KZT,100,20.4959,0.204959
2004-03-03,KZT,100,20.4957,0.204957
2004-03-04,KZT,100,20.4643,0.204643
2004-03-05,KZT,100,20.5195,0.205195
2004-03-06,KZT,100,20.5685,0.205685
2004-03-10,KZT,100,20.5227,0.205227
2004-03-11,KZT,100,20.5617,0.205617
2004-03-12,KZT,100,20.5686,0.205686
2004-03-13,KZT,100,20.5249,0.205249
2004-03-16,KZT,100,20.5064,0.205064
2004-03-17,KZT,100,20.4647,0.204647
2004-03-18,KZT,100,20.4577,0.204577
2004-03-19,KZT,100,20.4911,0.204911
2004-03-20,KZT,100,20.5271,0.205271
2004-03-23,KZT,100,20.5289,0.205289
2004-03-24,KZT,100,20.5206,0.205206
2004-03-25,KZT,100,20.512,0.20512
2004-03-26,KZT,100,20.5673,0.205673
2004-03-27,KZT,100,20.5697,0.205697
2004-03-30,KZT,100,20.5249,0.205249
2004-03-31,KZT,100,20.5231,0.205231
2004-04-01,KZT,100,20.5346,0.205346
2004-04-02,KZT,100,20.521,0.20521
2004-04-03,KZT,100,20.5815,0.205815
2004-04-06,KZT,100,20.6266,0.206266
2004-04-07,KZT,100,20.6291,0.206291
2004-04-08,KZT,100,20.634,0.20634
2004-04-09,KZT,100,20.6444,0.206444
2004-04-10,KZT,100,20.6618,0.206618
2004-04-13,KZT,100,20.7121,0.207121
2004-04-14,KZT,100,20.7296,0.207296
2004-04-15,KZT,100,20.7288,0.207288
2004-04-16,KZT,100,20.7549,0.207549
2004-04-17,KZT,100,20.7827,0.207827
2004-04-20,KZT,100,20.8315,0.208315
2004-04-21,KZT,100,20.8975,0.208975
2004-04-22,KZT,100,20.9841,0.209841
2004-04-23,KZT,100,20.9815,0.209815
2004-04-24,KZT,100,20.9776,0.209776
2004-04-27,KZT,100,20.9567,0.209567
2004-04-28,KZT,100,20.8234,0.208234
2004-04-29,KZT,100,20.8343,0.208343
2004-04-30,KZT,100,20.878,0.20878
2004-05-01,KZT,100,20.9668,0.209668
2004-05-06,KZT,100,21.0047,0.210047
2004-05-07,KZT,100,21.0163,0.210163
2004-05-08,KZT,100,21.0678,0.210678
2004-05-12,KZT,100,21.1027,0.211027
2004-05-13,KZT,100,21.1793,0.211793
2004-05-14,KZT,100,21.2123,0.212123
2004-05-15,KZT,100,21.2336,0.212336
2004-05-18,KZT,100,21.2312,0.212312
2004-05-19,KZT,100,21.2176,0.212176
2004-05-20,KZT,100,21.242,0.21242
2004-05-21,KZT,100,21.2464,0.212464
2004-05-22,KZT,100,21.2405,0.212405
2004-05-25,KZT,100,21.1874,0.211874
2004-05-26,KZT,100,21.1452,0.211452
2004-05-27,KZT,100,21.1234,0.211234
2004-05-28,KZT,100,21.1508,0.211508
2004-05-29,KZT,100,21.1113,0.211113
2004-06-01,KZT,100,21.172,0.21172
2004-06-02,KZT,100,21.2294,0.212294
2004-06-03,KZT,100,21.2693,0.212693
2004-06-04,KZT,100,21.316,0.21316
2004-06-05,KZT,100,21.3108,0.213108
2004-06-08,KZT,100,21.3364,0.213364
2004-06-09,KZT,100,21.3382,0.213382
2004-06-10,KZT,100,21.3334,0.213334
2004-06-11,KZT,100,21.3393,0.213393
2004-06-12,KZT,100,21.3263,0.213263
2004-06-16,KZT,100,21.2956,0.212956
2004-06-17,KZT,100,21.279,0.21279
2004-06-18,KZT,100,21.293,0.21293
2004-06-19,KZT,100,21.3005,0.213005
2004-06-22,KZT,100,21.2456,0.212456
2004-06-23,KZT,100,21.2648,0.212648
2004-06-24,KZT,100,21.2674,0.212674
2004-06-25,KZT,100,21.2867,0.212867
2004-06-26,KZT,100,21.2587,0.212587
2004-06-29,KZT,100,21.2509,0.212509
2004-06-30,KZT,100,21.2817,0.212817
2004-07-01,KZT,100,21.3679,0.213679
2004-07-02,KZT,100,21.3649,0.213649
2004-07-03,KZT,100,21.3756,0.213756
2004-07-06,KZT,100,21.4057,0.214057
2004-07-07,KZT,100,21.4403,0.214403
2004-07-08,KZT,100,21.4811,0.214811
2004-07-09,KZT,100,21.4987,0.214987
2004-07-10,KZT,100,21.5147,0.215147
2004-07-13,KZT,100,21.531,0.21531
2004-07-14,KZT,100,21.5059,0.215059
2004-07-15,KZT,100,21.4878,0.214878
2004-07-16,KZT,100,21.4869,0.214869
2004-07-17,KZT,100,21.4825,0.214825
2004-07-20,KZT,100,21.4898,0.214898
2004-07-21,KZT,100,21.499,0.21499
2004-07-22,KZT,100,21.4994,0.214994
2004-07-23,KZT,100,21.5108,0.215108
2004-07-24,KZT,100,21.4884,0.214884
2004-07-27,KZT,100,21.4234,0.214234
2004-07-28,KZT,100,21.3836,0.213836
2004-07-29,KZT,100,21.3274,0.213274
2004-07-30,KZT,100,21.3298,0.213298
2004-07-31,KZT,100,21.3478,0.213478
2004-08-03,KZT,100,21.3789,0.213789
2004-08-04,KZT,100,21.4098,0.214098
2004-08-05,KZT,100,21.379,0.21379
2004-08-06,KZT,100,21.3751,0.213751
2004-08-07,KZT,100,21.3843,0.213843
2004-08-10,KZT,100,21.5461,0.215461
2004-08-11,KZT,100,21.605,0.21605
2004-08-12,KZT,100,21.617,0.21617
2004-08-13,KZT,100,21.6208,0.216208
2004-08-14,KZT,100,21.6153,0.216153
2004-08-17,KZT,100,21.5882,0.215882
2004-08-18,KZT,100,21.4294,0.214294
2004-08-19,KZT,100,21.4415,0.214415
2004-08-20,KZT,100,21.403,0.21403
2004-08-21,KZT,100,21.3946,0.213946
2004-08-24,KZT,100,21.4094,0.214094
2004-08-25,KZT,100,21.4288,0.214288
2004-08-26,KZT,100,21.4065,0.214065
2004-08-27,KZT,100,21.4032,0.214032
2004-08-28,KZT,100,21.3884,0.213884
2004-08-31,KZT,100,21.4045,0.214045
2004-09-01,KZT,100,21.4521,0.214521
2004-09-02,KZT,100,21.5554,0.215554
2004-09-03,KZT,100,21.5117,0.215117
2004-09-04,KZT,100,21.5023,0.215023
2004-09-07,KZT,100,21.4809,0.214809
2004-09-08,KZT,100,21.4901,0.214901
2004-09-09,KZT,100,21.5248,0.215248
2004-09-10,KZT,100,21.5313,0.215313
2004-09-11,KZT,100,21.5163,0.215163
2004-09-14,KZT,100,21.53,0.2153
2004-09-15,KZT,100,21.5777,0.215777
2004-09-16,KZT,100,21.5825,0.215825
2004-09-17,KZT,100,21.6011,0.216011
2004-09-18,KZT,100,21.6236,0.216236
2004-09-21,KZT,100,21.5962,0.215962
2004-09-22,KZT,100,21.6184,0.216184
2004-09-23,KZT,100,21.6294,0.216294
2004-09-24,KZT,100,21.6592,0.216592
2004-09-25,KZT,100,21.6635,0.216635
2004-09-28,KZT,100,21.6916,0.216916
2004-09-29,KZT,100,21.6873,0.216873
2004-09-30,KZT,100,21.7297,0.217297
2004-10-01,KZT,100,21.7488,0.217488
2004-10-02,KZT,100,21.75,0.2175
2004-10-05,KZT,100,21.7477,0.217477
2004-10-06,KZT,100,21.7363,0.217363
2004-10-07,KZT,100,21.7611,0.217611
2004-10-08,KZT,100,21.7705,0.217705
2004-10-09,KZT,100,21.8187,0.218187
2004-10-12,KZT,100,21.7892,0.217892
2004-10-13,KZT,100,21.7924,0.217924
2004-10-14,KZT,100,21.8413,0.218413
2004-10-15,KZT,100,21.8954,0.218954
2004-10-16,KZT,100,21.9031,0.219031
2004-10-19,KZT,100,21.9092,0.219092
2004-10-20,KZT,100,21.8907,0.218907
2004-10-21,KZT,100,21.9443,0.219443
2004-10-22,KZT,100,21.951,0.21951
2004-10-23,KZT,100,21.8835,0.218835
2004-10-26,KZT,100,21.8086,0.218086
2004-10-27,KZT,100,21.7522,0.217522
2004-10-28,KZT,100,21.7704,0.217704
2004-10-29,KZT,100,21.7863,0.217863
2004-10-30,KZT,100,21.7885,0.217885
2004-11-02,KZT,100,21.8149,0.218149
2004-11-03,KZT,100,21.8513,0.218513
2004-11-04,KZT,100,21.8798,0.218798
2004-11-05,KZT,100,21.8967,0.218967
2004-11-06,KZT,100,21.8409,0.218409
2004-11-10,KZT,100,21.8529,0.218529
2004-11-11,KZT,100,21.8919,0.218919
2004-11-12,KZT,100,21.9242,0.219242
2004-11-13,KZT,100,21.8943,0.218943
2004-11-16,KZT,100,21.9426,0.219426
2004-11-17,KZT,100,21.9841,0.219841
2004-11-18,KZT,100,21.9756,0.219756
2004-11-19,KZT,100,21.9149,0.219149
2004-11-20,KZT,100,21.9399,0.219399
2004-11-23,KZT,100,21.9488,0.219488
2004-11-24,KZT,100,21.948,0.21948
2004-11-25,KZT,100,21.8309,0.218309
2004-11-26,KZT,100,21.7917,0.217917
2004-11-27,KZT,100,21.7477,0.217477
2004-11-30,KZT,100,21.7077,0.217077
2004-12-01,KZT,100,21.6452,0.216452
2004-12-02,KZT,100,21.5442,0.215442
2004-12-03,KZT,100,21.5352,0.215352
2004-12-04,KZT,100,21.4771,0.214771
2004-12-07,KZT,100,21.4065,0.214065
2004-12-08,KZT,100,21.4223,0.214223
2004-12-09,KZT,100,21.4619,0.214619
2004-12-10,KZT,100,21.5399,0.215399
2004-12-11,KZT,100,21.6228,0.216228
2004-12-15,KZT,100,21.5168,0.215168
2004-12-16,KZT,100,21.5136,0.215136
2004-12-17,KZT,100,21.4592,0.214592
2004-12-18,KZT,100,21.4797,0.214797
2004-12-21,KZT,100,21.4758,0.214758
2004-12-22,KZT,100,21.4515,0.214515
2004-12-23,KZT,100,21.4134,0.214134
2004-12-24,KZT,100,21.4172,0.214172
2004-12-25,KZT,100,21.3987,0.213987
2004-12-28,KZT,100,21.3686,0.213686
2004-12-29,KZT,100,21.3643,0.213643
2004-12-30,KZT,100,21.3394,0.213394
2004-12-31,KZT,100,21.3421,0.213421
2005-01-01,KZT,100,21.3438,0.213438
2005-01-12,KZT,100,21.5025,0.215025
2005-01-13,KZT,100,21.4442,0.214442
2005-01-14,KZT,100,21.437,0.21437
2005-01-15,KZT,100,21.504,0.21504
2005-01-18,KZT,100,21.5162,0.215162
2005-01-19,KZT,100,21.6259,0.216259
2005-01-20,KZT,100,21.6558,0.216558
2005-01-21,KZT,100,21.6527,0.216527
2005-01-22,KZT,100,21.6461,0.216461
2005-01-25,KZT,100,21.5174,0.215174
2005-01-26,KZT,100,21.4639,0.214639
2005-01-27,KZT,100,21.527,0.21527
2005-01-28,KZT,100,21.4551,0.214551
2005-01-29,KZT,100,21.5678,0.215678
2005-02-01,KZT,100,21.6228,0.216228
2005-02-02,KZT,100,21.509,0.21509
2005-02-03,KZT,100,21.4964,0.214964
2005-02-04,KZT,100,21.5327,0.215327
2005-02-05,KZT,100,21.5322,0.215322
2005-02-08,KZT,100,21.6656,0.216656
2005-02-09,KZT,100,21.6593,0.216593
2005-02-10,KZT,100,21.6286,0.216286
2005-02-11,KZT,100,21.6046,0.216046
2005-02-12,KZT,100,21.5886,0.215886
2005-02-15,KZT,100,21.4983,0.214983
2005-02-16,KZT,100,21.4608,0.214608
2005-02-17,KZT,100,21.4309,0.214309
2005-02-18,KZT,100,21.4989,0.214989
2005-02-19,KZT,100,21.4748,0.214748
2005-02-22,KZT,100,21.4668,0.214668
2005-02-23,KZT,100,21.3943,0.213943
2005-02-25,KZT,100,21.3109,0.213109
2005-02-26,KZT,100,21.3344,0.213344
2005-03-01,KZT,100,21.2837,0.212837
2005-03-02,KZT,100,21.2833,0.212833
2005-03-03,KZT,100,21.2372,0.212372
2005-03-04,KZT,100,21.2709,0.212709
2005-03-05,KZT,100,21.3268,0.213268
2005-03-06,KZT,100,21.2637,0.212637
2005-03-10,KZT,100,21.2107,0.212107
2005-03-11,KZT,100,21.133,0.21133
2005-03-12,KZT,100,21.1372,0.211372
2005-03-15,KZT,100,21.1557,0.211557
2005-03-16,KZT,100,21.1376,0.211376
2005-03-17,KZT,100,21.0727,0.210727
2005-03-18,KZT,100,21.0685,0.210685
2005-03-19,KZT,100,21.0859,0.210859
2005-03-22,KZT,100,21.1139,0.211139
2005-03-23,KZT,100,21.1416,0.211416
2005-03-24,KZT,100,21.1738,0.211738
2005-03-25,KZT,100,21.1878,0.211878
2005-03-26,KZT,100,21.1555,0.211555
2005-03-29,KZT,100,21.0212,0.210212
2005-03-30,KZT,100,21.0185,0.210185
2005-03-31,KZT,100,21.068,0.21068
2005-04-01,KZT,100,21.0235,0.210235
2005-04-02,KZT,100,21.0386,0.210386
2005-04-05,KZT,100,21.1198,0.211198
2005-04-06,KZT,100,21.3083,0.213083
2005-04-07,KZT,100,21.2127,0.212127
2005-04-08,KZT,100,21.1737,0.211737
2005-04-09,KZT,100,21.2589,0.212589
2005-04-12,KZT,100,21.239,0.21239
2005-04-13,KZT,100,21.2438,0.212438
2005-04-14,KZT,100,21.2714,0.212714
2005-04-15,KZT,100,21.3351,0.213351
2005-04-16,KZT,100,21.3959,0.213959
2005-04-19,KZT,100,21.2797,0.212797
2005-04-20,KZT,100,21.1362,0.211362
2005-04-21,KZT,100,21.1341,0.211341
2005-04-22,KZT,100,21.1091,0.211091
2005-04-23,KZT,100,21.0752,0.210752
2005-04-26,KZT,100,20.953,0.20953
2005-04-27,KZT,100,21.0144,0.210144
2005-04-28,KZT,100,21.1602,0.211602
2005-04-29,KZT,100,21.0853,0.210853
2005-04-30,KZT,100,21.1391,0.211391
2005-05-04,KZT,100,21.1697,0.211697
2005-05-05,KZT,100,21.1994,0.211994
2005-05-06,KZT,100,21.1993,0.211993
2005-05-07,KZT,100,21.2979,0.212979
2005-05-12,KZT,100,21.2738,0.212738
2005-05-13,KZT,100,21.2121,0.212121
2005-05-14,KZT,100,21.2178,0.212178
2005-05-17,KZT,100,21.2944,0.212944
2005-05-18,KZT,100,21.383,0.21383
2005-05-19,KZT,100,21.4687,0.214687
2005-05-20,KZT,100,21.3923,0.213923
2005-05-21,KZT,100,21.3463,0.213463
2005-05-24,KZT,100,21.298,0.21298
2005-05-25,KZT,100,21.2756,0.212756
2005-05-26,KZT,100,21.2429,0.212429
2005-05-27,KZT,100,21.2197,0.212197
2005-05-28,KZT,100,21.2034,0.212034
2005-05-31,KZT,100,21.1756,0.211756
2005-06-01,KZT,100,21.324,0.21324
2005-06-02,KZT,100,21.5124,0.215124
2005-06-03,KZT,100,21.5122,0.215122
2005-06-04,KZT,100,21.4183,0.214183
2005-06-07,KZT,100,21.5534,0.215534
2005-06-08,KZT,100,21.4954,0.214954
2005-06-09,KZT,100,21.408,0.21408
2005-06-10,KZT,100,21.4401,0.214401
2005-06-11,KZT,100,21.2335,0.212335
2005-06-15,KZT,100,21.3247,0.213247
2005-06-16,KZT,100,21.4356,0.214356
2005-06-17,KZT,100,21.4312,0.214312
2005-06-18,KZT,100,21.324,0.21324
2005-06-21,KZT,100,21.1459,0.211459
2005-06-22,KZT,100,21.1049,0.211049
2005-06-23,KZT,100,21.0174,0.210174
2005-06-24,KZT,100,21.0707,0.210707
2005-06-25,KZT,100,21.2032,0.212032
2005-06-28,KZT,100,21.1389,0.211389
2005-06-29,KZT,100,21.1464,0.211464
2005-06-30,KZT,100,21.2095,0.212095
2005-07-01,KZT,100,21.209,0.21209
2005-07-02,KZT,100,21.211,0.21211
2005-07-05,KZT,100,21.2424,0.212424
2005-07-06,KZT,100,21.24,0.2124
2005-07-07,KZT,100,21.2174,0.212174
2005-07-08,KZT,100,21.2597,0.212597
2005-07-09,KZT,100,21.3244,0.213244
2005-07-12,KZT,100,21.1797,0.211797
2005-07-13,KZT,100,21.0612,0.210612
2005-07-14,KZT,100,21.0264,0.210264
2005-07-15,KZT,100,21.1735,0.211735
2005-07-16,KZT,100,21.0955,0.210955
2005-07-19,KZT,100,21.1151,0.211151
2005-07-20,KZT,100,21.1067,0.211067
2005-07-21,KZT,100,21.0991,0.210991
2005-07-22,KZT,100,21.0752,0.210752
2005-07-23,KZT,100,21.0564,0.210564
2005-07-26,KZT,100,21.1379,0.211379
2005-07-27,KZT,100,21.14,0.2114
2005-07-28,KZT,100,21.1616,0.211616
2005-07-29,KZT,100,21.1273,0.211273
2005-07-30,KZT,100,21.0728,0.210728
2005-08-02,KZT,100,21.0407,0.210407
2005-08-03,KZT,100,21.0341,0.210341
2005-08-04,KZT,100,21.068,0.21068
2005-08-05,KZT,100,21.0325,0.210325
2005-08-06,KZT,100,20.9609,0.209609
2005-08-09,KZT,100,20.9431,0.209431
2005-08-10,KZT,100,20.9334,0.209334
2005-08-11,KZT,100,20.9489,0.209489
2005-08-12,KZT,100,20.9871,0.209871
2005-08-13,KZT,100,20.9467,0.209467
2005-08-16,KZT,100,20.9997,0.209997
2005-08-17,KZT,100,20.9953,0.209953
2005-08-18,KZT,100,21.0166,0.210166
2005-08-19,KZT,100,21.0042,0.210042
2005-08-20,KZT,100,21.1179,0.211179
2005-08-23,KZT,100,21.1044,0.211044
2005-08-24,KZT,100,21.0689,0.210689
2005-08-25,KZT,100,21.0919,0.210919
2005-08-26,KZT,100,21.0386,0.210386
2005-08-27,KZT,100,21.0223,0.210223
2005-08-30,KZT,100,21.0256,0.210256
2005-08-31,KZT,100,21.1069,0.211069
2005-09-01,KZT,100,21.1038,0.211038
2005-09-02,KZT,100,21.0364,0.210364
2005-09-03,KZT,100,20.966,0.20966
2005-09-06,KZT,100,20.8991,0.208991
2005-09-07,KZT,100,21.0144,0.210144
2005-09-08,KZT,100,20.9945,0.209945
2005-09-09,KZT,100,21.0427,0.210427
2005-09-10,KZT,100,21.1128,0.211128
2005-09-13,KZT,100,21.1645,0.211645
2005-09-14,KZT,100,21.1814,0.211814
2005-09-15,KZT,100,21.1174,0.211174
2005-09-16,KZT,100,21.1775,0.211775
2005-09-17,KZT,100,21.1124,0.211124
2005-09-20,KZT,100,21.2129,0.212129
2005-09-21,KZT,100,21.1936,0.211936
2005-09-22,KZT,100,21.1829,0.211829
2005-09-23,KZT,100,21.1794,0.211794
2005-09-24,KZT,100,21.2219,0.212219
2005-09-27,KZT,100,21.2857,0.212857
2005-09-28,KZT,100,21.3193,0.213193
2005-09-29,KZT,100,21.3196,0.213196
2005-09-30,KZT,100,21.2964,0.212964
2005-10-01,KZT,100,21.3347,0.213347
2005-10-04,KZT,100,21.4008,0.214008
2005-10-05,KZT,100,21.4343,0.214343
2005-10-06,KZT,100,21.4219,0.214219
2005-10-07,KZT,100,21.3548,0.213548
2005-10-08,KZT,100,21.302,0.21302
2005-10-11,KZT,100,21.31,0.2131
2005-10-12,KZT,100,21.3494,0.213494
2005-10-13,KZT,100,21.3963,0.213963
2005-10-14,KZT,100,21.3362,0.213362
2005-10-15,KZT,100,21.3504,0.213504
2005-10-18,KZT,100,21.2891,0.212891
2005-10-19,KZT,100,21.3251,0.213251
2005-10-20,KZT,100,21.4009,0.214009
2005-10-21,KZT,100,21.3777,0.213777
2005-10-22,KZT,100,21.3718,0.213718
2005-10-25,KZT,100,21.4044,0.214044
2005-10-26,KZT,100,21.3908,0.213908
2005-10-27,KZT,100,21.273,0.21273
2005-10-28,KZT,100,21.2611,0.212611
2005-10-29,KZT,100,21.2217,0.212217
2005-11-01,KZT,100,21.2574,0.212574
2005-11-02,KZT,100,21.3746,0.213746
2005-11-03,KZT,100,21.3542,0.213542
2005-11-04,KZT,100,21.3353,0.213353
2005-11-08,KZT,100,21.4627,0.214627
2005-11-09,KZT,100,21.4543,0.214543
2005-11-10,KZT,100,21.4529,0.214529
2005-11-11,KZT,100,21.4687,0.214687
2005-11-12,KZT,100,21.5058,0.215058
2005-11-15,KZT,100,21.4879,0.214879
2005-11-16,KZT,100,21.4897,0.214897
2005-11-17,KZT,100,21.488,0.21488
2005-11-18,KZT,100,21.5252,0.215252
2005-11-19,KZT,100,21.5243,0.215243
2005-11-22,KZT,100,21.4903,0.214903
2005-11-23,KZT,100,21.5215,0.215215
2005-11-24,KZT,100,21.4573,0.214573
2005-11-25,KZT,100,21.4554,0.214554
2005-11-26,KZT,100,21.4717,0.214717
2005-11-29,KZT,100,21.5312,0.215312
2005-11-30,KZT,100,21.4305,0.214305
2005-12-01,KZT,100,21.4631,0.214631
2005-12-02,KZT,100,21.5013,0.215013
2005-12-03,KZT,100,21.6434,0.216434
2005-12-06,KZT,100,21.6469,0.216469
2005-12-07,KZT,100,21.5627,0.215627
2005-12-08,KZT,100,21.5762,0.215762
2005-12-09,KZT,100,21.6179,0.216179
2005-12-10,KZT,100,21.5786,0.215786
2005-12-13,KZT,100,21.5405,0.215405
2005-12-14,KZT,100,21.4376,0.214376
2005-12-15,KZT,100,21.4221,0.214221
2005-12-16,KZT,100,21.4595,0.214595
2005-12-17,KZT,100,21.4335,0.214335
2005-12-20,KZT,100,21.4094,0.214094
2005-12-21,KZT,100,21.4485,0.214485
2005-12-22,KZT,100,21.5396,0.215396
2005-12-23,KZT,100,21.6076,0.216076
2005-12-24,KZT,100,21.5588,0.215588
2005-12-27,KZT,100,21.5527,0.215527
2005-12-28,KZT,100,21.5457,0.215457
2005-12-29,KZT,100,21.4871,0.214871
2005-12-30,KZT,100,21.5006,0.215006
2005-12-31,KZT,100,21.5337,0.215337
2006-01-11,KZT,100,21.2913,0.212913
2006-01-12,KZT,100,21.292,0.21292
2006-01-13,KZT,100,21.2634,0.212634
2006-01-14,KZT,100,21.3246,0.213246
2006-01-17,KZT,100,21.2123,0.212123
2006-01-18,KZT,100,21.2288,0.212288
2006-01-19,KZT,100,21.2621,0.212621
2006-01-20,KZT,100,21.2626,0.212626
2006-01-21,KZT,100,21.297,0.21297
2006-01-24,KZT,100,21.1436,0.211436
2006-01-25,KZT,100,21.148,0.21148
2006-01-26,KZT,100,21.1501,0.211501
2006-01-27,KZT,100,21.1925,0.211925
2006-01-28,KZT,100,21.2185,0.212185
2006-01-31,KZT,100,21.2788,0.212788
2006-02-01,KZT,100,21.3002,0.213002
2006-02-02,KZT,100,21.3323,0.213323
2006-02-03,KZT,100,21.4121,0.214121
2006-02-04,KZT,100,21.4028,0.214028
2006-02-07,KZT,100,21.4347,0.214347
2006-02-08,KZT,100,21.3893,0.213893
2006-02-09,KZT,100,21.3734,0.213734
2006-02-10,KZT,100,21.4345,0.214345
2006-02-11,KZT,100,21.4794,0.214794
2006-02-14,KZT,100,21.4705,0.214705
2006-02-15,KZT,100,21.4689,0.214689
2006-02-16,KZT,100,21.5,0.215
2006-02-17,KZT,100,21.537,0.21537
2006-02-18,KZT,100,21.5472,0.215472
2006-02-21,KZT,100,21.507,0.21507
2006-02-22,KZT,100,21.551,0.21551
2006-02-23,KZT,100,21.5193,0.215193
2006-02-27,KZT,100,21.6131,0.216131
2006-02-28,KZT,100,21.58,0.2158
2006-03-01,KZT,100,21.5807,0.215807
2006-03-02,KZT,100,21.5214,0.215214
2006-03-03,KZT,100,21.5657,0.215657
2006-03-04,KZT,100,21.5272,0.215272
2006-03-07,KZT,100,21.5278,0.215278
2006-03-08,KZT,100,21.6249,0.216249
2006-03-10,KZT,100,21.6461,0.216461
2006-03-11,KZT,100,21.6943,0.216943
2006-03-14,KZT,100,21.7076,0.217076
2006-03-15,KZT,100,21.7497,0.217497
2006-03-16,KZT,100,21.6839,0.216839
2006-03-17,KZT,100,21.7002,0.217002
2006-03-18,KZT,100,21.6597,0.216597
2006-03-21,KZT,100,21.7123,0.217123
2006-03-22,KZT,100,21.739,0.21739
2006-03-23,KZT,100,21.7592,0.217592
2006-03-24,KZT,100,21.7874,0.217874
2006-03-25,KZT,100,21.8032,0.218032
2006-03-28,KZT,100,21.7033,0.217033
2006-03-29,KZT,100,21.7372,0.217372
2006-03-30,KZT,100,21.6905,0.216905
2006-03-31,KZT,100,21.6133,0.216133
2006-04-01,KZT,100,21.5729,0.215729
2006-04-04,KZT,100,21.6219,0.216219
2006-04-05,KZT,100,21.5413,0.215413
2006-04-06,KZT,100,21.4099,0.214099
2006-04-07,KZT,100,21.3284,0.213284
2006-04-08,KZT,100,21.4149,0.214149
2006-04-11,KZT,100,21.5139,0.215139
2006-04-12,KZT,100,21.4977,0.214977
2006-04-13,KZT,100,21.5066,0.215066
2006-04-14,KZT,100,21.5762,0.215762
2006-04-15,KZT,100,21.6413,0.216413
2006-04-18,KZT,100,21.687,0.21687
2006-04-19,KZT,100,21.7867,0.217867
2006-04-20,KZT,100,21.9066,0.219066
2006-04-21,KZT,100,22.1089,0.221089
2006-04-22,KZT,100,22.3505,0.223505
2006-04-25,KZT,100,22.2151,0.222151
2006-04-26,KZT,100,22.1141,0.221141
2006-04-27,KZT,100,22.0889,0.220889
2006-04-28,KZT,100,22.0597,0.220597
2006-04-29,KZT,100,21.917,0.21917
2006-05-03,KZT,100,21.8976,0.218976
2006-05-04,KZT,100,21.8375,0.218375
2006-05-05,KZT,100,21.979,0.21979
2006-05-06,KZT,100,21.9811,0.219811
2006-05-07,KZT,100,21.9907,0.219907
2006-05-11,KZT,100,22.0183,0.220183
2006-05-12,KZT,100,22.141,0.22141
2006-05-13,KZT,100,22.166,0.22166
2006-05-16,KZT,100,22.2395,0.222395
2006-05-17,KZT,100,22.1616,0.221616
2006-05-18,KZT,100,21.9814,0.219814
2006-05-19,KZT,100,22.2007,0.222007
2006-05-20,KZT,100,22.237,0.22237
2006-05-23,KZT,100,22.2824,0.222824
2006-05-24,KZT,100,21.9849,0.219849
2006-05-25,KZT,100,22.0725,0.220725
2006-05-26,KZT,100,22.0921,0.220921
2006-05-27,KZT,100,22.1033,0.221033
2006-05-30,KZT,100,22.2283,0.222283
2006-05-31,KZT,100,22.2356,0.222356
2006-06-01,KZT,100,22.2155,0.222155
2006-06-02,KZT,100,22.2961,0.222961
2006-06-03,KZT,100,22.2049,0.222049
2006-06-06,KZT,100,22.2794,0.222794
2006-06-07,KZT,100,22.2813,0.222813
2006-06-08,KZT,100,22.4304,0.224304
2006-06-09,KZT,100,22.4397,0.224397
2006-06-10,KZT,100,22.4772,0.224772
2006-06-14,KZT,100,22.7186,0.227186
2006-06-15,KZT,100,22.6918,0.226918
2006-06-16,KZT,100,22.4131,0.224131
2006-06-17,KZT,100,22.5078,0.225078
2006-06-20,KZT,100,22.6866,0.226866
2006-06-21,KZT,100,22.8549,0.228549
2006-06-22,KZT,100,22.7856,0.227856
2006-06-23,KZT,100,22.6699,0.226699
2006-06-24,KZT,100,22.6125,0.226125
2006-06-27,KZT,100,22.6237,0.226237
2006-06-28,KZT,100,22.5912,0.225912
2006-06-29,KZT,100,22.7,0.227
2006-06-30,KZT,100,22.8231,0.228231
2006-07-01,KZT,100,22.7707,0.227707
2006-07-04,KZT,100,22.7122,0.227122
2006-07-05,KZT,100,22.6811,0.226811
2006-07-06,KZT,100,22.7114,0.227114
2006-07-07,KZT,100,22.7098,0.227098
2006-07-08,KZT,100,22.7049,0.227049
2006-07-11,KZT,100,22.7104,0.227104
2006-07-12,KZT,100,22.7471,0.227471
2006-07-13,KZT,100,22.7084,0.227084
2006-07-14,KZT,100,22.7282,0.227282
2006-07-15,KZT,100,22.7723,0.227723
2006-07-18,KZT,100,22.8159,0.228159
2006-07-19,KZT,100,22.9146,0.229146
2006-07-20,KZT,100,23.0239,0.230239
2006-07-21,KZT,100,23.0327,0.230327
2006-07-22,KZT,100,22.9001,0.229001
2006-07-25,KZT,100,22.9067,0.229067
2006-07-26,KZT,100,22.8034,0.228034
2006-07-27,KZT,100,22.8555,0.228555
2006-07-28,KZT,100,22.6776,0.226776
2006-07-29,KZT,100,22.7009,0.227009
2006-08-01,KZT,100,22.661,0.22661
2006-08-02,KZT,100,22.5857,0.225857
2006-08-03,KZT,100,22.4837,0.224837
2006-08-04,KZT,100,22.3864,0.223864
2006-08-05,KZT,100,22.2092,0.222092
2006-08-08,KZT,100,21.9737,0.219737
2006-08-09,KZT,100,21.8499,0.218499
2006-08-10,KZT,100,21.8201,0.218201
2006-08-11,KZT,100,21.7639,0.217639
2006-08-12,KZT,100,21.8701,0.218701
2006-08-15,KZT,100,21.8817,0.218817
2006-08-16,KZT,100,21.859,0.21859
2006-08-17,KZT,100,21.4813,0.214813
2006-08-18,KZT,100,21.5934,0.215934
2006-08-19,KZT,100,21.5697,0.215697
2006-08-22,KZT,100,21.4953,0.214953
2006-08-23,KZT,100,21.4082,0.214082
2006-08-24,KZT,100,21.4822,0.214822
2006-08-25,KZT,100,21.4299,0.214299
2006-08-26,KZT,100,21.4244,0.214244
2006-08-29,KZT,100,21.375,0.21375
2006-08-30,KZT,100,21.3555,0.213555
2006-08-31,KZT,100,21.351,0.21351
2006-09-01,KZT,100,21.3213,0.213213
2006-09-02,KZT,100,21.3362,0.213362
2006-09-05,KZT,100,21.2534,0.212534
2006-09-06,KZT,100,21.1916,0.211916
2006-09-07,KZT,100,21.1899,0.211899
2006-09-08,KZT,100,21.224,0.21224
2006-09-09,KZT,100,21.2733,0.212733
2006-09-12,KZT,100,21.2733,0.212733
2006-09-13,KZT,100,21.2427,0.212427
2006-09-14,KZT,100,21.2491,0.212491
2006-09-15,KZT,100,21.2449,0.212449
2006-09-16,KZT,100,21.2235,0.212235
2006-09-19,KZT,100,21.2284,0.212284
2006-09-20,KZT,100,21.1845,0.211845
2006-09-21,KZT,100,21.1904,0.211904
2006-09-22,KZT,100,21.1494,0.211494
2006-09-23,KZT,100,21.0424,0.210424
2006-09-26,KZT,100,21.0229,0.210229
2006-09-27,KZT,100,21.0543,0.210543
2006-09-28,KZT,100,21.0885,0.210885
2006-09-29,KZT,100,21.0474,0.210474
2006-09-30,KZT,100,21.0492,0.210492
2006-10-03,KZT,100,21.0643,0.210643
2006-10-04,KZT,100,21.0062,0.210062
2006-10-05,KZT,100,21.0122,0.210122
2006-10-06,KZT,100,21.0171,0.210171
2006-10-07,KZT,100,21.0251,0.210251
2006-10-10,KZT,100,21.0798,0.210798
2006-10-11,KZT,100,21.063,0.21063
2006-10-12,KZT,100,21.0993,0.210993
2006-10-13,KZT,100,21.0976,0.210976
2006-10-14,KZT,100,21.0855,0.210855
2006-10-17,KZT,100,21.1094,0.211094
2006-10-18,KZT,100,21.0883,0.210883
2006-10-19,KZT,100,21.0698,0.210698
2006-10-20,KZT,100,21.0754,0.210754
2006-10-21,KZT,100,21.005,0.21005
2006-10-24,KZT,100,21.0214,0.210214
2006-10-25,KZT,100,21.0698,0.210698
2006-10-26,KZT,100,21.0499,0.210499
2006-10-27,KZT,100,20.9854,0.209854
2006-10-28,KZT,100,20.9639,0.209639
2006-10-31,KZT,100,20.9255,0.209255
2006-11-01,KZT,100,20.9511,0.209511
2006-11-02,KZT,100,20.9105,0.209105
2006-11-03,KZT,100,20.8984,0.208984
2006-11-04,KZT,100,20.8743,0.208743
2006-11-08,KZT,100,20.9077,0.209077
2006-11-09,KZT,100,20.8868,0.208868
2006-11-10,KZT,100,20.8786,0.208786
2006-11-11,KZT,100,20.8301,0.208301
2006-11-14,KZT,100,20.826,0.20826
2006-11-15,KZT,100,20.8384,0.208384
2006-11-16,KZT,100,20.836,0.20836
2006-11-17,KZT,100,20.8297,0.208297
2006-11-18,KZT,100,20.8561,0.208561
2006-11-21,KZT,100,20.8148,0.208148
2006-11-22,KZT,100,20.8471,0.208471
2006-11-23,KZT,100,20.8057,0.208057
2006-11-24,KZT,100,20.7577,0.207577
2006-11-25,KZT,100,20.7311,0.207311
2006-11-28,KZT,100,20.6083,0.206083
2006-11-29,KZT,100,20.5929,0.205929
2006-11-30,KZT,100,20.5645,0.205645
2006-12-01,KZT,100,20.5628,0.205628
2006-12-02,KZT,100,20.5152,0.205152
2006-12-05,KZT,100,20.4891,0.204891
2006-12-06,KZT,100,20.4677,0.204677
2006-12-07,KZT,100,20.4668,0.204668
2006-12-08,KZT,100,20.4657,0.204657
2006-12-09,KZT,100,20.5008,0.205008
2006-12-12,KZT,100,20.5437,0.205437
2006-12-13,KZT,100,20.5169,0.205169
2006-12-14,KZT,100,20.5,0.205
2006-12-15,KZT,100,20.5325,0.205325
2006-12-16,KZT,100,20.59,0.2059
2006-12-19,KZT,100,20.6366,0.206366
2006-12-20,KZT,100,20.634,0.20634
2006-12-21,KZT,100,20.5583,0.205583
2006-12-22,KZT,100,20.5517,0.205517
2006-12-23,KZT,100,20.549,0.20549
2006-12-26,KZT,100,20.5925,0.205925
2006-12-27,KZT,100,20.6203,0.206203
2006-12-28,KZT,100,20.6491,0.206491
2006-12-29,KZT,100,20.7088,0.207088
2006-12-30,KZT,100,20.7609,0.207609
2007-01-10,KZT,100,21.0889,0.210889
2007-01-11,KZT,100,21.1223,0.211223
2007-01-12,KZT,100,21.1189,0.211189
2007-01-13,KZT,100,21.1929,0.211929
2007-01-16,KZT,100,21.2247,0.212247
2007-01-17,KZT,100,21.1719,0.211719
2007-01-18,KZT,100,21.2511,0.212511
2007-01-19,KZT,100,21.2461,0.212461
2007-01-20,KZT,100,21.2241,0.212241
2007-01-23,KZT,100,21.141,0.21141
2007-01-24,KZT,100,21.0784,0.210784
2007-01-25,KZT,100,21.0748,0.210748
2007-01-26,KZT,100,21.0451,0.210451
2007-01-27,KZT,100,21.0265,0.210265
2007-01-30,KZT,100,21.0699,0.210699
2007-01-31,KZT,100,20.9858,0.209858
2007-02-01,KZT,100,21.0323,0.210323
2007-02-02,KZT,100,20.9924,0.209924
2007-02-03,KZT,100,21.0694,0.210694
2007-02-06,KZT,100,21.1475,0.211475
2007-02-07,KZT,100,21.1333,0.211333
2007-02-08,KZT,100,21.0977,0.210977
2007-02-09,KZT,100,21.0642,0.210642
2007-02-10,KZT,100,21.1192,0.211192
2007-02-13,KZT,100,21.1535,0.211535
2007-02-14,KZT,100,21.2418,0.212418
2007-02-15,KZT,100,21.2225,0.212225
2007-02-16,KZT,100,21.1484,0.211484
2007-02-17,KZT,100,21.0667,0.210667
2007-02-20,KZT,100,21.0586,0.210586
2007-02-21,KZT,100,21.0213,0.210213
2007-02-22,KZT,100,21.0196,0.210196
2007-02-23,KZT,100,21.1037,0.211037
2007-02-27,KZT,100,21.1559,0.211559
2007-02-28,KZT,100,21.1404,0.211404
2007-03-01,KZT,100,21.0008,0.210008
2007-03-02,KZT,100,20.9419,0.209419
2007-03-03,KZT,100,20.8891,0.208891
2007-03-06,KZT,100,20.8976,0.208976
2007-03-07,KZT,100,21.0772,0.210772
2007-03-08,KZT,100,21.1828,0.211828
2007-03-10,KZT,100,21.1664,0.211664
2007-03-13,KZT,100,21.1985,0.211985
2007-03-14,KZT,100,21.2129,0.212129
2007-03-15,KZT,100,21.1255,0.211255
2007-03-16,KZT,100,21.0731,0.210731
2007-03-17,KZT,100,21.0016,0.210016
2007-03-20,KZT,100,21.078,0.21078
2007-03-21,KZT,100,21.0167,0.210167
2007-03-22,KZT,100,21.01,0.2101
2007-03-23,KZT,100,20.966,0.20966
2007-03-24,KZT,100,20.9994,0.209994
2007-03-27,KZT,100,21.1492,0.211492
2007-03-28,KZT,100,21.0218,0.210218
2007-03-29,KZT,100,20.9757,0.209757
2007-03-30,KZT,100,21.0373,0.210373
2007-03-31,KZT,100,21.0061,0.210061
2007-04-03,KZT,100,21.0765,0.210765
2007-04-04,KZT,100,21.0288,0.210288
2007-04-05,KZT,100,21.0608,0.210608
2007-04-06,KZT,100,21.0638,0.210638
2007-04-07,KZT,100,20.998,0.20998
2007-04-10,KZT,100,21.144,0.21144
2007-04-11,KZT,100,21.0994,0.210994
2007-04-12,KZT,100,21.1769,0.211769
2007-04-13,KZT,100,21.1745,0.211745
2007-04-14,KZT,100,21.1846,0.211846
2007-04-17,KZT,100,21.1943,0.211943
2007-04-18,KZT,100,21.1566,0.211566
2007-04-19,KZT,100,21.0735,0.210735
2007-04-20,KZT,100,21.1808,0.211808
2007-04-21,KZT,100,21.2736,0.212736
2007-04-24,KZT,100,21.3021,0.213021
2007-04-25,KZT,100,21.2972,0.212972
2007-04-26,KZT,100,21.2559,0.212559
2007-04-27,KZT,100,21.3188,0.213188
2007-04-28,KZT,100,21.4759,0.214759
2007-04-29,KZT,100,21.3842,0.213842
2007-05-03,KZT,100,21.4357,0.214357
2007-05-04,KZT,100,21.4875,0.214875
2007-05-05,KZT,100,21.6196,0.216196
2007-05-08,KZT,100,21.6586,0.216586
2007-05-09,KZT,100,21.5039,0.215039
2007-05-11,KZT,100,21.4205,0.214205
2007-05-12,KZT,100,21.4592,0.214592
2007-05-15,KZT,100,21.4957,0.214957
2007-05-16,KZT,100,21.5851,0.215851
2007-05-17,KZT,100,21.5239,0.215239
2007-05-18,KZT,100,21.4033,0.214033
2007-05-19,KZT,100,21.4864,0.214864
2007-05-22,KZT,100,21.5081,0.215081
2007-05-23,KZT,100,21.5507,0.215507
2007-05-24,KZT,100,21.5893,0.215893
2007-05-25,KZT,100,21.5064,0.215064
2007-05-26,KZT,100,21.4764,0.214764
2007-05-29,KZT,100,21.2633,0.212633
2007-05-30,KZT,100,21.2197,0.212197
2007-05-31,KZT,100,21.2978,0.212978
2007-06-01,KZT,100,21.1337,0.211337
2007-06-02,KZT,100,21.2081,0.212081
2007-06-05,KZT,100,21.2468,0.212468
2007-06-06,KZT,100,21.2294,0.212294
2007-06-07,KZT,100,21.3492,0.213492
2007-06-08,KZT,100,21.3583,0.213583
2007-06-09,KZT,100,21.3586,0.213586
2007-06-10,KZT,100,21.3537,0.213537
2007-06-14,KZT,100,21.3678,0.213678
2007-06-15,KZT,100,21.3928,0.213928
2007-06-16,KZT,100,21.1964,0.211964
2007-06-19,KZT,100,21.2208,0.212208
2007-06-20,KZT,100,21.1887,0.211887
2007-06-21,KZT,100,21.037,0.21037
2007-06-22,KZT,100,21.112,0.21112
2007-06-23,KZT,100,21.1302,0.211302
2007-06-26,KZT,100,21.1477,0.211477
2007-06-27,KZT,100,21.2168,0.212168
2007-06-28,KZT,100,21.2988,0.212988
2007-06-29,KZT,100,21.1302,0.211302
2007-06-30,KZT,100,21.1011,0.211011
2007-07-03,KZT,100,21.131,0.21131
2007-07-04,KZT,100,21.0436,0.210436
2007-07-05,KZT,100,21.0919,0.210919
2007-07-06,KZT,100,21.0551,0.210551
2007-07-07,KZT,100,21.1295,0.211295
2007-07-10,KZT,100,21.0905,0.210905
2007-07-11,KZT,100,21.1005,0.211005
2007-07-12,KZT,100,21.0759,0.210759
2007-07-13,KZT,100,20.9665,0.209665
2007-07-14,KZT,100,20.9061,0.209061
2007-07-17,KZT,100,20.8888,0.208888
2007-07-18,KZT,100,20.9261,0.209261
2007-07-19,KZT,100,20.8617,0.208617
2007-07-20,KZT,100,20.8613,0.208613
2007-07-21,KZT,100,20.834,0.20834
2007-07-24,KZT,100,20.8096,0.208096
2007-07-25,KZT,100,20.6738,0.206738
2007-07-26,KZT,100,20.752,0.20752
2007-07-27,KZT,100,20.7564,0.207564
2007-07-28,KZT,100,20.669,0.20669
2007-07-31,KZT,100,20.708,0.20708
2007-08-01,KZT,100,20.6631,0.206631
2007-08-02,KZT,100,20.7364,0.207364
2007-08-03,KZT,100,20.7145,0.207145
2007-08-04,KZT,100,20.6103,0.206103
2007-08-07,KZT,100,20.4562,0.204562
2007-08-08,KZT,100,20.4742,0.204742
2007-08-09,KZT,100,20.4675,0.204675
2007-08-10,KZT,100,20.317,0.20317
2007-08-11,KZT,100,20.4051,0.204051
2007-08-14,KZT,100,20.3271,0.203271
2007-08-15,KZT,100,20.3558,0.203558
2007-08-16,KZT,100,20.4859,0.204859
2007-08-17,KZT,100,20.5711,0.205711
2007-08-18,KZT,100,20.6271,0.206271
2007-08-21,KZT,100,20.5836,0.205836
2007-08-22,KZT,100,20.6386,0.206386
2007-08-23,KZT,100,20.6432,0.206432
2007-08-24,KZT,100,20.4813,0.204813
2007-08-25,KZT,100,20.4538,0.204538
2007-08-28,KZT,100,20.3109,0.203109
2007-08-29,KZT,100,20.3402,0.203402
2007-08-30,KZT,100,20.401,0.20401
2007-08-31,KZT,100,20.2971,0.202971
2007-09-01,KZT,100,20.2803,0.202803
2007-09-04,KZT,100,20.4559,0.204559
2007-09-05,KZT,100,20.7147,0.207147
2007-09-06,KZT,100,20.8494,0.208494
2007-09-07,KZT,100,20.8684,0.208684
2007-09-08,KZT,100,20.9704,0.209704
2007-09-11,KZT,100,20.9023,0.209023
2007-09-12,KZT,100,20.8732,0.208732
2007-09-13,KZT,100,20.7973,0.207973
2007-09-14,KZT,100,20.8326,0.208326
2007-09-15,KZT,100,20.8141,0.208141
2007-09-18,KZT,100,20.8297,0.208297
2007-09-19,KZT,100,20.8658,0.208658
2007-09-20,KZT,100,20.7591,0.207591
2007-09-21,KZT,100,20.7129,0.207129
2007-09-22,KZT,100,20.6305,0.206305
2007-09-25,KZT,100,20.6188,0.206188
2007-09-26,KZT,100,20.6306,0.206306
2007-09-27,KZT,100,20.5845,0.205845
2007-09-28,KZT,100,20.5858,0.205858
2007-09-29,KZT,100,20.6255,0.206255
2007-10-02,KZT,100,20.5581,0.205581
2007-10-03,KZT,100,20.5905,0.205905
2007-10-04,KZT,100,20.6067,0.206067
2007-10-05,KZT,100,20.6649,0.206649
2007-10-06,KZT,100,20.6543,0.206543
2007-10-09,KZT,100,20.6594,0.206594
2007-10-10,KZT,100,20.7108,0.207108
2007-10-11,KZT,100,20.6433,0.206433
2007-10-12,KZT,100,20.5989,0.205989
2007-10-13,KZT,100,20.6461,0.206461
2007-10-16,KZT,100,20.6576,0.206576
2007-10-17,KZT,100,20.6204,0.206204
2007-10-18,KZT,100,20.6299,0.206299
2007-10-19,KZT,100,20.6003,0.206003
2007-10-20,KZT,100,20.6079,0.206079
2007-10-23,KZT,100,20.5276,0.205276
2007-10-24,KZT,100,20.64,0.2064
2007-10-25,KZT,100,20.6067,0.206067
2007-10-26,KZT,100,20.5682,0.205682
2007-10-27,KZT,100,20.5037,0.205037
2007-10-30,KZT,100,20.451,0.20451
2007-10-31,KZT,100,20.4442,0.204442
2007-11-01,KZT,100,20.4098,0.204098
2007-11-02,KZT,100,20.4121,0.204121
2007-11-03,KZT,100,20.3804,0.203804
2007-11-07,KZT,100,20.373,0.20373
2007-11-08,KZT,100,20.3076,0.203076
2007-11-09,KZT,100,20.2903,0.202903
2007-11-10,KZT,100,20.2472,0.202472
2007-11-13,KZT,100,20.2969,0.202969
2007-11-14,KZT,100,20.3307,0.203307
2007-11-15,KZT,100,20.3158,0.203158
2007-11-16,KZT,100,20.2525,0.202525
2007-11-17,KZT,100,20.3182,0.203182
2007-11-20,KZT,100,20.3004,0.203004
2007-11-21,KZT,100,20.2636,0.202636
2007-11-22,KZT,100,20.2272,0.202272
2007-11-23,KZT,100,20.1958,0.201958
2007-11-24,KZT,100,20.1499,0.201499
2007-11-27,KZT,100,20.1841,0.201841
2007-11-28,KZT,100,20.1482,0.201482
2007-11-29,KZT,100,20.1704,0.201704
2007-11-30,KZT,100,20.1492,0.201492
2007-12-01,KZT,100,20.202,0.20202
2007-12-04,KZT,100,20.2344,0.202344
2007-12-05,KZT,100,20.2415,0.202415
2007-12-06,KZT,100,20.2124,0.202124
2007-12-07,KZT,100,20.3323,0.203323
2007-12-08,KZT,100,20.3126,0.203126
2007-12-11,KZT,100,20.2707,0.202707
2007-12-12,KZT,100,20.2279,0.202279
2007-12-13,KZT,100,20.2509,0.202509
2007-12-14,KZT,100,20.2243,0.202243
2007-12-15,KZT,100,20.2992,0.202992
2007-12-18,KZT,100,20.4531,0.204531
2007-12-19,KZT,100,20.4699,0.204699
2007-12-20,KZT,100,20.498,0.20498
2007-12-21,KZT,100,20.5177,0.205177
2007-12-22,KZT,100,20.471,0.20471
2007-12-25,KZT,100,20.473,0.20473
2007-12-26,KZT,100,20.4484,0.204484
2007-12-27,KZT,100,20.4137,0.204137
2007-12-28,KZT,100,20.3617,0.203617
2007-12-29,KZT,100,20.3439,0.203439
2007-12-30,KZT,100,20.3492,0.203492
2008-01-10,KZT,100,20.2517,0.202517
2008-01-11,KZT,100,20.3052,0.203052
2008-01-12,KZT,100,20.2127,0.202127
2008-01-15,KZT,100,20.1735,0.201735
2008-01-16,KZT,100,20.1712,0.201712
2008-01-17,KZT,100,20.2376,0.202376
2008-01-18,KZT,100,20.4032,0.204032
2008-01-19,KZT,100,20.3678,0.203678
2008-01-22,KZT,100,20.4539,0.204539
2008-01-23,KZT,100,20.6656,0.206656
2008-01-24,KZT,100,20.4787,0.204787
2008-01-25,KZT,100,20.4915,0.204915
2008-01-26,KZT,100,20.3429,0.203429
2008-01-29,KZT,100,20.4517,0.204517
2008-01-30,KZT,100,20.3622,0.203622
2008-01-31,KZT,100,20.3622,0.203622
2008-02-01,KZT,100,20.3185,0.203185
2008-02-02,KZT,100,20.3365,0.203365
2008-02-05,KZT,100,20.3357,0.203357
2008-02-06,KZT,100,20.3669,0.203669
2008-02-07,KZT,100,20.4951,0.204951
2008-02-08,KZT,100,20.4808,0.204808
2008-02-09,KZT,100,20.605,0.20605
2008-02-12,KZT,100,20.4958,0.204958
2008-02-13,KZT,100,20.4796,0.204796
2008-02-14,KZT,100,20.5022,0.205022
2008-02-15,KZT,100,20.5065,0.205065
2008-02-16,KZT,100,20.4648,0.204648
2008-02-19,KZT,100,20.4576,0.204576
2008-02-20,KZT,100,20.3967,0.203967
2008-02-21,KZT,100,20.441,0.20441
2008-02-22,KZT,100,20.3946,0.203946
2008-02-23,KZT,100,20.3141,0.203141
2008-02-27,KZT,100,20.2479,0.202479
2008-02-28,KZT,100,20.0331,0.200331
2008-02-29,KZT,100,19.9665,0.199665
2008-03-01,KZT,100,19.8601,0.198601
2008-03-04,KZT,100,19.9016,0.199016
2008-03-05,KZT,100,19.9152,0.199152
2008-03-06,KZT,100,19.9106,0.199106
2008-03-07,KZT,100,19.8347,0.198347
2008-03-08,KZT,100,19.7516,0.197516
2008-03-12,KZT,100,19.7776,0.197776
2008-03-13,KZT,100,19.754,0.19754
2008-03-14,KZT,100,19.6579,0.196579
2008-03-15,KZT,100,19.6181,0.196181
2008-03-18,KZT,100,19.4815,0.194815
2008-03-19,KZT,100,19.487,0.19487
2008-03-20,KZT,100,19.533,0.19533
2008-03-21,KZT,100,19.6602,0.196602
2008-03-22,KZT,100,19.7363,0.197363
2008-03-25,KZT,100,19.7763,0.197763
2008-03-26,KZT,100,19.6439,0.196439
2008-03-27,KZT,100,19.5868,0.195868
2008-03-28,KZT,100,19.4861,0.194861
2008-03-29,KZT,100,19.484,0.19484
2008-04-01,KZT,100,19.4725,0.194725
2008-04-02,KZT,100,19.5524,0.195524
2008-04-03,KZT,100,19.6268,0.196268
2008-04-04,KZT,100,19.6018,0.196018
2008-04-05,KZT,100,19.5608,0.195608
2008-04-08,KZT,100,19.5752,0.195752
2008-04-09,KZT,100,19.5195,0.195195
2008-04-10,KZT,100,19.5305,0.195305
2008-04-11,KZT,100,19.4615,0.194615
2008-04-12,KZT,100,19.484,0.19484
2008-04-15,KZT,100,19.5168,0.195168
2008-04-16,KZT,100,19.4921,0.194921
2008-04-17,KZT,100,19.4852,0.194852
2008-04-18,KZT,100,19.3987,0.193987
2008-04-19,KZT,100,19.3813,0.193813
2008-04-22,KZT,100,19.4691,0.194691
2008-04-23,KZT,100,19.449,0.19449
2008-04-24,KZT,100,19.3856,0.193856
2008-04-25,KZT,100,19.4602,0.194602
2008-04-26,KZT,100,19.5813,0.195813
2008-04-29,KZT,100,19.5824,0.195824
2008-04-30,KZT,100,19.6342,0.196342
2008-05-01,KZT,100,19.6499,0.196499
2008-05-05,KZT,100,19.7588,0.197588
2008-05-06,KZT,100,19.729,0.19729
2008-05-07,KZT,100,19.7105,0.197105
2008-05-08,KZT,100,19.7093,0.197093
2008-05-09,KZT,100,19.8084,0.198084
2008-05-13,KZT,100,19.7651,0.197651
2008-05-14,KZT,100,19.6729,0.196729
2008-05-15,KZT,100,19.7795,0.197795
2008-05-16,KZT,100,19.7574,0.197574
2008-05-17,KZT,100,19.7483,0.197483
2008-05-20,KZT,100,19.6609,0.196609
2008-05-21,KZT,100,19.6906,0.196906
2008-05-22,KZT,100,19.6454,0.196454
2008-05-23,KZT,100,19.5531,0.195531
2008-05-24,KZT,100,19.5729,0.195729
2008-05-27,KZT,100,19.5287,0.195287
2008-05-28,KZT,100,19.5303,0.195303
2008-05-29,KZT,100,19.5629,0.195629
2008-05-30,KZT,100,19.6398,0.196398
2008-05-31,KZT,100,19.6848,0.196848
2008-06-03,KZT,100,19.6814,0.196814
2008-06-04,KZT,100,19.6249,0.196249
2008-06-05,KZT,100,19.7142,0.197142
2008-06-06,KZT,100,19.7315,0.197315
2008-06-07,KZT,100,19.6291,0.196291
2008-06-08,KZT,100,19.5318,0.195318
2008-06-10,KZT,100,19.4901,0.194901
2008-06-11,KZT,100,19.5616,0.195616
2008-06-12,KZT,100,19.61,0.1961
2008-06-17,KZT,100,19.7,0.197
2008-06-18,KZT,100,19.5897,0.195897
2008-06-19,KZT,100,19.6074,0.196074
2008-06-20,KZT,100,19.5447,0.195447
2008-06-21,KZT,100,19.5678,0.195678
2008-06-24,KZT,100,19.5401,0.195401
2008-06-25,KZT,100,19.5592,0.195592
2008-06-26,KZT,100,19.5388,0.195388
2008-06-27,KZT,100,19.486,0.19486
2008-06-28,KZT,100,19.4304,0.194304
2008-07-01,KZT,100,19.3826,0.193826
2008-07-02,KZT,100,19.4521,0.194521
2008-07-03,KZT,100,19.4181,0.194181
2008-07-04,KZT,100,19.3876,0.193876
2008-07-05,KZT,100,19.5014,0.195014
2008-07-08,KZT,100,19.5428,0.195428
2008-07-09,KZT,100,19.5073,0.195073
2008-07-10,KZT,100,19.4507,0.194507
2008-07-11,KZT,100,19.4953,0.194953
2008-07-12,KZT,100,19.4376,0.194376
2008-07-15,KZT,100,19.3245,0.193245
2008-07-16,KZT,100,19.2592,0.192592
2008-07-17,KZT,100,19.2951,0.192951
2008-07-18,KZT,100,19.3276,0.193276
2008-07-19,KZT,100,19.2943,0.192943
2008-07-22,KZT,100,19.3079,0.193079
2008-07-23,KZT,100,19.3019,0.193019
2008-07-24,KZT,100,19.4075,0.194075
2008-07-25,KZT,100,19.4454,0.194454
2008-07-26,KZT,100,19.4303,0.194303
2008-07-29,KZT,100,19.4351,0.194351
2008-07-30,KZT,100,19.4115,0.194115
2008-07-31,KZT,100,19.5087,0.195087
2008-08-01,KZT,100,19.483,0.19483
2008-08-02,KZT,100,19.5288,0.195288
2008-08-05,KZT,100,19.4748,0.194748
2008-08-06,KZT,100,19.5141,0.195141
2008-08-07,KZT,100,19.5895,0.195895
2008-08-08,KZT,100,19.6382,0.196382
2008-08-09,KZT,100,19.8877,0.198877
2008-08-12,KZT,100,20.4517,0.204517
2008-08-13,KZT,100,20.2583,0.202583
2008-08-14,KZT,100,20.1182,0.201182
2008-08-15,KZT,100,20.2114,0.202114
2008-08-16,KZT,100,20.3948,0.203948
2008-08-19,KZT,100,20.3852,0.203852
2008-08-20,KZT,100,20.4642,0.204642
2008-08-21,KZT,100,20.3588,0.203588
2008-08-22,KZT,100,20.2654,0.202654
2008-08-23,KZT,100,20.2756,0.202756
2008-08-26,KZT,100,20.3972,0.203972
2008-08-27,KZT,100,20.5135,0.205135
2008-08-28,KZT,100,20.5332,0.205332
2008-08-29,KZT,100,20.5237,0.205237
2008-08-30,KZT,100,20.551,0.20551
2008-09-02,KZT,100,20.6091,0.206091
2008-09-03,KZT,100,20.6546,0.206546
2008-09-04,KZT,100,20.7655,0.207655
2008-09-05,KZT,100,21.0691,0.210691
2008-09-06,KZT,100,21.2774,0.212774
2008-09-09,KZT,100,21.112,0.21112
2008-09-10,KZT,100,21.3659,0.213659
2008-09-11,KZT,100,21.3856,0.213856
2008-09-12,KZT,100,21.5578,0.215578
2008-09-13,KZT,100,21.5101,0.215101
2008-09-16,KZT,100,21.2598,0.212598
2008-09-17,KZT,100,21.3184,0.213184
2008-09-18,KZT,100,21.3024,0.213024
2008-09-19,KZT,100,21.2205,0.212205
2008-09-20,KZT,100,21.2767,0.212767
2008-09-23,KZT,100,21.1041,0.211041
2008-09-24,KZT,100,20.869,0.20869
2008-09-25,KZT,100,20.9329,0.209329
2008-09-26,KZT,100,20.7909,0.207909
2008-09-27,KZT,100,20.8962,0.208962
2008-09-30,KZT,100,21.0694,0.210694
2008-10-01,KZT,100,21.1555,0.211555
2008-10-02,KZT,100,21.3397,0.213397
2008-10-03,KZT,100,21.5169,0.215169
2008-10-04,KZT,100,21.5881,0.215881
2008-10-07,KZT,100,21.8144,0.218144
2008-10-08,KZT,100,21.8077,0.218077
2008-10-09,KZT,100,21.8088,0.218088
2008-10-10,KZT,100,21.7436,0.217436
2008-10-11,KZT,100,21.8646,0.218646
2008-10-14,KZT,100,21.7838,0.217838
2008-10-15,KZT,100,21.7637,0.217637
2008-10-16,KZT,100,21.8162,0.218162
2008-10-17,KZT,100,22.01,0.2201
2008-10-18,KZT,100,21.9101,0.219101
2008-10-21,KZT,100,21.7597,0.217597
2008-10-22,KZT,100,22.078,0.22078
2008-10-23,KZT,100,22.4561,0.224561
2008-10-24,KZT,100,22.5175,0.225175
2008-10-25,KZT,100,22.5845,0.225845
2008-10-28,KZT,100,22.8094,0.228094
2008-10-29,KZT,100,22.7828,0.227828
2008-10-30,KZT,100,22.6136,0.226136
2008-10-31,KZT,100,22.1515,0.221515
2008-11-01,KZT,100,22.6138,0.226138
2008-11-02,KZT,100,22.5793,0.225793
2008-11-06,KZT,100,22.4419,0.224419
2008-11-07,KZT,100,22.4524,0.224524
2008-11-08,KZT,100,22.509,0.22509
2008-11-11,KZT,100,22.4915,0.224915
2008-11-12,KZT,100,22.7795,0.227795
2008-11-13,KZT,100,22.8644,0.228644
2008-11-14,KZT,100,23.0395,0.230395
2008-11-15,KZT,100,22.749,0.22749
2008-11-18,KZT,100,22.8398,0.228398
2008-11-19,KZT,100,22.8213,0.228213
2008-11-20,KZT,100,22.8297,0.228297
2008-11-21,KZT,100,22.9323,0.229323
2008-11-22,KZT,100,22.9148,0.229148
2008-11-25,KZT,100,23.0146,0.230146
2008-11-26,KZT,100,22.7701,0.227701
2008-11-27,KZT,100,22.7438,0.227438
2008-11-28,KZT,100,22.7754,0.227754
2008-11-29,KZT,100,22.9333,0.229333
2008-12-02,KZT,100,23.1981,0.231981
2008-12-03,KZT,100,23.2522,0.232522
2008-12-04,KZT,100,23.1586,0.231586
2008-12-05,KZT,100,23.2061,0.232061
2008-12-06,KZT,100,23.3212,0.233212
2008-12-09,KZT,100,23.2565,0.232565
2008-12-10,KZT,100,23.2457,0.232457
2008-12-11,KZT,100,23.1233,0.231233
2008-12-12,KZT,100,23.1802,0.231802
2008-12-13,KZT,100,23.0721,0.230721
2008-12-16,KZT,100,23.0523,0.230523
2008-12-17,KZT,100,22.8626,0.228626
2008-12-18,KZT,100,22.7955,0.227955
2008-12-19,KZT,100,22.8008,0.228008
2008-12-20,KZT,100,22.9643,0.229643
2008-12-23,KZT,100,23.3786,0.233786
2008-12-24,KZT,100,23.4443,0.234443
2008-12-25,KZT,100,23.6853,0.236853
2008-12-26,KZT,100,23.7619,0.237619
2008-12-27,KZT,100,24.0333,0.240333
2008-12-30,KZT,100,24.187,0.24187
2008-12-31,KZT,100,24.3165,0.243165
2009-01-01,KZT,100,24.2475,0.242475
2009-01-12,KZT,100,25.2298,0.252298
2009-01-13,KZT,100,25.577,0.25577
2009-01-14,KZT,100,25.758,0.25758
2009-01-15,KZT,100,26.0109,0.260109
2009-01-16,KZT,100,26.5132,0.265132
2009-01-17,KZT,100,26.8314,0.268314
2009-01-20,KZT,100,27.1354,0.271354
2009-01-21,KZT,100,27.4967,0.274967
2009-01-22,KZT,100,26.8589,0.268589
2009-01-23,KZT,100,26.9851,0.269851
2009-01-24,KZT,100,27.0354,0.270354
2009-01-27,KZT,100,26.9864,0.269864
2009-01-28,KZT,100,27.0785,0.270785
2009-01-29,KZT,100,27.2929,0.272929
2009-01-30,KZT,100,28.5718,0.285718
2009-01-31,KZT,100,29.0212,0.290212
2009-02-03,KZT,100,29.6227,0.296227
2009-02-04,KZT,100,29.1893,0.291893
2009-02-05,KZT,100,23.9802,0.239802
2009-02-06,KZT,100,24.2063,0.242063
2009-02-07,KZT,100,24.5064,0.245064
2009-02-10,KZT,100,24.2993,0.242993
2009-02-11,KZT,100,24.2163,0.242163
2009-02-12,KZT,100,24.1352,0.241352
2009-02-13,KZT,100,23.4401,0.234401
2009-02-14,KZT,100,23.2025,0.232025
2009-02-17,KZT,100,23.2944,0.232944
2009-02-18,KZT,100,23.8589,0.238589
2009-02-19,KZT,100,24.3771,0.243771
2009-02-20,KZT,100,24.2067,0.242067
2009-02-21,KZT,100,24.0989,0.240989
2009-02-25,KZT,100,23.9403,0.239403
2009-02-26,KZT,100,23.789,0.23789
2009-02-27,KZT,100,23.7586,0.237586
2009-02-28,KZT,100,23.7054,0.237054
2009-03-03,KZT,100,24.0199,0.240199
2009-03-04,KZT,100,24.048,0.24048
2009-03-05,KZT,100,24.0672,0.240672
2009-03-06,KZT,100,23.8709,0.238709
2009-03-07,KZT,100,23.7332,0.237332
2009-03-11,KZT,100,23.5399,0.235399
2009-03-12,KZT,100,23.3409,0.233409
2009-03-13,KZT,100,23.46,0.2346
2009-03-14,KZT,100,23.1355,0.231355
2009-03-17,KZT,100,23.161,0.23161
2009-03-18,KZT,100,22.96,0.2296
2009-03-19,KZT,100,22.8782,0.228782
2009-03-20,KZT,100,22.3921,0.223921
2009-03-21,KZT,100,22.1191,0.221191
2009-03-24,KZT,100,22.0151,0.220151
2009-03-25,KZT,100,21.9839,0.219839
2009-03-26,KZT,100,22.2744,0.222744
2009-03-27,KZT,100,22.1122,0.221122
2009-03-28,KZT,100,22.0477,0.220477
2009-03-31,KZT,100,22.463,0.22463
2009-04-01,KZT,100,22.4651,0.224651
2009-04-02,KZT,100,22.4731,0.224731
2009-04-03,KZT,100,22.3511,0.223511
2009-04-04,KZT,100,22.1255,0.221255
2009-04-07,KZT,100,21.9523,0.219523
2009-04-08,KZT,100,22.1042,0.221042
2009-04-09,KZT,100,22.38,0.2238
2009-04-10,KZT,100,22.2547,0.222547
2009-04-11,KZT,100,22.2802,0.222802
2009-04-14,KZT,100,22.1969,0.221969
2009-04-15,KZT,100,22.1793,0.221793
2009-04-16,KZT,100,22.2648,0.222648
2009-04-17,KZT,100,22.2596,0.222596
2009-04-18,KZT,100,22.2717,0.222717
2009-04-21,KZT,100,22.2897,0.222897
2009-04-22,KZT,100,22.6156,0.226156
2009-04-23,KZT,100,22.5935,0.225935
2009-04-24,KZT,100,22.4394,0.224394
2009-04-25,KZT,100,22.1911,0.221911
2009-04-28,KZT,100,22.1532,0.221532
2009-04-29,KZT,100,22.2657,0.222657
2009-04-30,KZT,100,22.0594,0.220594
2009-05-01,KZT,100,21.861,0.21861
2009-05-05,KZT,100,21.8724,0.218724
2009-05-06,KZT,100,21.7892,0.217892
2009-05-07,KZT,100,21.8454,0.218454
2009-05-08,KZT,100,21.7949,0.217949
2009-05-09,KZT,100,21.6215,0.216215
2009-05-13,KZT,100,21.4925,0.214925
2009-05-14,KZT,100,21.3284,0.213284
2009-05-15,KZT,100,21.4123,0.214123
2009-05-16,KZT,100,21.3566,0.213566
2009-05-19,KZT,100,21.4778,0.214778
2009-05-20,KZT,100,21.2333,0.212333
2009-05-21,KZT,100,21.1182,0.211182
2009-05-22,KZT,100,20.9145,0.209145
2009-05-23,KZT,100,20.7556,0.207556
2009-05-26,KZT,100,20.6893,0.206893
2009-05-27,KZT,100,20.7775,0.207775
2009-05-28,KZT,100,20.7621,0.207621
2009-05-29,KZT,100,20.8242,0.208242
2009-05-30,KZT,100,20.5889,0.205889
2009-06-02,KZT,100,20.4579,0.204579
2009-06-03,KZT,100,20.4363,0.204363
2009-06-04,KZT,100,20.3109,0.203109
2009-06-05,KZT,100,20.542,0.20542
2009-06-06,KZT,100,20.4109,0.204109
2009-06-09,KZT,100,20.6541,0.206541
2009-06-10,KZT,100,20.9297,0.209297
2009-06-11,KZT,100,20.5705,0.205705
2009-06-12,KZT,100,20.5528,0.205528
2009-06-16,KZT,100,20.747,0.20747
2009-06-17,KZT,100,20.8415,0.208415
2009-06-18,KZT,100,20.7186,0.207186
2009-06-19,KZT,100,20.6863,0.206863
2009-06-20,KZT,100,20.7211,0.207211
2009-06-23,KZT,100,20.7621,0.207621
2009-06-24,KZT,100,20.988,0.20988
2009-06-25,KZT,100,20.675,0.20675
2009-06-26,KZT,100,20.7458,0.207458
2009-06-27,KZT,100,20.6808,0.206808
2009-06-30,KZT,100,20.8076,0.208076
2009-07-01,KZT,100,20.6222,0.206222
2009-07-02,KZT,100,20.7411,0.207411
2009-07-03,KZT,100,20.7087,0.207087
2009-07-04,KZT,100,20.7898,0.207898
2009-07-07,KZT,100,20.8851,0.208851
2009-07-08,KZT,100,20.9037,0.209037
2009-07-09,KZT,100,21.0965,0.210965
2009-07-10,KZT,100,21.1802,0.211802
2009-07-11,KZT,100,21.2788,0.212788
2009-07-14,KZT,100,21.9688,0.219688
2009-07-15,KZT,100,21.5672,0.215672
2009-07-16,KZT,100,21.2556,0.212556
2009-07-17,KZT,100,21.0251,0.210251
2009-07-18,KZT,100,21.0802,0.210802
2009-07-21,KZT,100,20.797,0.20797
2009-07-22,KZT,100,20.6641,0.206641
2009-07-23,KZT,100,20.6139,0.206139
2009-07-24,KZT,100,20.6225,0.206225
2009-07-25,KZT,100,20.6549,0.206549
2009-07-28,KZT,100,20.385,0.20385
2009-07-29,KZT,100,20.3217,0.203217
2009-07-30,KZT,100,20.8434,0.208434
2009-07-31,KZT,100,21.0615,0.210615
2009-08-01,KZT,100,20.6683,0.206683
2009-08-04,KZT,100,20.7178,0.207178
2009-08-05,KZT,100,20.583,0.20583
2009-08-06,KZT,100,20.6381,0.206381
2009-08-07,KZT,100,20.6718,0.206718
2009-08-08,KZT,100,20.9338,0.209338
2009-08-11,KZT,100,20.9938,0.209938
2009-08-12,KZT,100,21.0668,0.210668
2009-08-13,KZT,100,21.6773,0.216773
2009-08-14,KZT,100,21.3175,0.213175
2009-08-15,KZT,100,21.0432,0.210432
2009-08-18,KZT,100,21.4093,0.214093
2009-08-19,KZT,100,21.1599,0.211599
2009-08-20,KZT,100,21.1567,0.211567
2009-08-21,KZT,100,20.9501,0.209501
2009-08-22,KZT,100,21.1797,0.211797
2009-08-25,KZT,100,20.9288,0.209288
2009-08-26,KZT,100,20.9315,0.209315
2009-08-27,KZT,100,20.8276,0.208276
2009-08-28,KZT,100,20.9811,0.209811
2009-08-29,KZT,100,20.9293,0.209293
2009-09-01,KZT,100,21.1097,0.211097
2009-09-02,KZT,100,21.0775,0.210775
2009-09-03,KZT,100,21.2086,0.212086
2009-09-04,KZT,100,21.0746,0.210746
2009-09-05,KZT,100,20.9632,0.209632
2009-09-08,KZT,100,20.8338,0.208338
2009-09-09,KZT,100,20.7984,0.207984
2009-09-10,KZT,100,20.6458,0.206458
2009-09-11,KZT,100,20.4727,0.204727
2009-09-12,KZT,100,20.3623,0.203623
2009-09-15,KZT,100,20.4443,0.204443
2009-09-16,KZT,100,20.5276,0.205276
2009-09-17,KZT,100,20.274,0.20274
2009-09-18,KZT,100,20.1346,0.201346
2009-09-19,KZT,100,20.1215,0.201215
2009-09-22,KZT,100,20.126,0.20126
2009-09-23,KZT,100,20.0368,0.200368
2009-09-24,KZT,100,19.879,0.19879
2009-09-25,KZT,100,19.9223,0.199223
2009-09-26,KZT,100,19.9629,0.199629
2009-09-29,KZT,100,20.001,0.20001
2009-09-30,KZT,100,19.9306,0.199306
2009-10-01,KZT,100,19.8812,0.198812
2009-10-02,KZT,100,19.9126,0.199126
2009-10-03,KZT,100,19.953,0.19953
2009-10-06,KZT,100,19.9202,0.199202
2009-10-07,KZT,100,19.7597,0.197597
2009-10-08,KZT,100,19.7362,0.197362
2009-10-09,KZT,100,19.6523,0.196523
2009-10-10,KZT,100,19.6431,0.196431
2009-10-13,KZT,100,19.6354,0.196354
2009-10-14,KZT,100,19.5684,0.195684
2009-10-15,KZT,100,19.5483,0.195483
2009-10-16,KZT,100,19.4498,0.194498
2009-10-17,KZT,100,19.4606,0.194606
2009-10-20,KZT,100,19.4741,0.194741
2009-10-21,KZT,100,19.3601,0.193601
2009-10-22,KZT,100,19.3454,0.193454
2009-10-23,KZT,100,19.3075,0.193075
2009-10-24,KZT,100,19.2456,0.192456
2009-10-27,KZT,100,19.2058,0.192058
2009-10-28,KZT,100,19.2513,0.192513
2009-10-29,KZT,100,19.3538,0.193538
2009-10-30,KZT,100,19.459,0.19459
2009-10-31,KZT,100,19.2676,0.192676
2009-11-03,KZT,100,19.3635,0.193635
2009-11-04,KZT,100,19.3812,0.193812
2009-11-06,KZT,100,19.3151,0.193151
2009-11-07,KZT,100,19.2398,0.192398
2009-11-10,KZT,100,19.114,0.19114
2009-11-11,KZT,100,19.0546,0.190546
2009-11-12,KZT,100,19.0557,0.190557
2009-11-13,KZT,100,19.0905,0.190905
2009-11-14,KZT,100,19.2429,0.192429
2009-11-17,KZT,100,19.1898,0.191898
2009-11-18,KZT,100,19.2307,0.192307
2009-11-19,KZT,100,19.274,0.19274
2009-11-20,KZT,100,19.301,0.19301
2009-11-21,KZT,100,19.3869,0.193869
2009-11-24,KZT,100,19.3513,0.193513
2009-11-25,KZT,100,19.3852,0.193852
2009-11-26,KZT,100,19.3448,0.193448
2009-11-27,KZT,100,19.4171,0.194171
2009-11-28,KZT,100,20.047,0.20047
2009-12-01,KZT,100,19.5486,0.195486
2009-12-02,KZT,100,19.6228,0.196228
2009-12-03,KZT,100,19.5394,0.195394
2009-12-04,KZT,100,19.6616,0.196616
2009-12-05,KZT,100,19.6229,0.196229
2009-12-08,KZT,100,19.8188,0.198188
2009-12-09,KZT,100,20.2549,0.202549
2009-12-10,KZT,100,20.6376,0.206376
2009-12-11,KZT,100,20.5411,0.205411
2009-12-12,KZT,100,20.2736,0.202736
2009-12-15,KZT,100,20.1923,0.201923
2009-12-16,KZT,100,20.2245,0.202245
2009-12-17,KZT,100,20.314,0.20314
2009-12-18,KZT,100,20.4633,0.204633
2009-12-19,KZT,100,20.6512,0.206512
2009-12-22,KZT,100,20.5653,0.205653
2009-12-23,KZT,100,20.512,0.20512
2009-12-24,KZT,100,20.5427,0.205427
2009-12-25,KZT,100,20.1652,0.201652
2009-12-26,KZT,100,19.8346,0.198346
2009-12-29,KZT,100,19.9341,0.199341
2009-12-30,KZT,100,20.1187,0.201187
2009-12-31,KZT,100,20.3857,0.203857
2010-01-01,KZT,100,20.3239,0.203239
2010-01-12,KZT,100,19.8612,0.198612
2010-01-13,KZT,100,19.8349,0.198349
2010-01-14,KZT,100,20.0182,0.200182
2010-01-15,KZT,100,19.873,0.19873
2010-01-16,KZT,100,19.9664,0.199664
2010-01-19,KZT,100,19.9975,0.199975
2010-01-20,KZT,100,19.953,0.19953
2010-01-21,KZT,100,20.0683,0.200683
2010-01-22,KZT,100,20.112,0.20112
2010-01-23,KZT,100,20.1162,0.201162
2010-01-26,KZT,100,20.3342,0.203342
2010-01-27,KZT,100,20.4787,0.204787
2010-01-28,KZT,100,20.4469,0.204469
2010-01-29,KZT,100,20.4879,0.204879
2010-01-30,KZT,100,20.5686,0.205686
2010-02-02,KZT,100,20.5424,0.205424
2010-02-03,KZT,100,20.396,0.20396
2010-02-04,KZT,100,20.2007,0.202007
2010-02-05,KZT,100,20.2952,0.202952
2010-02-06,KZT,100,20.6099,0.206099
2010-02-09,KZT,100,20.6125,0.206125
2010-02-10,KZT,100,20.5025,0.205025
2010-02-11,KZT,100,20.409,0.20409
2010-02-12,KZT,100,20.3695,0.203695
2010-02-13,KZT,100,20.3918,0.203918
2010-02-16,KZT,100,20.4084,0.204084
2010-02-17,KZT,100,20.3326,0.203326
2010-02-18,KZT,100,20.276,0.20276
2010-02-19,KZT,100,20.3816,0.203816
2010-02-20,KZT,100,20.4026,0.204026
2010-02-25,KZT,100,20.3869,0.203869
2010-02-26,KZT,100,20.3791,0.203791
2010-02-27,KZT,100,20.3874,0.203874
2010-02-28,KZT,100,20.3281,0.203281
2010-03-02,KZT,100,20.326,0.20326
2010-03-03,KZT,100,20.3488,0.203488
2010-03-04,KZT,100,20.2321,0.202321
2010-03-05,KZT,100,20.2469,0.202469
2010-03-06,KZT,100,20.2687,0.202687
2010-03-10,KZT,100,20.2044,0.202044
2010-03-11,KZT,100,20.1805,0.201805
2010-03-12,KZT,100,20.0615,0.200615
2010-03-13,KZT,100,19.9814,0.199814
2010-03-16,KZT,100,19.9438,0.199438
2010-03-17,KZT,100,20.009,0.20009
2010-03-18,KZT,100,19.8597,0.198597
2010-03-19,KZT,100,19.873,0.19873
2010-03-20,KZT,100,19.9092,0.199092
2010-03-23,KZT,100,19.9598,0.199598
2010-03-24,KZT,100,20.0495,0.200495
2010-03-25,KZT,100,20.1214,0.201214
2010-03-26,KZT,100,20.1887,0.201887
2010-03-27,KZT,100,20.0968,0.200968
2010-03-30,KZT,100,20.1639,0.201639
2010-03-31,KZT,100,19.9686,0.199686
2010-04-01,KZT,100,20.0691,0.200691
2010-04-02,KZT,100,20.0166,0.200166
2010-04-03,KZT,100,19.8812,0.198812
2010-04-06,KZT,100,19.8895,0.198895
2010-04-07,KZT,100,19.9071,0.199071
2010-04-08,KZT,100,19.9387,0.199387
2010-04-09,KZT,100,20.0275,0.200275
2010-04-10,KZT,100,19.9777,0.199777
2010-04-13,KZT,100,19.7205,0.197205
2010-04-14,KZT,100,19.7883,0.197883
2010-04-15,KZT,100,19.8066,0.198066
2010-04-16,KZT,100,19.736,0.19736
2010-04-17,KZT,100,19.8174,0.198174
2010-04-20,KZT,100,19.9283,0.199283
2010-04-21,KZT,100,19.8624,0.198624
2010-04-22,KZT,100,19.8625,0.198625
2010-04-23,KZT,100,19.8696,0.198696
2010-04-24,KZT,100,19.9893,0.199893
2010-04-27,KZT,100,19.8602,0.198602
2010-04-28,KZT,100,19.8486,0.198486
2010-04-29,KZT,100,20.0403,0.200403
2010-04-30,KZT,100,19.9656,0.199656
2010-05-01,KZT,100,19.9042,0.199042
2010-05-05,KZT,100,19.9988,0.199988
2010-05-06,KZT,100,20.2243,0.202243
2010-05-07,KZT,100,20.6243,0.206243
2010-05-08,KZT,100,20.8868,0.208868
2010-05-12,KZT,100,20.6959,0.206959
2010-05-13,KZT,100,20.5965,0.205965
2010-05-14,KZT,100,20.3855,0.203855
2010-05-15,KZT,100,20.522,0.20522
2010-05-18,KZT,100,20.919,0.20919
2010-05-19,KZT,100,20.7288,0.207288
2010-05-20,KZT,100,20.9296,0.209296
2010-05-21,KZT,100,20.9727,0.209727
2010-05-22,KZT,100,21.142,0.21142
2010-05-25,KZT,100,21.0898,0.210898
2010-05-26,KZT,100,21.4162,0.214162
2010-05-27,KZT,100,21.3531,0.213531
2010-05-28,KZT,100,21.056,0.21056
2010-05-29,KZT,100,20.8154,0.208154
2010-06-01,KZT,100,20.9579,0.209579
2010-06-02,KZT,100,21.1542,0.211542
2010-06-03,KZT,100,21.2451,0.212451
2010-06-04,KZT,100,21.0656,0.210656
2010-06-05,KZT,100,21.166,0.21166
2010-06-08,KZT,100,21.6049,0.216049
2010-06-09,KZT,100,21.489,0.21489
2010-06-10,KZT,100,21.5463,0.215463
2010-06-11,KZT,100,21.4798,0.214798
2010-06-12,KZT,100,21.3853,0.213853
2010-06-16,KZT,100,21.3683,0.213683
2010-06-17,KZT,100,21.187,0.21187
2010-06-18,KZT,100,21.2037,0.212037
2010-06-19,KZT,100,21.0095,0.210095
2010-06-22,KZT,100,20.9075,0.209075
2010-06-23,KZT,100,21.0155,0.210155
2010-06-24,KZT,100,21.0454,0.210454
2010-06-25,KZT,100,21.0678,0.210678
2010-06-26,KZT,100,21.0936,0.210936
2010-06-29,KZT,100,21.0056,0.210056
2010-06-30,KZT,100,21.153,0.21153
2010-07-01,KZT,100,21.1808,0.211808
2010-07-02,KZT,100,21.2702,0.212702
2010-07-03,KZT,100,21.1493,0.211493
2010-07-06,KZT,100,21.1182,0.211182
2010-07-07,KZT,100,21.1182,0.211182
2010-07-08,KZT,100,21.083,0.21083
2010-07-09,KZT,100,20.988,0.20988
2010-07-10,KZT,100,20.8803,0.208803
2010-07-13,KZT,100,20.918,0.20918
2010-07-14,KZT,100,20.8849,0.208849
2010-07-15,KZT,100,20.6722,0.206722
2010-07-16,KZT,100,20.7185,0.207185
2010-07-17,KZT,100,20.6505,0.206505
2010-07-20,KZT,100,20.7309,0.207309
2010-07-21,KZT,100,20.6085,0.206085
2010-07-22,KZT,100,20.6065,0.206065
2010-07-23,KZT,100,20.6722,0.206722
2010-07-24,KZT,100,20.6048,0.206048
2010-07-27,KZT,100,20.5679,0.205679
2010-07-28,KZT,100,20.5101,0.205101
2010-07-29,KZT,100,20.4638,0.204638
2010-07-30,KZT,100,20.4738,0.204738
2010-07-31,KZT,100,20.4352,0.204352
2010-08-03,KZT,100,20.4243,0.204243
2010-08-04,KZT,100,20.2995,0.202995
2010-08-05,KZT,100,20.2047,0.202047
2010-08-06,KZT,100,20.2704,0.202704
2010-08-07,KZT,100,20.2541,0.202541
2010-08-10,KZT,100,20.2455,0.202455
2010-08-11,KZT,100,20.3745,0.203745
2010-08-12,KZT,100,20.4946,0.204946
2010-08-13,KZT,100,20.6163,0.206163
2010-08-14,KZT,100,20.644,0.20644
2010-08-17,KZT,100,20.709,0.20709
2010-08-18,KZT,100,20.6787,0.206787
2010-08-19,KZT,100,20.6738,0.206738
2010-08-20,KZT,100,20.7003,0.207003
2010-08-21,KZT,100,20.7388,0.207388
2010-08-24,KZT,100,20.7908,0.207908
2010-08-25,KZT,100,20.8989,0.208989
2010-08-26,KZT,100,20.9812,0.209812
2010-08-27,KZT,100,20.9415,0.209415
2010-08-28,KZT,100,20.8631,0.208631
2010-08-31,KZT,100,20.8252,0.208252
2010-09-01,KZT,100,20.9487,0.209487
2010-09-02,KZT,100,20.9233,0.209233
2010-09-03,KZT,100,20.8329,0.208329
2010-09-04,KZT,100,20.8415,0.208415
2010-09-07,KZT,100,20.7626,0.207626
2010-09-08,KZT,100,20.85,0.2085
2010-09-09,KZT,100,20.9398,0.209398
2010-09-10,KZT,100,20.9378,0.209378
2010-09-11,KZT,100,20.9634,0.209634
2010-09-14,KZT,100,20.8339,0.208339
2010-09-15,KZT,100,20.8586,0.208586
2010-09-16,KZT,100,20.8843,0.208843
2010-09-17,KZT,100,21.0549,0.210549
2010-09-18,KZT,100,21.088,0.21088
2010-09-21,KZT,100,21.0026,0.210026
2010-09-22,KZT,100,21.075,0.21075
2010-09-23,KZT,100,21.0287,0.210287
2010-09-24,KZT,100,21.0219,0.210219
2010-09-25,KZT,100,20.9824,0.209824
2010-09-28,KZT,100,20.7454,0.207454
2010-09-29,KZT,100,20.7537,0.207537
2010-09-30,KZT,100,20.6115,0.206115
2010-10-01,KZT,100,20.6746,0.206746
2010-10-02,KZT,100,20.6703,0.206703
2010-10-05,KZT,100,20.6718,0.206718
2010-10-06,KZT,100,20.6255,0.206255
2010-10-07,KZT,100,20.2739,0.202739
2010-10-08,KZT,100,20.0938,0.200938
2010-10-09,KZT,100,20.2722,0.202722
2010-10-12,KZT,100,20.205,0.20205
2010-10-13,KZT,100,20.3493,0.203493
2010-10-14,KZT,100,20.4043,0.204043
2010-10-15,KZT,100,20.276,0.20276
2010-10-16,KZT,100,20.4253,0.204253
2010-10-19,KZT,100,20.6891,0.206891
2010-10-20,KZT,100,20.6064,0.206064
2010-10-21,KZT,100,20.8643,0.208643
2010-10-22,KZT,100,20.8125,0.208125
2010-10-23,KZT,100,20.6694,0.206694
2010-10-26,KZT,100,20.4768,0.204768
2010-10-27,KZT,100,20.6018,0.206018
2010-10-28,KZT,100,20.713,0.20713
2010-10-29,KZT,100,20.7885,0.207885
2010-10-30,KZT,100,20.865,0.20865
2010-11-02,KZT,100,20.8586,0.208586
2010-11-03,KZT,100,20.8675,0.208675
2010-11-04,KZT,100,20.8383,0.208383
2010-11-09,KZT,100,20.8501,0.208501
2010-11-10,KZT,100,20.9051,0.209051
2010-11-11,KZT,100,20.7986,0.207986
2010-11-12,KZT,100,20.6838,0.206838
2010-11-13,KZT,100,20.8554,0.208554
2010-11-14,KZT,100,20.8924,0.208924
2010-11-16,KZT,100,20.8994,0.208994
2010-11-17,KZT,100,21.0264,0.210264
2010-11-18,KZT,100,21.2548,0.212548
2010-11-19,KZT,100,21.1618,0.211618
2010-11-20,KZT,100,20.9916,0.209916
2010-11-23,KZT,100,21.0328,0.210328
2010-11-24,KZT,100,21.222,0.21222
2010-11-25,KZT,100,21.2472,0.212472
2010-11-26,KZT,100,21.2269,0.212269
2010-11-27,KZT,100,21.2735,0.212735
2010-11-30,KZT,100,21.2101,0.212101
2010-12-01,KZT,100,21.2229,0.212229
2010-12-02,KZT,100,21.3041,0.213041
2010-12-03,KZT,100,21.236,0.21236
2010-12-04,KZT,100,21.1766,0.211766
2010-12-07,KZT,100,21.207,0.21207
2010-12-08,KZT,100,21.1737,0.211737
2010-12-09,KZT,100,21.1946,0.211946
2010-12-10,KZT,100,21.0226,0.210226
2010-12-11,KZT,100,20.9415,0.209415
2010-12-14,KZT,100,20.9809,0.209809
2010-12-15,KZT,100,20.8601,0.208601
2010-12-16,KZT,100,20.8334,0.208334
2010-12-17,KZT,100,20.8515,0.208515
2010-12-18,KZT,100,20.7941,0.207941
2010-12-21,KZT,100,20.8854,0.208854
2010-12-22,KZT,100,20.861,0.20861
2010-12-23,KZT,100,20.8736,0.208736
2010-12-24,KZT,100,20.787,0.20787
2010-12-25,KZT,100,20.7659,0.207659
2010-12-28,KZT,100,20.6444,0.206444
2010-12-29,KZT,100,20.5324,0.205324
2010-12-30,KZT,100,20.5965,0.205965
2010-12-31,KZT,100,20.6791,0.206791
2011-01-01,KZT,100,20.5829,0.205829
2011-01-12,KZT,100,20.7981,0.207981
2011-01-13,KZT,100,20.6352,0.206352
2011-01-14,KZT,100,20.4593,0.204593
2011-01-15,KZT,100,20.3734,0.203734
2011-01-18,KZT,100,20.4473,0.204473
2011-01-19,KZT,100,20.3307,0.203307
2011-01-20,KZT,100,20.2982,0.202982
2011-01-21,KZT,100,20.364,0.20364
2011-01-22,KZT,100,20.426,0.20426
2011-01-25,KZT,100,20.328,0.20328
2011-01-26,KZT,100,20.2976,0.202976
2011-01-27,KZT,100,20.2825,0.202825
2011-01-28,KZT,100,20.2165,0.202165
2011-01-29,KZT,100,20.2115,0.202115
2011-02-01,KZT,100,20.272,0.20272
2011-02-02,KZT,100,20.1898,0.201898
2011-02-03,KZT,100,20.0388,0.200388
2011-02-04,KZT,100,19.9999,0.199999
2011-02-05,KZT,100,20.0283,0.200283
2011-02-08,KZT,100,20.017,0.20017
2011-02-09,KZT,100,19.9509,0.199509
2011-02-10,KZT,100,20.0102,0.200102
2011-02-11,KZT,100,20.0523,0.200523
2011-02-12,KZT,100,20.0253,0.200253
2011-02-15,KZT,100,19.9824,0.199824
2011-02-16,KZT,100,20.0116,0.200116
2011-02-17,KZT,100,20.0044,0.200044
2011-02-18,KZT,100,19.9984,0.199984
2011-02-19,KZT,100,20.0168,0.200168
2011-02-22,KZT,100,19.9472,0.199472
2011-02-23,KZT,100,20.0321,0.200321
2011-02-25,KZT,100,19.972,0.19972
2011-02-26,KZT,100,19.8229,0.198229
2011-03-01,KZT,100,19.7992,0.197992
2011-03-02,KZT,100,19.7154,0.197154
2011-03-03,KZT,100,19.6322,0.196322
2011-03-04,KZT,100,19.4311,0.194311
2011-03-05,KZT,100,19.3532,0.193532
2011-03-06,KZT,100,19.3487,0.193487
2011-03-10,KZT,100,19.4364,0.194364
2011-03-11,KZT,100,19.5313,0.195313
2011-03-12,KZT,100,19.6383,0.196383
2011-03-15,KZT,100,19.6342,0.196342
2011-03-16,KZT,100,19.6796,0.196796
2011-03-17,KZT,100,19.668,0.19668
2011-03-18,KZT,100,19.7141,0.197141
2011-03-19,KZT,100,19.523,0.19523
2011-03-22,KZT,100,19.4404,0.194404
2011-03-23,KZT,100,19.2956,0.192956
2011-03-24,KZT,100,19.3736,0.193736
2011-03-25,KZT,100,19.4604,0.194604
2011-03-26,KZT,100,19.4011,0.194011
2011-03-29,KZT,100,19.5151,0.195151
2011-03-30,KZT,100,19.4554,0.194554
2011-03-31,KZT,100,19.5073,0.195073
2011-04-01,KZT,100,19.5672,0.195672
2011-04-02,KZT,100,19.4718,0.194718
2011-04-05,KZT,100,19.3652,0.193652
2011-04-06,KZT,100,19.4366,0.194366
2011-04-07,KZT,100,19.4067,0.194067
2011-04-08,KZT,100,19.4118,0.194118
2011-04-09,KZT,100,19.3378,0.193378
2011-04-12,KZT,100,19.2346,0.192346
2011-04-13,KZT,100,19.3574,0.193574
2011-04-14,KZT,100,19.3386,0.193386
2011-04-15,KZT,100,19.3996,0.193996
2011-04-16,KZT,100,19.4234,0.194234
2011-04-19,KZT,100,19.3751,0.193751
2011-04-20,KZT,100,19.5349,0.195349
2011-04-21,KZT,100,19.3388,0.193388
2011-04-22,KZT,100,19.229,0.19229
2011-04-23,KZT,100,19.2282,0.192282
2011-04-26,KZT,100,19.2507,0.192507
2011-04-27,KZT,100,19.1728,0.191728
2011-04-28,KZT,100,19.0542,0.190542
2011-04-29,KZT,100,18.889,0.18889
2011-04-30,KZT,100,18.8863,0.188863
2011-05-04,KZT,100,18.7488,0.187488
2011-05-05,KZT,100,18.7667,0.187667
2011-05-06,KZT,100,18.7217,0.187217
2011-05-07,KZT,100,18.9814,0.189814
2011-05-11,KZT,100,19.1069,0.191069
2011-05-12,KZT,100,18.9615,0.189615
2011-05-13,KZT,100,19.1767,0.191767
2011-05-14,KZT,100,19.1079,0.191079
2011-05-17,KZT,100,19.294,0.19294
2011-05-18,KZT,100,19.2911,0.192911
2011-05-19,KZT,100,19.2694,0.192694
2011-05-20,KZT,100,19.2283,0.192283
2011-05-21,KZT,100,19.2103,0.192103
2011-05-24,KZT,100,19.5144,0.195144
2011-05-25,KZT,100,19.5645,0.195645
2011-05-26,KZT,100,19.6065,0.196065
2011-05-27,KZT,100,19.4421,0.194421
2011-05-28,KZT,100,19.3434,0.193434
2011-05-31,KZT,100,19.3189,0.193189
2011-06-01,KZT,100,19.2405,0.192405
2011-06-02,KZT,100,19.238,0.19238
2011-06-03,KZT,100,19.2715,0.192715
2011-06-04,KZT,100,19.1476,0.191476
2011-06-07,KZT,100,19.0895,0.190895
2011-06-08,KZT,100,19.0977,0.190977
2011-06-09,KZT,100,19.0279,0.190279
2011-06-10,KZT,100,19.0394,0.190394
2011-06-11,KZT,100,19.0969,0.190969
2011-06-15,KZT,100,19.1367,0.191367
2011-06-16,KZT,100,19.146,0.19146
2011-06-17,KZT,100,19.3427,0.193427
2011-06-18,KZT,100,19.3045,0.193045
2011-06-21,KZT,100,19.2956,0.192956
2011-06-22,KZT,100,19.1908,0.191908
2011-06-23,KZT,100,19.1154,0.191154
2011-06-24,KZT,100,19.215,0.19215
2011-06-25,KZT,100,19.2749,0.192749
2011-06-28,KZT,100,19.3758,0.193758
2011-06-29,KZT,100,19.291,0.19291
2011-06-30,KZT,100,19.2044,0.192044
2011-07-01,KZT,100,19.1105,0.191105
2011-07-02,KZT,100,19.104,0.19104
2011-07-05,KZT,100,19.0658,0.190658
2011-07-06,KZT,100,19.1309,0.191309
2011-07-07,KZT,100,19.1557,0.191557
2011-07-08,KZT,100,19.2286,0.192286
2011-07-09,KZT,100,19.1664,0.191664
2011-07-12,KZT,100,19.2857,0.192857
2011-07-13,KZT,100,19.418,0.19418
2011-07-14,KZT,100,19.332,0.19332
2011-07-15,KZT,100,19.1949,0.191949
2011-07-16,KZT,100,19.2642,0.192642
2011-07-19,KZT,100,19.3149,0.193149
2011-07-20,KZT,100,19.2364,0.192364
2011-07-21,KZT,100,19.151,0.19151
2011-07-22,KZT,100,19.083,0.19083
2011-07-23,KZT,100,18.9816,0.189816
2011-07-26,KZT,100,19.0165,0.190165
2011-07-27,KZT,100,18.93,0.1893
2011-07-28,KZT,100,18.8501,0.188501
2011-07-29,KZT,100,18.8842,0.188842
2011-07-30,KZT,100,18.9139,0.189139
2011-08-02,KZT,100,18.8142,0.188142
2011-08-03,KZT,100,19.0327,0.190327
2011-08-04,KZT,100,19.0571,0.190571
2011-08-05,KZT,100,19.0121,0.190121
2011-08-06,KZT,100,19.3309,0.193309
2011-08-09,KZT,100,19.4351,0.194351
2011-08-10,KZT,100,20.0215,0.200215
2011-08-11,KZT,100,19.95,0.1995
2011-08-12,KZT,100,19.9946,0.199946
2011-08-13,KZT,100,20.0171,0.200171
2011-08-16,KZT,100,19.6183,0.196183
2011-08-17,KZT,100,19.5626,0.195626
2011-08-18,KZT,100,19.6139,0.196139
2011-08-19,KZT,100,19.7618,0.197618
2011-08-20,KZT,100,19.9529,0.199529
2011-08-23,KZT,100,19.9894,0.199894
2011-08-24,KZT,100,19.7785,0.197785
2011-08-25,KZT,100,19.7416,0.197416
2011-08-26,KZT,100,19.7217,0.197217
2011-08-27,KZT,100,19.7191,0.197191
2011-08-30,KZT,100,19.5951,0.195951
2011-08-31,KZT,100,19.7144,0.197144
2011-09-01,KZT,100,19.7338,0.197338
2011-09-02,KZT,100,19.696,0.19696
2011-09-03,KZT,100,19.8067,0.198067
2011-09-06,KZT,100,19.982,0.19982
2011-09-07,KZT,100,20.1468,0.201468
2011-09-08,KZT,100,20.0725,0.200725
2011-09-09,KZT,100,20.0718,0.200718
2011-09-10,KZT,100,20.1804,0.201804
2011-09-13,KZT,100,20.5691,0.205691
2011-09-14,KZT,100,20.486,0.20486
2011-09-15,KZT,100,20.6146,0.206146
2011-09-16,KZT,100,20.7399,0.207399
2011-09-17,KZT,100,20.7558,0.207558
2011-09-20,KZT,100,20.9701,0.209701
2011-09-21,KZT,100,21.3779,0.213779
2011-09-22,KZT,100,21.313,0.21313
2011-09-23,KZT,100,21.6255,0.216255
2011-09-24,KZT,100,21.7389,0.217389
2011-09-27,KZT,100,21.9634,0.219634
2011-09-28,KZT,100,21.8234,0.218234
2011-09-29,KZT,100,21.5343,0.215343
2011-09-30,KZT,100,21.5511,0.215511
2011-10-01,KZT,100,21.6864,0.216864
2011-10-04,KZT,100,21.9921,0.219921
2011-10-05,KZT,100,22.0616,0.220616
2011-10-06,KZT,100,22.0151,0.220151
2011-10-07,KZT,100,21.9134,0.219134
2011-10-08,KZT,100,21.7028,0.217028
2011-10-11,KZT,100,21.6048,0.216048
2011-10-12,KZT,100,21.218,0.21218
2011-10-13,KZT,100,21.2436,0.212436
2011-10-14,KZT,100,21.132,0.21132
2011-10-15,KZT,100,20.9764,0.209764
2011-10-18,KZT,100,20.7767,0.207767
2011-10-19,KZT,100,20.9366,0.209366
2011-10-20,KZT,100,20.9184,0.209184
2011-10-21,KZT,100,21.2126,0.212126
2011-10-22,KZT,100,21.1716,0.211716
2011-10-25,KZT,100,20.8302,0.208302
2011-10-26,KZT,100,20.6117,0.206117
2011-10-27,KZT,100,20.6659,0.206659
2011-10-28,KZT,100,20.4546,0.204546
2011-10-29,KZT,100,20.2628,0.202628
2011-11-01,KZT,100,20.384,0.20384
2011-11-02,KZT,100,20.7052,0.207052
2011-11-03,KZT,100,20.7255,0.207255
2011-11-04,KZT,100,20.8644,0.208644
2011-11-08,KZT,100,20.6459,0.206459
2011-11-09,KZT,100,20.6091,0.206091
2011-11-10,KZT,100,20.3614,0.203614
2011-11-11,KZT,100,20.8288,0.208288
2011-11-12,KZT,100,20.6077,0.206077
2011-11-15,KZT,100,20.4435,0.204435
2011-11-16,KZT,100,20.6827,0.206827
2011-11-17,KZT,100,20.8291,0.208291
2011-11-18,KZT,100,20.7646,0.207646
2011-11-19,KZT,100,20.8884,0.208884
2011-11-22,KZT,100,20.9394,0.209394
2011-11-23,KZT,100,21.0492,0.210492
2011-11-24,KZT,100,21.1867,0.211867
2011-11-25,KZT,100,21.3512,0.213512
2011-11-26,KZT,100,21.4515,0.214515
2011-11-29,KZT,100,21.2932,0.212932
2011-11-30,KZT,100,21.2084,0.212084
2011-12-01,KZT,100,21.2572,0.212572
2011-12-02,KZT,100,20.8924,0.208924
2011-12-03,KZT,100,20.876,0.20876
2011-12-06,KZT,100,20.9296,0.209296
2011-12-07,KZT,100,21.0658,0.210658
2011-12-08,KZT,100,21.094,0.21094
2011-12-09,KZT,100,21.1433,0.211433
2011-12-10,KZT,100,21.3586,0.213586
2011-12-13,KZT,100,21.2432,0.212432
2011-12-14,KZT,100,21.4083,0.214083
2011-12-15,KZT,100,21.4632,0.214632
2011-12-16,KZT,100,21.5293,0.215293
2011-12-17,KZT,100,21.4337,0.214337
2011-12-20,KZT,100,21.6106,0.216106
2011-12-21,KZT,100,21.6151,0.216151
2011-12-22,KZT,100,21.4872,0.214872
2011-12-23,KZT,100,21.3043,0.213043
2011-12-24,KZT,100,21.0914,0.210914
2011-12-27,KZT,100,21.0777,0.210777
2011-12-28,KZT,100,20.9572,0.209572
2011-12-29,KZT,100,21.2762,0.212762
2011-12-30,KZT,100,21.6232,0.216232
2011-12-31,KZT,100,21.6874,0.216874
2012-01-11,KZT,100,21.4517,0.214517
2012-01-12,KZT,100,21.3513,0.213513
2012-01-13,KZT,100,21.3374,0.213374
2012-01-14,KZT,100,21.3111,0.213111
2012-01-17,KZT,100,21.5141,0.215141
2012-01-18,KZT,100,21.2643,0.212643
2012-01-19,KZT,100,21.2689,0.212689
2012-01-20,KZT,100,21.2286,0.212286
2012-01-21,KZT,100,21.0863,0.210863
2012-01-24,KZT,100,21.1114,0.211114
2012-01-25,KZT,100,20.7921,0.207921
2012-01-26,KZT,100,20.6394,0.206394
2012-01-27,KZT,100,20.4603,0.204603
2012-01-28,KZT,100,20.462,0.20462
2012-01-31,KZT,100,20.4277,0.204277
2012-02-01,KZT,100,20.4039,0.204039
2012-02-02,KZT,100,20.4559,0.204559
2012-02-03,KZT,100,20.3023,0.203023
2012-02-04,KZT,100,20.3352,0.203352
2012-02-07,KZT,100,20.338,0.20338
2012-02-08,KZT,100,20.2368,0.202368
2012-02-09,KZT,100,19.9838,0.199838
2012-02-10,KZT,100,19.997,0.19997
2012-02-11,KZT,100,20.1498,0.201498
2012-02-14,KZT,100,20.1451,0.201451
2012-02-15,KZT,100,20.2796,0.202796
2012-02-16,KZT,100,20.2031,0.202031
2012-02-17,KZT,100,20.3962,0.203962
2012-02-18,KZT,100,20.2533,0.202533
2012-02-21,KZT,100,20.1131,0.201131
2012-02-22,KZT,100,20.1234,0.201234
2012-02-23,KZT,100,20.1266,0.201266
2012-02-25,KZT,100,19.9566,0.199566
2012-02-28,KZT,100,19.73,0.1973
2012-02-29,KZT,100,19.6054,0.196054
2012-03-01,KZT,100,19.6475,0.196475
2012-03-02,KZT,100,19.8045,0.198045
2012-03-03,KZT,100,19.806,0.19806
2012-03-06,KZT,100,19.8054,0.198054
2012-03-07,KZT,100,19.9039,0.199039
2012-03-08,KZT,100,20.0467,0.200467
2012-03-12,KZT,100,19.9578,0.199578
2012-03-13,KZT,100,20.0565,0.200565
2012-03-14,KZT,100,19.9446,0.199446
2012-03-15,KZT,100,19.9739,0.199739
2012-03-16,KZT,100,20.0537,0.200537
2012-03-17,KZT,100,19.8773,0.198773
2012-03-20,KZT,100,19.781,0.19781
2012-03-21,KZT,100,19.7429,0.197429
2012-03-22,KZT,100,19.7651,0.197651
2012-03-23,KZT,100,19.79,0.1979
2012-03-24,KZT,100,19.8977,0.198977
2012-03-27,KZT,100,19.7889,0.197889
2012-03-28,KZT,100,19.6083,0.196083
2012-03-29,KZT,100,19.6936,0.196936
2012-03-30,KZT,100,19.8242,0.198242
2012-03-31,KZT,100,19.8371,0.198371
2012-04-03,KZT,100,19.821,0.19821
2012-04-04,KZT,100,19.7715,0.197715
2012-04-05,KZT,100,19.8653,0.198653
2012-04-06,KZT,100,19.8531,0.198531
2012-04-07,KZT,100,19.9442,0.199442
2012-04-10,KZT,100,20.0601,0.200601
2012-04-11,KZT,100,20.0765,0.200765
2012-04-12,KZT,100,20.1687,0.201687
2012-04-13,KZT,100,20.0169,0.200169
2012-04-14,KZT,100,19.9621,0.199621
2012-04-17,KZT,100,20.1731,0.201731
2012-04-18,KZT,100,20.0791,0.200791
2012-04-19,KZT,100,19.9694,0.199694
2012-04-20,KZT,100,19.9724,0.199724
2012-04-21,KZT,100,19.9563,0.199563
2012-04-24,KZT,100,19.9506,0.199506
2012-04-25,KZT,100,19.9491,0.199491
2012-04-26,KZT,100,19.8229,0.198229
2012-04-27,KZT,100,19.7891,0.197891
2012-04-28,KZT,100,19.9008,0.199008
2012-04-29,KZT,100,19.8712,0.198712
2012-05-03,KZT,100,19.8344,0.198344
2012-05-04,KZT,100,19.9189,0.199189
2012-05-05,KZT,100,20.0045,0.200045
2012-05-06,KZT,100,20.1579,0.201579
2012-05-11,KZT,100,20.4194,0.204194
2012-05-12,KZT,100,20.4378,0.204378
2012-05-13,KZT,100,20.3983,0.203983
2012-05-15,KZT,100,20.4508,0.204508
2012-05-16,KZT,100,20.4953,0.204953
2012-05-17,KZT,100,20.9176,0.209176
2012-05-18,KZT,100,20.9002,0.209002
2012-05-19,KZT,100,21.2159,0.212159
2012-05-22,KZT,100,21.0436,0.210436
2012-05-23,KZT,100,20.9873,0.209873
2012-05-24,KZT,100,21.2345,0.212345
2012-05-25,KZT,100,21.4078,0.214078
2012-05-26,KZT,100,21.4772,0.214772
2012-05-29,KZT,100,21.4924,0.214924
2012-05-30,KZT,100,21.6819,0.216819
2012-05-31,KZT,100,21.93,0.2193
2012-06-01,KZT,100,22.2347,0.222347
2012-06-02,KZT,100,22.787,0.22787
2012-06-05,KZT,100,22.8822,0.228822
2012-06-06,KZT,100,22.3059,0.223059
2012-06-07,KZT,100,22.023,0.22023
2012-06-08,KZT,100,21.6615,0.216615
2012-06-09,KZT,100,22.0147,0.220147
2012-06-10,KZT,100,21.9096,0.219096
2012-06-14,KZT,100,21.9803,0.219803
2012-06-15,KZT,100,21.8628,0.218628
2012-06-16,KZT,100,21.7362,0.217362
2012-06-19,KZT,100,21.5843,0.215843
2012-06-20,KZT,100,21.8442,0.218442
2012-06-21,KZT,100,21.8592,0.218592
2012-06-22,KZT,100,22.0745,0.220745
2012-06-23,KZT,100,22.4629,0.224629
2012-06-26,KZT,100,22.224,0.22224
2012-06-27,KZT,100,22.2154,0.222154
2012-06-28,KZT,100,22.0023,0.220023
2012-06-29,KZT,100,22.0734,0.220734
2012-06-30,KZT,100,21.9621,0.219621
2012-07-03,KZT,100,21.7897,0.217897
2012-07-04,KZT,100,21.7221,0.217221
2012-07-05,KZT,100,21.5435,0.215435
2012-07-06,KZT,100,21.71,0.2171
2012-07-07,KZT,100,21.8009,0.218009
2012-07-10,KZT,100,22.021,0.22021
2012-07-11,KZT,100,22.0005,0.220005
2012-07-12,KZT,100,21.8986,0.218986
2012-07-13,KZT,100,21.8256,0.218256
2012-07-14,KZT,100,21.8003,0.218003
2012-07-17,KZT,100,21.7574,0.217574
2012-07-18,KZT,100,21.6817,0.216817
2012-07-19,KZT,100,21.6489,0.216489
2012-07-20,KZT,100,21.4443,0.214443
2012-07-21,KZT,100,21.3668,0.213668
2012-07-24,KZT,100,21.62,0.2162
2012-07-25,KZT,100,21.7636,0.217636
2012-07-26,KZT,100,21.9698,0.219698
2012-07-27,KZT,100,21.7461,0.217461
2012-07-28,KZT,100,21.4883,0.214883
2012-07-31,KZT,100,21.4552,0.214552
2012-08-01,KZT,100,21.467,0.21467
2012-08-02,KZT,100,21.5412,0.215412
2012-08-03,KZT,100,21.613,0.21613
2012-08-04,KZT,100,21.6554,0.216554
2012-08-07,KZT,100,21.2783,0.212783
2012-08-08,KZT,100,21.1019,0.211019
2012-08-09,KZT,100,21.1081,0.211081
2012-08-10,KZT,100,20.9948,0.209948
2012-08-11,KZT,100,21.3083,0.213083
2012-08-14,KZT,100,21.2961,0.212961
2012-08-15,KZT,100,21.2684,0.212684
2012-08-16,KZT,100,21.3479,0.213479
2012-08-17,KZT,100,21.3764,0.213764
2012-08-18,KZT,100,21.3358,0.213358
2012-08-21,KZT,100,21.4308,0.214308
2012-08-22,KZT,100,21.3998,0.213998
2012-08-23,KZT,100,21.3324,0.213324
2012-08-24,KZT,100,21.2702,0.212702
2012-08-25,KZT,100,21.3669,0.213669
2012-08-28,KZT,100,21.4045,0.214045
2012-08-29,KZT,100,21.4989,0.214989
2012-08-30,KZT,100,21.4821,0.214821
2012-08-31,KZT,100,21.5937,0.215937
2012-09-01,KZT,100,21.762,0.21762
2012-09-04,KZT,100,21.6692,0.216692
2012-09-05,KZT,100,21.5345,0.215345
2012-09-06,KZT,100,21.7333,0.217333
2012-09-07,KZT,100,21.5477,0.215477
2012-09-08,KZT,100,21.4149,0.214149
2012-09-11,KZT,100,21.2117,0.212117
2012-09-12,KZT,100,21.2242,0.212242
2012-09-13,KZT,100,21.0021,0.210021
2012-09-14,KZT,100,20.9398,0.209398
2012-09-15,KZT,100,20.5605,0.205605
2012-09-18,KZT,100,20.4231,0.204231
2012-09-19,KZT,100,20.6001,0.206001
2012-09-20,KZT,100,20.5948,0.205948
2012-09-21,KZT,100,21.0667,0.210667
2012-09-22,KZT,100,20.7619,0.207619
2012-09-25,KZT,100,20.8134,0.208134
2012-09-26,KZT,100,20.7628,0.207628
2012-09-27,KZT,100,20.8009,0.208009
2012-09-28,KZT,100,20.7933,0.207933
2012-09-29,KZT,100,20.5982,0.205982
2012-10-02,KZT,100,20.8289,0.208289
2012-10-03,KZT,100,20.7366,0.207366
2012-10-04,KZT,100,20.7665,0.207665
2012-10-05,KZT,100,20.7094,0.207094
2012-10-06,KZT,100,20.6091,0.206091
2012-10-09,KZT,100,20.6702,0.206702
2012-10-10,KZT,100,20.6778,0.206778
2012-10-11,KZT,100,20.7313,0.207313
2012-10-12,KZT,100,20.7067,0.207067
2012-10-13,KZT,100,20.5738,0.205738
2012-10-16,KZT,100,20.6307,0.206307
2012-10-17,KZT,100,20.5411,0.205411
2012-10-18,KZT,100,20.4763,0.204763
2012-10-19,KZT,100,20.4463,0.204463
2012-10-20,KZT,100,20.5236,0.205236
2012-10-23,KZT,100,20.5378,0.205378
2012-10-24,KZT,100,20.6559,0.206559
2012-10-25,KZT,100,20.7861,0.207861
2012-10-26,KZT,100,20.7503,0.207503
2012-10-27,KZT,100,20.9052,0.209052
2012-10-30,KZT,100,20.8615,0.208615
2012-10-31,KZT,100,20.9122,0.209122
2012-11-01,KZT,100,20.8052,0.208052
2012-11-02,KZT,100,20.7939,0.207939
2012-11-03,KZT,100,20.8067,0.208067
2012-11-07,KZT,100,20.8953,0.208953
2012-11-08,KZT,100,20.765,0.20765
2012-11-09,KZT,100,20.8907,0.208907
2012-11-10,KZT,100,20.8854,0.208854
2012-11-13,KZT,100,20.9522,0.209522
2012-11-14,KZT,100,21.0314,0.210314
2012-11-15,KZT,100,21.0795,0.210795
2012-11-16,KZT,100,21.0921,0.210921
2012-11-17,KZT,100,21.1013,0.211013
2012-11-20,KZT,100,21.0354,0.210354
2012-11-21,KZT,100,20.9097,0.209097
2012-11-22,KZT,100,20.9137,0.209137
2012-11-23,KZT,100,20.7552,0.207552
2012-11-24,KZT,100,20.7529,0.207529
2012-11-27,KZT,100,20.6801,0.206801
2012-11-28,KZT,100,20.604,0.20604
2012-11-29,KZT,100,20.7053,0.207053
2012-11-30,KZT,100,20.663,0.20663
2012-12-01,KZT,100,20.4697,0.204697
2012-12-04,KZT,100,20.4764,0.204764
2012-12-05,KZT,100,20.5762,0.205762
2012-12-06,KZT,100,20.4909,0.204909
2012-12-07,KZT,100,20.5687,0.205687
2012-12-08,KZT,100,20.6103,0.206103
2012-12-11,KZT,100,20.5585,0.205585
2012-12-12,KZT,100,20.4534,0.204534
2012-12-13,KZT,100,20.42,0.2042
2012-12-14,KZT,100,20.3277,0.203277
2012-12-15,KZT,100,20.382,0.20382
2012-12-18,KZT,100,20.4103,0.204103
2012-12-19,KZT,100,20.5538,0.205538
2012-12-20,KZT,100,20.4166,0.204166
2012-12-21,KZT,100,20.4448,0.204448
2012-12-22,KZT,100,20.4428,0.204428
2012-12-25,KZT,100,20.475,0.20475
2012-12-26,KZT,100,20.3361,0.203361
2012-12-27,KZT,100,20.3354,0.203354
2012-12-28,KZT,100,20.28,0.2028
2012-12-29,KZT,100,20.2107,0.202107
2012-12-30,KZT,100,20.2107,0.202107
2013-01-10,KZT,100,20.1761,0.201761
2013-01-11,KZT,100,20.1159,0.201159
2013-01-12,KZT,100,20.0362,0.200362
2013-01-15,KZT,100,20.0395,0.200395
2013-01-16,KZT,100,20.0514,0.200514
2013-01-17,KZT,100,20.1233,0.201233
2013-01-18,KZT,100,20.1228,0.201228
2013-01-19,KZT,100,20.0388,0.200388
2013-01-22,KZT,100,20.1015,0.201015
2013-01-23,KZT,100,20.0345,0.200345
2013-01-24,KZT,100,20.0333,0.200333
2013-01-25,KZT,100,20.0005,0.200005
2013-01-26,KZT,100,19.937,0.19937
2013-01-29,KZT,100,19.9663,0.199663
2013-01-30,KZT,100,19.985,0.19985
2013-01-31,KZT,100,19.8991,0.198991
2013-02-01,KZT,100,19.898,0.19898
2013-02-02,KZT,100,19.8791,0.198791
2013-02-05,KZT,100,19.8508,0.198508
2013-02-06,KZT,100,20.008,0.20008
2013-02-07,KZT,100,19.9062,0.199062
2013-02-08,KZT,100,19.9665,0.199665
2013-02-09,KZT,100,20.0429,0.200429
2013-02-12,KZT,100,20.0259,0.200259
2013-02-13,KZT,100,20.048,0.20048
2013-02-14,KZT,100,19.9829,0.199829
2013-02-15,KZT,100,19.9849,0.199849
2013-02-16,KZT,100,20.0159,0.200159
2013-02-19,KZT,100,20.0178,0.200178
2013-02-20,KZT,100,20.0118,0.200118
2013-02-21,KZT,100,19.9769,0.199769
2013-02-22,KZT,100,20.1182,0.201182
2013-02-23,KZT,100,20.2074,0.202074
2013-02-26,KZT,100,20.1889,0.201889
2013-02-27,KZT,100,20.3587,0.203587
2013-02-28,KZT,100,20.3565,0.203565
2013-03-01,KZT,100,20.2936,0.202936
2013-03-02,KZT,100,20.3447,0.203447
2013-03-05,KZT,100,20.4198,0.204198
2013-03-06,KZT,100,20.3597,0.203597
2013-03-07,KZT,100,20.3181,0.203181
2013-03-08,KZT,100,20.4018,0.204018
2013-03-12,KZT,100,20.4003,0.204003
2013-03-13,KZT,100,20.3844,0.203844
2013-03-14,KZT,100,20.3625,0.203625
2013-03-15,KZT,100,20.4057,0.204057
2013-03-16,KZT,100,20.3805,0.203805
2013-03-19,KZT,100,20.5037,0.205037
2013-03-20,KZT,100,20.4358,0.204358
2013-03-21,KZT,100,20.5081,0.205081
2013-03-22,KZT,100,20.4639,0.204639
2013-03-23,KZT,100,20.4905,0.204905
2013-03-26,KZT,100,20.3753,0.203753
2013-03-27,KZT,100,20.469,0.20469
2013-03-28,KZT,100,20.4513,0.204513
2013-03-29,KZT,100,20.5518,0.205518
2013-03-30,KZT,100,20.6,0.206
2013-04-02,KZT,100,20.6186,0.206186
2013-04-03,KZT,100,20.6276,0.206276
2013-04-04,KZT,100,20.8099,0.208099
2013-04-05,KZT,100,21.0207,0.210207
2013-04-06,KZT,100,20.9533,0.209533
2013-04-09,KZT,100,20.9457,0.209457
2013-04-10,KZT,100,20.6721,0.206721
2013-04-11,KZT,100,20.5403,0.205403
2013-04-12,KZT,100,20.4607,0.204607
2013-04-13,KZT,100,20.4975,0.204975
2013-04-16,KZT,100,20.7332,0.207332
2013-04-17,KZT,100,20.819,0.20819
2013-04-18,KZT,100,20.6848,0.206848
2013-04-19,KZT,100,21.0006,0.210006
2013-04-20,KZT,100,20.8196,0.208196
2013-04-23,KZT,100,20.8835,0.208835
2013-04-24,KZT,100,20.9414,0.209414
2013-04-25,KZT,100,20.9182,0.209182
2013-04-26,KZT,100,20.7321,0.207321
2013-04-27,KZT,100,20.6527,0.206527
2013-04-30,KZT,100,20.6644,0.206644
2013-05-01,KZT,100,20.5313,0.205313
2013-05-07,KZT,100,20.5854,0.205854
2013-05-08,KZT,100,20.5821,0.205821
2013-05-09,KZT,100,20.584,0.20584
2013-05-14,KZT,100,20.7669,0.207669
2013-05-15,KZT,100,20.6932,0.206932
2013-05-16,KZT,100,20.7885,0.207885
2013-05-17,KZT,100,20.7857,0.207857
2013-05-18,KZT,100,20.7894,0.207894
2013-05-21,KZT,100,20.7554,0.207554
2013-05-22,KZT,100,20.6607,0.206607
2013-05-23,KZT,100,20.702,0.20702
2013-05-24,KZT,100,20.8694,0.208694
2013-05-25,KZT,100,20.7737,0.207737
2013-05-28,KZT,100,20.7521,0.207521
2013-05-29,KZT,100,20.8011,0.208011
2013-05-30,KZT,100,20.8813,0.208813
2013-05-31,KZT,100,20.8786,0.208786
2013-06-01,KZT,100,20.9922,0.209922
2013-06-04,KZT,100,21.1682,0.211682
2013-06-05,KZT,100,21.0343,0.210343
2013-06-06,KZT,100,21.1309,0.211309
2013-06-07,KZT,100,21.2346,0.212346
2013-06-08,KZT,100,21.2951,0.212951
2013-06-11,KZT,100,21.3434,0.213434
2013-06-12,KZT,100,21.3829,0.213829
2013-06-14,KZT,100,21.3481,0.213481
2013-06-15,KZT,100,21.0198,0.210198
2013-06-18,KZT,100,20.9247,0.209247
2013-06-19,KZT,100,21.066,0.21066
2013-06-20,KZT,100,21.2294,0.212294
2013-06-21,KZT,100,21.5862,0.215862
2013-06-22,KZT,100,21.5971,0.215971
2013-06-25,KZT,100,21.7297,0.217297
2013-06-26,KZT,100,21.5905,0.215905
2013-06-27,KZT,100,21.6737,0.216737
2013-06-28,KZT,100,21.6621,0.216621
2013-06-29,KZT,100,21.5673,0.215673
2013-07-02,KZT,100,21.6379,0.216379
2013-07-03,KZT,100,21.691,0.21691
2013-07-04,KZT,100,21.857,0.21857
2013-07-05,KZT,100,21.8132,0.218132
2013-07-06,KZT,100,21.839,0.21839
2013-07-09,KZT,100,21.9008,0.219008
2013-07-10,KZT,100,21.7288,0.217288
2013-07-11,KZT,100,21.6052,0.216052
2013-07-12,KZT,100,21.4055,0.214055
2013-07-13,KZT,100,21.4052,0.214052
2013-07-16,KZT,100,21.3691,0.213691
2013-07-17,KZT,100,21.3109,0.213109
2013-07-18,KZT,100,21.2358,0.212358
2013-07-19,KZT,100,21.1971,0.211971
2013-07-20,KZT,100,21.2022,0.212022
2013-07-23,KZT,100,21.1196,0.211196
2013-07-24,KZT,100,21.0884,0.210884
2013-07-25,KZT,100,21.1165,0.211165
2013-07-26,KZT,100,21.2359,0.212359
2013-07-27,KZT,100,21.2952,0.212952
2013-07-30,KZT,100,21.4448,0.214448
2013-07-31,KZT,100,21.4561,0.214561
2013-08-01,KZT,100,21.5164,0.215164
2013-08-02,KZT,100,21.4591,0.214591
2013-08-03,KZT,100,21.527,0.21527
2013-08-06,KZT,100,21.3722,0.213722
2013-08-07,KZT,100,21.4377,0.214377
2013-08-08,KZT,100,21.5193,0.215193
2013-08-09,KZT,100,21.5231,0.215231
2013-08-10,KZT,100,21.5127,0.215127
2013-08-13,KZT,100,21.4539,0.214539
2013-08-14,KZT,100,21.5894,0.215894
2013-08-15,KZT,100,21.6905,0.216905
2013-08-16,KZT,100,21.6042,0.216042
2013-08-17,KZT,100,21.5787,0.215787
2013-08-20,KZT,100,21.5822,0.215822
2013-08-21,KZT,100,21.6404,0.216404
2013-08-22,KZT,100,21.6271,0.216271
2013-08-23,KZT,100,21.7723,0.217723
2013-08-24,KZT,100,21.7126,0.217126
2013-08-27,KZT,100,21.6462,0.216462
2013-08-28,KZT,100,21.741,0.21741
2013-08-29,KZT,100,21.7787,0.217787
2013-08-30,KZT,100,21.693,0.21693
2013-08-31,KZT,100,21.6899,0.216899
2013-09-03,KZT,100,21.7051,0.217051
2013-09-04,KZT,100,21.768,0.21768
2013-09-05,KZT,100,21.8458,0.218458
2013-09-06,KZT,100,21.8307,0.218307
2013-09-07,KZT,100,21.855,0.21855
2013-09-10,KZT,100,21.7529,0.217529
2013-09-11,KZT,100,21.5347,0.215347
2013-09-12,KZT,100,21.456,0.21456
2013-09-13,KZT,100,21.309,0.21309
2013-09-14,KZT,100,21.3558,0.213558
2013-09-17,KZT,100,21.0473,0.210473
2013-09-18,KZT,100,21.0729,0.210729
2013-09-19,KZT,100,21.0134,0.210134
2013-09-20,KZT,100,20.6533,0.206533
2013-09-21,KZT,100,20.7362,0.207362
2013-09-24,KZT,100,20.8566,0.208566
2013-09-25,KZT,100,20.7952,0.207952
2013-09-26,KZT,100,20.7811,0.207811
2013-09-27,KZT,100,20.9539,0.209539
2013-09-28,KZT,100,21.0388,0.210388
2013-10-01,KZT,100,21.1209,0.211209
2013-10-02,KZT,100,20.9895,0.209895
2013-10-03,KZT,100,20.9631,0.209631
2013-10-04,KZT,100,20.8475,0.208475
2013-10-05,KZT,100,20.8201,0.208201
2013-10-08,KZT,100,20.9288,0.209288
2013-10-09,KZT,100,20.9187,0.209187
2013-10-10,KZT,100,20.9747,0.209747
2013-10-11,KZT,100,20.9712,0.209712
2013-10-12,KZT,100,20.9089,0.209089
2013-10-15,KZT,100,21.0204,0.210204
2013-10-16,KZT,100,20.983,0.20983
2013-10-17,KZT,100,21.022,0.21022
2013-10-18,KZT,100,20.8525,0.208525
2013-10-19,KZT,100,20.6792,0.206792
2013-10-22,KZT,100,20.7158,0.207158
2013-10-23,KZT,100,20.7651,0.207651
2013-10-24,KZT,100,20.641,0.20641
2013-10-25,KZT,100,20.587,0.20587
2013-10-26,KZT,100,20.5905,0.205905
2013-10-29,KZT,100,20.6069,0.206069
2013-10-30,KZT,100,20.6894,0.206894
2013-10-31,KZT,100,20.7718,0.207718
2013-11-01,KZT,100,20.8014,0.208014
2013-11-02,KZT,100,20.856,0.20856
2013-11-06,KZT,100,21.0003,0.210003
2013-11-07,KZT,100,21.1009,0.211009
2013-11-08,KZT,100,21.0741,0.210741
2013-11-09,KZT,100,21.19,0.2119
2013-11-12,KZT,100,21.3346,0.213346
2013-11-13,KZT,100,21.4065,0.214065
2013-11-14,KZT,100,21.4324,0.214324
2013-11-15,KZT,100,21.3448,0.213448
2013-11-16,KZT,100,21.3195,0.213195
2013-11-19,KZT,100,21.2404,0.212404
2013-11-20,KZT,100,21.3066,0.213066
2013-11-21,KZT,100,21.4089,0.214089
2013-11-22,KZT,100,21.6051,0.216051
2013-11-23,KZT,100,21.5308,0.215308
2013-11-26,KZT,100,21.4703,0.214703
2013-11-27,KZT,100,21.56,0.2156
2013-11-28,KZT,100,21.5073,0.215073
2013-11-29,KZT,100,21.5318,0.215318
2013-11-30,KZT,100,21.5663,0.215663
2013-12-03,KZT,100,21.4843,0.214843
2013-12-04,KZT,100,21.5317,0.215317
2013-12-05,KZT,100,21.5289,0.215289
2013-12-06,KZT,100,21.4698,0.214698
2013-12-07,KZT,100,21.3609,0.213609
2013-12-10,KZT,100,21.2694,0.212694
2013-12-11,KZT,100,21.2289,0.212289
2013-12-12,KZT,100,21.1806,0.211806
2013-12-13,KZT,100,21.2329,0.212329
2013-12-14,KZT,100,21.3369,0.213369
2013-12-17,KZT,100,21.3352,0.213352
2013-12-18,KZT,100,21.3351,0.213351
2013-12-19,KZT,100,21.3836,0.213836
2013-12-20,KZT,100,21.4257,0.214257
2013-12-21,KZT,100,21.4628,0.214628
2013-12-24,KZT,100,21.4403,0.214403
2013-12-25,KZT,100,21.2052,0.212052
2013-12-26,KZT,100,21.1894,0.211894
2013-12-27,KZT,100,21.2356,0.212356
2013-12-28,KZT,100,21.2216,0.212216
2013-12-31,KZT,100,21.3088,0.213088
2014-01-01,KZT,100,21.176,0.21176
2014-01-10,KZT,100,21.4573,0.214573
2014-01-11,KZT,100,21.4836,0.214836
2014-01-14,KZT,100,21.4101,0.214101
2014-01-15,KZT,100,21.4789,0.214789
2014-01-16,KZT,100,21.5132,0.215132
2014-01-17,KZT,100,21.5215,0.215215
2014-01-18,KZT,100,21.5448,0.215448
2014-01-21,KZT,100,21.6646,0.216646
2014-01-22,KZT,100,21.7775,0.217775
2014-01-23,KZT,100,21.8276,0.218276
2014-01-24,KZT,100,21.9542,0.219542
2014-01-25,KZT,100,22.0648,0.220648
2014-01-28,KZT,100,22.3462,0.223462
2014-01-29,KZT,100,22.2963,0.222963
2014-01-30,KZT,100,22.2265,0.222265
2014-01-31,KZT,100,22.6691,0.226691
2014-02-01,KZT,100,22.6231,0.226231
2014-02-04,KZT,100,22.6524,0.226524
2014-02-05,KZT,100,22.7763,0.227763
2014-02-06,KZT,100,22.4601,0.224601
2014-02-07,KZT,100,22.3329,0.223329
2014-02-08,KZT,100,22.2515,0.222515
2014-02-11,KZT,100,22.3266,0.223266
2014-02-12,KZT,100,22.3678,0.223678
2014-02-13,KZT,100,18.8347,0.188347
2014-02-14,KZT,100,18.8908,0.188908
2014-02-15,KZT,100,19.1079,0.191079
2014-02-18,KZT,100,19.0148,0.190148
2014-02-19,KZT,100,19.0964,0.190964
2014-02-20,KZT,100,19.2793,0.192793
2014-02-21,KZT,100,19.2845,0.192845
2014-02-22,KZT,100,19.3413,0.193413
2014-02-25,KZT,100,19.2295,0.192295
2014-02-26,KZT,100,19.2869,0.192869
2014-02-27,KZT,100,19.3685,0.193685
2014-02-28,KZT,100,19.5924,0.195924
2014-03-01,KZT,100,19.6347,0.196347
2014-03-04,KZT,100,19.8605,0.198605
2014-03-05,KZT,100,19.9335,0.199335
2014-03-06,KZT,100,19.8084,0.198084
2014-03-07,KZT,100,19.8402,0.198402
2014-03-08,KZT,100,19.9137,0.199137
2014-03-12,KZT,100,19.9893,0.199893
2014-03-13,KZT,100,20.0233,0.200233
2014-03-14,KZT,100,20.0184,0.200184
2014-03-15,KZT,100,20.127,0.20127
2014-03-18,KZT,100,20.1271,0.201271
2014-03-19,KZT,100,20.0185,0.200185
2014-03-20,KZT,100,19.8929,0.198929
2014-03-21,KZT,100,19.8255,0.198255
2014-03-22,KZT,100,19.9688,0.199688
2014-03-25,KZT,100,19.8389,0.198389
2014-03-26,KZT,100,19.7101,0.197101
2014-03-27,KZT,100,19.4697,0.194697
2014-03-28,KZT,100,19.5393,0.195393
2014-03-29,KZT,100,19.6029,0.196029
2014-04-01,KZT,100,19.5537,0.195537
2014-04-02,KZT,100,19.2344,0.192344
2014-04-03,KZT,100,19.368,0.19368
2014-04-04,KZT,100,19.5118,0.195118
2014-04-05,KZT,100,19.4964,0.194964
2014-04-08,KZT,100,19.4846,0.194846
2014-04-09,KZT,100,19.5284,0.195284
2014-04-10,KZT,100,19.6365,0.196365
2014-04-11,KZT,100,19.5337,0.195337
2014-04-12,KZT,100,19.5682,0.195682
2014-04-15,KZT,100,19.7677,0.197677
2014-04-16,KZT,100,19.752,0.19752
2014-04-17,KZT,100,19.8184,0.198184
2014-04-18,KZT,100,19.7351,0.197351
2014-04-19,KZT,100,19.5215,0.195215
2014-04-22,KZT,100,19.5902,0.195902
2014-04-23,KZT,100,19.5998,0.195998
2014-04-24,KZT,100,19.5932,0.195932
2014-04-25,KZT,100,19.6034,0.196034
2014-04-26,KZT,100,19.7406,0.197406
2014-04-29,KZT,100,19.7866,0.197866
2014-04-30,KZT,100,19.6107,0.196107
2014-05-01,KZT,100,19.6219,0.196219
2014-05-06,KZT,100,19.6848,0.196848
2014-05-07,KZT,100,19.5907,0.195907
2014-05-08,KZT,100,19.498,0.19498
2014-05-09,KZT,100,19.2443,0.192443
2014-05-13,KZT,100,19.3425,0.193425
2014-05-14,KZT,100,19.1637,0.191637
2014-05-15,KZT,100,19.0635,0.190635
2014-05-16,KZT,100,19.0584,0.190584
2014-05-17,KZT,100,19.1043,0.191043
2014-05-20,KZT,100,19.0708,0.190708
2014-05-21,KZT,100,18.9785,0.189785
2014-05-22,KZT,100,18.9203,0.189203
2014-05-23,KZT,100,18.777,0.18777
2014-05-24,KZT,100,18.7636,0.187636
2014-05-27,KZT,100,18.6061,0.186061
2014-05-28,KZT,100,18.5746,0.185746
2014-05-29,KZT,100,18.7463,0.187463
2014-05-30,KZT,100,18.8828,0.188828
2014-05-31,KZT,100,18.9303,0.189303
2014-06-03,KZT,100,19.0098,0.190098
2014-06-04,KZT,100,19.0798,0.190798
2014-06-05,KZT,100,19.1498,0.191498
2014-06-06,KZT,100,19.0214,0.190214
2014-06-07,KZT,100,18.8863,0.188863
2014-06-10,KZT,100,18.7086,0.187086
2014-06-11,KZT,100,18.7282,0.187282
2014-06-12,KZT,100,18.7045,0.187045
2014-06-17,KZT,100,18.8357,0.188357
2014-06-18,KZT,100,18.9667,0.189667
2014-06-19,KZT,100,18.9762,0.189762
2014-06-20,KZT,100,18.6924,0.186924
2014-06-21,KZT,100,18.7559,0.187559
2014-06-24,KZT,100,18.6821,0.186821
2014-06-25,KZT,100,18.5189,0.185189
2014-06-26,KZT,100,18.4759,0.184759
2014-06-27,KZT,100,18.3908,0.183908
2014-06-28,KZT,100,18.3243,0.183243
2014-07-01,KZT,100,18.4418,0.184418
2014-07-02,KZT,100,18.6506,0.186506
2014-07-03,KZT,100,18.6616,0.186616
2014-07-04,KZT,100,18.6318,0.186318
2014-07-05,KZT,100,18.7029,0.187029
2014-07-08,KZT,100,18.8357,0.188357
2014-07-09,KZT,100,18.7561,0.187561
2014-07-10,KZT,100,18.5689,0.185689
2014-07-11,KZT,100,18.4379,0.184379
2014-07-12,KZT,100,18.5573,0.185573
2014-07-15,KZT,100,18.6984,0.186984
2014-07-16,KZT,100,18.7264,0.187264
2014-07-17,KZT,100,18.7386,0.187386
2014-07-18,KZT,100,18.9603,0.189603
2014-07-19,KZT,100,19.157,0.19157
2014-07-22,KZT,100,19.1184,0.191184
2014-07-23,KZT,100,19.091,0.19091
2014-07-24,KZT,100,18.967,0.18967
2014-07-25,KZT,100,19.1138,0.191138
2014-07-26,KZT,100,19.1006,0.191006
2014-07-29,KZT,100,19.2588,0.192588
2014-07-30,KZT,100,19.4169,0.194169
2014-07-31,KZT,100,19.4656,0.194656
2014-08-01,KZT,100,19.364,0.19364
2014-08-02,KZT,100,19.6239,0.196239
2014-08-05,KZT,100,19.5872,0.195872
2014-08-06,KZT,100,19.6675,0.196675
2014-08-07,KZT,100,19.8408,0.198408
2014-08-08,KZT,100,19.9163,0.199163
2014-08-09,KZT,100,20.0264,0.200264
2014-08-12,KZT,100,19.8052,0.198052
2014-08-13,KZT,100,19.828,0.19828
2014-08-14,KZT,100,19.9023,0.199023
2014-08-15,KZT,100,19.8008,0.198008
2014-08-16,KZT,100,19.7799,0.197799
2014-08-19,KZT,100,19.7958,0.197958
2014-08-20,KZT,100,19.836,0.19836
2014-08-21,KZT,100,19.8989,0.198989
2014-08-22,KZT,100,19.9581,0.199581
2014-08-23,KZT,100,19.7774,0.197774
2014-08-26,KZT,100,19.8462,0.198462
2014-08-27,KZT,100,19.8548,0.198548
2014-08-28,KZT,100,19.8548,0.198548
2014-08-29,KZT,100,19.9469,0.199469
2014-08-30,KZT,100,20.291,0.20291
2014-09-02,KZT,100,20.4926,0.204926
2014-09-03,KZT,100,20.5198,0.205198
2014-09-04,KZT,100,20.5091,0.205091
2014-09-05,KZT,100,20.2208,0.202208
2014-09-06,KZT,100,20.2862,0.202862
2014-09-09,KZT,100,20.3767,0.203767
2014-09-10,KZT,100,20.3435,0.203435
2014-09-11,KZT,100,20.4311,0.204311
2014-09-12,KZT,100,20.5356,0.205356
2014-09-13,KZT,100,20.6955,0.206955
2014-09-16,KZT,100,20.8778,0.208778
2014-09-17,KZT,100,21.2734,0.212734
2014-09-18,KZT,100,21.0878,0.210878
2014-09-19,KZT,100,21.1168,0.211168
2014-09-20,KZT,100,21.1126,0.211126
2014-09-23,KZT,100,21.2032,0.212032
2014-09-24,KZT,100,21.2603,0.212603
2014-09-25,KZT,100,21.1041,0.211041
2014-09-26,KZT,100,21.0565,0.210565
2014-09-27,KZT,100,21.2859,0.212859
2014-09-30,KZT,100,21.6535,0.216535
2014-10-01,KZT,100,21.6471,0.216471
2014-10-02,KZT,100,21.804,0.21804
2014-10-03,KZT,100,21.7407,0.217407
2014-10-04,KZT,100,21.8199,0.218199
2014-10-07,KZT,100,21.9869,0.219869
2014-10-08,KZT,100,21.8607,0.218607
2014-10-09,KZT,100,21.9868,0.219868
2014-10-10,KZT,100,21.9858,0.219858
2014-10-11,KZT,100,22.1185,0.221185
2014-10-14,KZT,100,22.1804,0.221804
2014-10-15,KZT,100,22.2903,0.222903
2014-10-16,KZT,100,22.5518,0.225518
2014-10-17,KZT,100,22.4482,0.224482
2014-10-18,KZT,100,22.6087,0.226087
2014-10-21,KZT,100,22.5187,0.225187
2014-10-22,KZT,100,22.6527,0.226527
2014-10-23,KZT,100,22.6381,0.226381
2014-10-24,KZT,100,22.9322,0.229322
2014-10-25,KZT,100,23.0976,0.230976
2014-10-28,KZT,100,23.1747,0.231747
2014-10-29,KZT,100,23.4328,0.234328
2014-10-30,KZT,100,23.576,0.23576
2014-10-31,KZT,100,23.986,0.23986
2014-11-01,KZT,100,23.2011,0.232011
2014-11-06,KZT,100,24.5415,0.245415
2014-11-07,KZT,100,24.976,0.24976
2014-11-08,KZT,100,26.4662,0.264662
2014-11-11,KZT,100,25.3669,0.253669
2014-11-12,KZT,100,25.3998,0.253998
2014-11-13,KZT,100,25.6088,0.256088
2014-11-14,KZT,100,25.4994,0.254994
2014-11-15,KZT,100,26.2001,0.262001
2014-11-18,KZT,100,26.1558,0.261558
2014-11-19,KZT,100,25.9607,0.259607
2014-11-20,KZT,100,25.9946,0.259946
2014-11-21,KZT,100,25.8087,0.258087
2014-11-22,KZT,100,25.2767,0.252767
2014-11-25,KZT,100,24.748,0.24748
2014-11-26,KZT,100,24.8231,0.248231
2014-11-27,KZT,100,25.6602,0.256602
2014-11-28,KZT,100,26.3404,0.263404
2014-11-29,KZT,100,27.2542,0.272542
2014-12-02,KZT,100,28.5327,0.285327
2014-12-03,KZT,100,28.0292,0.280292
2014-12-04,KZT,100,29.9601,0.299601
2014-12-05,KZT,100,28.9086,0.289086
2014-12-06,KZT,100,29.2586,0.292586
2014-12-09,KZT,100,29.3465,0.293465
2014-12-10,KZT,100,29.8251,0.298251
2014-12-11,KZT,100,29.8604,0.298604
2014-12-12,KZT,100,30.1476,0.301476
2014-12-13,KZT,100,31.2997,0.312997
2014-12-16,KZT,100,32.0936,0.320936
2014-12-17,KZT,100,33.3113,0.333113
2014-12-18,KZT,100,36.925,0.36925
2014-12-19,KZT,100,32.7282,0.327282
2014-12-20,KZT,100,33.3219,0.333219
2014-12-23,KZT,100,31.0321,0.310321
2014-12-24,KZT,100,29.9639,0.299639
2014-12-25,KZT,100,29.8926,0.298926
2014-12-26,KZT,100,28.8298,0.288298
2014-12-27,KZT,100,28.5112,0.285112
2014-12-30,KZT,100,31.0567,0.310567
2014-12-31,KZT,100,30.8257,0.308257
2015-01-01,KZT,100,30.8143,0.308143
2015-01-13,KZT,100,34.1506,0.341506
2015-01-14,KZT,100,35.3077,0.353077
2015-01-15,KZT,100,35.9709,0.359709
2015-01-16,KZT,100,35.2443,0.352443
2015-01-17,KZT,100,35.4292,0.354292
2015-01-20,KZT,100,35.3202,0.353202
2015-01-21,KZT,100,35.3522,0.353522
2015-01-22,KZT,100,35.5731,0.355731
2015-01-23,KZT,100,35.5222,0.355222
2015-01-24,KZT,100,34.405,0.34405
2015-01-27,KZT,100,35.5319,0.355319
2015-01-28,KZT,100,36.7354,0.367354
2015-01-29,KZT,100,36.3753,0.363753
2015-01-30,KZT,100,37.231,0.37231
2015-01-31,KZT,100,37.3711,0.373711
2015-02-03,KZT,100,37.7368,0.377368
2015-02-04,KZT,100,36.7063,0.367063
2015-02-05,KZT,100,35.3949,0.353949
2015-02-06,KZT,100,37.1002,0.371002
2015-02-07,KZT,100,35.7174,0.357174
2015-02-10,KZT,100,35.5087,0.355087
2015-02-11,KZT,100,35.3671,0.353671
2015-02-12,KZT,100,35.6678,0.356678
2015-02-13,KZT,100,35.6841,0.356841
2015-02-14,KZT,100,35.1399,0.351399
2015-02-17,KZT,100,33.8345,0.338345
2015-02-18,KZT,100,33.9274,0.339274
2015-02-19,KZT,100,33.7097,0.337097
2015-02-20,KZT,100,33.5642,0.335642
2015-02-21,KZT,100,33.3334,0.333334
2015-02-25,KZT,100,34.2973,0.342973
2015-02-26,KZT,100,33.8108,0.338108
2015-02-27,KZT,100,32.7503,0.327503
2015-02-28,KZT,100,33.0663,0.330663
2015-03-03,KZT,100,33.5978,0.335978
2015-03-04,KZT,100,33.6798,0.336798
2015-03-05,KZT,100,33.4728,0.334728
2015-03-06,KZT,100,33.3643,0.333643
2015-03-07,KZT,100,32.3216,0.323216
2015-03-11,KZT,100,32.7538,0.327538
2015-03-12,KZT,100,33.8151,0.338151
2015-03-13,KZT,100,32.8889,0.328889
2015-03-14,KZT,100,33.0816,0.330816
2015-03-17,KZT,100,33.503,0.33503
2015-03-18,KZT,100,33.2863,0.332863
2015-03-19,KZT,100,33.0942,0.330942
2015-03-20,KZT,100,32.2269,0.322269
2015-03-21,KZT,100,32.2894,0.322894
2015-03-24,KZT,100,31.9572,0.319572
2015-03-25,KZT,100,31.5948,0.315948
2015-03-26,KZT,100,30.8512,0.308512
2015-03-27,KZT,100,30.4403,0.304403
2015-03-28,KZT,100,31.0942,0.310942
2015-03-31,KZT,100,31.4654,0.314654
2015-04-01,KZT,100,31.0447,0.310447
2015-04-02,KZT,100,31.4236,0.314236
2015-04-03,KZT,100,30.6754,0.306754
2015-04-04,KZT,100,30.5479,0.305479
2015-04-07,KZT,100,30.4202,0.304202
2015-04-08,KZT,100,29.8009,0.298009
2015-04-09,KZT,100,29.0804,0.290804
2015-04-10,KZT,100,28.3003,0.283003
2015-04-11,KZT,100,27.5002,0.275002
2015-04-14,KZT,100,28.2134,0.282134
2015-04-15,KZT,100,27.9623,0.279623
2015-04-16,KZT,100,27.1589,0.271589
2015-04-17,KZT,100,26.7328,0.267328
2015-04-18,KZT,100,27.1913,0.271913
2015-04-21,KZT,100,27.7291,0.277291
2015-04-22,KZT,100,29.0223,0.290223
2015-04-23,KZT,100,28.8672,0.288672
2015-04-24,KZT,100,27.7619,0.277619
2015-04-25,KZT,100,27.0438,0.270438
2015-04-28,KZT,100,27.6983,0.276983
2015-04-29,KZT,100,28.1477,0.281477
2015-04-30,KZT,100,27.8257,0.278257
2015-05-01,KZT,100,27.5236,0.275236
2015-05-06,KZT,100,27.858,0.27858
2015-05-07,KZT,100,26.8979,0.268979
2015-05-08,KZT,100,27.1052,0.271052
2015-05-09,KZT,100,27.3134,0.273134
2015-05-13,KZT,100,27.407,0.27407
2015-05-14,KZT,100,26.6469,0.266469
2015-05-15,KZT,100,26.9298,0.269298
2015-05-16,KZT,100,26.8915,0.268915
2015-05-19,KZT,100,26.4895,0.264895
2015-05-20,KZT,100,26.4681,0.264681
2015-05-21,KZT,100,26.7987,0.267987
2015-05-22,KZT,100,26.8656,0.268656
2015-05-23,KZT,100,26.7977,0.267977
2015-05-26,KZT,100,26.8338,0.268338
2015-05-27,KZT,100,27.0819,0.270819
2015-05-28,KZT,100,27.4562,0.274562
2015-05-29,KZT,100,28.1186,0.281186
2015-05-30,KZT,100,28.4855,0.284855
2015-06-02,KZT,100,28.4047,0.284047
2015-06-03,KZT,100,28.7396,0.287396
2015-06-04,KZT,100,28.5332,0.285332
2015-06-05,KZT,100,29.5721,0.295721
2015-06-06,KZT,100,30.2473,0.302473
2015-06-09,KZT,100,30.1382,0.301382
2015-06-10,KZT,100,30.0672,0.300672
2015-06-11,KZT,100,29.4615,0.294615
2015-06-12,KZT,100,29.3117,0.293117
2015-06-16,KZT,100,29.7059,0.297059
2015-06-17,KZT,100,29.0511,0.290511
2015-06-18,KZT,100,28.9691,0.289691
2015-06-19,KZT,100,28.6629,0.286629
2015-06-20,KZT,100,28.9126,0.289126
2015-06-23,KZT,100,28.7894,0.287894
2015-06-24,KZT,100,29.1316,0.291316
2015-06-25,KZT,100,29.0396,0.290396
2015-06-26,KZT,100,29.3247,0.293247
2015-06-27,KZT,100,29.4375,0.294375
2015-06-30,KZT,100,29.8179,0.298179
2015-07-01,KZT,100,29.9883,0.299883
2015-07-02,KZT,100,29.7888,0.297888
2015-07-03,KZT,100,29.8886,0.298886
2015-07-04,KZT,100,29.8614,0.298614
2015-07-07,KZT,100,30.296,0.30296
2015-07-08,KZT,100,30.7267,0.307267
2015-07-09,KZT,100,30.7076,0.307076
2015-07-10,KZT,100,30.577,0.30577
2015-07-11,KZT,100,30.3771,0.303771
2015-07-14,KZT,100,30.343,0.30343
2015-07-15,KZT,100,30.5002,0.305002
2015-07-16,KZT,100,30.292,0.30292
2015-07-17,KZT,100,30.445,0.30445
2015-07-18,KZT,100,30.3872,0.303872
2015-07-21,KZT,100,30.3874,0.303874
2015-07-22,KZT,100,30.4728,0.304728
2015-07-23,KZT,100,30.4839,0.304839
2015-07-24,KZT,100,30.6628,0.306628
2015-07-25,KZT,100,31.0261,0.310261
2015-07-28,KZT,100,31.3904,0.313904
2015-07-29,KZT,100,32.1619,0.321619
2015-07-30,KZT,100,31.8891,0.318891
2015-07-31,KZT,100,31.4734,0.314734
2015-08-01,KZT,100,32.1947,0.321947
2015-08-04,KZT,100,33.3223,0.333223
2015-08-05,KZT,100,33.5269,0.335269
2015-08-06,KZT,100,33.4204,0.334204
2015-08-07,KZT,100,34.0338,0.340338
2015-08-08,KZT,100,34.0198,0.340198
2015-08-11,KZT,100,34.3292,0.343292
2015-08-12,KZT,100,33.6491,0.336491
2015-08-13,KZT,100,34.6074,0.346074
2015-08-14,KZT,100,34.0311,0.340311
2015-08-15,KZT,100,34.5332,0.345332
2015-08-18,KZT,100,34.7729,0.347729
2015-08-19,KZT,100,34.9484,0.349484
2015-08-20,KZT,100,33.3666,0.333666
2015-08-21,KZT,100,26.5139,0.265139
2015-08-22,KZT,100,28.4018,0.284018
2015-08-25,KZT,100,30.9613,0.309613
2015-08-26,KZT,100,29.5106,0.295106
2015-08-27,KZT,100,28.332,0.28332
2015-08-28,KZT,100,28.0306,0.280306
2015-08-29,KZT,100,27.9754,0.279754
2015-09-01,KZT,100,27.856,0.27856
2015-09-02,KZT,100,27.3773,0.273773
2015-09-03,KZT,100,27.7065,0.277065
2015-09-04,KZT,100,27.9384,0.279384
2015-09-05,KZT,100,28.1423,0.281423
2015-09-08,KZT,100,28.1779,0.281779
2015-09-09,KZT,100,28.1225,0.281225
2015-09-10,KZT,100,27.212,0.27212
2015-09-11,KZT,100,26.9617,0.269617
2015-09-12,KZT,100,26.5009,0.265009
2015-09-15,KZT,100,24.6221,0.246221
2015-09-16,KZT,100,23.9848,0.239848
2015-09-17,KZT,100,22.4625,0.224625
2015-09-18,KZT,100,24.1993,0.241993
2015-09-19,KZT,100,23.7842,0.237842
2015-09-22,KZT,100,24.4467,0.244467
2015-09-23,KZT,100,24.9952,0.249952
2015-09-24,KZT,100,24.6422,0.246422
2015-09-25,KZT,100,24.7268,0.247268
2015-09-26,KZT,100,24.2738,0.242738
2015-09-29,KZT,100,24.239,0.24239
2015-09-30,KZT,100,24.4209,0.244209
2015-10-01,KZT,100,24.2588,0.242588
2015-10-02,KZT,100,23.9799,0.239799
2015-10-03,KZT,100,24.3227,0.243227
2015-10-06,KZT,100,24.1472,0.241472
2015-10-07,KZT,100,23.8727,0.238727
2015-10-08,KZT,100,22.8938,0.228938
2015-10-09,KZT,100,22.7409,0.227409
2015-10-10,KZT,100,22.31,0.2231
2015-10-13,KZT,100,22.2287,0.222287
2015-10-14,KZT,100,22.5898,0.225898
2015-10-15,KZT,100,22.8407,0.228407
2015-10-16,KZT,100,22.4949,0.224949
2015-10-17,KZT,100,22.2,0.222
2015-10-20,KZT,100,22.138,0.22138
2015-10-21,KZT,100,22.4274,0.224274
2015-10-22,KZT,100,22.5616,0.225616
2015-10-23,KZT,100,22.5526,0.225526
2015-10-24,KZT,100,22.2805,0.222805
2015-10-27,KZT,100,22.3843,0.223843
2015-10-28,KZT,100,22.76,0.2276
2015-10-29,KZT,100,23.3789,0.233789
2015-10-30,KZT,100,22.9781,0.229781
2015-10-31,KZT,100,22.9859,0.229859
2015-11-03,KZT,100,22.6802,0.226802
2015-11-04,KZT,100,22.5827,0.225827
2015-11-06,KZT,100,21.1471,0.211471
2015-11-07,KZT,100,20.7134,0.207134
2015-11-10,KZT,100,21.0005,0.210005
2015-11-11,KZT,100,21.0029,0.210029
2015-11-12,KZT,100,21.0598,0.210598
2015-11-13,KZT,100,21.3539,0.213539
2015-11-14,KZT,100,21.6093,0.216093
2015-11-17,KZT,100,21.6027,0.216027
2015-11-18,KZT,100,21.2874,0.212874
2015-11-19,KZT,100,21.0586,0.210586
2015-11-20,KZT,100,21.122,0.21122
2015-11-21,KZT,100,21.1054,0.211054
2015-11-24,KZT,100,21.3554,0.213554
2015-11-25,KZT,100,21.3687,0.213687
2015-11-26,KZT,100,21.3234,0.213234
2015-11-27,KZT,100,21.38,0.2138
2015-11-28,KZT,100,21.5644,0.215644
2015-12-01,KZT,100,21.6996,0.216996
2015-12-02,KZT,100,21.5362,0.215362
2015-12-03,KZT,100,21.6847,0.216847
2015-12-04,KZT,100,22.0298,0.220298
2015-12-05,KZT,100,22.0387,0.220387
2015-12-08,KZT,100,22.3178,0.223178
2015-12-09,KZT,100,22.499,0.22499
2015-12-10,KZT,100,22.3247,0.223247
2015-12-11,KZT,100,22.2822,0.222822
2015-12-12,KZT,100,21.9975,0.219975
2015-12-15,KZT,100,21.1921,0.211921
2015-12-16,KZT,100,21.2874,0.212874
2015-12-17,KZT,100,21.2148,0.212148
2015-12-18,KZT,100,21.2682,0.212682
2015-12-19,KZT,100,20.8848,0.208848
2015-12-22,KZT,100,20.461,0.20461
2015-12-23,KZT,100,21.3596,0.213596
2015-12-24,KZT,100,21.4839,0.214839
2015-12-25,KZT,100,21.3522,0.213522
2015-12-26,KZT,100,21.4169,0.214169
2015-12-29,KZT,100,21.2444,0.212444
2015-12-30,KZT,100,21.3745,0.213745
2015-12-31,KZT,100,21.5165,0.215165
2016-01-01,KZT,100,21.3821,0.213821
2016-01-12,KZT,100,21.2064,0.212064
2016-01-13,KZT,100,20.8617,0.208617
2016-01-14,KZT,100,21.0573,0.210573
2016-01-15,KZT,100,21.0315,0.210315
2016-01-16,KZT,100,21.3779,0.213779
2016-01-19,KZT,100,20.8834,0.208834
2016-01-20,KZT,100,21.1793,0.211793
2016-01-21,KZT,100,21.1362,0.211362
2016-01-22,KZT,100,21.7205,0.217205
2016-01-23,KZT,100,20.9958,0.209958
2016-01-26,KZT,100,20.7712,0.207712
2016-01-27,KZT,100,21.5251,0.215251
2016-01-28,KZT,100,20.973,0.20973
2016-01-29,KZT,100,20.865,0.20865
2016-01-30,KZT,100,20.6961,0.206961
2016-02-02,KZT,100,21.1636,0.211636
2016-02-03,KZT,100,21.1414,0.211414
2016-02-04,KZT,100,21.2771,0.212771
2016-02-05,KZT,100,20.9873,0.209873
2016-02-06,KZT,100,21.1835,0.211835
2016-02-09,KZT,100,21.3152,0.213152
2016-02-10,KZT,100,21.8405,0.218405
2016-02-11,KZT,100,21.9733,0.219733
2016-02-12,KZT,100,21.9457,0.219457
2016-02-13,KZT,100,21.5697,0.215697
2016-02-16,KZT,100,21.5993,0.215993
2016-02-17,KZT,100,21.3512,0.213512
2016-02-18,KZT,100,21.7038,0.217038
2016-02-19,KZT,100,21.5577,0.215577
2016-02-20,KZT,100,21.5908,0.215908
2016-02-21,KZT,100,21.8197,0.218197
2016-02-25,KZT,100,21.8972,0.218972
2016-02-26,KZT,100,21.8496,0.218496
2016-02-27,KZT,100,21.4734,0.214734
2016-03-01,KZT,100,21.701,0.21701
2016-03-02,KZT,100,21.2932,0.212932
2016-03-03,KZT,100,21.2619,0.212619
2016-03-04,KZT,100,21.3624,0.213624
2016-03-05,KZT,100,21.2021,0.212021
2016-03-10,KZT,100,20.9823,0.209823
2016-03-11,KZT,100,20.6677,0.206677
2016-03-12,KZT,100,20.438,0.20438
2016-03-15,KZT,100,20.4281,0.204281
2016-03-16,KZT,100,20.5389,0.205389
2016-03-17,KZT,100,20.429,0.20429
2016-03-18,KZT,100,19.7721,0.197721
2016-03-19,KZT,100,19.7867,0.197867
2016-03-22,KZT,100,19.9157,0.199157
2016-03-23,KZT,100,19.6169,0.196169
2016-03-24,KZT,100,19.5777,0.195777
2016-03-25,KZT,100,19.8614,0.198614
2016-03-26,KZT,100,19.9448,0.199448
2016-03-29,KZT,100,19.9004,0.199004
2016-03-30,KZT,100,19.977,0.19977
2016-03-31,KZT,100,19.7297,0.197297
2016-04-01,KZT,100,19.7414,0.197414
2016-04-02,KZT,100,19.5838,0.195838
2016-04-05,KZT,100,19.9556,0.199556
2016-04-06,KZT,100,19.9346,0.199346
2016-04-07,KZT,100,19.8884,0.198884
2016-04-08,KZT,100,19.8295,0.198295
2016-04-09,KZT,100,19.8375,0.198375
2016-04-12,KZT,100,19.9658,0.199658
2016-04-13,KZT,100,19.7589,0.197589
2016-04-14,KZT,100,19.7064,0.197064
2016-04-15,KZT,100,19.8627,0.198627
2016-04-16,KZT,100,19.7651,0.197651
2016-04-19,KZT,100,20.0568,0.200568
2016-04-20,KZT,100,19.5205,0.195205
2016-04-21,KZT,100,19.5539,0.195539
2016-04-22,KZT,100,19.5665,0.195665
2016-04-23,KZT,100,19.7712,0.197712
2016-04-26,KZT,100,19.949,0.19949
2016-04-27,KZT,100,19.9418,0.199418
2016-04-28,KZT,100,19.6926,0.196926
2016-04-29,KZT,100,19.6717,0.196717
2016-04-30,KZT,100,19.6618,0.196618
2016-05-05,KZT,100,19.9259,0.199259
2016-05-06,KZT,100,19.6657,0.196657
2016-05-07,KZT,100,19.7768,0.197768
2016-05-11,KZT,100,19.8586,0.198586
2016-05-12,KZT,100,19.882,0.19882
2016-05-13,KZT,100,19.7101,0.197101
2016-05-14,KZT,100,19.7375,0.197375
2016-05-17,KZT,100,19.8057,0.198057
2016-05-18,KZT,100,19.6542,0.196542
2016-05-19,KZT,100,19.7113,0.197113
2016-05-20,KZT,100,19.7745,0.197745
2016-05-21,KZT,100,19.7882,0.197882
2016-05-24,KZT,100,19.9185,0.199185
2016-05-25,KZT,100,19.9237,0.199237
2016-05-26,KZT,100,19.6087,0.196087
2016-05-27,KZT,100,19.5682,0.195682
2016-05-28,KZT,100,19.6853,0.196853
2016-05-31,KZT,100,19.6367,0.196367
2016-06-01,KZT,100,19.654,0.19654
2016-06-02,KZT,100,19.7661,0.197661
2016-06-03,KZT,100,19.7582,0.197582
2016-06-04,KZT,100,19.798,0.19798
2016-06-07,KZT,100,19.6331,0.196331
2016-06-08,KZT,100,19.5412,0.195412
2016-06-09,KZT,100,19.51,0.1951
2016-06-10,KZT,100,19.2755,0.192755
2016-06-11,KZT,100,19.3227,0.193227
2016-06-15,KZT,100,19.4956,0.194956
2016-06-16,KZT,100,19.4959,0.194959
2016-06-17,KZT,100,19.4734,0.194734
2016-06-18,KZT,100,19.3252,0.193252
2016-06-21,KZT,100,19.1498,0.191498
2016-06-22,KZT,100,19.1251,0.191251
2016-06-23,KZT,100,18.9088,0.189088
2016-06-24,KZT,100,19.1233,0.191233
2016-06-25,KZT,100,19.37,0.1937
2016-06-28,KZT,100,19.2087,0.192087
2016-06-29,KZT,100,19.0956,0.190956
2016-06-30,KZT,100,18.955,0.18955
2016-07-01,KZT,100,18.9448,0.189448
2016-07-02,KZT,100,18.9331,0.189331
2016-07-05,KZT,100,18.8641,0.188641
2016-07-06,KZT,100,19.0637,0.190637
2016-07-07,KZT,100,19.1691,0.191691
2016-07-08,KZT,100,18.9752,0.189752
2016-07-09,KZT,100,18.9917,0.189917
2016-07-12,KZT,100,19.0274,0.190274
2016-07-13,KZT,100,18.8671,0.188671
2016-07-14,KZT,100,18.8513,0.188513
2016-07-15,KZT,100,18.7599,0.187599
2016-07-16,KZT,100,18.6275,0.186275
2016-07-19,KZT,100,18.6006,0.186006
2016-07-20,KZT,100,18.5973,0.185973
2016-07-21,KZT,100,18.6898,0.186898
2016-07-22,KZT,100,18.6206,0.186206
2016-07-23,KZT,100,18.9065,0.189065
2016-07-26,KZT,100,18.8579,0.188579
2016-07-27,KZT,100,18.6501,0.186501
2016-07-28,KZT,100,18.7349,0.187349
2016-07-29,KZT,100,18.7102,0.187102
2016-07-30,KZT,100,19.0273,0.190273
2016-08-02,KZT,100,18.7269,0.187269
2016-08-03,KZT,100,18.8934,0.188934
2016-08-04,KZT,100,18.8428,0.188428
2016-08-05,KZT,100,18.8606,0.188606
2016-08-06,KZT,100,18.7783,0.187783
2016-08-09,KZT,100,18.7025,0.187025
2016-08-10,KZT,100,18.7026,0.187026
2016-08-11,KZT,100,18.7026,0.187026
2016-08-12,KZT,100,18.6962,0.186962
2016-08-13,KZT,100,18.6764,0.186764
2016-08-16,KZT,100,18.6976,0.186976
2016-08-17,KZT,100,18.6073,0.186073
2016-08-18,KZT,100,18.7219,0.187219
2016-08-19,KZT,100,18.7197,0.187197
2016-08-20,KZT,100,18.8708,0.188708
2016-08-23,KZT,100,18.9267,0.189267
2016-08-24,KZT,100,19.0518,0.190518
2016-08-25,KZT,100,19.0995,0.190995
2016-08-26,KZT,100,19.131,0.19131
2016-08-27,KZT,100,19.1055,0.191055
2016-08-30,KZT,100,19.1923,0.191923
2016-08-31,KZT,100,19.1399,0.191399
2016-09-01,KZT,100,19.1699,0.191699
2016-09-02,KZT,100,19.1284,0.191284
2016-09-03,KZT,100,19.253,0.19253
2016-09-06,KZT,100,19.0193,0.190193
2016-09-07,KZT,100,19.0861,0.190861
2016-09-08,KZT,100,19.0958,0.190958
2016-09-09,KZT,100,18.9656,0.189656
2016-09-10,KZT,100,19.0027,0.190027
2016-09-13,KZT,100,19.2555,0.192555
2016-09-14,KZT,100,19.2047,0.192047
2016-09-15,KZT,100,19.1841,0.191841
2016-09-16,KZT,100,19.2004,0.192004
2016-09-17,KZT,100,19.133,0.19133
2016-09-20,KZT,100,19.1243,0.191243
2016-09-21,KZT,100,19.0689,0.190689
2016-09-22,KZT,100,19.018,0.19018
2016-09-23,KZT,100,18.8804,0.188804
2016-09-24,KZT,100,18.9199,0.189199
2016-09-27,KZT,100,18.9668,0.189668
2016-09-28,KZT,100,18.9025,0.189025
2016-09-29,KZT,100,18.9582,0.189582
2016-09-30,KZT,100,18.8585,0.188585
2016-10-01,KZT,100,18.8946,0.188946
2016-10-04,KZT,100,18.6793,0.186793
2016-10-05,KZT,100,18.6982,0.186982
2016-10-06,KZT,100,18.7887,0.187887
2016-10-07,KZT,100,18.745,0.18745
2016-10-08,KZT,100,18.8037,0.188037
2016-10-11,KZT,100,18.7719,0.187719
2016-10-12,KZT,100,18.8269,0.188269
2016-10-13,KZT,100,18.9128,0.189128
2016-10-14,KZT,100,19.0984,0.190984
2016-10-15,KZT,100,19.0356,0.190356
2016-10-18,KZT,100,19.0079,0.190079
2016-10-19,KZT,100,18.9328,0.189328
2016-10-20,KZT,100,18.8572,0.188572
2016-10-21,KZT,100,18.8604,0.188604
2016-10-22,KZT,100,18.8414,0.188414
2016-10-25,KZT,100,18.8691,0.188691
2016-10-26,KZT,100,18.7933,0.187933
2016-10-27,KZT,100,18.7911,0.187911
2016-10-28,KZT,100,18.9309,0.189309
2016-10-29,KZT,100,18.8416,0.188416
2016-11-01,KZT,100,18.8664,0.188664
2016-11-02,KZT,100,18.803,0.18803
2016-11-03,KZT,100,18.764,0.18764
2016-11-04,KZT,100,18.7633,0.187633
2016-11-08,KZT,100,18.7883,0.187883
2016-11-09,KZT,100,18.7471,0.187471
2016-11-10,KZT,100,18.7262,0.187262
2016-11-11,KZT,100,18.8109,0.188109
2016-11-12,KZT,100,19.0882,0.190882
2016-11-15,KZT,100,19.1473,0.191473
2016-11-16,KZT,100,19.0478,0.190478
2016-11-17,KZT,100,18.9197,0.189197
2016-11-18,KZT,100,18.9917,0.189917
2016-11-19,KZT,100,19.0916,0.190916
2016-11-22,KZT,100,18.9905,0.189905
2016-11-23,KZT,100,18.9209,0.189209
2016-11-24,KZT,100,19.1131,0.191131
2016-11-25,KZT,100,19.2291,0.192291
2016-11-26,KZT,100,19.1094,0.191094
2016-11-29,KZT,100,19.0594,0.190594
2016-11-30,KZT,100,19.0709,0.190709
2016-12-01,KZT,100,19.092,0.19092
2016-12-02,KZT,100,18.7464,0.187464
2016-12-03,KZT,100,19.028,0.19028
2016-12-06,KZT,100,19.1018,0.191018
2016-12-07,KZT,100,19.0356,0.190356
2016-12-08,KZT,100,19.0023,0.190023
2016-12-09,KZT,100,18.9063,0.189063
2016-12-10,KZT,100,18.9255,0.189255
2016-12-13,KZT,100,18.639,0.18639
2016-12-14,KZT,100,18.4318,0.184318
2016-12-15,KZT,100,18.3027,0.183027
2016-12-16,KZT,100,18.3993,0.183993
2016-12-17,KZT,100,18.4253,0.184253
2016-12-20,KZT,100,18.4377,0.184377
2016-12-21,KZT,100,18.4443,0.184443
2016-12-22,KZT,100,18.3492,0.183492
2016-12-23,KZT,100,18.327,0.18327
2016-12-24,KZT,100,18.4182,0.184182
2016-12-27,KZT,100,18.2991,0.182991
2016-12-28,KZT,100,18.2367,0.182367
2016-12-29,KZT,100,18.17,0.1817
2016-12-30,KZT,100,18.0753,0.180753
2016-12-31,KZT,100,18.1637,0.181637
2017-01-10,KZT,100,18.0764,0.180764
2017-01-11,KZT,100,18.0021,0.180021
2017-01-12,KZT,100,18.0051,0.180051
2017-01-13,KZT,100,17.9083,0.179083
2017-01-14,KZT,100,17.8718,0.178718
2017-01-17,KZT,100,17.868,0.17868
2017-01-18,KZT,100,17.8713,0.178713
2017-01-19,KZT,100,17.899,0.17899
2017-01-20,KZT,100,17.9284,0.179284
2017-01-21,KZT,100,17.962,0.17962
2017-01-24,KZT,100,17.9695,0.179695
2017-01-25,KZT,100,18.007,0.18007
2017-01-26,KZT,100,18.0332,0.180332
2017-01-27,KZT,100,18.1572,0.181572
2017-01-28,KZT,100,18.3434,0.183434
2017-01-31,KZT,100,18.415,0.18415
2017-02-01,KZT,100,18.5743,0.185743
2017-02-02,KZT,100,18.5838,0.185838
2017-02-03,KZT,100,18.4532,0.184532
2017-02-04,KZT,100,18.335,0.18335
2017-02-07,KZT,100,18.2401,0.182401
2017-02-08,KZT,100,18.2992,0.182992
2017-02-09,KZT,100,18.3286,0.183286
2017-02-10,KZT,100,18.1986,0.181986
2017-02-11,KZT,100,18.2083,0.182083
2017-02-14,KZT,100,18.0412,0.180412
2017-02-15,KZT,100,17.9077,0.179077
2017-02-16,KZT,100,17.7618,0.177618
2017-02-17,KZT,100,17.9108,0.179108
2017-02-18,KZT,100,18.1032,0.181032
2017-02-21,KZT,100,18.1964,0.181964
2017-02-22,KZT,100,18.2546,0.182546
2017-02-23,KZT,100,18.368,0.18368
2017-02-28,KZT,100,18.5236,0.185236
2017-03-01,KZT,100,18.5377,0.185377
2017-03-02,KZT,100,18.5925,0.185925
2017-03-03,KZT,100,18.5168,0.185168
2017-03-04,KZT,100,18.552,0.18552
2017-03-07,KZT,100,18.4421,0.184421
2017-03-08,KZT,100,18.5044,0.185044
2017-03-10,KZT,100,18.5493,0.185493
2017-03-11,KZT,100,18.6485,0.186485
2017-03-14,KZT,100,18.6136,0.186136
2017-03-15,KZT,100,18.5224,0.185224
2017-03-16,KZT,100,18.5394,0.185394
2017-03-17,KZT,100,18.3517,0.183517
2017-03-18,KZT,100,18.3773,0.183773
2017-03-21,KZT,100,18.1493,0.181493
2017-03-22,KZT,100,18.1327,0.181327
2017-03-23,KZT,100,18.2606,0.182606
2017-03-24,KZT,100,18.2248,0.182248
2017-03-25,KZT,100,18.1334,0.181334
2017-03-28,KZT,100,18.0154,0.180154
2017-03-29,KZT,100,18.0771,0.180771
2017-03-30,KZT,100,18.0957,0.180957
2017-03-31,KZT,100,17.91,0.1791
2017-04-01,KZT,100,17.8432,0.178432
2017-04-04,KZT,100,17.8968,0.178968
2017-04-05,KZT,100,18.0905,0.180905
2017-04-06,KZT,100,17.9168,0.179168
2017-04-07,KZT,100,18.0526,0.180526
2017-04-08,KZT,100,18.1572,0.181572
2017-04-11,KZT,100,18.3808,0.183808
2017-04-12,KZT,100,18.293,0.18293
2017-04-13,KZT,100,18.1979,0.181979
2017-04-14,KZT,100,18.1597,0.181597
2017-04-15,KZT,100,18.1128,0.181128
2017-04-18,KZT,100,18.0977,0.180977
2017-04-19,KZT,100,18.0064,0.180064
2017-04-20,KZT,100,18.037,0.18037
2017-04-21,KZT,100,18.0559,0.180559
2017-04-22,KZT,100,17.9654,0.179654
2017-04-25,KZT,100,17.9773,0.179773
2017-04-26,KZT,100,17.8897,0.178897
2017-04-27,KZT,100,18.0159,0.180159
2017-04-28,KZT,100,18.1412,0.181412
2017-04-29,KZT,100,18.1226,0.181226
2017-05-03,KZT,100,18.0573,0.180573
2017-05-04,KZT,100,18.0911,0.180911
2017-05-05,KZT,100,18.2228,0.182228
2017-05-06,KZT,100,18.4053,0.184053
2017-05-11,KZT,100,18.2448,0.182448
2017-05-12,KZT,100,18.0959,0.180959
2017-05-13,KZT,100,18.1028,0.181028
2017-05-16,KZT,100,18.0591,0.180591
2017-05-17,KZT,100,18.0316,0.180316
2017-05-18,KZT,100,18.0992,0.180992
2017-05-19,KZT,100,18.3227,0.183227
2017-05-20,KZT,100,18.308,0.18308
2017-05-23,KZT,100,18.1902,0.181902
2017-05-24,KZT,100,18.1246,0.181246
2017-05-25,KZT,100,18.0871,0.180871
2017-05-26,KZT,100,18.0507,0.180507
2017-05-27,KZT,100,18.2275,0.182275
2017-05-30,KZT,100,18.2566,0.182566
2017-05-31,KZT,100,18.158,0.18158
2017-06-01,KZT,100,18.1531,0.181531
2017-06-02,KZT,100,18.1047,0.181047
2017-06-03,KZT,100,18.0594,0.180594
2017-06-06,KZT,100,18.1027,0.181027
2017-06-07,KZT,100,18.1069,0.181069
2017-06-08,KZT,100,18.0916,0.180916
2017-06-09,KZT,100,18.1321,0.181321
2017-06-10,KZT,100,18.0626,0.180626
2017-06-14,KZT,100,18.0105,0.180105
2017-06-15,KZT,100,18.0145,0.180145
2017-06-16,KZT,100,18.0746,0.180746
2017-06-17,KZT,100,18.0279,0.180279
2017-06-20,KZT,100,18.1007,0.181007
2017-06-21,KZT,100,18.1774,0.181774
2017-06-22,KZT,100,18.3523,0.183523
2017-06-23,KZT,100,18.3471,0.183471
2017-06-24,KZT,100,18.2947,0.182947
2017-06-27,KZT,100,18.1887,0.181887
2017-06-28,KZT,100,18.2604,0.182604
2017-06-29,KZT,100,18.4142,0.184142
2017-06-30,KZT,100,18.3752,0.183752
2017-07-01,KZT,100,18.3719,0.183719
2017-07-04,KZT,100,18.4173,0.184173
2017-07-05,KZT,100,18.3637,0.183637
2017-07-06,KZT,100,18.3667,0.183667
2017-07-07,KZT,100,18.5599,0.185599
2017-07-08,KZT,100,18.602,0.18602
2017-07-11,KZT,100,18.4611,0.184611
2017-07-12,KZT,100,18.5417,0.185417
2017-07-13,KZT,100,18.4488,0.184488
2017-07-14,KZT,100,18.3523,0.183523
2017-07-15,KZT,100,18.2543,0.182543
2017-07-18,KZT,100,18.1191,0.181191
2017-07-19,KZT,100,18.2099,0.182099
2017-07-20,KZT,100,18.162,0.18162
2017-07-21,KZT,100,18.1365,0.181365
2017-07-22,KZT,100,18.1244,0.181244
2017-07-25,KZT,100,18.2335,0.182335
2017-07-26,KZT,100,18.2884,0.182884
2017-07-27,KZT,100,18.3265,0.183265
2017-07-28,KZT,100,18.2248,0.182248
2017-07-29,KZT,100,18.2127,0.182127
2017-08-01,KZT,100,18.2184,0.182184
2017-08-02,KZT,100,18.1212,0.181212
2017-08-03,KZT,100,18.0092,0.180092
2017-08-04,KZT,100,18.0751,0.180751
2017-08-05,KZT,100,18.1397,0.181397
2017-08-08,KZT,100,18.0968,0.180968
2017-08-09,KZT,100,18.0479,0.180479
2017-08-10,KZT,100,18.018,0.18018
2017-08-11,KZT,100,18.0324,0.180324
2017-08-12,KZT,100,18.0526,0.180526
2017-08-15,KZT,100,17.9784,0.179784
2017-08-16,KZT,100,17.9914,0.179914
2017-08-17,KZT,100,17.9224,0.179224
2017-08-18,KZT,100,17.8067,0.178067
2017-08-19,KZT,100,17.8294,0.178294
2017-08-22,KZT,100,17.7662,0.177662
2017-08-23,KZT,100,17.7328,0.177328
2017-08-24,KZT,100,17.7337,0.177337
2017-08-25,KZT,100,17.8295,0.178295
2017-08-26,KZT,100,17.7813,0.177813
2017-08-29,KZT,100,17.5306,0.175306
2017-08-30,KZT,100,17.46,0.1746
2017-08-31,KZT,100,17.5135,0.175135
2017-09-01,KZT,100,17.3291,0.173291
2017-09-02,KZT,100,17.1755,0.171755
2017-09-05,KZT,100,17.0722,0.170722
2017-09-06,KZT,100,16.9843,0.169843
2017-09-07,KZT,100,16.7981,0.167981
2017-09-08,KZT,100,17.0451,0.170451
2017-09-09,KZT,100,17.0142,0.170142
2017-09-12,KZT,100,16.963,0.16963
2017-09-13,KZT,100,16.8565,0.168565
2017-09-14,KZT,100,17.0517,0.170517
2017-09-15,KZT,100,17.073,0.17073
2017-09-16,KZT,100,16.9571,0.169571
2017-09-19,KZT,100,16.9416,0.169416
2017-09-20,KZT,100,17.0367,0.170367
2017-09-21,KZT,100,17.0115,0.170115
2017-09-22,KZT,100,17.0971,0.170971
2017-09-23,KZT,100,16.9345,0.169345
2017-09-26,KZT,100,16.8605,0.168605
2017-09-27,KZT,100,16.92,0.1692
2017-09-28,KZT,100,17.0673,0.170673
2017-09-29,KZT,100,17.1499,0.171499
2017-09-30,KZT,100,17.0075,0.170075
2017-10-03,KZT,100,16.9382,0.169382
2017-10-04,KZT,100,16.9262,0.169262
2017-10-05,KZT,100,16.7996,0.167996
2017-10-06,KZT,100,16.6873,0.166873
2017-10-07,KZT,100,16.8167,0.168167
2017-10-10,KZT,100,17.0797,0.170797
2017-10-11,KZT,100,17.2168,0.172168
2017-10-12,KZT,100,17.269,0.17269
2017-10-13,KZT,100,17.2558,0.172558
2017-10-14,KZT,100,17.2398,0.172398
2017-10-17,KZT,100,17.1365,0.171365
2017-10-18,KZT,100,17.1883,0.171883
2017-10-19,KZT,100,17.1651,0.171651
2017-10-20,KZT,100,17.2241,0.172241
2017-10-21,KZT,100,17.1459,0.171459
2017-10-24,KZT,100,17.0977,0.170977
2017-10-25,KZT,100,17.2078,0.172078
2017-10-26,KZT,100,17.2714,0.172714
2017-10-27,KZT,100,17.2986,0.172986
2017-10-28,KZT,100,17.3593,0.173593
2017-10-31,KZT,100,17.3656,0.173656
2017-11-01,KZT,100,17.3639,0.173639
2017-11-02,KZT,100,17.3506,0.173506
2017-11-03,KZT,100,17.3433,0.173433
2017-11-04,KZT,100,17.486,0.17486
2017-11-08,KZT,100,17.5466,0.175466
2017-11-09,KZT,100,17.7762,0.177762
2017-11-10,KZT,100,17.7976,0.177976
2017-11-11,KZT,100,17.831,0.17831
2017-11-14,KZT,100,17.7965,0.177965
2017-11-15,KZT,100,17.9213,0.179213
2017-11-16,KZT,100,18.1039,0.181039
2017-11-17,KZT,100,18.0543,0.180543
2017-11-18,KZT,100,17.9505,0.179505
2017-11-21,KZT,100,17.9259,0.179259
2017-11-22,KZT,100,17.9979,0.179979
2017-11-23,KZT,100,17.8698,0.178698
2017-11-24,KZT,100,17.7139,0.177139
2017-11-25,KZT,100,17.7114,0.177114
2017-11-28,KZT,100,17.6038,0.176038
2017-11-29,KZT,100,17.618,0.17618
2017-11-30,KZT,100,17.612,0.17612
2017-12-01,KZT,100,17.6847,0.176847
2017-12-02,KZT,100,17.6645,0.176645
2017-12-05,KZT,100,17.7129,0.177129
2017-12-06,KZT,100,17.6201,0.176201
2017-12-07,KZT,100,17.6669,0.176669
2017-12-08,KZT,100,17.7102,0.177102
2017-12-09,KZT,100,17.725,0.17725
2017-12-12,KZT,100,17.6725,0.176725
2017-12-13,KZT,100,17.5656,0.175656
2017-12-14,KZT,100,17.6298,0.176298
2017-12-15,KZT,100,17.5264,0.175264
2017-12-16,KZT,100,17.5647,0.175647
2017-12-19,KZT,100,17.4869,0.174869
2017-12-20,KZT,100,17.4624,0.174624
2017-12-21,KZT,100,17.4943,0.174943
2017-12-22,KZT,100,17.5473,0.175473
2017-12-23,KZT,100,17.5389,0.175389
2017-12-26,KZT,100,17.4601,0.174601
2017-12-27,KZT,100,17.3768,0.173768
2017-12-28,KZT,100,17.3254,0.173254
2017-12-29,KZT,100,17.3621,0.173621
2017-12-30,KZT,100,17.3184,0.173184
2018-01-10,KZT,100,17.2671,0.172671
2018-01-11,KZT,100,17.2187,0.172187
2018-01-12,KZT,100,17.2479,0.172479
2018-01-13,KZT,100,17.1737,0.171737
2018-01-16,KZT,100,17.0983,0.170983
2018-01-17,KZT,100,17.2098,0.172098
2018-01-18,KZT,100,17.3233,0.173233
2018-01-19,KZT,100,17.475,0.17475
2018-01-20,KZT,100,17.4362,0.174362
2018-01-23,KZT,100,17.4705,0.174705
2018-01-24,KZT,100,17.4654,0.174654
2018-01-25,KZT,100,17.5877,0.175877
2018-01-26,KZT,100,17.4799,0.174799
2018-01-27,KZT,100,17.4193,0.174193
2018-01-30,KZT,100,17.4626,0.174626
2018-01-31,KZT,100,17.4425,0.174425
2018-02-01,KZT,100,17.416,0.17416
2018-02-02,KZT,100,17.4337,0.174337
2018-02-03,KZT,100,17.4161,0.174161
2018-02-06,KZT,100,17.5767,0.175767
2018-02-07,KZT,100,17.644,0.17644
2018-02-08,KZT,100,17.5809,0.175809
2018-02-09,KZT,100,17.7019,0.177019
2018-02-10,KZT,100,17.7651,0.177651
2018-02-13,KZT,100,17.768,0.17768
2018-02-14,KZT,100,17.8799,0.178799
2018-02-15,KZT,100,17.851,0.17851
2018-02-16,KZT,100,17.6789,0.176789
2018-02-17,KZT,100,17.632,0.17632
2018-02-20,KZT,100,17.6444,0.176444
2018-02-21,KZT,100,17.688,0.17688
2018-02-22,KZT,100,17.7292,0.177292
2018-02-23,KZT,100,17.7488,0.177488
2018-02-27,KZT,100,17.5256,0.175256
2018-02-28,KZT,100,17.455,0.17455
2018-03-01,KZT,100,17.5963,0.175963
2018-03-02,KZT,100,17.5474,0.175474
2018-03-03,KZT,100,17.5842,0.175842
2018-03-06,KZT,100,17.7757,0.177757
2018-03-07,KZT,100,17.6951,0.176951
2018-03-08,KZT,100,17.7515,0.177515
2018-03-13,KZT,100,17.6464,0.176464
2018-03-14,KZT,100,17.7059,0.177059
2018-03-15,KZT,100,17.6843,0.176843
2018-03-16,KZT,100,17.7107,0.177107
2018-03-17,KZT,100,17.818,0.17818
2018-03-20,KZT,100,17.9685,0.179685
2018-03-21,KZT,100,17.9901,0.179901
2018-03-22,KZT,100,17.9197,0.179197
2018-03-23,KZT,100,17.7152,0.177152
2018-03-24,KZT,100,17.7987,0.177987
2018-03-27,KZT,100,17.8447,0.178447
2018-03-28,KZT,100,17.9358,0.179358
2018-03-29,KZT,100,18.0297,0.180297
2018-03-30,KZT,100,18.1102,0.181102
2018-03-31,KZT,100,17.9829,0.179829
2018-04-03,KZT,100,17.9372,0.179372
2018-04-04,KZT,100,17.9589,0.179589
2018-04-05,KZT,100,18.0512,0.180512
2018-04-06,KZT,100,18.0147,0.180147
2018-04-07,KZT,100,18.0963,0.180963
2018-04-10,KZT,100,18.2722,0.182722
2018-04-11,KZT,100,19.0646,0.190646
2018-04-12,KZT,100,19.3458,0.193458
2018-04-13,KZT,100,18.8527,0.188527
2018-04-14,KZT,100,18.7949,0.187949
2018-04-17,KZT,100,18.884,0.18884
2018-04-18,KZT,100,18.6277,0.186277
2018-04-19,KZT,100,18.7865,0.187865
2018-04-20,KZT,100,18.6957,0.186957
2018-04-21,KZT,100,18.8004,0.188004
2018-04-24,KZT,100,18.8773,0.188773
2018-04-25,KZT,100,18.9259,0.189259
2018-04-26,KZT,100,18.9128,0.189128
2018-04-27,KZT,100,19.0629,0.190629
2018-04-28,KZT,100,19.1404,0.191404
2018-04-29,KZT,100,18.9546,0.189546
2018-05-04,KZT,100,19.2382,0.192382
2018-05-05,KZT,100,19.213,0.19213
2018-05-08,KZT,100,19.0278,0.190278
2018-05-09,KZT,100,19.1164,0.191164
2018-05-11,KZT,100,19.1228,0.191228
2018-05-12,KZT,100,18.9056,0.189056
2018-05-15,KZT,100,18.8333,0.188333
2018-05-16,KZT,100,18.8715,0.188715
2018-05-17,KZT,100,18.926,0.18926
2018-05-18,KZT,100,18.8564,0.188564
2018-05-19,KZT,100,18.8404,0.188404
2018-05-22,KZT,100,18.9939,0.189939
2018-05-23,KZT,100,18.7145,0.187145
2018-05-24,KZT,100,18.8613,0.188613
2018-05-25,KZT,100,18.8403,0.188403
2018-05-26,KZT,100,18.8121,0.188121
2018-05-29,KZT,100,18.8726,0.188726
2018-05-30,KZT,100,18.9793,0.189793
2018-05-31,KZT,100,18.9531,0.189531
2018-06-01,KZT,100,18.8281,0.188281
2018-06-02,KZT,100,18.806,0.18806
2018-06-05,KZT,100,18.7349,0.187349
2018-06-06,KZT,100,18.7057,0.187057
2018-06-07,KZT,100,18.6879,0.186879
2018-06-08,KZT,100,18.5431,0.185431
2018-06-09,KZT,100,18.7539,0.187539
2018-06-10,KZT,100,18.6413,0.186413
2018-06-14,KZT,100,18.7816,0.187816
2018-06-15,KZT,100,18.5354,0.185354
2018-06-16,KZT,100,18.6286,0.186286
2018-06-19,KZT,100,18.7047,0.187047
2018-06-20,KZT,100,18.8173,0.188173
2018-06-21,KZT,100,18.6365,0.186365
2018-06-22,KZT,100,18.6917,0.186917
2018-06-23,KZT,100,18.5742,0.185742
2018-06-26,KZT,100,18.5659,0.185659
2018-06-27,KZT,100,18.5248,0.185248
2018-06-28,KZT,100,18.531,0.18531
2018-06-29,KZT,100,18.5194,0.185194
2018-06-30,KZT,100,18.3843,0.183843
2018-07-03,KZT,100,18.4667,0.184667
2018-07-04,KZT,100,18.4469,0.184469
2018-07-05,KZT,100,18.4248,0.184248
2018-07-06,KZT,100,18.4167,0.184167
2018-07-07,KZT,100,18.3602,0.183602
2018-07-10,KZT,100,18.2925,0.182925
2018-07-11,KZT,100,18.1971,0.181971
2018-07-12,KZT,100,18.0822,0.180822
2018-07-13,KZT,100,18.0533,0.180533
2018-07-14,KZT,100,18.1141,0.181141
2018-07-17,KZT,100,18.1797,0.181797
2018-07-18,KZT,100,18.1934,0.181934
2018-07-19,KZT,100,18.2284,0.182284
2018-07-20,KZT,100,18.3049,0.183049
2018-07-21,KZT,100,18.3126,0.183126
2018-07-24,KZT,100,18.2861,0.182861
2018-07-25,KZT,100,18.2435,0.182435
2018-07-26,KZT,100,18.218,0.18218
2018-07-27,KZT,100,18.1865,0.181865
2018-07-28,KZT,100,18.1681,0.181681
2018-07-31,KZT,100,18.0997,0.180997
2018-08-01,KZT,100,17.9576,0.179576
2018-08-02,KZT,100,17.9504,0.179504
2018-08-03,KZT,100,18.0486,0.180486
2018-08-04,KZT,100,18.1398,0.181398
2018-08-07,KZT,100,18.204,0.18204
2018-08-08,KZT,100,18.2013,0.182013
2018-08-09,KZT,100,18.2346,0.182346
2018-08-10,KZT,100,18.6214,0.186214
2018-08-11,KZT,100,18.7277,0.187277
2018-08-14,KZT,100,18.7674,0.187674
2018-08-15,KZT,100,18.4239,0.184239
2018-08-16,KZT,100,18.3835,0.183835
2018-08-17,KZT,100,18.5392,0.185392
2018-08-18,KZT,100,18.5647,0.185647
2018-08-21,KZT,100,18.6029,0.186029
2018-08-22,KZT,100,18.5971,0.185971
2018-08-23,KZT,100,18.6384,0.186384
2018-08-24,KZT,100,18.9178,0.189178
2018-08-25,KZT,100,18.798,0.18798
2018-08-28,KZT,100,18.6394,0.186394
2018-08-29,KZT,100,18.6405,0.186405
2018-08-30,KZT,100,18.7428,0.187428
2018-08-31,KZT,100,18.7229,0.187229
2018-09-01,KZT,100,18.7126,0.187126
2018-09-04,KZT,100,18.523,0.18523
2018-09-05,KZT,100,18.5536,0.185536
2018-09-06,KZT,100,18.4596,0.184596
2018-09-07,KZT,100,18.3061,0.183061
2018-09-08,KZT,100,18.3694,0.183694
2018-09-11,KZT,100,18.4481,0.184481
2018-09-12,KZT,100,18.408,0.18408
2018-09-13,KZT,100,18.424,0.18424
2018-09-14,KZT,100,18.3066,0.183066
2018-09-15,KZT,100,18.2632,0.182632
2018-09-18,KZT,100,18.3381,0.183381
2018-09-19,KZT,100,18.3844,0.183844
2018-09-20,KZT,100,18.571,0.18571
2018-09-21,KZT,100,18.5742,0.185742
2018-09-22,KZT,100,18.74,0.1874
2018-09-25,KZT,100,18.5359,0.185359
2018-09-26,KZT,100,18.4137,0.184137
2018-09-27,KZT,100,18.2597,0.182597
2018-09-28,KZT,100,18.2027,0.182027
2018-09-29,KZT,100,18.0626,0.180626
2018-10-02,KZT,100,18.016,0.18016
2018-10-03,KZT,100,18.0182,0.180182
2018-10-04,KZT,100,17.9772,0.179772
2018-10-05,KZT,100,18.0079,0.180079
2018-10-06,KZT,100,17.8395,0.178395
2018-10-09,KZT,100,17.9213,0.179213
2018-10-10,KZT,100,17.8273,0.178273
2018-10-11,KZT,100,17.9368,0.179368
2018-10-12,KZT,100,17.9917,0.179917
2018-10-13,KZT,100,17.7984,0.177984
2018-10-16,KZT,100,17.8003,0.178003
2018-10-17,KZT,100,17.8957,0.178957
2018-10-18,KZT,100,18.0182,0.180182
2018-10-19,KZT,100,18.0297,0.180297
2018-10-20,KZT,100,17.9437,0.179437
2018-10-23,KZT,100,17.8981,0.178981
2018-10-24,KZT,100,18.035,0.18035
2018-10-25,KZT,100,17.8838,0.178838
2018-10-26,KZT,100,17.8745,0.178745
2018-10-27,KZT,100,17.805,0.17805
2018-10-30,KZT,100,17.864,0.17864
2018-10-31,KZT,100,17.8332,0.178332
2018-11-01,KZT,100,17.7753,0.177753
2018-11-02,KZT,100,17.7207,0.177207
2018-11-03,KZT,100,17.687,0.17687
2018-11-07,KZT,100,17.8316,0.178316
2018-11-08,KZT,100,17.7963,0.177963
2018-11-09,KZT,100,17.8392,0.178392
2018-11-10,KZT,100,17.9544,0.179544
2018-11-13,KZT,100,18.0458,0.180458
2018-11-14,KZT,100,18.0782,0.180782
2018-11-15,KZT,100,18.0926,0.180926
2018-11-16,KZT,100,18.0933,0.180933
2018-11-17,KZT,100,17.9388,0.179388
2018-11-20,KZT,100,17.9673,0.179673
2018-11-21,KZT,100,17.9283,0.179283
2018-11-22,KZT,100,17.9169,0.179169
2018-11-23,KZT,100,17.8629,0.178629
2018-11-24,KZT,100,17.9647,0.179647
2018-11-27,KZT,100,17.9033,0.179033
2018-11-28,KZT,100,17.9357,0.179357
2018-11-29,KZT,100,17.9531,0.179531
2018-11-30,KZT,100,17.9811,0.179811
2018-12-01,KZT,100,17.8169,0.178169
2018-12-04,KZT,100,17.7546,0.177546
2018-12-05,KZT,100,17.8967,0.178967
2018-12-06,KZT,100,18.0032,0.180032
2018-12-07,KZT,100,18.0017,0.180017
2018-12-08,KZT,100,18.0516,0.180516
2018-12-11,KZT,100,17.9162,0.179162
2018-12-12,KZT,100,17.9358,0.179358
2018-12-13,KZT,100,17.9433,0.179433
2018-12-14,KZT,100,17.9029,0.179029
2018-12-15,KZT,100,17.8883,0.178883
2018-12-18,KZT,100,17.9581,0.179581
2018-12-19,KZT,100,17.9916,0.179916
2018-12-20,KZT,100,18.0201,0.180201
2018-12-21,KZT,100,18.175,0.18175
2018-12-22,KZT,100,18.3371,0.183371
2018-12-25,KZT,100,18.4247,0.184247
2018-12-26,KZT,100,18.4907,0.184907
2018-12-27,KZT,100,18.3854,0.183854
2018-12-28,KZT,100,18.2657,0.182657
2018-12-29,KZT,100,18.2242,0.182242
2018-12-30,KZT,100,18.057,0.18057
2019-01-10,KZT,100,17.8579,0.178579
2019-01-11,KZT,100,17.8209,0.178209
2019-01-12,KZT,100,17.7885,0.177885
2019-01-15,KZT,100,17.7391,0.177391
2019-01-16,KZT,100,17.7522,0.177522
2019-01-17,KZT,100,17.6768,0.176768
2019-01-18,KZT,100,17.6019,0.176019
2019-01-19,KZT,100,17.4794,0.174794
2019-01-22,KZT,100,17.5203,0.175203
2019-01-23,KZT,100,17.5626,0.175626
2019-01-24,KZT,100,17.5166,0.175166
2019-01-25,KZT,100,17.4802,0.174802
2019-01-26,KZT,100,17.3979,0.173979
2019-01-29,KZT,100,17.3715,0.173715
2019-01-30,KZT,100,17.4224,0.174224
2019-01-31,KZT,100,17.3405,0.173405
2019-02-01,KZT,100,17.1867,0.171867
2019-02-02,KZT,100,17.1804,0.171804
2019-02-05,KZT,100,17.1835,0.171835
2019-02-06,KZT,100,17.3243,0.173243
2019-02-07,KZT,100,17.4058,0.174058
2019-02-08,KZT,100,17.4434,0.174434
2019-02-09,KZT,100,17.4917,0.174917
2019-02-12,KZT,100,17.4917,0.174917
2019-02-13,KZT,100,17.5623,0.175623
2019-02-14,KZT,100,17.5339,0.175339
2019-02-15,KZT,100,17.6329,0.176329
2019-02-16,KZT,100,17.6523,0.176523
2019-02-19,KZT,100,17.5801,0.175801
2019-02-20,KZT,100,17.5472,0.175472
2019-02-21,KZT,100,17.5067,0.175067
2019-02-22,KZT,100,17.4235,0.174235
2019-02-23,KZT,100,17.3858,0.173858
2019-02-26,KZT,100,17.3568,0.173568
2019-02-27,KZT,100,17.3465,0.173465
2019-02-28,KZT,100,17.4616,0.174616
2019-03-01,KZT,100,17.5738,0.175738
2019-03-02,KZT,100,17.4398,0.174398
2019-03-05,KZT,100,17.451,0.17451
2019-03-06,KZT,100,17.4292,0.174292
2019-03-07,KZT,100,17.4174,0.174174
2019-03-08,KZT,100,17.3829,0.173829
2019-03-12,KZT,100,17.4353,0.174353
2019-03-13,KZT,100,17.3997,0.173997
2019-03-14,KZT,100,17.3548,0.173548
2019-03-15,KZT,100,17.3329,0.173329
2019-03-16,KZT,100,17.2485,0.172485
2019-03-19,KZT,100,17.1865,0.171865
2019-03-20,KZT,100,17.0905,0.170905
2019-03-21,KZT,100,16.9744,0.169744
2019-03-22,KZT,100,16.846,0.16846
2019-03-23,KZT,100,16.8536,0.168536
2019-03-26,KZT,100,17.0462,0.170462
2019-03-27,KZT,100,16.9587,0.169587
2019-03-28,KZT,100,17.0528,0.170528
2019-03-29,KZT,100,16.9823,0.169823
2019-03-30,KZT,100,17.0498,0.170498
2019-04-02,KZT,100,17.2183,0.172183
2019-04-03,KZT,100,17.2396,0.172396
2019-04-04,KZT,100,17.1846,0.171846
2019-04-05,KZT,100,17.2721,0.172721
2019-04-06,KZT,100,17.2088,0.172088
2019-04-09,KZT,100,17.1666,0.171666
2019-04-10,KZT,100,17.0442,0.170442
2019-04-11,KZT,100,17.0797,0.170797
2019-04-12,KZT,100,17.0287,0.170287
2019-04-13,KZT,100,16.9903,0.169903
2019-04-16,KZT,100,16.9213,0.169213
2019-04-17,KZT,100,16.9067,0.169067
2019-04-18,KZT,100,16.8596,0.168596
2019-04-19,KZT,100,16.8878,0.168878
2019-04-20,KZT,100,16.868,0.16868
2019-04-23,KZT,100,16.9014,0.169014
2019-04-24,KZT,100,16.8924,0.168924
2019-04-25,KZT,100,16.8799,0.168799
2019-04-26,KZT,100,17.0151,0.170151
2019-04-27,KZT,100,16.9752,0.169752
2019-04-30,KZT,100,16.9361,0.169361
2019-05-01,KZT,100,16.9558,0.169558
2019-05-07,KZT,100,17.1722,0.171722
2019-05-08,KZT,100,17.1217,0.171217
2019-05-09,KZT,100,17.1465,0.171465
2019-05-14,KZT,100,17.2438,0.172438
2019-05-15,KZT,100,17.1899,0.171899
2019-05-16,KZT,100,17.0666,0.170666
2019-05-17,KZT,100,17.0408,0.170408
2019-05-18,KZT,100,17.0321,0.170321
2019-05-21,KZT,100,17.0214,0.170214
2019-05-22,KZT,100,17.0296,0.170296
2019-05-23,KZT,100,16.9884,0.169884
2019-05-24,KZT,100,17.0601,0.170601
2019-05-25,KZT,100,17.033,0.17033
2019-05-28,KZT,100,16.963,0.16963
2019-05-29,KZT,100,16.9564,0.169564
2019-05-30,KZT,100,16.9975,0.169975
2019-05-31,KZT,100,17.0544,0.170544
2019-06-01,KZT,100,17.0928,0.170928
2019-06-04,KZT,100,17.0682,0.170682
2019-06-05,KZT,100,16.9614,0.169614
2019-06-06,KZT,100,16.9387,0.169387
2019-06-07,KZT,100,16.9562,0.169562
2019-06-08,KZT,100,16.9564,0.169564
2019-06-11,KZT,100,16.9004,0.169004
2019-06-12,KZT,100,16.7955,0.167955
2019-06-14,KZT,100,16.8171,0.168171
2019-06-15,KZT,100,16.7741,0.167741
2019-06-18,KZT,100,16.766,0.16766
2019-06-19,KZT,100,16.7529,0.167529
2019-06-20,KZT,100,16.7477,0.167477
2019-06-21,KZT,100,16.6777,0.166777
2019-06-22,KZT,100,16.6736,0.166736
2019-06-25,KZT,100,16.6372,0.166372
2019-06-26,KZT,100,16.5097,0.165097
2019-06-27,KZT,100,16.5691,0.165691
2019-06-28,KZT,100,16.568,0.16568
2019-06-29,KZT,100,16.5759,0.165759
2019-07-02,KZT,100,16.5485,0.165485
2019-07-03,KZT,100,16.5417,0.165417
2019-07-04,KZT,100,16.5191,0.165191
2019-07-05,KZT,100,16.5485,0.165485
2019-07-06,KZT,100,16.5487,0.165487
2019-07-09,KZT,100,16.623,0.16623
2019-07-10,KZT,100,16.568,0.16568
2019-07-11,KZT,100,16.5959,0.165959
2019-07-12,KZT,100,16.4339,0.164339
2019-07-13,KZT,100,16.4278,0.164278
2019-07-16,KZT,100,16.4018,0.164018
2019-07-17,KZT,100,16.4034,0.164034
2019-07-18,KZT,100,16.3858,0.163858
2019-07-19,KZT,100,16.3427,0.163427
2019-07-20,KZT,100,16.3309,0.163309
2019-07-23,KZT,100,16.3819,0.163819
2019-07-24,KZT,100,16.4144,0.164144
2019-07-25,KZT,100,16.4128,0.164128
2019-07-26,KZT,100,16.4094,0.164094
2019-07-27,KZT,100,16.3913,0.163913
2019-07-30,KZT,100,16.4808,0.164808
2019-07-31,KZT,100,16.4747,0.164747
2019-08-01,KZT,100,16.4966,0.164966
2019-08-02,KZT,100,16.5706,0.165706
2019-08-03,KZT,100,16.7435,0.167435
2019-08-06,KZT,100,16.8245,0.168245
2019-08-07,KZT,100,16.839,0.16839
2019-08-08,KZT,100,16.795,0.16795
2019-08-09,KZT,100,16.7915,0.167915
2019-08-10,KZT,100,16.8353,0.168353
2019-08-13,KZT,100,16.8816,0.168816
2019-08-14,KZT,100,16.9218,0.169218
2019-08-15,KZT,100,16.8726,0.168726
2019-08-16,KZT,100,17.0183,0.170183
2019-08-17,KZT,100,17.0566,0.170566
2019-08-20,KZT,100,17.197,0.17197
2019-08-21,KZT,100,17.2602,0.172602
2019-08-22,KZT,100,17.1544,0.171544
2019-08-23,KZT,100,16.9988,0.169988
2019-08-24,KZT,100,16.9738,0.169738
2019-08-27,KZT,100,17.0331,0.170331
2019-08-28,KZT,100,17.0808,0.170808
2019-08-29,KZT,100,17.1255,0.171255
2019-08-30,KZT,100,17.2306,0.172306
2019-08-31,KZT,100,17.1686,0.171686
2019-09-03,KZT,100,17.1588,0.171588
2019-09-04,KZT,100,17.2173,0.172173
2019-09-05,KZT,100,17.1249,0.171249
2019-09-06,KZT,100,17.0272,0.170272
2019-09-07,KZT,100,17.0043,0.170043
2019-09-10,KZT,100,16.953,0.16953
2019-09-11,KZT,100,16.9477,0.169477
2019-09-12,KZT,100,16.9261,0.169261
2019-09-13,KZT,100,16.8398,0.168398
2019-09-14,KZT,100,16.6693,0.166693
2019-09-17,KZT,100,16.5559,0.165559
2019-09-18,KZT,100,16.6344,0.166344
2019-09-19,KZT,100,16.6528,0.166528
2019-09-20,KZT,100,16.5739,0.165739
2019-09-21,KZT,100,16.5165,0.165165
2019-09-24,KZT,100,16.5479,0.165479
2019-09-25,KZT,100,16.4732,0.164732
2019-09-26,KZT,100,16.5506,0.165506
2019-09-27,KZT,100,16.5853,0.165853
2019-09-28,KZT,100,16.6095,0.166095
2019-10-01,KZT,100,16.6503,0.166503
2019-10-02,KZT,100,16.7386,0.167386
2019-10-03,KZT,100,16.8224,0.168224
2019-10-04,KZT,100,16.7336,0.167336
2019-10-05,KZT,100,16.7183,0.167183
2019-10-08,KZT,100,16.6573,0.166573
2019-10-09,KZT,100,16.6508,0.166508
2019-10-10,KZT,100,16.6784,0.166784
2019-10-11,KZT,100,16.5864,0.165864
2019-10-12,KZT,100,16.4835,0.164835
2019-10-15,KZT,100,16.5185,0.165185
2019-10-16,KZT,100,16.4978,0.164978
2019-10-17,KZT,100,16.502,0.16502
2019-10-18,KZT,100,16.4022,0.164022
2019-10-19,KZT,100,16.3922,0.163922
2019-10-22,KZT,100,16.352,0.16352
2019-10-23,KZT,100,16.3203,0.163203
2019-10-24,KZT,100,16.3936,0.163936
2019-10-25,KZT,100,16.4129,0.164129
2019-10-26,KZT,100,16.4476,0.164476
2019-10-29,KZT,100,16.4645,0.164645
2019-10-30,KZT,100,16.4513,0.164513
2019-10-31,KZT,100,16.4345,0.164345
2019-11-01,KZT,100,16.4083,0.164083
2019-11-02,KZT,100,16.4392,0.164392
2019-11-06,KZT,100,16.2853,0.162853
2019-11-07,KZT,100,16.3476,0.163476
2019-11-08,KZT,100,16.3893,0.163893
2019-11-09,KZT,100,16.3987,0.163987
2019-11-12,KZT,100,16.433,0.16433
2019-11-13,KZT,100,16.4157,0.164157
2019-11-14,KZT,100,16.4882,0.164882
2019-11-15,KZT,100,16.5309,0.165309
2019-11-16,KZT,100,16.4543,0.164543
2019-11-19,KZT,100,16.4516,0.164516
2019-11-20,KZT,100,16.4671,0.164671
2019-11-21,KZT,100,16.5184,0.165184
2019-11-22,KZT,100,16.5257,0.165257
2019-11-23,KZT,100,16.5127,0.165127
2019-11-26,KZT,100,16.5116,0.165116
2019-11-27,KZT,100,16.5524,0.165524
2019-11-28,KZT,100,16.5562,0.165562
2019-11-29,KZT,100,16.5838,0.165838
2019-11-30,KZT,100,16.5875,0.165875
2019-12-03,KZT,100,16.6616,0.166616
2019-12-04,KZT,100,16.5619,0.165619
2019-12-05,KZT,100,16.5653,0.165653
2019-12-06,KZT,100,16.5416,0.165416
2019-12-07,KZT,100,16.5513,0.165513
2019-12-10,KZT,100,16.5185,0.165185
2019-12-11,KZT,100,16.4573,0.164573
2019-12-12,KZT,100,16.4538,0.164538
2019-12-13,KZT,100,16.4361,0.164361
2019-12-14,KZT,100,16.2637,0.162637
2019-12-17,KZT,100,16.3152,0.163152
2019-12-18,KZT,100,16.2538,0.162538
2019-12-19,KZT,100,16.2712,0.162712
2019-12-20,KZT,100,16.2718,0.162718
2019-12-21,KZT,100,16.2783,0.162783
2019-12-24,KZT,100,16.2734,0.162734
2019-12-25,KZT,100,16.3201,0.163201
2019-12-26,KZT,100,16.3023,0.163023
2019-12-27,KZT,100,16.3115,0.163115
2019-12-28,KZT,100,16.2973,0.162973
2019-12-31,KZT,100,16.2174,0.162174
2020-01-01,KZT,100,16.1665,0.161665
2020-01-10,KZT,100,16.2524,0.162524
2020-01-11,KZT,100,16.2192,0.162192
2020-01-14,KZT,100,16.1098,0.161098
2020-01-15,KZT,100,16.1775,0.161775
2020-01-16,KZT,100,16.206,0.16206
2020-01-17,KZT,100,16.3176,0.163176
2020-01-18,KZT,100,16.3535,0.163535
2020-01-21,KZT,100,16.342,0.16342
2020-01-22,KZT,100,16.3998,0.163998
2020-01-23,KZT,100,16.3921,0.163921
2020-01-24,KZT,100,16.3904,0.163904
2020-01-25,KZT,100,16.3252,0.163252
2020-01-28,KZT,100,16.3821,0.163821
2020-01-29,KZT,100,16.494,0.16494
2020-01-30,KZT,100,16.4837,0.164837
2020-01-31,KZT,100,16.6092,0.166092
2020-02-01,KZT,100,16.6537,0.166537
2020-02-04,KZT,100,16.7751,0.167751
2020-02-05,KZT,100,16.7207,0.167207
2020-02-06,KZT,100,16.6588,0.166588
2020-02-07,KZT,100,16.6431,0.166431
2020-02-08,KZT,100,16.7572,0.167572
2020-02-11,KZT,100,16.8361,0.168361
2020-02-12,KZT,100,16.9032,0.169032
2020-02-13,KZT,100,16.7549,0.167549
2020-02-14,KZT,100,16.8785,0.168785
2020-02-15,KZT,100,16.7833,0.167833
2020-02-18,KZT,100,16.794,0.16794
2020-02-19,KZT,100,16.9052,0.169052
2020-02-20,KZT,100,16.8766,0.168766
2020-02-21,KZT,100,16.9426,0.169426
2020-02-22,KZT,100,17.0777,0.170777
2020-02-26,KZT,100,17.2127,0.172127
2020-02-27,KZT,100,17.3201,0.173201
2020-02-28,KZT,100,17.2668,0.172668
2020-02-29,KZT,100,17.5541,0.175541
2020-03-03,KZT,100,17.4076,0.174076
2020-03-04,KZT,100,17.4679,0.174679
2020-03-05,KZT,100,17.3971,0.173971
2020-03-06,KZT,100,17.3795,0.173795
2020-03-07,KZT,100,17.6482,0.176482
2020-03-11,KZT,100,18.1834,0.181834
2020-03-12,KZT,100,18.0448,0.180448
2020-03-13,KZT,100,18.5031,0.185031
2020-03-14,KZT,100,18.0054,0.180054
2020-03-17,KZT,100,17.0176,0.170176
2020-03-18,KZT,100,16.9439,0.169439
2020-03-19,KZT,100,17.5053,0.175053
2020-03-20,KZT,100,17.5348,0.175348
2020-03-21,KZT,100,17.4352,0.174352
2020-03-24,KZT,100,18.0489,0.180489
2020-03-25,KZT,100,17.5954,0.175954
2020-03-26,KZT,100,17.3596,0.173596
2020-03-27,KZT,100,17.6456,0.176456
2020-03-28,KZT,100,17.4278,0.174278
2020-04-07,KZT,100,17.3999,0.173999
2020-04-08,KZT,100,17.2656,0.172656
2020-04-09,KZT,100,17.3788,0.173788
2020-04-10,KZT,100,17.2467,0.172467
2020-04-11,KZT,100,17.1386,0.171386
2020-04-14,KZT,100,17.1816,0.171816
2020-04-15,KZT,100,17.2131,0.172131
2020-04-16,KZT,100,17.2887,0.172887
2020-04-17,KZT,100,17.451,0.17451
2020-04-18,KZT,100,17.3283,0.173283
2020-04-21,KZT,100,17.4402,0.174402
2020-04-22,KZT,100,17.6468,0.176468
2020-04-23,KZT,100,17.6045,0.176045
2020-04-24,KZT,100,17.3859,0.173859
2020-04-25,KZT,100,17.2705,0.172705
2020-04-28,KZT,100,17.2794,0.172794
2020-04-29,KZT,100,17.2853,0.172853
2020-04-30,KZT,100,17.1546,0.171546
2020-05-01,KZT,100,17.1298,0.171298
2020-05-07,KZT,100,17.5722,0.175722
2020-05-08,KZT,100,17.5649,0.175649
2020-05-09,KZT,100,17.507,0.17507
2020-05-13,KZT,100,17.4648,0.174648
2020-05-14,KZT,100,17.4485,0.174485
2020-05-15,KZT,100,17.475,0.17475
2020-05-16,KZT,100,17.4108,0.174108
2020-05-19,KZT,100,17.4819,0.174819
2020-05-20,KZT,100,17.4329,0.174329
2020-05-21,KZT,100,17.4116,0.174116
2020-05-22,KZT,100,17.1748,0.171748
2020-05-23,KZT,100,17.2702,0.172702
2020-05-26,KZT,100,17.2748,0.172748
2020-05-27,KZT,100,17.2106,0.172106
2020-05-28,KZT,100,17.2231,0.172231
2020-05-29,KZT,100,17.2177,0.172177
2020-05-30,KZT,100,17.1643,0.171643
2020-06-02,KZT,100,17.0579,0.170579
2020-06-03,KZT,100,17.147,0.17147
2020-06-04,KZT,100,17.1193,0.171193
2020-06-05,KZT,100,17.2213,0.172213
2020-06-06,KZT,100,17.1363,0.171363
2020-06-09,KZT,100,17.1831,0.171831
2020-06-10,KZT,100,17.1665,0.171665
2020-06-11,KZT,100,17.1565,0.171565
2020-06-12,KZT,100,17.2695,0.172695
2020-06-16,KZT,100,17.3406,0.173406
2020-06-17,KZT,100,17.2546,0.172546
2020-06-18,KZT,100,17.175,0.17175
2020-06-19,KZT,100,17.164,0.17164
2020-06-20,KZT,100,17.225,0.17225
2020-06-23,KZT,100,17.2435,0.172435
2020-06-24,KZT,100,17.1556,0.171556
2020-06-25,KZT,100,17.1257,0.171257
2020-06-26,KZT,100,17.171,0.17171
2020-06-27,KZT,100,17.1681,0.171681
2020-06-30,KZT,100,17.2845,0.172845
2020-07-01,KZT,100,17.4099,0.174099
2020-07-02,KZT,100,17.3349,0.173349
2020-07-03,KZT,100,17.3372,0.173372
2020-07-04,KZT,100,17.3344,0.173344
2020-07-07,KZT,100,17.5261,0.175261
2020-07-08,KZT,100,17.6048,0.176048
2020-07-09,KZT,100,17.3516,0.173516
2020-07-10,KZT,100,17.2288,0.172288
2020-07-11,KZT,100,17.2279,0.172279
2020-07-14,KZT,100,17.1737,0.171737
2020-07-15,KZT,100,17.2136,0.172136
2020-07-16,KZT,100,17.1488,0.171488
2020-07-17,KZT,100,17.2491,0.172491
2020-07-18,KZT,100,17.3074,0.173074
2020-07-21,KZT,100,17.3233,0.173233
2020-07-22,KZT,100,17.1768,0.171768
2020-07-23,KZT,100,17.1553,0.171553
2020-07-24,KZT,100,17.1707,0.171707
2020-07-25,KZT,100,17.2761,0.172761
2020-07-28,KZT,100,17.2606,0.172606
2020-07-29,KZT,100,17.3267,0.173267
2020-07-30,KZT,100,17.3026,0.173026
2020-07-31,KZT,100,17.462,0.17462
2020-08-01,KZT,100,17.4086,0.174086
2020-08-04,KZT,100,17.5969,0.175969
2020-08-05,KZT,100,17.4807,0.174807
2020-08-06,KZT,100,17.4965,0.174965
2020-08-07,KZT,100,17.4536,0.174536
2020-08-08,KZT,100,17.5461,0.175461
2020-08-11,KZT,100,17.5705,0.175705
2020-08-12,KZT,100,17.4784,0.174784
2020-08-13,KZT,100,17.4461,0.174461
2020-08-14,KZT,100,17.5513,0.175513
2020-08-15,KZT,100,17.4414,0.174414
2020-08-18,KZT,100,17.4447,0.174447
2020-08-19,KZT,100,17.5411,0.175411
2020-08-20,KZT,100,17.4992,0.174992
2020-08-21,KZT,100,17.5968,0.175968
2020-08-22,KZT,100,17.6563,0.176563
2020-08-25,KZT,100,17.7174,0.177174
2020-08-26,KZT,100,17.7779,0.177779
2020-08-27,KZT,100,17.9878,0.179878
2020-08-28,KZT,100,17.9179,0.179179
2020-08-29,KZT,100,17.7566,0.177566
2020-09-01,KZT,100,17.5623,0.175623
2020-09-02,KZT,100,17.5813,0.175813
2020-09-03,KZT,100,17.632,0.17632
2020-09-04,KZT,100,17.9284,0.179284
2020-09-05,KZT,100,17.8606,0.178606
2020-09-08,KZT,100,17.8538,0.178538
2020-09-09,KZT,100,17.8997,0.178997
2020-09-10,KZT,100,17.7762,0.177762
2020-09-11,KZT,100,17.6842,0.176842
2020-09-12,KZT,100,17.5287,0.175287
2020-09-15,KZT,100,17.5062,0.175062
2020-09-16,KZT,100,17.6048,0.176048
2020-09-17,KZT,100,17.6263,0.176263
2020-09-18,KZT,100,17.737,0.17737
2020-09-19,KZT,100,17.8291,0.178291
2020-09-22,KZT,100,18.0147,0.180147
2020-09-23,KZT,100,17.9846,0.179846
2020-09-24,KZT,100,17.9472,0.179472
2020-09-25,KZT,100,18.0664,0.180664
2020-09-26,KZT,100,17.9973,0.179973
2020-09-29,KZT,100,18.2769,0.182769
2020-09-30,KZT,100,18.4609,0.184609
2020-10-01,KZT,100,18.1995,0.181995
2020-10-02,KZT,100,17.9803,0.179803
2020-10-03,KZT,100,18.0435,0.180435
2020-10-06,KZT,100,18.0875,0.180875
2020-10-07,KZT,100,18.2463,0.182463
2020-10-08,KZT,100,18.2058,0.182058
2020-10-09,KZT,100,18.1817,0.181817
2020-10-10,KZT,100,18.0209,0.180209
2020-10-13,KZT,100,17.9946,0.179946
2020-10-14,KZT,100,18.0052,0.180052
2020-10-15,KZT,100,17.9988,0.179988
2020-10-16,KZT,100,18.1824,0.181824
2020-10-17,KZT,100,18.1697,0.181697
2020-10-20,KZT,100,18.1879,0.181879
2020-10-21,KZT,100,18.1347,0.181347
2020-10-22,KZT,100,18.0007,0.180007
2020-10-23,KZT,100,17.9869,0.179869
2020-10-24,KZT,100,17.8832,0.178832
2020-10-27,KZT,100,17.7844,0.177844
2020-10-28,KZT,100,17.787,0.17787
2020-10-29,KZT,100,17.996,0.17996
2020-10-30,KZT,100,18.2276,0.182276
2020-10-31,KZT,100,18.3154,0.183154
2020-11-03,KZT,100,18.4892,0.184892
2020-11-04,KZT,100,18.4591,0.184591
2020-11-06,KZT,100,18.134,0.18134
2020-11-07,KZT,100,17.8491,0.178491
2020-11-10,KZT,100,17.8587,0.178587
2020-11-11,KZT,100,17.8067,0.178067
2020-11-12,KZT,100,17.8351,0.178351
2020-11-13,KZT,100,17.9612,0.179612
2020-11-14,KZT,100,17.9749,0.179749
2020-11-17,KZT,100,17.9116,0.179116
2020-11-18,KZT,100,17.7874,0.177874
2020-11-19,KZT,100,17.7507,0.177507
2020-11-20,KZT,100,17.8022,0.178022
2020-11-21,KZT,100,17.7499,0.177499
2020-11-24,KZT,100,17.8242,0.178242
2020-11-25,KZT,100,17.856,0.17856
2020-11-26,KZT,100,17.8427,0.178427
2020-11-27,KZT,100,17.8314,0.178314
2020-11-28,KZT,100,17.8898,0.178898
2020-12-01,KZT,100,17.9066,0.179066
2020-12-02,KZT,100,17.9286,0.179286
2020-12-03,KZT,100,17.7755,0.177755
2020-12-04,KZT,100,17.7802,0.177802
2020-12-05,KZT,100,17.6335,0.176335
2020-12-08,KZT,100,17.5995,0.175995
2020-12-09,KZT,100,17.4931,0.174931
2020-12-10,KZT,100,17.4521,0.174521
2020-12-11,KZT,100,17.5322,0.175322
2020-12-12,KZT,100,17.4472,0.174472
2020-12-15,KZT,100,17.4209,0.174209
2020-12-16,KZT,100,17.4832,0.174832
2020-12-17,KZT,100,17.4918,0.174918
2020-12-18,KZT,100,17.3865,0.173865
2020-12-19,KZT,100,17.4669,0.174669
2020-12-22,KZT,100,17.7626,0.177626
2020-12-23,KZT,100,17.9089,0.179089
2020-12-24,KZT,100,17.9088,0.179088
2020-12-25,KZT,100,17.8341,0.178341
2020-12-26,KZT,100,17.5629,0.175629
2020-12-29,KZT,100,17.5397,0.175397
2020-12-30,KZT,100,17.5148,0.175148
2020-12-31,KZT,100,17.5481,0.175481
2021-01-01,KZT,100,17.5252,0.175252
2021-01-12,KZT,100,17.7507,0.177507
2021-01-13,KZT,100,17.6535,0.176535
2021-01-14,KZT,100,17.5443,0.175443
2021-01-15,KZT,100,17.5688,0.175688
2021-01-16,KZT,100,17.5321,0.175321
2021-01-19,KZT,100,17.5839,0.175839
2021-01-20,KZT,100,17.558,0.17558
2021-01-21,KZT,100,17.5272,0.175272
2021-01-22,KZT,100,17.5298,0.175298
2021-01-23,KZT,100,17.6929,0.176929
2021-01-26,KZT,100,17.7938,0.177938
2021-01-27,KZT,100,17.8981,0.178981
2021-01-28,KZT,100,17.7866,0.177866
2021-01-29,KZT,100,17.9602,0.179602
2021-01-30,KZT,100,17.9782,0.179782
2021-02-02,KZT,100,17.8083,0.178083
2021-02-03,KZT,100,17.9123,0.179123
2021-02-04,KZT,100,17.9587,0.179587
2021-02-05,KZT,100,17.9521,0.179521
2021-02-06,KZT,100,17.8754,0.178754
2021-02-09,KZT,100,17.7342,0.177342
2021-02-10,KZT,100,17.7153,0.177153
2021-02-11,KZT,100,17.6833,0.176833
2021-02-12,KZT,100,17.6564,0.176564
2021-02-13,KZT,100,17.6362,0.176362
2021-02-16,KZT,100,17.5806,0.175806
2021-02-17,KZT,100,17.5885,0.175885
2021-02-18,KZT,100,17.6924,0.176924
2021-02-19,KZT,100,17.7243,0.177243
2021-02-20,KZT,100,17.7034,0.177034
2021-02-21,KZT,100,17.7231,0.177231
2021-02-25,KZT,100,17.7468,0.177468
2021-02-26,KZT,100,17.7054,0.177054
2021-02-27,KZT,100,17.8255,0.178255
2021-03-02,KZT,100,17.7018,0.177018
2021-03-03,KZT,100,17.7122,0.177122
2021-03-04,KZT,100,17.5216,0.175216
2021-03-05,KZT,100,17.5854,0.175854
2021-03-06,KZT,100,17.7065,0.177065
2021-03-10,KZT,100,17.6908,0.176908
2021-03-11,KZT,100,17.6016,0.176016
2021-03-12,KZT,100,17.5375,0.175375
2021-03-13,KZT,100,17.5378,0.175378
2021-03-16,KZT,100,17.4756,0.174756
2021-03-17,KZT,100,17.4154,0.174154
2021-03-18,KZT,100,17.4543,0.174543
2021-03-19,KZT,100,17.5753,0.175753
2021-03-20,KZT,100,17.5998,0.175998
2021-03-23,KZT,100,17.7217,0.177217
2021-03-24,KZT,100,17.8999,0.178999
2021-03-25,KZT,100,18.0887,0.180887
2021-03-26,KZT,100,17.9739,0.179739
2021-03-27,KZT,100,17.8629,0.178629
2021-03-30,KZT,100,17.8776,0.178776
2021-03-31,KZT,100,17.8268,0.178268
2021-04-01,KZT,100,17.7801,0.177801
2021-04-02,KZT,100,17.7325,0.177325
2021-04-03,KZT,100,17.8177,0.178177
2021-04-06,KZT,100,17.8982,0.178982
2021-04-07,KZT,100,17.7812,0.177812
2021-04-08,KZT,100,17.9758,0.179758
2021-04-09,KZT,100,17.7835,0.177835
2021-04-10,KZT,100,17.8025,0.178025
2021-04-13,KZT,100,17.8737,0.178737
2021-04-14,KZT,100,17.8166,0.178166
2021-04-15,KZT,100,17.5738,0.175738
2021-04-16,KZT,100,17.8318,0.178318
2021-04-17,KZT,100,17.5683,0.175683
2021-04-20,KZT,100,17.6828,0.176828
2021-04-21,KZT,100,17.6717,0.176717
2021-04-22,KZT,100,17.7616,0.177616
2021-04-23,KZT,100,17.6716,0.176716
2021-04-24,KZT,100,17.4361,0.174361
2021-04-27,KZT,100,17.3816,0.173816
2021-04-28,KZT,100,17.4521,0.174521
2021-04-29,KZT,100,17.4417,0.174417
2021-04-30,KZT,100,17.3809,0.173809
2021-05-01,KZT,100,17.4178,0.174178
2021-05-05,KZT,100,17.5462,0.175462
2021-05-06,KZT,100,17.5421,0.175421
2021-05-07,KZT,100,17.4836,0.174836
2021-05-08,KZT,100,17.3784,0.173784
2021-05-12,KZT,100,17.3525,0.173525
2021-05-13,KZT,100,17.374,0.17374
2021-05-14,KZT,100,17.3708,0.173708
2021-05-15,KZT,100,17.2626,0.172626
2021-05-18,KZT,100,17.2614,0.172614
2021-05-19,KZT,100,17.3001,0.173001
2021-05-20,KZT,100,17.2162,0.172162
2021-05-21,KZT,100,17.1581,0.171581
2021-05-22,KZT,100,17.1534,0.171534
2021-05-25,KZT,100,17.1809,0.171809
2021-05-26,KZT,100,17.1967,0.171967
2021-05-27,KZT,100,17.1746,0.171746
2021-05-28,KZT,100,17.1289,0.171289
2021-05-29,KZT,100,17.167,0.17167
2021-06-01,KZT,100,17.0912,0.170912
2021-06-02,KZT,100,17.1242,0.171242
2021-06-03,KZT,100,17.1562,0.171562
2021-06-04,KZT,100,17.1055,0.171055
2021-06-05,KZT,100,17.1039,0.171039
2021-06-08,KZT,100,17.0797,0.170797
2021-06-09,KZT,100,17.0175,0.170175
2021-06-10,KZT,100,16.8814,0.168814
2021-06-11,KZT,100,16.8845,0.168845
2021-06-12,KZT,100,16.7784,0.167784
2021-06-16,KZT,100,16.8305,0.168305
2021-06-17,KZT,100,16.9052,0.169052
2021-06-18,KZT,100,16.9505,0.169505
2021-06-19,KZT,100,16.8527,0.168527
2021-06-22,KZT,100,17.1027,0.171027
2021-06-23,KZT,100,17.1311,0.171311
2021-06-24,KZT,100,17.0003,0.170003
2021-06-25,KZT,100,16.8673,0.168673
2021-06-26,KZT,100,16.876,0.16876
2021-06-29,KZT,100,16.9266,0.169266
2021-06-30,KZT,100,16.8899,0.168899
2021-07-01,KZT,100,16.9778,0.169778
2021-07-02,KZT,100,17.0648,0.170648
2021-07-03,KZT,100,17.2247,0.172247
2021-07-06,KZT,100,17.2029,0.172029
2021-07-07,KZT,100,17.1823,0.171823
2021-07-08,KZT,100,17.2914,0.172914
2021-07-09,KZT,100,17.455,0.17455
2021-07-10,KZT,100,17.3424,0.173424
2021-07-13,KZT,100,17.4107,0.174107
2021-07-14,KZT,100,17.3158,0.173158
2021-07-15,KZT,100,17.3512,0.173512
2021-07-16,KZT,100,17.4002,0.174002
2021-07-17,KZT,100,17.3712,0.173712
2021-07-20,KZT,100,17.3647,0.173647
2021-07-21,KZT,100,17.3843,0.173843
2021-07-22,KZT,100,17.4035,0.174035
2021-07-23,KZT,100,17.2852,0.172852
2021-07-24,KZT,100,17.3264,0.173264
2021-07-27,KZT,100,17.3819,0.173819
2021-07-28,KZT,100,17.3515,0.173515
2021-07-29,KZT,100,17.2813,0.172813
2021-07-30,KZT,100,17.2093,0.172093
2021-07-31,KZT,100,17.1891,0.171891
2021-08-03,KZT,100,17.1925,0.171925
2021-08-04,KZT,100,17.1747,0.171747
2021-08-05,KZT,100,17.1482,0.171482
2021-08-06,KZT,100,17.1937,0.171937
2021-08-07,KZT,100,17.2254,0.172254
2021-08-10,KZT,100,17.2291,0.172291
2021-08-11,KZT,100,17.272,0.17272
2021-08-12,KZT,100,17.3597,0.173597
2021-08-13,KZT,100,17.316,0.17316
2021-08-14,KZT,100,17.2774,0.172774
2021-08-17,KZT,100,17.2403,0.172403
2021-08-18,KZT,100,17.2802,0.172802
2021-08-19,KZT,100,17.2571,0.172571
2021-08-20,KZT,100,17.3573,0.173573
2021-08-21,KZT,100,17.3992,0.173992
2021-08-24,KZT,100,17.3926,0.173926
2021-08-25,KZT,100,17.3849,0.173849
2021-08-26,KZT,100,17.3125,0.173125
2021-08-27,KZT,100,17.3402,0.173402
2021-08-28,KZT,100,17.3048,0.173048
2021-08-31,KZT,100,17.2184,0.172184
2021-09-01,KZT,100,17.1752,0.171752
2021-09-02,KZT,100,17.1607,0.171607
2021-09-03,KZT,100,17.0905,0.170905
2021-09-04,KZT,100,17.1239,0.171239
2021-09-07,KZT,100,17.1153,0.171153
2021-09-08,KZT,100,17.1669,0.171669
2021-09-09,KZT,100,17.1996,0.171996
2021-09-10,KZT,100,17.1523,0.171523
2021-09-11,KZT,100,17.0638,0.170638
2021-09-14,KZT,100,17.1378,0.171378
2021-09-15,KZT,100,17.0597,0.170597
2021-09-16,KZT,100,17.0754,0.170754
2021-09-17,KZT,100,17.029,0.17029
2021-09-18,KZT,100,17.0389,0.170389
2021-09-21,KZT,100,17.1998,0.171998
2021-09-22,KZT,100,17.1726,0.171726
2021-09-23,KZT,100,17.1101,0.171101
2021-09-24,KZT,100,17.1016,0.171016
2021-09-25,KZT,100,17.1683,0.171683
2021-09-28,KZT,100,17.1008,0.171008
2021-09-29,KZT,100,17.0728,0.170728
2021-09-30,KZT,100,17.092,0.17092
2021-10-01,KZT,100,17.0653,0.170653
2021-10-02,KZT,100,17.0997,0.170997
2021-10-05,KZT,100,17.1324,0.171324
2021-10-06,KZT,100,17.077,0.17077
2021-10-07,KZT,100,17.0568,0.170568
2021-10-08,KZT,100,16.9704,0.169704
2021-10-09,KZT,100,16.9245,0.169245
2021-10-12,KZT,100,16.8558,0.168558
2021-10-13,KZT,100,16.8911,0.168911
2021-10-14,KZT,100,16.866,0.16866
2021-10-15,KZT,100,16.8489,0.168489
2021-10-16,KZT,100,16.7223,0.167223
2021-10-19,KZT,100,16.7246,0.167246
2021-10-20,KZT,100,16.6708,0.166708
2021-10-21,KZT,100,16.668,0.16668
2021-10-22,KZT,100,16.6527,0.166527
2021-10-23,KZT,100,16.6363,0.166363
2021-10-26,KZT,100,16.4945,0.164945
2021-10-27,KZT,100,16.3365,0.163365
2021-10-28,KZT,100,16.3586,0.163586
2021-10-29,KZT,100,16.4941,0.164941
2021-10-30,KZT,100,16.494,0.16494
2021-11-02,KZT,100,16.6031,0.166031
2021-11-03,KZT,100,16.7123,0.167123
2021-11-04,KZT,100,16.6852,0.166852
2021-11-09,KZT,100,16.6292,0.166292
2021-11-10,KZT,100,16.5995,0.165995
2021-11-11,KZT,100,16.4867,0.164867
2021-11-12,KZT,100,16.5669,0.165669
2021-11-13,KZT,100,16.6927,0.166927
2021-11-16,KZT,100,16.788,0.16788
2021-11-17,KZT,100,16.8283,0.168283
2021-11-18,KZT,100,16.8552,0.168552
2021-11-19,KZT,100,16.7518,0.167518
2021-11-20,KZT,100,16.8391,0.168391
2021-11-23,KZT,100,16.9456,0.169456
2021-11-24,KZT,100,17.2465,0.172465
2021-11-25,KZT,100,17.188,0.17188
2021-11-26,KZT,100,17.2327,0.172327
2021-11-27,KZT,100,17.3385,0.173385
2021-11-30,KZT,100,17.1152,0.171152
2021-12-01,KZT,100,17.0443,0.170443
2021-12-02,KZT,100,16.9569,0.169569
2021-12-03,KZT,100,16.7926,0.167926
2021-12-04,KZT,100,16.8113,0.168113
2021-12-07,KZT,100,16.8214,0.168214
2021-12-08,KZT,100,16.9773,0.169773
2021-12-09,KZT,100,16.9002,0.169002
2021-12-10,KZT,100,16.902,0.16902
2021-12-11,KZT,100,16.8531,0.168531
2021-12-14,KZT,100,16.8373,0.168373
2021-12-15,KZT,100,16.7912,0.167912
2021-12-16,KZT,100,16.8398,0.168398
2021-12-17,KZT,100,16.7989,0.167989
2021-12-18,KZT,100,16.8359,0.168359
2021-12-21,KZT,100,16.9121,0.169121
2021-12-22,KZT,100,16.8598,0.168598
2021-12-23,KZT,100,16.9146,0.169146
2021-12-24,KZT,100,16.8137,0.168137
2021-12-25,KZT,100,16.9007,0.169007
2021-12-28,KZT,100,16.8993,0.168993
2021-12-29,KZT,100,16.9248,0.169248
2021-12-30,KZT,100,16.9158,0.169158
2021-12-31,KZT,100,16.9,0.169
2022-01-11,KZT,100,17.2328,0.172328
2022-01-12,KZT,100,17.1858,0.171858
2022-01-13,KZT,100,17.1367,0.171367
2022-01-14,KZT,100,17.1442,0.171442
2022-01-15,KZT,100,17.3677,0.173677
2022-01-18,KZT,100,17.4625,0.174625
2022-01-19,KZT,100,17.52,0.1752
2022-01-20,KZT,100,17.5964,0.175964
2022-01-21,KZT,100,17.5323,0.175323
2022-01-22,KZT,100,17.5815,0.175815
2022-01-25,KZT,100,17.7402,0.177402
2022-01-26,KZT,100,18.0165,0.180165
2022-01-27,KZT,100,18.1167,0.181167
2022-01-28,KZT,100,18.1675,0.181675
2022-01-29,KZT,100,17.8808,0.178808
2022-02-01,KZT,100,17.8379,0.178379
2022-02-02,KZT,100,17.7719,0.177719
2022-02-03,KZT,100,17.6253,0.176253
2022-02-04,KZT,100,17.6308,0.176308
2022-02-05,KZT,100,17.5942,0.175942
2022-02-08,KZT,100,17.5695,0.175695
2022-02-09,KZT,100,17.5965,0.175965
2022-02-10,KZT,100,17.559,0.17559
2022-02-11,KZT,100,17.5018,0.175018
2022-02-12,KZT,100,17.4631,0.174631
2022-02-15,KZT,100,17.765,0.17765
2022-02-16,KZT,100,17.6945,0.176945
2022-02-17,KZT,100,17.5533,0.175533
2022-02-18,KZT,100,17.6786,0.176786
2022-02-19,KZT,100,17.6931,0.176931
2022-02-22,KZT,100,17.953,0.17953
2022-02-23,KZT,100,18.4681,0.184681
2022-02-25,KZT,100,18.5306,0.185306
2022-02-26,KZT,100,18.0019,0.180019
2022-03-01,KZT,100,18.8393,0.188393
2022-03-02,KZT,100,18.6621,0.186621
2022-03-03,KZT,100,20.9806,0.209806
2022-03-04,KZT,100,22.5809,0.225809
2022-03-05,KZT,100,21.0524,0.210524
2022-03-06,KZT,100,20.7345,0.207345
2022-03-10,KZT,100,23.0647,0.230647
2022-03-11,KZT,100,23.1488,0.231488
2022-03-12,KZT,100,22.8376,0.228376
2022-03-15,KZT,100,22.4903,0.224903
2022-03-16,KZT,100,21.7075,0.217075
2022-03-17,KZT,100,21.2006,0.212006
2022-03-18,KZT,100,20.6141,0.206141
2022-03-19,KZT,100,20.4893,0.204893
2022-03-22,KZT,100,20.6331,0.206331
2022-03-23,KZT,100,20.5133,0.205133
2022-03-24,KZT,100,20.3014,0.203014
2022-03-25,KZT,100,19.4515,0.194515
2022-03-26,KZT,100,19.3977,0.193977
2022-03-29,KZT,100,19.4731,0.194731
2022-03-30,KZT,100,18.4763,0.184763
2022-03-31,KZT,100,18.0649,0.180649
2022-04-01,KZT,100,17.7349,0.177349
2022-04-02,KZT,100,17.5449,0.175449
2022-04-05,KZT,100,17.6894,0.176894
2022-04-06,KZT,100,17.6309,0.176309
2022-04-07,KZT,100,17.8428,0.178428
2022-04-08,KZT,100,16.4975,0.164975
2022-04-09,KZT,100,16.3118,0.163118
2022-04-12,KZT,100,17.7134,0.177134
2022-04-13,KZT,100,17.7135,0.177135
2022-04-14,KZT,100,17.7541,0.177541
2022-04-15,KZT,100,18.0572,0.180572
2022-04-16,KZT,100,17.8593,0.178593
2022-04-19,KZT,100,17.4902,0.174902
2022-04-20,KZT,100,17.5678,0.175678
2022-04-21,KZT,100,17.3774,0.173774
2022-04-22,KZT,100,16.8905,0.168905
2022-04-23,KZT,100,16.5537,0.165537
2022-04-26,KZT,100,16.5231,0.165231
2022-04-27,KZT,100,16.2203,0.162203
2022-04-28,KZT,100,16.0687,0.160687
2022-04-29,KZT,100,16.0817,0.160817
2022-04-30,KZT,100,15.8362,0.158362
2022-05-05,KZT,100,15.7178,0.157178
2022-05-06,KZT,100,15.1626,0.151626
2022-05-07,KZT,100,15.7514,0.157514
2022-05-12,KZT,100,15.8443,0.158443
2022-05-13,KZT,100,14.8645,0.148645
2022-05-14,KZT,100,14.6701,0.146701
2022-05-17,KZT,100,14.829,0.14829
2022-05-18,KZT,100,14.7922,0.147922
2022-05-19,KZT,100,14.6871,0.146871
2022-05-20,KZT,100,14.4221,0.144221
2022-05-21,KZT,100,13.6497,0.136497
2022-05-24,KZT,100,13.6955,0.136955
2022-05-25,KZT,100,13.4095,0.134095
2022-05-26,KZT,100,13.504,0.13504
2022-05-27,KZT,100,14.9474,0.149474
2022-05-28,KZT,100,15.7349,0.157349
2022-05-31,KZT,100,14.5621,0.145621
2022-06-01,KZT,100,14.4147,0.144147
2022-06-02,KZT,100,14.8246,0.148246
2022-06-03,KZT,100,14.5012,0.145012
2022-06-04,KZT,100,14.3181,0.143181
2022-06-07,KZT,100,14.1473,0.141473
2022-06-08,KZT,100,14.1142,0.141142
2022-06-09,KZT,100,14.0258,0.140258
2022-06-10,KZT,100,13.4709,0.134709
2022-06-11,KZT,100,13.2973,0.132973
2022-06-15,KZT,100,13.0892,0.130892
2022-06-16,KZT,100,12.9983,0.129983
2022-06-17,KZT,100,12.9711,0.129711
2022-06-18,KZT,100,12.8254,0.128254
2022-06-21,KZT,100,12.5703,0.125703
2022-06-22,KZT,100,12.3422,0.123422
2022-06-23,KZT,100,11.8944,0.118944
2022-06-24,KZT,100,11.75,0.1175
2022-06-25,KZT,100,11.4721,0.114721
2022-06-28,KZT,100,11.3324,0.113324
2022-06-29,KZT,100,11.4915,0.114915
2022-06-30,KZT,100,11.2176,0.112176
2022-07-01,KZT,100,11.291,0.11291
2022-07-02,KZT,100,11.4316,0.114316
2022-07-05,KZT,100,11.8098,0.118098
2022-07-06,KZT,100,12.606,0.12606
2022-07-07,KZT,100,13.4064,0.134064
2022-07-08,KZT,100,13.4558,0.134558
2022-07-09,KZT,100,12.8376,0.128376
2022-07-12,KZT,100,12.9084,0.129084
2022-07-13,KZT,100,12.6609,0.126609
2022-07-14,KZT,100,12.3647,0.123647
2022-07-15,KZT,100,12.2411,0.122411
2022-07-16,KZT,100,12.0889,0.120889
2022-07-19,KZT,100,11.7746,0.117746
2022-07-20,KZT,100,11.4497,0.114497
2022-07-21,KZT,100,11.4183,0.114183
2022-07-22,KZT,100,11.737,0.11737
2022-07-23,KZT,100,11.906,0.11906
2022-07-26,KZT,100,11.9414,0.119414
2022-07-27,KZT,100,12.3257,0.123257
2022-07-28,KZT,100,12.5502,0.125502
2022-07-29,KZT,100,12.5381,0.125381
2022-07-30,KZT,100,12.8055,0.128055
2022-08-02,KZT,100,13.0061,0.130061
2022-08-03,KZT,100,12.546,0.12546
2022-08-04,KZT,100,12.6605,0.126605
2022-08-05,KZT,100,12.6521,0.126521
2022-08-06,KZT,100,12.6779,0.126779
2022-08-09,KZT,100,12.619,0.12619
2022-08-10,KZT,100,12.6687,0.126687
2022-08-11,KZT,100,12.637,0.12637
2022-08-12,KZT,100,12.6823,0.126823
2022-08-13,KZT,100,12.7492,0.127492
2022-08-16,KZT,100,12.8936,0.128936
2022-08-17,KZT,100,12.8995,0.128995
2022-08-18,KZT,100,12.7482,0.127482
2022-08-19,KZT,100,12.5907,0.125907
2022-08-20,KZT,100,12.4243,0.124243
2022-08-23,KZT,100,12.5395,0.125395
2022-08-24,KZT,100,12.6366,0.126366
2022-08-25,KZT,100,12.7532,0.127532
2022-08-26,KZT,100,12.9378,0.129378
2022-08-27,KZT,100,12.9217,0.129217
2022-08-30,KZT,100,12.8954,0.128954
2022-08-31,KZT,100,12.8963,0.128963
2022-09-01,KZT,100,12.8687,0.128687
2022-09-02,KZT,100,12.7564,0.127564
2022-09-03,KZT,100,12.806,0.12806
2022-09-06,KZT,100,12.8904,0.128904
2022-09-07,KZT,100,12.8757,0.128757
2022-09-08,KZT,100,12.9493,0.129493
2022-09-09,KZT,100,12.8516,0.128516
2022-09-10,KZT,100,12.6649,0.126649
2022-09-13,KZT,100,12.7721,0.127721
2022-09-14,KZT,100,12.7265,0.127265
2022-09-15,KZT,100,12.6254,0.126254
2022-09-16,KZT,100,12.5902,0.125902
2022-09-17,KZT,100,12.6598,0.126598
2022-09-20,KZT,100,12.6103,0.126103
2022-09-21,KZT,100,12.5677,0.125677
2022-09-22,KZT,100,12.7271,0.127271
2022-09-23,KZT,100,12.5242,0.125242
2022-09-24,KZT,100,12.0718,0.120718
2022-09-27,KZT,100,12.0977,0.120977
2022-09-28,KZT,100,12.1867,0.121867
2022-09-29,KZT,100,12.2047,0.122047
2022-09-30,KZT,100,11.9763,0.119763
2022-10-01,KZT,100,11.5957,0.115957
2022-10-04,KZT,100,12.0758,0.120758
2022-10-05,KZT,100,12.3638,0.123638
2022-10-06,KZT,100,12.5676,0.125676
2022-10-07,KZT,100,12.8182,0.128182
2022-10-08,KZT,100,13.0661,0.130661
2022-10-11,KZT,100,13.2007,0.132007
2022-10-12,KZT,100,13.453,0.13453
2022-10-13,KZT,100,13.4237,0.134237
2022-10-14,KZT,100,13.2858,0.132858
2022-10-15,KZT,100,13.1553,0.131553
2022-10-18,KZT,100,12.9513,0.129513
2022-10-19,KZT,100,13.0473,0.130473
2022-10-20,KZT,100,13.0246,0.130246
2022-10-21,KZT,100,13.0819,0.130819
2022-10-22,KZT,100,13.0685,0.130685
2022-10-25,KZT,100,12.9328,0.129328
2022-10-26,KZT,100,12.9686,0.129686
2022-10-27,KZT,100,12.9888,0.129888
2022-10-28,KZT,100,13.0185,0.130185
2022-10-29,KZT,100,13.2229,0.132229
2022-11-01,KZT,100,13.1955,0.131955
2022-11-02,KZT,100,13.1157,0.131157
2022-11-03,KZT,100,13.2164,0.132164
2022-11-04,KZT,100,13.4826,0.134826
2022-11-08,KZT,100,13.1848,0.131848
2022-11-09,KZT,100,13.1304,0.131304
2022-11-10,KZT,100,13.1594,0.131594
2022-11-11,KZT,100,13.1542,0.131542
2022-11-12,KZT,100,12.8281,0.128281
2022-11-15,KZT,100,13.0729,0.130729
2022-11-16,KZT,100,13.1186,0.131186
2022-11-17,KZT,100,13.091,0.13091
2022-11-18,KZT,100,13.1467,0.131467
2022-11-19,KZT,100,13.152,0.13152
2022-11-22,KZT,100,13.2315,0.132315
2022-11-23,KZT,100,13.0852,0.130852
2022-11-24,KZT,100,13.0749,0.130749
2022-11-25,KZT,100,13.0523,0.130523
2022-11-26,KZT,100,12.9799,0.129799
2022-11-29,KZT,100,13.0543,0.130543
2022-11-30,KZT,100,13.0503,0.130503
2022-12-01,KZT,100,12.9967,0.129967
2022-12-02,KZT,100,13.0407,0.130407
2022-12-03,KZT,100,13.1871,0.131871
2022-12-06,KZT,100,13.2596,0.132596
2022-12-07,KZT,100,13.4088,0.134088
2022-12-08,KZT,100,13.3248,0.133248
2022-12-09,KZT,100,13.2137,0.132137
2022-12-10,KZT,100,13.2116,0.132116
2022-12-13,KZT,100,13.2942,0.132942
2022-12-14,KZT,100,13.4514,0.134514
2022-12-15,KZT,100,13.4993,0.134993
2022-12-16,KZT,100,13.7244,0.137244
2022-12-17,KZT,100,13.7886,0.137886
2022-12-20,KZT,100,14.1599,0.141599
2022-12-21,KZT,100,14.7368,0.147368
2022-12-22,KZT,100,15.0317,0.150317
2022-12-23,KZT,100,15.3378,0.153378
2022-12-24,KZT,100,14.7064,0.147064
2022-12-27,KZT,100,14.8167,0.148167
2022-12-28,KZT,100,15.1669,0.151669
2022-12-29,KZT,100,15.4848,0.154848
2022-12-30,KZT,100,15.6056,0.156056
2022-12-31,KZT,100,15.2583,0.152583
2023-01-10,KZT,100,15.1735,0.151735
2023-01-11,KZT,100,15.051,0.15051
2023-01-12,KZT,100,14.9446,0.149446
2023-01-13,KZT,100,14.6641,0.146641
2023-01-14,KZT,100,14.6082,0.146082
2023-01-17,KZT,100,14.7719,0.147719
2023-01-18,KZT,100,14.8403,0.148403
2023-01-19,KZT,100,14.8404,0.148404
2023-01-20,KZT,100,14.8268,0.148268
2023-01-21,KZT,100,14.838,0.14838
2023-01-24,KZT,100,14.8371,0.148371
2023-01-25,KZT,100,14.8803,0.148803
2023-01-26,KZT,100,14.9297,0.149297
2023-01-27,KZT,100,14.9815,0.149815
2023-01-28,KZT,100,15.0285,0.150285
2023-01-31,KZT,100,15.1147,0.151147
2023-02-01,KZT,100,15.3325,0.153325
2023-02-02,KZT,100,15.227,0.15227
2023-02-03,KZT,100,15.1976,0.151976
2023-02-04,KZT,100,15.3037,0.153037
2023-02-07,KZT,100,15.3915,0.153915
2023-02-08,KZT,100,15.4888,0.154888
2023-02-09,KZT,100,15.6629,0.156629
2023-02-10,KZT,100,15.998,0.15998
2023-02-11,KZT,100,16.0906,0.160906
2023-02-14,KZT,100,16.3337,0.163337
2023-02-15,KZT,100,16.3262,0.163262
2023-02-16,KZT,100,16.4478,0.164478
2023-02-17,KZT,100,16.7148,0.167148
2023-02-18,KZT,100,16.8342,0.168342
2023-02-21,KZT,100,16.6678,0.166678
2023-02-22,KZT,100,16.7217,0.167217
2023-02-23,KZT,100,16.764,0.16764
2023-02-28,KZT,100,16.8477,0.168477
2023-03-01,KZT,100,16.6748,0.166748
2023-03-02,KZT,100,16.8793,0.168793
2023-03-03,KZT,100,17.0711,0.170711
2023-03-04,KZT,100,17.3195,0.173195
2023-03-07,KZT,100,17.5078,0.175078
2023-03-08,KZT,100,17.4336,0.174336
2023-03-10,KZT,100,17.3069,0.173069
2023-03-11,KZT,100,17.2154,0.172154
2023-03-14,KZT,100,16.9202,0.169202
2023-03-15,KZT,100,16.4658,0.164658
2023-03-16,KZT,100,16.5304,0.165304
2023-03-17,KZT,100,16.4396,0.164396
2023-03-18,KZT,100,16.4334,0.164334
2023-03-21,KZT,100,16.763,0.16763
2023-03-22,KZT,100,16.6185,0.166185
2023-03-23,KZT,100,16.6442,0.166442
2023-03-24,KZT,100,16.5038,0.165038
2023-03-25,KZT,100,16.5343,0.165343
2023-03-28,KZT,100,16.7435,0.167435
2023-03-29,KZT,100,16.6919,0.166919
2023-03-30,KZT,100,16.9183,0.169183
2023-03-31,KZT,100,17.1918,0.171918
2023-04-01,KZT,100,17.2577,0.172577
2023-04-04,KZT,100,17.2569,0.172569
2023-04-05,KZT,100,17.6023,0.176023
2023-04-06,KZT,100,17.6898,0.176898
2023-04-07,KZT,100,18.0558,0.180558
2023-04-08,KZT,100,18.421,0.18421
2023-04-11,KZT,100,18.369,0.18369
2023-04-12,KZT,100,18.4969,0.184969
2023-04-13,KZT,100,18.2909,0.182909
2023-04-14,KZT,100,18.0312,0.180312
2023-04-15,KZT,100,18.1177,0.181177
2023-04-18,KZT,100,18.1295,0.181295
2023-04-19,KZT,100,18.1983,0.181983
2023-04-20,KZT,100,18.1053,0.181053
2023-04-21,KZT,100,17.9354,0.179354
2023-04-22,KZT,100,17.8843,0.178843
2023-04-25,KZT,100,17.7579,0.177579
2023-04-26,KZT,100,17.8704,0.178704
2023-04-27,KZT,100,17.9385,0.179385
2023-04-28,KZT,100,17.9676,0.179676
2023-04-29,KZT,100,17.6474,0.176474
2023-05-03,KZT,100,17.6362,0.176362
2023-05-04,KZT,100,17.6572,0.176572
2023-05-05,KZT,100,17.7651,0.177651
2023-05-06,KZT,100,17.2518,0.172518
2023-05-11,KZT,100,17.2235,0.172235
2023-05-12,KZT,100,17.085,0.17085
2023-05-13,KZT,100,17.3797,0.173797
2023-05-16,KZT,100,17.7359,0.177359
2023-05-17,KZT,100,17.7544,0.177544
2023-05-18,KZT,100,17.9824,0.179824
2023-05-19,KZT,100,17.7982,0.177982
2023-05-20,KZT,100,17.7896,0.177896
2023-05-23,KZT,100,17.8309,0.178309
2023-05-24,KZT,100,18.0101,0.180101
2023-05-25,KZT,100,18.1027,0.181027
2023-05-26,KZT,100,17.9966,0.179966
2023-05-27,KZT,100,17.9037,0.179037
2023-05-30,KZT,100,17.9626,0.179626
2023-05-31,KZT,100,18.1544,0.181544
2023-06-01,KZT,100,18.1163,0.181163
2023-06-02,KZT,100,18.0675,0.180675
2023-06-03,KZT,100,18.0236,0.180236
2023-06-06,KZT,100,18.1579,0.181579
2023-06-07,KZT,100,18.1075,0.181075
2023-06-08,KZT,100,18.1944,0.181944
2023-06-09,KZT,100,18.3797,0.183797
2023-06-10,KZT,100,18.5774,0.185774
2023-06-14,KZT,100,18.6981,0.186981
2023-06-15,KZT,100,18.7965,0.187965
2023-06-16,KZT,100,18.6514,0.186514
2023-06-17,KZT,100,18.514,0.18514
2023-06-20,KZT,100,18.6227,0.186227
2023-06-21,KZT,100,18.8379,0.188379
2023-06-22,KZT,100,18.7925,0.187925
2023-06-23,KZT,100,18.6875,0.186875
2023-06-24,KZT,100,18.7836,0.187836
2023-06-27,KZT,100,18.9384,0.189384
2023-06-28,KZT,100,18.8976,0.188976
2023-06-29,KZT,100,19.0113,0.190113
2023-06-30,KZT,100,19.3255,0.193255
2023-07-01,KZT,100,19.4624,0.194624
2023-07-04,KZT,100,19.8797,0.198797
2023-07-05,KZT,100,19.9819,0.199819
2023-07-06,KZT,100,20.2193,0.202193
2023-07-07,KZT,100,20.8565,0.208565
2023-07-08,KZT,100,20.6579,0.206579
2023-07-11,KZT,100,20.614,0.20614
2023-07-12,KZT,100,20.3431,0.203431
2023-07-13,KZT,100,20.5448,0.205448
2023-07-14,KZT,100,20.4689,0.204689
2023-07-15,KZT,100,20.3245,0.203245
2023-07-18,KZT,100,20.2521,0.202521
2023-07-19,KZT,100,20.3187,0.203187
2023-07-20,KZT,100,20.5346,0.205346
2023-07-21,KZT,100,20.5237,0.205237
2023-07-22,KZT,100,20.3574,0.203574
2023-07-25,KZT,100,20.3433,0.203433
2023-07-26,KZT,100,20.235,0.20235
2023-07-27,KZT,100,20.2325,0.202325
2023-07-28,KZT,100,20.2621,0.202621
2023-07-29,KZT,100,20.4574,0.204574
2023-08-01,KZT,100,20.5511,0.205511
2023-08-02,KZT,100,20.5742,0.205742
2023-08-03,KZT,100,20.8613,0.208613
2023-08-04,KZT,100,21.1376,0.211376
2023-08-05,KZT,100,21.3046,0.213046
2023-08-08,KZT,100,21.6863,0.216863
2023-08-09,KZT,100,21.5242,0.215242
2023-08-10,KZT,100,21.8444,0.218444
2023-08-11,KZT,100,21.7959,0.217959
2023-08-12,KZT,100,22.0674,0.220674
2023-08-15,KZT,100,22.6643,0.226643
2023-08-16,KZT,100,21.7193,0.217193
2023-08-17,KZT,100,21.5296,0.215296
2023-08-18,KZT,100,20.6353,0.206353
2023-08-19,KZT,100,20.1655,0.201655
2023-08-22,KZT,100,20.3899,0.203899
2023-08-23,KZT,100,20.807,0.20807
2023-08-24,KZT,100,20.8422,0.208422
2023-08-25,KZT,100,20.6057,0.206057
2023-08-26,KZT,100,20.4986,0.204986
2023-08-29,KZT,100,20.7471,0.207471
2023-08-30,KZT,100,20.6243,0.206243
2023-08-31,KZT,100,20.7889,0.207889
2023-09-01,KZT,100,20.8769,0.208769
2023-09-02,KZT,100,20.9578,0.209578
2023-09-05,KZT,100,21.1705,0.211705
2023-09-06,KZT,100,21.2261,0.212261
2023-09-07,KZT,100,21.2718,0.212718
2023-09-08,KZT,100,21.2817,0.212817
2023-09-09,KZT,100,21.0825,0.210825
2023-09-12,KZT,100,20.6971,0.206971
2023-09-13,KZT,100,20.4596,0.204596
2023-09-14,KZT,100,20.8424,0.208424
2023-09-15,KZT,100,20.7252,0.207252
2023-09-16,KZT,100,20.7289,0.207289
2023-09-19,KZT,100,20.6825,0.206825
2023-09-20,KZT,100,20.5032,0.205032
2023-09-21,KZT,100,20.4936,0.204936
2023-09-22,KZT,100,20.3026,0.203026
2023-09-23,KZT,100,20.1786,0.201786
2023-09-26,KZT,100,20.2305,0.202305
2023-09-27,KZT,100,20.3042,0.203042
2023-09-28,KZT,100,20.2353,0.202353
2023-09-29,KZT,100,20.0928,0.200928
2023-09-30,KZT,100,20.398,0.20398
2023-10-03,KZT,100,20.7555,0.207555
2023-10-04,KZT,100,20.7521,0.207521
2023-10-05,KZT,100,20.8393,0.208393
2023-10-06,KZT,100,20.9145,0.209145
2023-10-07,KZT,100,21.0479,0.210479
2023-10-10,KZT,100,21.1859,0.211859
2023-10-11,KZT,100,20.9498,0.209498
2023-10-12,KZT,100,20.9511,0.209511
2023-10-13,KZT,100,20.3437,0.203437
2023-10-14,KZT,100,20.4522,0.204522
2023-10-17,KZT,100,20.3963,0.203963
2023-10-18,KZT,100,20.4233,0.204233
2023-10-19,KZT,100,20.4084,0.204084
2023-10-20,KZT,100,20.3576,0.203576
2023-10-21,KZT,100,20.0053,0.200053
2023-10-24,KZT,100,19.7696,0.197696
2023-10-25,KZT,100,19.5339,0.195339
2023-10-26,KZT,100,19.5752,0.195752
2023-10-27,KZT,100,19.6616,0.196616
2023-10-28,KZT,100,19.572,0.19572
2023-10-31,KZT,100,19.8264,0.198264
2023-11-01,KZT,100,19.5017,0.195017
2023-11-02,KZT,100,19.8608,0.198608
2023-11-03,KZT,100,19.8202,0.198202
2023-11-04,KZT,100,19.8738,0.198738
2023-11-08,KZT,100,19.9834,0.199834
2023-11-09,KZT,100,19.8491,0.198491
2023-11-10,KZT,100,19.6934,0.196934
2023-11-11,KZT,100,19.6675,0.196675
2023-11-14,KZT,100,19.6876,0.196876
2023-11-15,KZT,100,19.5877,0.195877
2023-11-16,KZT,100,19.294,0.19294
2023-11-17,KZT,100,19.2721,0.192721
2023-11-18,KZT,100,19.3097,0.193097
2023-11-21,KZT,100,19.1222,0.191222
2023-11-22,KZT,100,18.9965,0.189965
2023-11-23,KZT,100,19.2063,0.192063
2023-11-24,KZT,100,19.2896,0.192896
2023-11-25,KZT,100,19.2583,0.192583
2023-11-28,KZT,100,19.1549,0.191549
2023-11-29,KZT,100,19.2895,0.192895
2023-11-30,KZT,100,19.363,0.19363
2023-12-01,KZT,100,19.2964,0.192964
2023-12-02,KZT,100,19.597,0.19597
2023-12-05,KZT,100,19.7051,0.197051
2023-12-06,KZT,100,19.8518,0.198518
2023-12-07,KZT,100,20.1242,0.201242
2023-12-08,KZT,100,20.1466,0.201466
2023-12-09,KZT,100,19.9257,0.199257
2023-12-12,KZT,100,19.8826,0.198826
2023-12-13,KZT,100,19.6767,0.196767
2023-12-14,KZT,100,19.6908,0.196908
2023-12-15,KZT,100,19.6788,0.196788
2023-12-16,KZT,100,19.6863,0.196863
2023-12-19,KZT,100,19.7657,0.197657
2023-12-20,KZT,100,19.6937,0.196937
2023-12-21,KZT,100,19.7392,0.197392
2023-12-22,KZT,100,20.1031,0.201031
2023-12-23,KZT,100,20.1184,0.201184
2023-12-26,KZT,100,20.0067,0.200067
2023-12-27,KZT,100,20.0395,0.200395
2023-12-28,KZT,100,20.1011,0.201011
2023-12-29,KZT,100,19.8253,0.198253
2023-12-30,KZT,100,19.7708,0.197708
2024-01-10,KZT,100,19.9391,0.199391
2024-01-11,KZT,100,19.7255,0.197255
2024-01-12,KZT,100,19.5839,0.195839
2024-01-13,KZT,100,19.4501,0.194501
2024-01-16,KZT,100,19.4264,0.194264
2024-01-17,KZT,100,19.4177,0.194177
2024-01-18,KZT,100,19.5798,0.195798
2024-01-19,KZT,100,19.5741,0.195741
2024-01-20,KZT,100,19.6081,0.196081
2024-01-23,KZT,100,19.5477,0.195477
2024-01-24,KZT,100,19.5983,0.195983
2024-01-25,KZT,100,19.793,0.19793
2024-01-26,KZT,100,19.9035,0.199035
2024-01-27,KZT,100,20.0695,0.200695
2024-01-30,KZT,100,19.9246,0.199246
2024-01-31,KZT,100,19.8428,0.198428
2024-02-01,KZT,100,20.0075,0.200075
2024-02-02,KZT,100,20.1523,0.201523
2024-02-03,KZT,100,20.1634,0.201634
2024-02-06,KZT,100,20.2206,0.202206
2024-02-07,KZT,100,20.0115,0.200115
2024-02-08,KZT,100,20.0513,0.200513
2024-02-09,KZT,100,20.1832,0.201832
2024-02-10,KZT,100,20.1826,0.201826
2024-02-13,KZT,100,20.3703,0.203703
2024-02-14,KZT,100,20.4167,0.204167
2024-02-15,KZT,100,20.4093,0.204093
2024-02-16,KZT,100,20.5344,0.205344
2024-02-17,KZT,100,20.6555,0.206555
2024-02-20,KZT,100,20.596,0.20596
2024-02-21,KZT,100,20.5156,0.205156
2024-02-22,KZT,100,20.4086,0.204086
2024-02-23,KZT,100,20.575,0.20575
2024-02-27,KZT,100,20.5904,0.205904
2024-02-28,KZT,100,20.4557,0.204557
2024-02-29,KZT,100,20.4659,0.204659
2024-03-01,KZT,100,20.1286,0.201286
2024-03-02,KZT,100,20.2689,0.202689
2024-03-05,KZT,100,20.2544,0.202544
2024-03-06,KZT,100,20.1082,0.201082
2024-03-07,KZT,100,20.0522,0.200522
2024-03-08,KZT,100,20.2783,0.202783
2024-03-12,KZT,100,20.2609,0.202609
2024-03-13,KZT,100,20.245,0.20245
2024-03-14,KZT,100,20.375,0.20375
2024-03-15,KZT,100,20.3685,0.203685
2024-03-16,KZT,100,20.4537,0.204537
2024-03-19,KZT,100,20.5054,0.205054
2024-03-20,KZT,100,20.5262,0.205262
2024-03-21,KZT,100,20.5476,0.205476
2024-03-22,KZT,100,20.3758,0.203758
2024-03-23,KZT,100,20.5225,0.205225
2024-03-26,KZT,100,20.5589,0.205589
2024-03-27,KZT,100,20.5142,0.205142
2024-03-28,KZT,100,20.5728,0.205728
2024-03-29,KZT,100,20.522,0.20522
2024-03-30,KZT,100,20.6105,0.206105
2024-04-02,KZT,100,20.657,0.20657
2024-04-03,KZT,100,20.7196,0.207196
2024-04-04,KZT,100,20.6442,0.206442
2024-04-05,KZT,100,20.6542,0.206542
2024-04-06,KZT,100,20.6982,0.206982
2024-04-09,KZT,100,20.7218,0.207218
2024-04-10,KZT,100,20.7975,0.207975
2024-04-11,KZT,100,20.8947,0.208947
2024-04-12,KZT,100,20.9593,0.209593
2024-04-13,KZT,100,20.8385,0.208385
2024-04-16,KZT,100,20.8956,0.208956
2024-04-17,KZT,100,20.9725,0.209725
2024-04-18,KZT,100,21.0165,0.210165
2024-04-19,KZT,100,20.9611,0.209611
2024-04-20,KZT,100,20.8853,0.208853
2024-04-23,KZT,100,20.8856,0.208856
2024-04-24,KZT,100,20.9334,0.209334
2024-04-25,KZT,100,20.8196,0.208196
2024-04-26,KZT,100,20.7573,0.207573
2024-04-27,KZT,100,20.7135,0.207135
2024-04-28,KZT,100,20.7013,0.207013
2024-05-03,KZT,100,20.8243,0.208243
2024-05-04,KZT,100,20.6807,0.206807
2024-05-07,KZT,100,20.6748,0.206748
2024-05-08,KZT,100,20.7367,0.207367
2024-05-09,KZT,100,20.8961,0.208961
2024-05-14,KZT,100,20.8541,0.208541
2024-05-15,KZT,100,20.7201,0.207201
2024-05-16,KZT,100,20.698,0.20698
2024-05-17,KZT,100,20.5985,0.205985
2024-05-18,KZT,100,20.6049,0.206049
2024-05-21,KZT,100,20.4433,0.204433
2024-05-22,KZT,100,20.3751,0.203751
2024-05-23,KZT,100,20.4139,0.204139
2024-05-24,KZT,100,20.4279,0.204279
2024-05-25,KZT,100,20.2475,0.202475
2024-05-28,KZT,100,20.012,0.20012
2024-05-29,KZT,100,19.9705,0.199705
2024-05-30,KZT,100,20.2131,0.202131
2024-05-31,KZT,100,20.2748,0.202748
2024-06-01,KZT,100,20.2773,0.202773
2024-06-04,KZT,100,19.9833,0.199833
2024-06-05,KZT,100,19.8527,0.198527
2024-06-06,KZT,100,19.8084,0.198084
2024-06-07,KZT,100,19.7843,0.197843
2024-06-08,KZT,100,19.8618,0.198618
2024-06-11,KZT,100,19.8928,0.198928
2024-06-12,KZT,100,19.8655,0.198655
2024-06-14,KZT,100,19.525,0.19525
2024-06-15,KZT,100,19.7319,0.197319
2024-06-18,KZT,100,19.7542,0.197542
2024-06-19,KZT,100,19.2165,0.192165
2024-06-20,KZT,100,18.0419,0.180419
2024-06-21,KZT,100,18.5791,0.185791
2024-06-22,KZT,100,19.1383,0.191383
2024-06-25,KZT,100,18.8012,0.188012
2024-06-26,KZT,100,18.758,0.18758
2024-06-27,KZT,100,18.7906,0.187906
2024-06-28,KZT,100,18.3203,0.183203
2024-06-29,KZT,100,18.4198,0.184198
2024-07-02,KZT,100,18.5164,0.185164
2024-07-03,KZT,100,18.5176,0.185176
2024-07-04,KZT,100,18.6403,0.186403
2024-07-05,KZT,100,18.6471,0.186471
2024-07-06,KZT,100,18.5395,0.185395
2024-07-09,KZT,100,18.5124,0.185124
2024-07-10,KZT,100,18.4776,0.184776
2024-07-11,KZT,100,18.2738,0.182738
2024-07-12,KZT,100,18.3891,0.183891
2024-07-13,KZT,100,18.501,0.18501
2024-07-16,KZT,100,18.4847,0.184847
2024-07-17,KZT,100,18.6845,0.186845
2024-07-18,KZT,100,18.5595,0.185595
2024-07-19,KZT,100,18.5067,0.185067
2024-07-20,KZT,100,18.4518,0.184518
2024-07-23,KZT,100,18.3419,0.183419
2024-07-24,KZT,100,18.4506,0.184506
2024-07-25,KZT,100,18.3129,0.183129
2024-07-26,KZT,100,18.0156,0.180156
2024-07-27,KZT,100,18.0243,0.180243
2024-07-30,KZT,100,18.2287,0.182287
2024-07-31,KZT,100,18.2404,0.182404
2024-08-01,KZT,100,18.1141,0.181141
2024-08-02,KZT,100,18.0997,0.180997
2024-08-03,KZT,100,18.0536,0.180536
2024-08-06,KZT,100,17.8998,0.178998
2024-08-07,KZT,100,17.8486,0.178486
2024-08-08,KZT,100,17.9296,0.179296
2024-08-09,KZT,100,18.1998,0.181998
2024-08-10,KZT,100,18.4415,0.184415
2024-08-13,KZT,100,18.8553,0.188553
2024-08-14,KZT,100,19.3431,0.193431
2024-08-15,KZT,100,18.773,0.18773
2024-08-16,KZT,100,18.5057,0.185057
2024-08-17,KZT,100,18.5775,0.185775
2024-08-20,KZT,100,18.6972,0.186972
2024-08-21,KZT,100,18.9444,0.189444
2024-08-22,KZT,100,19.2291,0.192291
2024-08-23,KZT,100,19.1903,0.191903
2024-08-24,KZT,100,19.1202,0.191202
2024-08-27,KZT,100,19.0096,0.190096
2024-08-28,KZT,100,18.9146,0.189146
2024-08-29,KZT,100,19.0276,0.190276
2024-08-30,KZT,100,19.0048,0.190048
2024-08-31,KZT,100,18.933,0.18933
2024-09-03,KZT,100,18.6868,0.186868
2024-09-04,KZT,100,18.364,0.18364
2024-09-05,KZT,100,18.4217,0.184217
2024-09-06,KZT,100,18.5504,0.185504
2024-09-07,KZT,100,18.5991,0.185991
2024-09-10,KZT,100,18.8087,0.188087
2024-09-11,KZT,100,19.0258,0.190258
2024-09-12,KZT,100,19.1152,0.191152
2024-09-13,KZT,100,19.0758,0.190758
2024-09-14,KZT,100,19.0586,0.190586
2024-09-17,KZT,100,19.0125,0.190125
2024-09-18,KZT,100,19.0236,0.190236
2024-09-19,KZT,100,19.0731,0.190731
2024-09-20,KZT,100,19.3536,0.193536
2024-09-21,KZT,100,19.3316,0.193316
2024-09-24,KZT,100,19.3967,0.193967
2024-09-25,KZT,100,19.3262,0.193262
2024-09-26,KZT,100,19.2591,0.192591
2024-09-27,KZT,100,19.3256,0.193256
2024-09-28,KZT,100,19.3741,0.193741
2024-10-01,KZT,100,19.4525,0.194525
2024-10-02,KZT,100,19.4015,0.194015
2024-10-03,KZT,100,19.6841,0.196841
2024-10-04,KZT,100,19.6648,0.196648
2024-10-05,KZT,100,19.6475,0.196475
2024-10-08,KZT,100,19.9371,0.199371
2024-10-09,KZT,100,19.8418,0.198418
2024-10-10,KZT,100,19.9302,0.199302
2024-10-11,KZT,100,19.8829,0.198829
2024-10-12,KZT,100,19.5723,0.195723
2024-10-15,KZT,100,19.7185,0.197185
2024-10-16,KZT,100,20.0393,0.200393
2024-10-17,KZT,100,19.9534,0.199534
2024-10-18,KZT,100,19.8697,0.198697
2024-10-19,KZT,100,19.7884,0.197884
2024-10-22,KZT,100,19.8112,0.198112
2024-10-23,KZT,100,20.0531,0.200531
2024-10-24,KZT,100,19.9587,0.199587
2024-10-25,KZT,100,19.8788,0.198788
2024-10-26,KZT,100,19.9266,0.199266
2024-10-29,KZT,100,20.0429,0.200429
2024-10-30,KZT,100,19.9516,0.199516
2024-10-31,KZT,100,19.7383,0.197383
2024-11-01,KZT,100,19.8634,0.198634
2024-11-02,KZT,100,19.9566,0.199566
2024-11-03,KZT,100,19.9852,0.199852
2024-11-06,KZT,100,20.0376,0.200376
2024-11-07,KZT,100,20.0903,0.200903
2024-11-08,KZT,100,19.9278,0.199278
2024-11-09,KZT,100,19.876,0.19876
2024-11-12,KZT,100,19.9213,0.199213
2024-11-13,KZT,100,19.8835,0.198835
2024-11-14,KZT,100,19.8739,0.198739
2024-11-15,KZT,100,20.1187,0.201187
2024-11-16,KZT,100,20.2485,0.202485
2024-11-19,KZT,100,20.1518,0.201518
2024-11-20,KZT,100,20.0917,0.200917
2024-11-21,KZT,100,20.1543,0.201543
2024-11-22,KZT,100,20.3311,0.203311
2024-11-23,KZT,100,20.7279,0.207279
2024-11-26,KZT,100,20.8273,0.208273
2024-11-27,KZT,100,21.0749,0.210749
2024-11-28,KZT,100,21.6649,0.216649
2024-11-29,KZT,100,21.9371,0.219371
2024-11-30,KZT,100,21.0021,0.210021
2024-12-03,KZT,100,20.9647,0.209647
2024-12-04,KZT,100,20.2424,0.202424
2024-12-05,KZT,100,19.9239,0.199239
2024-12-06,KZT,100,19.7455,0.197455
2024-12-07,KZT,100,18.9501,0.189501
2024-12-10,KZT,100,19.3094,0.193094
2024-12-11,KZT,100,19.6111,0.196111
2024-12-12,KZT,100,20.3269,0.203269
2024-12-13,KZT,100,20.1091,0.201091
2024-12-14,KZT,100,19.7798,0.197798
2024-12-17,KZT,100,19.6965,0.196965
2024-12-18,KZT,100,19.7129,0.197129
2024-12-19,KZT,100,19.5891,0.195891
2024-12-20,KZT,100,19.7885,0.197885
2024-12-21,KZT,100,19.5305,0.195305
2024-12-24,KZT,100,19.3972,0.193972
2024-12-25,KZT,100,19.0699,0.190699
2024-12-26,KZT,100,19.3089,0.193089
2024-12-27,KZT,100,19.2705,0.192705
2024-12-28,KZT,100,19.5105,0.195105
2024-12-29,KZT,100,19.486,0.19486
2025-01-10,KZT,100,19.4016,0.194016
2025-01-11,KZT,100,19.4216,0.194216
2025-01-14,KZT,100,19.4962,0.194962
2025-01-15,KZT,100,19.5713,0.195713
2025-01-16,KZT,100,19.3889,0.193889
2025-01-17,KZT,100,19.3272,0.193272
2025-01-18,KZT,100,19.3361,0.193361
2025-01-21,KZT,100,19.233,0.19233
2025-01-22,KZT,100,18.8547,0.188547
2025-01-23,KZT,100,18.6285,0.186285
2025-01-24,KZT,100,19.024,0.19024
2025-01-25,KZT,100,18.8093,0.188093
2025-01-28,KZT,100,18.7571,0.187571
2025-01-29,KZT,100,18.9573,0.189573
2025-01-30,KZT,100,18.9899,0.189899
2025-01-31,KZT,100,18.9622,0.189622
2025-02-01,KZT,100,18.8358,0.188358
2025-02-04,KZT,100,19.2889,0.192889
2025-02-05,KZT,100,18.8906,0.188906
2025-02-06,KZT,100,18.8471,0.188471
2025-02-07,KZT,100,18.7822,0.187822
2025-02-08,KZT,100,18.8772,0.188772
2025-02-11,KZT,100,18.9331,0.189331
2025-02-12,KZT,100,18.7668,0.187668
2025-02-13,KZT,100,18.5709,0.185709
2025-02-14,KZT,100,18.1587,0.181587
2025-02-15,KZT,100,18.1389,0.181389
2025-02-18,KZT,100,18.4612,0.184612
2025-02-19,KZT,100,18.3137,0.183137
2025-02-20,KZT,100,18.162,0.18162
2025-02-21,KZT,100,17.5752,0.175752
2025-02-22,KZT,100,17.642,0.17642
2025-02-25,KZT,100,17.5546,0.175546
2025-02-26,KZT,100,17.2268,0.172268
2025-02-27,KZT,100,17.2307,0.172307
2025-02-28,KZT,100,17.4946,0.174946
2025-03-01,KZT,100,17.5989,0.175989
2025-03-04,KZT,100,17.8778,0.178778
2025-03-05,KZT,100,17.8808,0.178808
2025-03-06,KZT,100,17.9669,0.179669
2025-03-07,KZT,100,18.0331,0.180331
2025-03-08,KZT,100,17.9728,0.179728
2025-03-11,KZT,100,17.8618,0.178618
2025-03-12,KZT,100,17.4939,0.174939
2025-03-13,KZT,100,17.7308,0.177308
2025-03-14,KZT,100,17.7081,0.177081
2025-03-15,KZT,100,17.277,0.17277
2025-03-18,KZT,100,16.6893,0.166893
2025-03-19,KZT,100,16.3317,0.163317
2025-03-20,KZT,100,16.6896,0.166896
2025-03-21,KZT,100,16.8683,0.168683
2025-03-22,KZT,100,16.8327,0.168327
2025-03-25,KZT,100,16.6803,0.166803
2025-03-26,KZT,100,16.7438,0.167438
2025-03-27,KZT,100,16.7465,0.167465
2025-03-28,KZT,100,16.7065,0.167065
2025-03-29,KZT,100,16.795,0.16795
2025-04-01,KZT,100,16.9831,0.169831
2025-04-02,KZT,100,16.8247,0.168247
2025-04-03,KZT,100,16.8046,0.168046
2025-04-04,KZT,100,16.7743,0.167743
2025-04-05,KZT,100,16.8027,0.168027
2025-04-08,KZT,100,17.0895,0.170895
2025-04-09,KZT,100,16.489,0.16489
2025-04-10,KZT,100,16.6019,0.166019
2025-04-11,KZT,100,16.3341,0.163341
2025-04-12,KZT,100,16.3058,0.163058
2025-04-15,KZT,100,16.0732,0.160732
2025-04-16,KZT,100,15.8817,0.158817
2025-04-17,KZT,100,15.9775,0.159775
2025-04-18,KZT,100,15.7226,0.157226
2025-04-19,KZT,100,15.5079,0.155079
2025-04-22,KZT,100,15.4742,0.154742
2025-04-23,KZT,100,15.6198,0.156198
2025-04-24,KZT,100,15.8982,0.158982
2025-04-25,KZT,100,15.9849,0.159849
2025-04-26,KZT,100,15.9825,0.159825
2025-04-29,KZT,100,16.0276,0.160276
2025-04-30,KZT,100,15.8779,0.158779
2025-05-01,KZT,100,15.9067,0.159067
2025-05-06,KZT,100,15.8698,0.158698
2025-05-07,KZT,100,15.6142,0.156142
2025-05-08,KZT,100,15.7165,0.157165
2025-05-13,KZT,100,15.6757,0.156757
2025-05-14,KZT,100,15.6791,0.156791
2025-05-15,KZT,100,15.7283,0.157283
2025-05-16,KZT,100,15.8656,0.158656
2025-05-17,KZT,100,15.819,0.15819
2025-05-20,KZT,100,15.7826,0.157826
2025-05-21,KZT,100,15.7225,0.157225
2025-05-22,KZT,100,15.5892,0.155892
2025-05-23,KZT,100,15.6164,0.156164
2025-05-24,KZT,100,15.7199,0.157199
2025-05-27,KZT,100,15.5937,0.155937
2025-05-28,KZT,100,15.5795,0.155795
2025-05-29,KZT,100,15.5427,0.155427
2025-05-30,KZT,100,15.3117,0.153117
2025-05-31,KZT,100,15.4375,0.154375
2025-06-03,KZT,100,15.4908,0.154908
2025-06-04,KZT,100,15.4203,0.154203
2025-06-05,KZT,100,15.3295,0.153295
2025-06-06,KZT,100,15.4645,0.154645
2025-06-07,KZT,100,15.5178,0.155178
2025-06-10,KZT,100,15.5147,0.155147
2025-06-11,KZT,100,15.4573,0.154573
2025-06-12,KZT,100,15.5389,0.155389
2025-06-17,KZT,100,15.3357,0.153357
2025-06-18,KZT,100,15.3605,0.153605
2025-06-19,KZT,100,15.2126,0.152126
2025-06-20,KZT,100,15.1277,0.151277
2025-06-21,KZT,100,15.1095,0.151095
2025-06-24,KZT,100,15.0109,0.150109
2025-06-25,KZT,100,14.9752,0.149752
2025-06-26,KZT,100,15.0591,0.150591
2025-06-27,KZT,100,15.0842,0.150842
2025-06-28,KZT,100,15.1384,0.151384
2025-07-01,KZT,100,15.0903,0.150903
2025-07-02,KZT,100,15.0909,0.150909
2025-07-03,KZT,100,15.1464,0.151464
2025-07-04,KZT,100,15.1982,0.151982
2025-07-05,KZT,100,15.1732,0.151732
2025-07-08,KZT,100,15.1525,0.151525
2025-07-09,KZT,100,15.0465,0.150465
2025-07-10,KZT,100,15.0454,0.150454
2025-07-11,KZT,100,15.0111,0.150111
2025-07-12,KZT,100,15.0259,0.150259
2025-07-15,KZT,100,15.0447,0.150447
2025-07-16,KZT,100,14.8707,0.148707
2025-07-17,KZT,100,14.8247,0.148247
2025-07-18,KZT,100,14.8501,0.148501
2025-07-19,KZT,100,14.7,0.147
2025-07-22,KZT,100,14.6788,0.146788
2025-07-23,KZT,100,14.7492,0.147492
2025-07-24,KZT,100,14.7469,0.147469
2025-07-25,KZT,100,14.641,0.14641
2025-07-26,KZT,100,14.6795,0.146795
2025-07-29,KZT,100,14.605,0.14605
2025-07-30,KZT,100,15.1851,0.151851
2025-07-31,KZT,100,15.0978,0.150978
2025-08-01,KZT,100,14.7003,0.147003
2025-08-02,KZT,100,14.8543,0.148543
2025-08-05,KZT,100,14.6664,0.146664
2025-08-06,KZT,100,14.7741,0.147741
2025-08-07,KZT,100,14.9185,0.149185
2025-08-08,KZT,100,14.7946,0.147946
2025-08-09,KZT,100,14.791,0.14791
2025-08-12,KZT,100,14.7672,0.147672
2025-08-13,KZT,100,14.7185,0.147185
2025-08-14,KZT,100,14.6791,0.146791
2025-08-15,KZT,100,14.8274,0.148274
2025-08-16,KZT,100,14.8732,0.148732
2025-08-19,KZT,100,14.8697,0.148697
2025-08-20,KZT,100,14.879,0.14879
2025-08-21,KZT,100,14.8736,0.148736
2025-08-22,KZT,100,14.9081,0.149081
2025-08-23,KZT,100,15.0162,0.150162
2025-08-26,KZT,100,15.0155,0.150155
2025-08-27,KZT,100,15.0239,0.150239
2025-08-28,KZT,100,15.0677,0.150677
2025-08-29,KZT,100,14.9344,0.149344
2025-08-30,KZT,100,14.9382,0.149382
2025-09-02,KZT,100,14.9341,0.149341
2025-09-03,KZT,100,14.9654,0.149654
2025-09-04,KZT,100,14.9845,0.149845
2025-09-05,KZT,100,15.0501,0.150501
2025-09-06,KZT,100,15.1015,0.151015
2025-09-09,KZT,100,15.3073,0.153073
2025-09-10,KZT,100,15.5556,0.155556
2025-09-11,KZT,100,15.8211,0.158211
2025-09-12,KZT,100,15.9169,0.159169
2025-09-13,KZT,100,15.6581,0.156581
2025-09-16,KZT,100,15.3598,0.153598
2025-09-17,KZT,100,15.3065,0.153065
2025-09-18,KZT,100,15.3832,0.153832
2025-09-19,KZT,100,15.3736,0.153736
2025-09-20,KZT,100,15.4414,0.154414
2025-09-23,KZT,100,15.5248,0.155248
2025-09-24,KZT,100,15.3594,0.153594
2025-09-25,KZT,100,15.411,0.15411
2025-09-26,KZT,100,15.4029,0.154029
2025-09-27,KZT,100,15.4356,0.154356
2025-09-30,KZT,100,15.2257,0.152257
2025-10-01,KZT,100,15.0528,0.150528
2025-10-02,KZT,100,14.8429,0.148429
2025-10-03,KZT,100,14.7516,0.147516
2025-10-04,KZT,100,14.9731,0.149731
2025-10-07,KZT,100,15.1579,0.151579
2025-10-08,KZT,100,15.0155,0.150155
2025-10-09,KZT,100,15.056,0.15056
2025-10-10,KZT,100,15.0743,0.150743
2025-10-11,KZT,100,14.9924,0.149924
2025-10-14,KZT,100,14.9992,0.149992
2025-10-15,KZT,100,14.8686,0.148686
2025-10-16,KZT,100,14.6369,0.146369
2025-10-17,KZT,100,14.6571,0.146571
2025-10-18,KZT,100,15.0572,0.150572
2025-10-21,KZT,100,15.1697,0.151697
2025-10-22,KZT,100,15.117,0.15117
2025-10-23,KZT,100,15.1617,0.151617
2025-10-24,KZT,100,15.0909,0.150909
2025-10-25,KZT,100,15.0474,0.150474
2025-10-28,KZT,100,14.6776,0.146776
2025-10-29,KZT,100,14.8324,0.148324
2025-10-30,KZT,100,14.8315,0.148315
2025-10-31,KZT,100,15.1851,0.151851
2025-11-01,KZT,100,15.2764,0.152764
2025-11-02,KZT,100,15.248,0.15248
2025-11-06,KZT,100,15.5388,0.155388
2025-11-07,KZT,100,15.5021,0.155021
2025-11-08,KZT,100,15.419,0.15419
2025-11-11,KZT,100,15.4012,0.154012
2025-11-12,KZT,100,15.5384,0.155384
2025-11-13,KZT,100,15.4746,0.154746
2025-11-14,KZT,100,15.3628,0.153628
2025-11-15,KZT,100,15.4729,0.154729
2025-11-18,KZT,100,15.5365,0.155365
2025-11-19,KZT,100,15.4643,0.154643
2025-11-20,KZT,100,15.5361,0.155361
2025-11-21,KZT,100,15.543,0.15543
2025-11-22,KZT,100,15.2501,0.152501
2025-11-25,KZT,100,15.2162,0.152162
2025-11-26,KZT,100,15.1855,0.151855
2025-11-27,KZT,100,15.1609,0.151609
2025-11-28,KZT,100,15.0864,0.150864
2025-11-29,KZT,100,15.1353,0.151353
2025-12-02,KZT,100,15.1606,0.151606
2025-12-03,KZT,100,15.0868,0.150868
2025-12-04,KZT,100,15.3396,0.153396
2025-12-05,KZT,100,15.2753,0.152753
2025-12-06,KZT,100,15.2294,0.152294
2025-12-09,KZT,100,15.3171,0.153171
2025-12-10,KZT,100,15.1108,0.151108
2025-12-11,KZT,100,15.1338,0.151338
2025-12-12,KZT,100,15.305,0.15305
2025-12-13,KZT,100,15.332,0.15332
2025-12-16,KZT,100,15.2091,0.152091
2025-12-17,KZT,100,15.2865,0.152865
2025-12-18,KZT,100,15.4694,0.154694
2025-12-19,KZT,100,15.5607,0.155607
2025-12-20,KZT,100,15.7184,0.157184
2025-12-23,KZT,100,15.3218,0.153218
2025-12-24,KZT,100,15.2586,0.152586
2025-12-25,KZT,100,15.3743,0.153743
2025-12-26,KZT,100,15.2416,0.152416
2025-12-27,KZT,100,15.1503,0.151503
2025-12-30,KZT,100,15.3481,0.153481
2025-12-31,KZT,100,15.4978,0.154978
2026-01-13,KZT,100,15.4511,0.154511
2026-01-14,KZT,100,15.4662,0.154662
2026-01-15,KZT,100,15.4137,0.154137
2026-01-16,KZT,100,15.3847,0.153847
2026-01-17,KZT,100,15.233,0.15233
2026-01-20,KZT,100,15.1825,0.151825
2026-01-21,KZT,100,15.2708,0.152708
2026-01-22,KZT,100,15.2876,0.152876
2026-01-23,KZT,100,15.0066,0.150066
2026-01-24,KZT,100,15.0135,0.150135
2026-01-27,KZT,100,15.1008,0.151008
2026-01-28,KZT,100,15.2558,0.152558
2026-01-29,KZT,100,15.1843,0.151843
2026-01-30,KZT,100,15.0873,0.150873
2026-01-31,KZT,100,15.0511,0.150511
2026-02-03,KZT,100,15.3731,0.153731
2026-02-04,KZT,100,15.2388,0.152388
2026-02-05,KZT,100,15.2769,0.152769
2026-02-06,KZT,100,15.3519,0.153519
2026-02-07,KZT,100,15.5633,0.155633
2026-02-10,KZT,100,15.6986,0.156986
2026-02-11,KZT,100,15.6057,0.156057
2026-02-12,KZT,100,15.7487,0.157487
2026-02-13,KZT,100,15.734,0.15734
2026-02-14,KZT,100,15.6175,0.156175
2026-02-17,KZT,100,15.4476,0.154476
2026-02-18,KZT,100,15.5983,0.155983
2026-02-19,KZT,100,15.5416,0.155416
2026-02-20,KZT,100,15.6633,0.156633
2026-02-21,KZT,100,15.6902,0.156902
2026-02-25,KZT,100,15.4091,0.154091
2026-02-26,KZT,100,15.3905,0.153905
2026-02-27,KZT,100,15.3856,0.153856
2026-02-28,KZT,100,15.4008,0.154008
2026-03-03,KZT,100,15.5104,0.155104
2026-03-04,KZT,100,15.4416,0.154416
2026-03-05,KZT,100,15.6198,0.156198
2026-03-06,KZT,100,15.6433,0.156433
2026-03-07,KZT,100,16.0431,0.160431
2026-03-11,KZT,100,15.944,0.15944
2026-03-12,KZT,100,16.0841,0.160841
2026-03-13,KZT,100,16.1563,0.161563
2026-03-14,KZT,100,16.3166,0.163166
2026-03-17,KZT,100,16.4977,0.164977
2026-03-18,KZT,100,16.847,0.16847
2026-03-19,KZT,100,17.3533,0.173533
2026-03-20,KZT,100,17.5833,0.175833
2026-03-21,KZT,100,17.4155,0.174155
2026-03-24,KZT,100,16.9752,0.169752
2026-03-25,KZT,100,16.7853,0.167853
2026-03-26,KZT,100,16.7353,0.167353
2026-03-27,KZT,100,17.0281,0.170281
2026-03-28,KZT,100,16.8409,0.168409
2026-03-31,KZT,100,16.8478,0.168478
2026-04-01,KZT,100,16.873,0.16873
2026-04-02,KZT,100,16.8397,0.168397
2026-04-03,KZT,100,16.909,0.16909
2026-04-04,KZT,100,16.8807,0.168807
2026-04-07,KZT,100,16.7342,0.167342
2026-04-08,KZT,100,16.8871,0.168871
2026-04-09,KZT,100,17.009,0.17009
2026-04-10,KZT,100,16.376,0.16376
2026-04-11,KZT,100,16.0419,0.160419
2026-04-14,KZT,100,16.1158,0.161158
2026-04-15,KZT,100,15.9725,0.159725
2026-04-16,KZT,100,15.7734,0.157734
2026-04-17,KZT,100,16.0492,0.160492
2026-04-18,KZT,100,16.1315,0.161315
2026-04-21,KZT,100,16.0242,0.160242
2026-04-22,KZT,100,15.8874,0.158874
2026-04-23,KZT,100,16.1383,0.161383
2026-04-24,KZT,100,16.2201,0.162201
2026-04-25,KZT,100,16.3172,0.163172
2026-04-28,KZT,100,16.0926,0.160926
2026-04-29,KZT,100,16.2098,0.162098
2026-04-30,KZT,100,16.3777,0.163777
2026-05-01,KZT,100,16.2066,0.162066
2026-05-05,KZT,100,16.2966,0.162966
2026-05-06,KZT,100,16.2196,0.162196
2026-05-07,KZT,100,16.177,0.16177
2026-05-08,KZT,100,16.1026,0.161026
2026-05-09,KZT,100,16.0325,0.160325
2026-05-13,KZT,100,15.997,0.15997
2026-05-14,KZT,100,15.8095,0.158095
2026-05-15,KZT,100,15.6402,0.156402
2026-05-16,KZT,100,15.4264,0.154264
2026-05-19,KZT,100,15.388,0.15388
2026-05-20,KZT,100,15.2471,0.152471
2026-05-21,KZT,100,15.0342,0.150342
2026-05-22,KZT,100,15.0052,0.150052
2026-05-23,KZT,100,15.1043,0.151043
2026-05-26,KZT,100,15.1967,0.151967
2026-05-27,KZT,100,15.1685,0.151685
2026-05-28,KZT,100,14.849,0.14849
2026-05-29,KZT,100,14.9475,0.149475
2026-05-30,KZT,100,14.6272,0.146272
2026-06-02,KZT,100,14.7244,0.147244
2026-06-03,KZT,100,14.8396,0.148396
2026-06-04,KZT,100,14.8725,0.148725
2026-06-05,KZT,100,15.1837,0.151837
2026-06-06,KZT,100,15.1376,0.151376
2026-06-09,KZT,100,15.0304,0.150304
2026-06-10,KZT,100,14.7968,0.147968
2026-06-11,KZT,100,14.6446,0.146446
2026-06-12,KZT,100,14.7174,0.147174
2026-06-16,KZT,100,14.8062,0.148062
2026-06-17,KZT,100,14.6812,0.146812
2026-06-18,KZT,100,14.9328,0.149328
2026-06-19,KZT,100,14.9899,0.149899
2026-06-20,KZT,100,15.0573,0.150573
2026-06-23,KZT,100,15.1043,0.151043
2026-06-24,KZT,100,15.3221,0.153221
2026-06-25,KZT,100,15.3795,0.153795
2026-06-26,KZT,100,15.5301,0.155301
2026-06-27,KZT,100,15.8758,0.158758
2026-06-30,KZT,100,15.9833,0.159833
2026-07-01,KZT,100,16.1108,0.161108
2026-07-02,KZT,100,16.2808,0.162808
2026-07-03,KZT,100,16.2603,0.162603
2026-07-04,KZT,100,16.2764,0.162764
2026-07-07,KZT,100,16.5179,0.165179
2026-07-08,KZT,100,16.1273,0.161273
2026-07-09,KZT,100,16.22,0.1622
2026-07-10,KZT,100,16.2251,0.162251
2026-07-11,KZT,100,16.402,0.16402
2026-07-14,KZT,100,16.488,0.16488
2026-07-15,KZT,100,16.2418,0.162418
2026-07-16,KZT,100,16.6262,0.166262
2026-07-17,KZT,100,16.6737,0.166737
2026-07-18,KZT,100,16.5979,0.165979
2026-07-21,KZT,100,16.669,0.16669
2026-07-22,KZT,100,16.7037,0.167037
2026-07-23,KZT,100,16.7115,0.167115
2026-07-24,KZT,100,16.7657,0.167657
2026-07-25,KZT,100,16.7542,0.167542
2026-07-28,KZT,100,16.3878,0.163878
2026-07-29,KZT,100,16.624,0.16624
2026-07-30,KZT,100,16.6454,0.166454
2026-07-31,KZT,100,16.7356,0.167356
2026-08-01,KZT,100,16.7422,0.167422
2026-08-04,KZT,100,16.9068,0.169068
2026-08-05,KZT,100,17.0662,0.170662
2026-08-06,KZT,100,17.1468,0.171468
2026-08-07,KZT,100,17.3263,0.173263
2026-08-08,KZT,100,17.5765,0.175765
2026-08-11,KZT,100,17.5784,0.175784
2026-08-12,KZT,100,17.6738,0.176738
2026-08-13,KZT,100,17.8206,0.178206
2026-08-14,KZT,100,18.0154,0.180154
2026-08-15,KZT,100,18.1743,0.181743
2026-08-18,KZT,100,18.3211,0.183211
2026-08-19,KZT,100,18.4582,0.184582
2026-08-20,KZT,100,18.5011,0.185011
2026-08-21,KZT,100,18.0336,0.180336
2026-08-22,KZT,100,18.096,0.18096
2026-08-25,KZT,100,18.2297,0.182297
2026-08-26,KZT,100,18.4422,0.184422
2026-08-27,KZT,100,18.3829,0.183829
2026-08-28,KZT,100,18.7317,0.187317
2026-08-29,KZT,100,18.5163,0.185163
2026-09-01,KZT,100,18.5854,0.185854
2026-09-02,KZT,100,18.7651,0.187651
