date,iso,nominal,rate,rate_per_unit
2000-01-01,USD,1,27.0,27.0
2000-01-06,USD,1,26.9,26.9
2000-01-07,USD,1,27.23,27.23
2000-01-11,USD,1,27.73,27.73
2000-01-12,USD,1,28.44,28.44
2000-01-13,USD,1,28.85,28.85
2000-01-14,USD,1,28.65,28.65
2000-01-15,USD,1,28.57,28.57
2000-01-18,USD,1,28.57,28.57
2000-01-19,USD,1,28.57,28.57
2000-01-20,USD,1,28.52,28.52
2000-01-21,USD,1,28.51,28.51
2000-01-22,USD,1,28.44,28.44
2000-01-25,USD,1,28.44,28.44
2000-01-26,USD,1,28.49,28.49
2000-01-27,USD,1,28.55,28.55
2000-01-28,USD,1,28.55,28.55
2000-01-29,USD,1,28.55,28.55
2000-02-01,USD,1,28.55,28.55
2000-02-02,USD,1,28.55,28.55
2000-02-03,USD,1,28.64,28.64
2000-02-04,USD,1,28.77,28.77
2000-02-05,USD,1,28.77,28.77
2000-02-08,USD,1,28.76,28.76
2000-02-09,USD,1,28.72,28.72
2000-02-10,USD,1,28.69,28.69
2000-02-11,USD,1,28.66,28.66
2000-02-12,USD,1,28.77,28.77
2000-02-15,USD,1,28.77,28.77
2000-02-16,USD,1,28.72,28.72
2000-02-17,USD,1,28.71,28.71
2000-02-18,USD,1,28.79,28.79
2000-02-19,USD,1,28.74,28.74
2000-02-22,USD,1,28.74,28.74
2000-02-23,USD,1,28.87,28.87
2000-02-24,USD,1,28.83,28.83
2000-02-25,USD,1,28.8,28.8
2000-02-26,USD,1,28.7,28.7
2000-02-29,USD,1,28.66,28.66
2000-03-01,USD,1,28.65,28.65
2000-03-02,USD,1,28.64,28.64
2000-03-03,USD,1,28.6,28.6
2000-03-04,USD,1,28.59,28.59
2000-03-07,USD,1,28.58,28.58
2000-03-08,USD,1,28.55,28.55
2000-03-10,USD,1,28.53,28.53
2000-03-11,USD,1,28.51,28.51
2000-03-14,USD,1,28.5,28.5
2000-03-15,USD,1,28.49,28.49
2000-03-16,USD,1,28.46,28.46
2000-03-17,USD,1,28.43,28.43
2000-03-18,USD,1,28.41,28.41
2000-03-21,USD,1,28.39,28.39
2000-03-22,USD,1,28.38,28.38
2000-03-23,USD,1,28.36,28.36
2000-03-24,USD,1,28.34,28.34
2000-03-25,USD,1,28.33,28.33
2000-03-28,USD,1,28.31,28.31
2000-03-29,USD,1,28.29,28.29
2000-03-30,USD,1,28.27,28.27
2000-03-31,USD,1,28.46,28.46
2000-04-01,USD,1,28.6,28.6
2000-04-04,USD,1,28.78,28.78
2000-04-05,USD,1,28.76,28.76
2000-04-06,USD,1,28.72,28.72
2000-04-07,USD,1,28.68,28.68
2000-04-08,USD,1,28.66,28.66
2000-04-11,USD,1,28.63,28.63
2000-04-12,USD,1,28.59,28.59
2000-04-13,USD,1,28.56,28.56
2000-04-14,USD,1,28.53,28.53
2000-04-15,USD,1,28.5,28.5
2000-04-18,USD,1,28.6,28.6
2000-04-19,USD,1,28.78,28.78
2000-04-20,USD,1,28.62,28.62
2000-04-21,USD,1,28.59,28.59
2000-04-22,USD,1,28.55,28.55
2000-04-25,USD,1,28.53,28.53
2000-04-26,USD,1,28.53,28.53
2000-04-27,USD,1,28.46,28.46
2000-04-28,USD,1,28.43,28.43
2000-04-29,USD,1,28.4,28.4
2000-05-04,USD,1,28.38,28.38
2000-05-05,USD,1,28.36,28.36
2000-05-06,USD,1,28.36,28.36
2000-05-07,USD,1,28.36,28.36
2000-05-11,USD,1,28.34,28.34
2000-05-12,USD,1,28.32,28.32
2000-05-13,USD,1,28.3,28.3
2000-05-16,USD,1,28.28,28.28
2000-05-17,USD,1,28.27,28.27
2000-05-18,USD,1,28.27,28.27
2000-05-19,USD,1,28.33,28.33
2000-05-20,USD,1,28.31,28.31
2000-05-23,USD,1,28.3,28.3
2000-05-24,USD,1,28.29,28.29
2000-05-25,USD,1,28.28,28.28
2000-05-26,USD,1,28.28,28.28
2000-05-27,USD,1,28.27,28.27
2000-05-30,USD,1,28.27,28.27
2000-05-31,USD,1,28.25,28.25
2000-06-01,USD,1,28.23,28.23
2000-06-02,USD,1,28.25,28.25
2000-06-03,USD,1,28.34,28.34
2000-06-06,USD,1,28.34,28.34
2000-06-07,USD,1,28.32,28.32
2000-06-08,USD,1,28.3,28.3
2000-06-09,USD,1,28.27,28.27
2000-06-10,USD,1,28.25,28.25
2000-06-14,USD,1,28.43,28.43
2000-06-15,USD,1,28.33,28.33
2000-06-16,USD,1,28.29,28.29
2000-06-17,USD,1,28.26,28.26
2000-06-20,USD,1,28.24,28.24
2000-06-21,USD,1,28.23,28.23
2000-06-22,USD,1,28.22,28.22
2000-06-23,USD,1,28.19,28.19
2000-06-24,USD,1,28.17,28.17
2000-06-27,USD,1,28.13,28.13
2000-06-28,USD,1,28.11,28.11
2000-06-29,USD,1,28.09,28.09
2000-06-30,USD,1,28.07,28.07
2000-07-01,USD,1,28.05,28.05
2000-07-04,USD,1,28.03,28.03
2000-07-05,USD,1,28.03,28.03
2000-07-06,USD,1,28.03,28.03
2000-07-07,USD,1,28.01,28.01
2000-07-08,USD,1,27.99,27.99
2000-07-11,USD,1,27.97,27.97
2000-07-12,USD,1,27.92,27.92
2000-07-13,USD,1,27.9,27.9
2000-07-14,USD,1,27.87,27.87
2000-07-15,USD,1,27.85,27.85
2000-07-18,USD,1,27.83,27.83
2000-07-19,USD,1,27.81,27.81
2000-07-20,USD,1,27.75,27.75
2000-07-21,USD,1,27.66,27.66
2000-07-22,USD,1,27.64,27.64
2000-07-25,USD,1,27.64,27.64
2000-07-26,USD,1,27.64,27.64
2000-07-27,USD,1,27.64,27.64
2000-07-28,USD,1,27.7,27.7
2000-07-29,USD,1,27.8,27.8
2000-08-01,USD,1,27.82,27.82
2000-08-02,USD,1,27.85,27.85
2000-08-03,USD,1,27.83,27.83
2000-08-04,USD,1,27.8,27.8
2000-08-05,USD,1,27.77,27.77
2000-08-08,USD,1,27.73,27.73
2000-08-09,USD,1,27.73,27.73
2000-08-10,USD,1,27.7,27.7
2000-08-11,USD,1,27.7,27.7
2000-08-12,USD,1,27.69,27.69
2000-08-15,USD,1,27.69,27.69
2000-08-16,USD,1,27.74,27.74
2000-08-17,USD,1,27.73,27.73
2000-08-18,USD,1,27.73,27.73
2000-08-19,USD,1,27.73,27.73
2000-08-22,USD,1,27.71,27.71
2000-08-23,USD,1,27.71,27.71
2000-08-24,USD,1,27.71,27.71
2000-08-25,USD,1,27.7,27.7
2000-08-26,USD,1,27.7,27.7
2000-08-29,USD,1,27.7,27.7
2000-08-30,USD,1,27.75,27.75
2000-08-31,USD,1,27.75,27.75
2000-09-01,USD,1,27.75,27.75
2000-09-02,USD,1,27.75,27.75
2000-09-05,USD,1,27.75,27.75
2000-09-06,USD,1,27.84,27.84
2000-09-07,USD,1,27.88,27.88
2000-09-08,USD,1,27.84,27.84
2000-09-09,USD,1,27.86,27.86
2000-09-12,USD,1,27.84,27.84
2000-09-13,USD,1,27.82,27.82
2000-09-14,USD,1,27.82,27.82
2000-09-15,USD,1,27.78,27.78
2000-09-16,USD,1,27.73,27.73
2000-09-19,USD,1,27.73,27.73
2000-09-20,USD,1,27.77,27.77
2000-09-21,USD,1,27.82,27.82
2000-09-22,USD,1,27.82,27.82
2000-09-23,USD,1,27.79,27.79
2000-09-26,USD,1,27.85,27.85
2000-09-27,USD,1,27.82,27.82
2000-09-28,USD,1,27.81,27.81
2000-09-29,USD,1,27.75,27.75
2000-09-30,USD,1,27.75,27.75
2000-10-03,USD,1,27.76,27.76
2000-10-04,USD,1,27.76,27.76
2000-10-05,USD,1,27.81,27.81
2000-10-06,USD,1,27.86,27.86
2000-10-07,USD,1,27.88,27.88
2000-10-10,USD,1,27.88,27.88
2000-10-11,USD,1,27.94,27.94
2000-10-12,USD,1,27.86,27.86
2000-10-13,USD,1,27.91,27.91
2000-10-14,USD,1,27.9,27.9
2000-10-17,USD,1,27.83,27.83
2000-10-18,USD,1,27.8,27.8
2000-10-19,USD,1,27.87,27.87
2000-10-20,USD,1,27.93,27.93
2000-10-21,USD,1,27.93,27.93
2000-10-24,USD,1,27.93,27.93
2000-10-25,USD,1,27.91,27.91
2000-10-26,USD,1,27.87,27.87
2000-10-27,USD,1,27.92,27.92
2000-10-28,USD,1,27.89,27.89
2000-10-31,USD,1,27.83,27.83
2000-11-01,USD,1,27.82,27.82
2000-11-02,USD,1,27.86,27.86
2000-11-03,USD,1,27.84,27.84
2000-11-04,USD,1,27.81,27.81
2000-11-05,USD,1,27.81,27.81
2000-11-09,USD,1,27.79,27.79
2000-11-10,USD,1,27.72,27.72
2000-11-11,USD,1,27.78,27.78
2000-11-14,USD,1,27.77,27.77
2000-11-15,USD,1,27.7,27.7
2000-11-16,USD,1,27.67,27.67
2000-11-17,USD,1,27.76,27.76
2000-11-18,USD,1,27.81,27.81
2000-11-21,USD,1,27.83,27.83
2000-11-22,USD,1,27.83,27.83
2000-11-23,USD,1,27.85,27.85
2000-11-24,USD,1,27.85,27.85
2000-11-25,USD,1,27.88,27.88
2000-11-28,USD,1,27.86,27.86
2000-11-29,USD,1,27.86,27.86
2000-11-30,USD,1,27.85,27.85
2000-12-01,USD,1,27.89,27.89
2000-12-02,USD,1,27.89,27.89
2000-12-05,USD,1,27.91,27.91
2000-12-06,USD,1,27.95,27.95
2000-12-07,USD,1,27.93,27.93
2000-12-08,USD,1,27.93,27.93
2000-12-09,USD,1,27.95,27.95
2000-12-10,USD,1,27.95,27.95
2000-12-14,USD,1,27.97,27.97
2000-12-15,USD,1,27.92,27.92
2000-12-16,USD,1,27.97,27.97
2000-12-19,USD,1,27.95,27.95
2000-12-20,USD,1,27.95,27.95
2000-12-21,USD,1,27.96,27.96
2000-12-22,USD,1,27.96,27.96
2000-12-23,USD,1,27.97,27.97
2000-12-26,USD,1,27.97,27.97
2000-12-27,USD,1,28.07,28.07
2000-12-28,USD,1,28.16,28.16
2000-12-29,USD,1,28.16,28.16
2000-12-30,USD,1,28.16,28.16
2001-01-04,USD,1,28.16,28.16
2001-01-05,USD,1,28.48,28.48
2001-01-06,USD,1,28.43,28.43
2001-01-10,USD,1,28.39,28.39
2001-01-11,USD,1,28.38,28.38
2001-01-12,USD,1,28.39,28.39
2001-01-13,USD,1,28.35,28.35
2001-01-16,USD,1,28.35,28.35
2001-01-17,USD,1,28.32,28.32
2001-01-18,USD,1,28.39,28.39
2001-01-19,USD,1,28.36,28.36
2001-01-20,USD,1,28.34,28.34
2001-01-23,USD,1,28.37,28.37
2001-01-24,USD,1,28.39,28.39
2001-01-25,USD,1,28.39,28.39
2001-01-26,USD,1,28.4,28.4
2001-01-27,USD,1,28.36,28.36
2001-01-30,USD,1,28.36,28.36
2001-01-31,USD,1,28.37,28.37
2001-02-01,USD,1,28.4,28.4
2001-02-02,USD,1,28.44,28.44
2001-02-03,USD,1,28.45,28.45
2001-02-06,USD,1,28.44,28.44
2001-02-07,USD,1,28.45,28.45
2001-02-08,USD,1,28.47,28.47
2001-02-09,USD,1,28.5,28.5
2001-02-10,USD,1,28.59,28.59
2001-02-13,USD,1,28.68,28.68
2001-02-14,USD,1,28.68,28.68
2001-02-15,USD,1,28.67,28.67
2001-02-16,USD,1,28.68,28.68
2001-02-17,USD,1,28.66,28.66
2001-02-20,USD,1,28.66,28.66
2001-02-21,USD,1,28.69,28.69
2001-02-22,USD,1,28.65,28.65
2001-02-23,USD,1,28.61,28.61
2001-02-24,USD,1,28.68,28.68
2001-02-27,USD,1,28.76,28.76
2001-02-28,USD,1,28.72,28.72
2001-03-01,USD,1,28.62,28.62
2001-03-02,USD,1,28.62,28.62
2001-03-03,USD,1,28.65,28.65
2001-03-06,USD,1,28.66,28.66
2001-03-07,USD,1,28.63,28.63
2001-03-08,USD,1,28.62,28.62
2001-03-12,USD,1,28.62,28.62
2001-03-13,USD,1,28.67,28.67
2001-03-14,USD,1,28.65,28.65
2001-03-15,USD,1,28.66,28.66
2001-03-16,USD,1,28.66,28.66
2001-03-17,USD,1,28.66,28.66
2001-03-20,USD,1,28.65,28.65
2001-03-21,USD,1,28.62,28.62
2001-03-22,USD,1,28.65,28.65
2001-03-23,USD,1,28.76,28.76
2001-03-24,USD,1,28.76,28.76
2001-03-27,USD,1,28.76,28.76
2001-03-28,USD,1,28.73,28.73
2001-03-29,USD,1,28.76,28.76
2001-03-30,USD,1,28.76,28.76
2001-03-31,USD,1,28.74,28.74
2001-04-03,USD,1,28.77,28.77
2001-04-04,USD,1,28.86,28.86
2001-04-05,USD,1,28.86,28.86
2001-04-06,USD,1,28.86,28.86
2001-04-07,USD,1,28.86,28.86
2001-04-10,USD,1,28.84,28.84
2001-04-11,USD,1,28.79,28.79
2001-04-12,USD,1,28.87,28.87
2001-04-13,USD,1,28.86,28.86
2001-04-14,USD,1,28.82,28.82
2001-04-17,USD,1,28.85,28.85
2001-04-18,USD,1,28.86,28.86
2001-04-19,USD,1,28.87,28.87
2001-04-20,USD,1,28.9,28.9
2001-04-21,USD,1,28.88,28.88
2001-04-24,USD,1,28.84,28.84
2001-04-25,USD,1,28.85,28.85
2001-04-26,USD,1,28.9,28.9
2001-04-27,USD,1,28.86,28.86
2001-04-28,USD,1,28.83,28.83
2001-04-29,USD,1,28.83,28.83
2001-05-04,USD,1,28.88,28.88
2001-05-05,USD,1,28.96,28.96
2001-05-08,USD,1,28.96,28.96
2001-05-09,USD,1,28.96,28.96
2001-05-11,USD,1,28.95,28.95
2001-05-12,USD,1,28.96,28.96
2001-05-15,USD,1,28.99,28.99
2001-05-16,USD,1,29.04,29.04
2001-05-17,USD,1,29.02,29.02
2001-05-18,USD,1,29.07,29.07
2001-05-19,USD,1,29.09,29.09
2001-05-22,USD,1,29.09,29.09
2001-05-23,USD,1,29.08,29.08
2001-05-24,USD,1,29.07,29.07
2001-05-25,USD,1,29.08,29.08
2001-05-26,USD,1,29.07,29.07
2001-05-29,USD,1,29.07,29.07
2001-05-30,USD,1,29.1,29.1
2001-05-31,USD,1,29.09,29.09
2001-06-01,USD,1,29.14,29.14
2001-06-02,USD,1,29.15,29.15
2001-06-05,USD,1,29.16,29.16
2001-06-06,USD,1,29.16,29.16
2001-06-07,USD,1,29.16,29.16
2001-06-08,USD,1,29.16,29.16
2001-06-09,USD,1,29.13,29.13
2001-06-10,USD,1,29.13,29.13
2001-06-14,USD,1,29.12,29.12
2001-06-15,USD,1,29.08,29.08
2001-06-16,USD,1,29.07,29.07
2001-06-19,USD,1,29.05,29.05
2001-06-20,USD,1,29.09,29.09
2001-06-21,USD,1,29.14,29.14
2001-06-22,USD,1,29.08,29.08
2001-06-23,USD,1,29.1,29.1
2001-06-26,USD,1,29.1,29.1
2001-06-27,USD,1,29.09,29.09
2001-06-28,USD,1,29.12,29.12
2001-06-29,USD,1,29.11,29.11
2001-06-30,USD,1,29.07,29.07
2001-07-03,USD,1,29.16,29.16
2001-07-04,USD,1,29.18,29.18
2001-07-05,USD,1,29.18,29.18
2001-07-06,USD,1,29.17,29.17
2001-07-07,USD,1,29.17,29.17
2001-07-10,USD,1,29.22,29.22
2001-07-11,USD,1,29.23,29.23
2001-07-12,USD,1,29.2,29.2
2001-07-13,USD,1,29.21,29.21
2001-07-14,USD,1,29.2,29.2
2001-07-17,USD,1,29.23,29.23
2001-07-18,USD,1,29.21,29.21
2001-07-19,USD,1,29.24,29.24
2001-07-20,USD,1,29.27,29.27
2001-07-21,USD,1,29.28,29.28
2001-07-24,USD,1,29.25,29.25
2001-07-25,USD,1,29.28,29.28
2001-07-26,USD,1,29.25,29.25
2001-07-27,USD,1,29.23,29.23
2001-07-28,USD,1,29.25,29.25
2001-07-31,USD,1,29.27,29.27
2001-08-01,USD,1,29.32,29.32
2001-08-02,USD,1,29.3,29.3
2001-08-03,USD,1,29.33,29.33
2001-08-04,USD,1,29.36,29.36
2001-08-07,USD,1,29.34,29.34
2001-08-08,USD,1,29.31,29.31
2001-08-09,USD,1,29.31,29.31
2001-08-10,USD,1,29.34,29.34
2001-08-11,USD,1,29.34,29.34
2001-08-14,USD,1,29.31,29.31
2001-08-15,USD,1,29.33,29.33
2001-08-16,USD,1,29.34,29.34
2001-08-17,USD,1,29.35,29.35
2001-08-18,USD,1,29.36,29.36
2001-08-21,USD,1,29.37,29.37
2001-08-22,USD,1,29.35,29.35
2001-08-23,USD,1,29.35,29.35
2001-08-24,USD,1,29.37,29.37
2001-08-25,USD,1,29.37,29.37
2001-08-28,USD,1,29.35,29.35
2001-08-29,USD,1,29.36,29.36
2001-08-30,USD,1,29.36,29.36
2001-08-31,USD,1,29.37,29.37
2001-09-01,USD,1,29.41,29.41
2001-09-04,USD,1,29.41,29.41
2001-09-05,USD,1,29.45,29.45
2001-09-06,USD,1,29.45,29.45
2001-09-07,USD,1,29.45,29.45
2001-09-08,USD,1,29.43,29.43
2001-09-11,USD,1,29.43,29.43
2001-09-12,USD,1,29.44,29.44
2001-09-13,USD,1,29.45,29.45
2001-09-14,USD,1,29.47,29.47
2001-09-15,USD,1,29.45,29.45
2001-09-18,USD,1,29.44,29.44
2001-09-19,USD,1,29.43,29.43
2001-09-20,USD,1,29.45,29.45
2001-09-21,USD,1,29.43,29.43
2001-09-22,USD,1,29.4,29.4
2001-09-25,USD,1,29.42,29.42
2001-09-26,USD,1,29.43,29.43
2001-09-27,USD,1,29.4,29.4
2001-09-28,USD,1,29.4,29.4
2001-09-29,USD,1,29.39,29.39
2001-10-02,USD,1,29.43,29.43
2001-10-03,USD,1,29.45,29.45
2001-10-04,USD,1,29.48,29.48
2001-10-05,USD,1,29.5,29.5
2001-10-06,USD,1,29.52,29.52
2001-10-09,USD,1,29.52,29.52
2001-10-10,USD,1,29.52,29.52
2001-10-11,USD,1,29.5,29.5
2001-10-12,USD,1,29.53,29.53
2001-10-13,USD,1,29.5,29.5
2001-10-16,USD,1,29.51,29.51
2001-10-17,USD,1,29.49,29.49
2001-10-18,USD,1,29.54,29.54
2001-10-19,USD,1,29.55,29.55
2001-10-20,USD,1,29.55,29.55
2001-10-23,USD,1,29.54,29.54
2001-10-24,USD,1,29.54,29.54
2001-10-25,USD,1,29.57,29.57
2001-10-26,USD,1,29.59,29.59
2001-10-27,USD,1,29.63,29.63
2001-10-30,USD,1,29.68,29.68
2001-10-31,USD,1,29.7,29.7
2001-11-01,USD,1,29.68,29.68
2001-11-02,USD,1,29.7,29.7
2001-11-03,USD,1,29.73,29.73
2001-11-06,USD,1,29.74,29.74
2001-11-07,USD,1,29.68,29.68
2001-11-09,USD,1,29.68,29.68
2001-11-10,USD,1,29.71,29.71
2001-11-13,USD,1,29.71,29.71
2001-11-14,USD,1,29.72,29.72
2001-11-15,USD,1,29.72,29.72
2001-11-16,USD,1,29.76,29.76
2001-11-17,USD,1,29.78,29.78
2001-11-20,USD,1,29.8,29.8
2001-11-21,USD,1,29.91,29.91
2001-11-22,USD,1,29.9,29.9
2001-11-23,USD,1,29.9,29.9
2001-11-24,USD,1,29.93,29.93
2001-11-27,USD,1,29.93,29.93
2001-11-28,USD,1,29.93,29.93
2001-11-29,USD,1,29.93,29.93
2001-11-30,USD,1,29.9,29.9
2001-12-01,USD,1,29.9,29.9
2001-12-04,USD,1,29.93,29.93
2001-12-05,USD,1,29.93,29.93
2001-12-06,USD,1,29.94,29.94
2001-12-07,USD,1,29.92,29.92
2001-12-08,USD,1,29.95,29.95
2001-12-11,USD,1,30.09,30.09
2001-12-12,USD,1,30.08,30.08
2001-12-14,USD,1,30.19,30.19
2001-12-15,USD,1,30.18,30.18
2001-12-18,USD,1,30.3,30.3
2001-12-19,USD,1,30.28,30.28
2001-12-20,USD,1,30.28,30.28
2001-12-21,USD,1,30.26,30.26
2001-12-22,USD,1,30.08,30.08
2001-12-25,USD,1,30.12,30.12
2001-12-26,USD,1,30.12,30.12
2001-12-27,USD,1,30.21,30.21
2001-12-28,USD,1,30.14,30.14
2002-01-01,USD,1,30.1372,30.1372
2002-01-04,USD,1,30.1372,30.1372
2002-01-05,USD,1,30.1372,30.1372
2002-01-09,USD,1,30.1372,30.1372
2002-01-10,USD,1,30.5753,30.5753
2002-01-11,USD,1,30.4999,30.4999
2002-01-12,USD,1,30.4399,30.4399
2002-01-15,USD,1,30.4491,30.4491
2002-01-16,USD,1,30.4751,30.4751
2002-01-17,USD,1,30.4778,30.4778
2002-01-18,USD,1,30.5798,30.5798
2002-01-19,USD,1,30.5788,30.5788
2002-01-22,USD,1,30.5788,30.5788
2002-01-23,USD,1,30.5572,30.5572
2002-01-24,USD,1,30.5596,30.5596
2002-01-25,USD,1,30.538,30.538
2002-01-26,USD,1,30.5949,30.5949
2002-01-29,USD,1,30.6623,30.6623
2002-01-30,USD,1,30.654,30.654
2002-01-31,USD,1,30.685,30.685
2002-02-01,USD,1,30.6797,30.6797
2002-02-02,USD,1,30.6827,30.6827
2002-02-05,USD,1,30.7299,30.7299
2002-02-06,USD,1,30.7246,30.7246
2002-02-07,USD,1,30.7318,30.7318
2002-02-08,USD,1,30.7236,30.7236
2002-02-09,USD,1,30.7644,30.7644
2002-02-12,USD,1,30.8163,30.8163
2002-02-13,USD,1,30.8421,30.8421
2002-02-14,USD,1,30.8438,30.8438
2002-02-15,USD,1,30.8281,30.8281
2002-02-16,USD,1,30.8206,30.8206
2002-02-19,USD,1,30.8206,30.8206
2002-02-20,USD,1,30.8949,30.8949
2002-02-21,USD,1,30.884,30.884
2002-02-22,USD,1,30.858,30.858
2002-02-23,USD,1,30.8409,30.8409
2002-02-27,USD,1,30.8949,30.8949
2002-02-28,USD,1,30.9274,30.9274
2002-03-01,USD,1,30.9404,30.9404
2002-03-02,USD,1,30.9436,30.9436
2002-03-05,USD,1,30.9949,30.9949
2002-03-06,USD,1,30.9909,30.9909
2002-03-07,USD,1,30.9946,30.9946
2002-03-08,USD,1,30.9946,30.9946
2002-03-12,USD,1,31.0632,31.0632
2002-03-13,USD,1,31.0545,31.0545
2002-03-14,USD,1,31.0758,31.0758
2002-03-15,USD,1,31.0237,31.0237
2002-03-16,USD,1,31.071,31.071
2002-03-19,USD,1,31.1119,31.1119
2002-03-20,USD,1,31.1248,31.1248
2002-03-21,USD,1,31.1325,31.1325
2002-03-22,USD,1,31.1276,31.1276
2002-03-23,USD,1,31.1168,31.1168
2002-03-26,USD,1,31.151,31.151
2002-03-27,USD,1,31.1353,31.1353
2002-03-28,USD,1,31.1147,31.1147
2002-03-29,USD,1,31.0686,31.0686
2002-03-30,USD,1,31.1192,31.1192
2002-04-02,USD,1,31.1741,31.1741
2002-04-03,USD,1,31.1733,31.1733
2002-04-04,USD,1,31.1933,31.1933
2002-04-05,USD,1,31.184,31.184
2002-04-06,USD,1,31.182,31.182
2002-04-09,USD,1,31.1893,31.1893
2002-04-10,USD,1,31.1644,31.1644
2002-04-11,USD,1,31.1679,31.1679
2002-04-12,USD,1,31.1982,31.1982
2002-04-13,USD,1,31.1734,31.1734
2002-04-16,USD,1,31.1522,31.1522
2002-04-17,USD,1,31.1498,31.1498
2002-04-18,USD,1,31.1517,31.1517
2002-04-19,USD,1,31.1649,31.1649
2002-04-20,USD,1,31.1711,31.1711
2002-04-23,USD,1,31.1516,31.1516
2002-04-24,USD,1,31.1498,31.1498
2002-04-25,USD,1,31.1579,31.1579
2002-04-26,USD,1,31.1783,31.1783
2002-04-27,USD,1,31.1977,31.1977
2002-04-28,USD,1,31.1977,31.1977
2002-04-30,USD,1,31.1963,31.1963
2002-05-01,USD,1,31.1951,31.1951
2002-05-07,USD,1,31.1967,31.1967
2002-05-08,USD,1,31.1951,31.1951
2002-05-09,USD,1,31.2119,31.2119
2002-05-14,USD,1,31.2471,31.2471
2002-05-15,USD,1,31.2453,31.2453
2002-05-16,USD,1,31.2468,31.2468
2002-05-17,USD,1,31.2554,31.2554
2002-05-18,USD,1,31.2553,31.2553
2002-05-19,USD,1,31.2553,31.2553
2002-05-21,USD,1,31.2551,31.2551
2002-05-22,USD,1,31.255,31.255
2002-05-23,USD,1,31.2652,31.2652
2002-05-24,USD,1,31.275,31.275
2002-05-25,USD,1,31.285,31.285
2002-05-28,USD,1,31.285,31.285
2002-05-29,USD,1,31.3043,31.3043
2002-05-30,USD,1,31.3071,31.3071
2002-05-31,USD,1,31.3071,31.3071
2002-06-01,USD,1,31.3058,31.3058
2002-06-04,USD,1,31.3136,31.3136
2002-06-05,USD,1,31.3272,31.3272
2002-06-06,USD,1,31.3521,31.3521
2002-06-07,USD,1,31.3924,31.3924
2002-06-08,USD,1,31.397,31.397
2002-06-11,USD,1,31.4046,31.4046
2002-06-12,USD,1,31.3928,31.3928
2002-06-14,USD,1,31.3958,31.3958
2002-06-15,USD,1,31.3965,31.3965
2002-06-18,USD,1,31.3903,31.3903
2002-06-19,USD,1,31.4115,31.4115
2002-06-20,USD,1,31.4337,31.4337
2002-06-21,USD,1,31.437,31.437
2002-06-22,USD,1,31.4531,31.4531
2002-06-25,USD,1,31.4725,31.4725
2002-06-26,USD,1,31.4758,31.4758
2002-06-27,USD,1,31.4608,31.4608
2002-06-28,USD,1,31.439,31.439
2002-06-29,USD,1,31.4471,31.4471
2002-07-02,USD,1,31.5002,31.5002
2002-07-03,USD,1,31.5124,31.5124
2002-07-04,USD,1,31.5128,31.5128
2002-07-05,USD,1,31.5128,31.5128
2002-07-06,USD,1,31.5156,31.5156
2002-07-09,USD,1,31.53,31.53
2002-07-10,USD,1,31.5533,31.5533
2002-07-11,USD,1,31.5476,31.5476
2002-07-12,USD,1,31.5437,31.5437
2002-07-13,USD,1,31.5555,31.5555
2002-07-16,USD,1,31.4948,31.4948
2002-07-17,USD,1,31.4779,31.4779
2002-07-18,USD,1,31.5395,31.5395
2002-07-19,USD,1,31.5394,31.5394
2002-07-20,USD,1,31.5332,31.5332
2002-07-23,USD,1,31.5056,31.5056
2002-07-24,USD,1,31.5015,31.5015
2002-07-25,USD,1,31.5035,31.5035
2002-07-26,USD,1,31.5333,31.5333
2002-07-27,USD,1,31.5069,31.5069
2002-07-30,USD,1,31.4701,31.4701
2002-07-31,USD,1,31.4401,31.4401
2002-08-01,USD,1,31.4568,31.4568
2002-08-02,USD,1,31.5238,31.5238
2002-08-03,USD,1,31.5502,31.5502
2002-08-06,USD,1,31.5409,31.5409
2002-08-07,USD,1,31.5324,31.5324
2002-08-08,USD,1,31.5542,31.5542
2002-08-09,USD,1,31.5581,31.5581
2002-08-10,USD,1,31.5828,31.5828
2002-08-13,USD,1,31.5612,31.5612
2002-08-14,USD,1,31.5321,31.5321
2002-08-15,USD,1,31.5405,31.5405
2002-08-16,USD,1,31.5608,31.5608
2002-08-17,USD,1,31.5668,31.5668
2002-08-20,USD,1,31.555,31.555
2002-08-21,USD,1,31.565,31.565
2002-08-22,USD,1,31.5735,31.5735
2002-08-23,USD,1,31.5711,31.5711
2002-08-24,USD,1,31.5725,31.5725
2002-08-27,USD,1,31.5803,31.5803
2002-08-28,USD,1,31.5542,31.5542
2002-08-29,USD,1,31.5752,31.5752
2002-08-30,USD,1,31.5744,31.5744
2002-08-31,USD,1,31.5673,31.5673
2002-09-03,USD,1,31.5673,31.5673
2002-09-04,USD,1,31.6053,31.6053
2002-09-05,USD,1,31.6117,31.6117
2002-09-06,USD,1,31.6113,31.6113
2002-09-07,USD,1,31.6123,31.6123
2002-09-10,USD,1,31.6268,31.6268
2002-09-11,USD,1,31.6302,31.6302
2002-09-12,USD,1,31.6409,31.6409
2002-09-13,USD,1,31.6493,31.6493
2002-09-14,USD,1,31.6415,31.6415
2002-09-17,USD,1,31.6297,31.6297
2002-09-18,USD,1,31.6244,31.6244
2002-09-19,USD,1,31.6251,31.6251
2002-09-20,USD,1,31.6425,31.6425
2002-09-21,USD,1,31.6379,31.6379
2002-09-24,USD,1,31.6325,31.6325
2002-09-25,USD,1,31.6354,31.6354
2002-09-26,USD,1,31.6382,31.6382
2002-09-27,USD,1,31.635,31.635
2002-09-28,USD,1,31.6358,31.6358
2002-10-01,USD,1,31.6827,31.6827
2002-10-02,USD,1,31.6919,31.6919
2002-10-03,USD,1,31.6982,31.6982
2002-10-04,USD,1,31.6809,31.6809
2002-10-05,USD,1,31.68,31.68
2002-10-08,USD,1,31.6795,31.6795
2002-10-09,USD,1,31.6799,31.6799
2002-10-10,USD,1,31.6803,31.6803
2002-10-11,USD,1,31.6685,31.6685
2002-10-12,USD,1,31.6703,31.6703
2002-10-15,USD,1,31.6703,31.6703
2002-10-16,USD,1,31.6762,31.6762
2002-10-17,USD,1,31.6767,31.6767
2002-10-18,USD,1,31.6761,31.6761
2002-10-19,USD,1,31.6727,31.6727
2002-10-22,USD,1,31.6973,31.6973
2002-10-23,USD,1,31.7272,31.7272
2002-10-24,USD,1,31.7159,31.7159
2002-10-25,USD,1,31.7109,31.7109
2002-10-26,USD,1,31.7314,31.7314
2002-10-29,USD,1,31.7411,31.7411
2002-10-30,USD,1,31.6977,31.6977
2002-10-31,USD,1,31.7408,31.7408
2002-11-01,USD,1,31.7701,31.7701
2002-11-02,USD,1,31.7646,31.7646
2002-11-05,USD,1,31.7744,31.7744
2002-11-06,USD,1,31.7909,31.7909
2002-11-07,USD,1,31.7756,31.7756
2002-11-11,USD,1,31.7756,31.7756
2002-11-12,USD,1,31.7756,31.7756
2002-11-13,USD,1,31.8226,31.8226
2002-11-14,USD,1,31.8157,31.8157
2002-11-15,USD,1,31.8203,31.8203
2002-11-16,USD,1,31.8225,31.8225
2002-11-19,USD,1,31.8231,31.8231
2002-11-20,USD,1,31.8224,31.8224
2002-11-21,USD,1,31.823,31.823
2002-11-22,USD,1,31.8248,31.8248
2002-11-23,USD,1,31.8222,31.8222
2002-11-26,USD,1,31.8416,31.8416
2002-11-27,USD,1,31.8382,31.8382
2002-11-28,USD,1,31.84,31.84
2002-11-29,USD,1,31.84,31.84
2002-11-30,USD,1,31.8424,31.8424
2002-12-03,USD,1,31.8547,31.8547
2002-12-04,USD,1,31.8584,31.8584
2002-12-05,USD,1,31.8596,31.8596
2002-12-06,USD,1,31.8578,31.8578
2002-12-07,USD,1,31.86,31.86
2002-12-10,USD,1,31.8597,31.8597
2002-12-11,USD,1,31.8583,31.8583
2002-12-12,USD,1,31.86,31.86
2002-12-16,USD,1,31.86,31.86
2002-12-17,USD,1,31.8527,31.8527
2002-12-18,USD,1,31.8588,31.8588
2002-12-19,USD,1,31.8574,31.8574
2002-12-20,USD,1,31.8542,31.8542
2002-12-21,USD,1,31.845,31.845
2002-12-24,USD,1,31.7966,31.7966
2002-12-25,USD,1,31.7919,31.7919
2002-12-26,USD,1,31.7919,31.7919
2002-12-27,USD,1,31.791,31.791
2002-12-28,USD,1,31.7844,31.7844
2002-12-31,USD,1,31.7844,31.7844
2003-01-01,USD,1,31.7844,31.7844
2003-01-05,USD,1,31.7844,31.7844
2003-01-06,USD,1,31.7844,31.7844
2003-01-09,USD,1,31.8846,31.8846
2003-01-10,USD,1,31.882,31.882
2003-01-11,USD,1,31.8327,31.8327
2003-01-14,USD,1,31.8253,31.8253
2003-01-15,USD,1,31.835,31.835
2003-01-16,USD,1,31.8139,31.8139
2003-01-17,USD,1,31.8071,31.8071
2003-01-18,USD,1,31.8224,31.8224
2003-01-21,USD,1,31.8224,31.8224
2003-01-22,USD,1,31.8003,31.8003
2003-01-23,USD,1,31.8095,31.8095
2003-01-24,USD,1,31.811,31.811
2003-01-25,USD,1,31.8015,31.8015
2003-01-28,USD,1,31.8001,31.8001
2003-01-29,USD,1,31.8001,31.8001
2003-01-30,USD,1,31.8,31.8
2003-01-31,USD,1,31.8222,31.8222
2003-02-01,USD,1,31.8345,31.8345
2003-02-04,USD,1,31.8517,31.8517
2003-02-05,USD,1,31.8354,31.8354
2003-02-06,USD,1,31.8351,31.8351
2003-02-07,USD,1,31.835,31.835
2003-02-08,USD,1,31.8352,31.8352
2003-02-11,USD,1,31.8214,31.8214
2003-02-12,USD,1,31.784,31.784
2003-02-13,USD,1,31.7101,31.7101
2003-02-14,USD,1,31.6554,31.6554
2003-02-15,USD,1,31.6406,31.6406
2003-02-18,USD,1,31.6406,31.6406
2003-02-19,USD,1,31.5503,31.5503
2003-02-20,USD,1,31.581,31.581
2003-02-21,USD,1,31.5501,31.5501
2003-02-22,USD,1,31.55,31.55
2003-02-26,USD,1,31.5875,31.5875
2003-02-27,USD,1,31.6065,31.6065
2003-02-28,USD,1,31.5762,31.5762
2003-03-01,USD,1,31.5729,31.5729
2003-03-04,USD,1,31.5956,31.5956
2003-03-05,USD,1,31.5809,31.5809
2003-03-06,USD,1,31.592,31.592
2003-03-07,USD,1,31.5891,31.5891
2003-03-08,USD,1,31.5619,31.5619
2003-03-12,USD,1,31.5076,31.5076
2003-03-13,USD,1,31.4407,31.4407
2003-03-14,USD,1,31.3818,31.3818
2003-03-15,USD,1,31.382,31.382
2003-03-18,USD,1,31.3872,31.3872
2003-03-19,USD,1,31.4077,31.4077
2003-03-20,USD,1,31.3976,31.3976
2003-03-21,USD,1,31.384,31.384
2003-03-22,USD,1,31.3811,31.3811
2003-03-25,USD,1,31.3803,31.3803
2003-03-26,USD,1,31.38,31.38
2003-03-27,USD,1,31.3829,31.3829
2003-03-28,USD,1,31.38,31.38
2003-03-29,USD,1,31.3805,31.3805
2003-04-01,USD,1,31.3801,31.3801
2003-04-02,USD,1,31.3175,31.3175
2003-04-03,USD,1,31.286,31.286
2003-04-04,USD,1,31.2908,31.2908
2003-04-05,USD,1,31.2818,31.2818
2003-04-08,USD,1,31.2798,31.2798
2003-04-09,USD,1,31.2814,31.2814
2003-04-10,USD,1,31.2821,31.2821
2003-04-11,USD,1,31.2829,31.2829
2003-04-12,USD,1,31.2849,31.2849
2003-04-15,USD,1,31.2345,31.2345
2003-04-16,USD,1,31.189,31.189
2003-04-17,USD,1,31.1905,31.1905
2003-04-18,USD,1,31.1831,31.1831
2003-04-19,USD,1,31.1899,31.1899
2003-04-22,USD,1,31.1022,31.1022
2003-04-23,USD,1,31.1025,31.1025
2003-04-24,USD,1,31.1003,31.1003
2003-04-25,USD,1,31.1,31.1
2003-04-26,USD,1,31.1,31.1
2003-04-29,USD,1,31.1,31.1
2003-04-30,USD,1,31.1,31.1
2003-05-01,USD,1,31.1021,31.1021
2003-05-06,USD,1,31.1105,31.1105
2003-05-07,USD,1,31.1184,31.1184
2003-05-08,USD,1,31.1009,31.1009
2003-05-09,USD,1,31.1001,31.1001
2003-05-13,USD,1,31.0076,31.0076
2003-05-14,USD,1,30.9801,30.9801
2003-05-15,USD,1,30.9811,30.9811
2003-05-16,USD,1,30.98,30.98
2003-05-17,USD,1,30.8902,30.8902
2003-05-20,USD,1,30.89,30.89
2003-05-21,USD,1,30.89,30.89
2003-05-22,USD,1,30.8902,30.8902
2003-05-23,USD,1,30.8316,30.8316
2003-05-24,USD,1,30.8316,30.8316
2003-05-27,USD,1,30.72,30.72
2003-05-28,USD,1,30.72,30.72
2003-05-29,USD,1,30.6186,30.6186
2003-05-30,USD,1,30.6691,30.6691
2003-05-31,USD,1,30.709,30.709
2003-06-03,USD,1,30.64,30.64
2003-06-04,USD,1,30.7427,30.7427
2003-06-05,USD,1,30.7599,30.7599
2003-06-06,USD,1,30.6478,30.6478
2003-06-07,USD,1,30.5658,30.5658
2003-06-10,USD,1,30.4613,30.4613
2003-06-11,USD,1,30.5589,30.5589
2003-06-12,USD,1,30.5123,30.5123
2003-06-17,USD,1,30.4612,30.4612
2003-06-18,USD,1,30.3805,30.3805
2003-06-19,USD,1,30.38,30.38
2003-06-20,USD,1,30.3807,30.3807
2003-06-21,USD,1,30.3807,30.3807
2003-06-22,USD,1,30.3205,30.3205
2003-06-24,USD,1,30.3546,30.3546
2003-06-25,USD,1,30.3511,30.3511
2003-06-26,USD,1,30.318,30.318
2003-06-27,USD,1,30.3396,30.3396
2003-06-28,USD,1,30.3483,30.3483
2003-07-01,USD,1,30.3809,30.3809
2003-07-02,USD,1,30.3267,30.3267
2003-07-03,USD,1,30.28,30.28
2003-07-04,USD,1,30.28,30.28
2003-07-05,USD,1,30.2906,30.2906
2003-07-08,USD,1,30.3014,30.3014
2003-07-09,USD,1,30.3574,30.3574
2003-07-10,USD,1,30.4178,30.4178
2003-07-11,USD,1,30.3642,30.3642
2003-07-12,USD,1,30.3808,30.3808
2003-07-15,USD,1,30.4955,30.4955
2003-07-16,USD,1,30.5349,30.5349
2003-07-17,USD,1,30.5175,30.5175
2003-07-18,USD,1,30.4891,30.4891
2003-07-19,USD,1,30.4316,30.4316
2003-07-22,USD,1,30.3647,30.3647
2003-07-23,USD,1,30.2976,30.2976
2003-07-24,USD,1,30.3469,30.3469
2003-07-25,USD,1,30.3557,30.3557
2003-07-26,USD,1,30.322,30.322
2003-07-29,USD,1,30.2467,30.2467
2003-07-30,USD,1,30.245,30.245
2003-07-31,USD,1,30.2596,30.2596
2003-08-01,USD,1,30.2791,30.2791
2003-08-02,USD,1,30.3031,30.3031
2003-08-05,USD,1,30.332,30.332
2003-08-06,USD,1,30.2813,30.2813
2003-08-07,USD,1,30.2979,30.2979
2003-08-08,USD,1,30.3359,30.3359
2003-08-09,USD,1,30.3977,30.3977
2003-08-12,USD,1,30.3764,30.3764
2003-08-13,USD,1,30.3524,30.3524
2003-08-14,USD,1,30.3832,30.3832
2003-08-15,USD,1,30.3287,30.3287
2003-08-16,USD,1,30.3532,30.3532
2003-08-19,USD,1,30.3246,30.3246
2003-08-20,USD,1,30.3258,30.3258
2003-08-21,USD,1,30.311,30.311
2003-08-22,USD,1,30.3251,30.3251
2003-08-23,USD,1,30.31,30.31
2003-08-26,USD,1,30.3014,30.3014
2003-08-27,USD,1,30.361,30.361
2003-08-28,USD,1,30.3916,30.3916
2003-08-29,USD,1,30.5036,30.5036
2003-08-30,USD,1,30.5036,30.5036
2003-09-02,USD,1,30.5458,30.5458
2003-09-03,USD,1,30.5547,30.5547
2003-09-04,USD,1,30.604,30.604
2003-09-05,USD,1,30.6396,30.6396
2003-09-06,USD,1,30.6844,30.6844
2003-09-09,USD,1,30.7013,30.7013
2003-09-10,USD,1,30.6407,30.6407
2003-09-11,USD,1,30.6307,30.6307
2003-09-12,USD,1,30.6565,30.6565
2003-09-13,USD,1,30.659,30.659
2003-09-16,USD,1,30.7007,30.7007
2003-09-17,USD,1,30.7007,30.7007
2003-09-18,USD,1,30.68,30.68
2003-09-19,USD,1,30.5877,30.5877
2003-09-20,USD,1,30.56,30.56
2003-09-23,USD,1,30.4909,30.4909
2003-09-24,USD,1,30.4998,30.4998
2003-09-25,USD,1,30.451,30.451
2003-09-26,USD,1,30.4721,30.4721
2003-09-27,USD,1,30.4998,30.4998
2003-09-30,USD,1,30.6119,30.6119
2003-10-01,USD,1,30.6142,30.6142
2003-10-02,USD,1,30.5693,30.5693
2003-10-03,USD,1,30.4676,30.4676
2003-10-04,USD,1,30.4382,30.4382
2003-10-07,USD,1,30.4604,30.4604
2003-10-08,USD,1,30.3819,30.3819
2003-10-09,USD,1,30.3773,30.3773
2003-10-10,USD,1,30.235,30.235
2003-10-11,USD,1,30.235,30.235
2003-10-14,USD,1,30.0552,30.0552
2003-10-15,USD,1,30.2348,30.2348
2003-10-16,USD,1,30.1235,30.1235
2003-10-17,USD,1,30.1254,30.1254
2003-10-18,USD,1,30.0741,30.0741
2003-10-21,USD,1,30.0179,30.0179
2003-10-22,USD,1,29.9319,29.9319
2003-10-23,USD,1,29.9206,29.9206
2003-10-24,USD,1,29.915,29.915
2003-10-25,USD,1,29.9156,29.9156
2003-10-28,USD,1,30.0847,30.0847
2003-10-29,USD,1,29.9335,29.9335
2003-10-30,USD,1,29.8189,29.8189
2003-10-31,USD,1,29.8584,29.8584
2003-11-01,USD,1,29.9451,29.9451
2003-11-04,USD,1,29.9441,29.9441
2003-11-05,USD,1,29.8608,29.8608
2003-11-06,USD,1,29.8124,29.8124
2003-11-07,USD,1,29.8113,29.8113
2003-11-11,USD,1,29.8113,29.8113
2003-11-12,USD,1,29.804,29.804
2003-11-13,USD,1,29.8104,29.8104
2003-11-14,USD,1,29.859,29.859
2003-11-15,USD,1,29.8186,29.8186
2003-11-18,USD,1,29.7972,29.7972
2003-11-19,USD,1,29.8004,29.8004
2003-11-20,USD,1,29.7952,29.7952
2003-11-21,USD,1,29.8084,29.8084
2003-11-22,USD,1,29.7979,29.7979
2003-11-25,USD,1,29.7356,29.7356
2003-11-26,USD,1,29.736,29.736
2003-11-27,USD,1,29.736,29.736
2003-11-28,USD,1,29.7369,29.7369
2003-11-29,USD,1,29.7387,29.7387
2003-12-02,USD,1,29.7038,29.7038
2003-12-03,USD,1,29.6995,29.6995
2003-12-04,USD,1,29.695,29.695
2003-12-05,USD,1,29.6953,29.6953
2003-12-06,USD,1,29.6322,29.6322
2003-12-09,USD,1,29.5502,29.5502
2003-12-10,USD,1,29.5529,29.5529
2003-12-11,USD,1,29.5375,29.5375
2003-12-12,USD,1,29.4394,29.4394
2003-12-16,USD,1,29.3861,29.3861
2003-12-17,USD,1,29.304,29.304
2003-12-18,USD,1,29.2522,29.2522
2003-12-19,USD,1,29.2454,29.2454
2003-12-20,USD,1,29.245,29.245
2003-12-23,USD,1,29.2719,29.2719
2003-12-24,USD,1,29.245,29.245
2003-12-25,USD,1,29.245,29.245
2003-12-26,USD,1,29.245,29.245
2003-12-27,USD,1,29.2533,29.2533
2003-12-30,USD,1,29.4545,29.4545
2003-12-31,USD,1,29.4545,29.4545
2004-01-01,USD,1,29.4545,29.4545
2004-01-06,USD,1,29.4545,29.4545
2004-01-07,USD,1,29.245,29.245
2004-01-09,USD,1,29.135,29.135
2004-01-10,USD,1,28.9918,28.9918
2004-01-13,USD,1,28.8711,28.8711
2004-01-14,USD,1,28.8841,28.8841
2004-01-15,USD,1,28.8691,28.8691
2004-01-16,USD,1,28.8795,28.8795
2004-01-17,USD,1,28.8795,28.8795
2004-01-20,USD,1,28.7961,28.7961
2004-01-21,USD,1,28.7853,28.7853
2004-01-22,USD,1,28.8026,28.8026
2004-01-23,USD,1,28.6959,28.6959
2004-01-24,USD,1,28.5514,28.5514
2004-01-27,USD,1,28.4963,28.4963
2004-01-28,USD,1,28.5139,28.5139
2004-01-29,USD,1,28.485,28.485
2004-01-30,USD,1,28.4916,28.4916
2004-01-31,USD,1,28.4937,28.4937
2004-02-03,USD,1,28.5252,28.5252
2004-02-04,USD,1,28.6205,28.6205
2004-02-05,USD,1,28.5281,28.5281
2004-02-06,USD,1,28.4906,28.4906
2004-02-07,USD,1,28.5744,28.5744
2004-02-10,USD,1,28.4939,28.4939
2004-02-11,USD,1,28.5048,28.5048
2004-02-12,USD,1,28.5312,28.5312
2004-02-13,USD,1,28.518,28.518
2004-02-14,USD,1,28.518,28.518
2004-02-17,USD,1,28.4949,28.4949
2004-02-18,USD,1,28.4878,28.4878
2004-02-19,USD,1,28.4851,28.4851
2004-02-20,USD,1,28.4959,28.4959
2004-02-21,USD,1,28.4934,28.4934
2004-02-25,USD,1,28.4931,28.4931
2004-02-26,USD,1,28.4973,28.4973
2004-02-27,USD,1,28.511,28.511
2004-02-28,USD,1,28.5156,28.5156
2004-03-02,USD,1,28.5162,28.5162
2004-03-03,USD,1,28.5321,28.5321
2004-03-04,USD,1,28.5895,28.5895
2004-03-05,USD,1,28.6654,28.6654
2004-03-06,USD,1,28.6343,28.6343
2004-03-10,USD,1,28.5216,28.5216
2004-03-11,USD,1,28.5733,28.5733
2004-03-12,USD,1,28.5726,28.5726
2004-03-13,USD,1,28.5083,28.5083
2004-03-16,USD,1,28.5064,28.5064
2004-03-17,USD,1,28.5121,28.5121
2004-03-18,USD,1,28.534,28.534
2004-03-19,USD,1,28.5005,28.5005
2004-03-20,USD,1,28.5045,28.5045
2004-03-23,USD,1,28.5121,28.5121
2004-03-24,USD,1,28.4855,28.4855
2004-03-25,USD,1,28.4852,28.4852
2004-03-26,USD,1,28.4979,28.4979
2004-03-27,USD,1,28.4891,28.4891
2004-03-30,USD,1,28.4886,28.4886
2004-03-31,USD,1,28.4853,28.4853
2004-04-01,USD,1,28.5151,28.5151
2004-04-02,USD,1,28.5024,28.5024
2004-04-03,USD,1,28.5095,28.5095
2004-04-06,USD,1,28.5385,28.5385
2004-04-07,USD,1,28.541,28.541
2004-04-08,USD,1,28.5296,28.5296
2004-04-09,USD,1,28.5172,28.5172
2004-04-10,USD,1,28.5065,28.5065
2004-04-13,USD,1,28.5535,28.5535
2004-04-14,USD,1,28.5892,28.5892
2004-04-15,USD,1,28.6221,28.6221
2004-04-16,USD,1,28.6104,28.6104
2004-04-17,USD,1,28.6223,28.6223
2004-04-20,USD,1,28.6693,28.6693
2004-04-21,USD,1,28.7662,28.7662
2004-04-22,USD,1,28.9237,28.9237
2004-04-23,USD,1,28.98,28.98
2004-04-24,USD,1,28.9671,28.9671
2004-04-27,USD,1,29.0033,29.0033
2004-04-28,USD,1,28.87,28.87
2004-04-29,USD,1,28.8636,28.8636
2004-04-30,USD,1,28.8834,28.8834
2004-05-01,USD,1,28.9612,28.9612
2004-05-06,USD,1,28.8976,28.8976
2004-05-07,USD,1,28.873,28.873
2004-05-08,USD,1,28.953,28.953
2004-05-12,USD,1,28.9862,28.9862
2004-05-13,USD,1,29.0587,29.0587
2004-05-14,USD,1,29.0772,29.0772
2004-05-15,USD,1,29.0684,29.0684
2004-05-18,USD,1,29.0436,29.0436
2004-05-19,USD,1,28.9983,28.9983
2004-05-20,USD,1,28.9924,28.9924
2004-05-21,USD,1,28.9904,28.9904
2004-05-22,USD,1,28.9863,28.9863
2004-05-25,USD,1,28.9916,28.9916
2004-05-26,USD,1,28.9763,28.9763
2004-05-27,USD,1,28.9817,28.9817
2004-05-28,USD,1,28.985,28.985
2004-05-29,USD,1,28.985,28.985
2004-06-01,USD,1,28.9993,28.9993
2004-06-02,USD,1,29.0053,29.0053
2004-06-03,USD,1,29.0511,29.0511
2004-06-04,USD,1,29.0859,29.0859
2004-06-05,USD,1,29.0658,29.0658
2004-06-08,USD,1,29.0346,29.0346
2004-06-09,USD,1,29.0219,29.0219
2004-06-10,USD,1,29.0337,29.0337
2004-06-11,USD,1,29.0424,29.0424
2004-06-12,USD,1,29.0287,29.0287
2004-06-16,USD,1,29.02,29.02
2004-06-17,USD,1,29.0199,29.0199
2004-06-18,USD,1,29.029,29.029
2004-06-19,USD,1,29.0257,29.0257
2004-06-22,USD,1,29.017,29.017
2004-06-23,USD,1,29.0206,29.0206
2004-06-24,USD,1,29.0243,29.0243
2004-06-25,USD,1,29.0218,29.0218
2004-06-26,USD,1,29.0256,29.0256
2004-06-29,USD,1,29.0242,29.0242
2004-06-30,USD,1,29.0274,29.0274
2004-07-01,USD,1,29.0471,29.0471
2004-07-02,USD,1,29.0388,29.0388
2004-07-03,USD,1,29.0409,29.0409
2004-07-06,USD,1,29.0356,29.0356
2004-07-07,USD,1,29.0402,29.0402
2004-07-08,USD,1,29.0639,29.0639
2004-07-09,USD,1,29.1019,29.1019
2004-07-10,USD,1,29.11,29.11
2004-07-13,USD,1,29.1332,29.1332
2004-07-14,USD,1,29.1248,29.1248
2004-07-15,USD,1,29.1037,29.1037
2004-07-16,USD,1,29.077,29.077
2004-07-17,USD,1,29.0908,29.0908
2004-07-20,USD,1,29.0805,29.0805
2004-07-21,USD,1,29.0815,29.0815
2004-07-22,USD,1,29.0882,29.0882
2004-07-23,USD,1,29.0891,29.0891
2004-07-24,USD,1,29.083,29.083
2004-07-27,USD,1,29.0928,29.0928
2004-07-28,USD,1,29.0832,29.0832
2004-07-29,USD,1,29.0871,29.0871
2004-07-30,USD,1,29.0891,29.0891
2004-07-31,USD,1,29.1019,29.1019
2004-08-03,USD,1,29.1405,29.1405
2004-08-04,USD,1,29.1829,29.1829
2004-08-05,USD,1,29.1764,29.1764
2004-08-06,USD,1,29.1761,29.1761
2004-08-07,USD,1,29.1907,29.1907
2004-08-10,USD,1,29.2491,29.2491
2004-08-11,USD,1,29.2381,29.2381
2004-08-12,USD,1,29.2519,29.2519
2004-08-13,USD,1,29.276,29.276
2004-08-14,USD,1,29.2579,29.2579
2004-08-17,USD,1,29.2229,29.2229
2004-08-18,USD,1,29.2152,29.2152
2004-08-19,USD,1,29.2176,29.2176
2004-08-20,USD,1,29.2325,29.2325
2004-08-21,USD,1,29.2199,29.2199
2004-08-24,USD,1,29.2178,29.2178
2004-08-25,USD,1,29.2208,29.2208
2004-08-26,USD,1,29.2225,29.2225
2004-08-27,USD,1,29.2226,29.2226
2004-08-28,USD,1,29.2289,29.2289
2004-08-31,USD,1,29.2447,29.2447
2004-09-01,USD,1,29.2591,29.2591
2004-09-02,USD,1,29.2552,29.2552
2004-09-03,USD,1,29.2322,29.2322
2004-09-04,USD,1,29.2307,29.2307
2004-09-07,USD,1,29.2183,29.2183
2004-09-08,USD,1,29.2187,29.2187
2004-09-09,USD,1,29.2239,29.2239
2004-09-10,USD,1,29.2173,29.2173
2004-09-11,USD,1,29.2166,29.2166
2004-09-14,USD,1,29.2151,29.2151
2004-09-15,USD,1,29.2162,29.2162
2004-09-16,USD,1,29.2151,29.2151
2004-09-17,USD,1,29.2187,29.2187
2004-09-18,USD,1,29.2214,29.2214
2004-09-21,USD,1,29.2154,29.2154
2004-09-22,USD,1,29.2165,29.2165
2004-09-23,USD,1,29.2172,29.2172
2004-09-24,USD,1,29.2146,29.2146
2004-09-25,USD,1,29.2151,29.2151
2004-09-28,USD,1,29.2164,29.2164
2004-09-29,USD,1,29.215,29.215
2004-09-30,USD,1,29.2171,29.2171
2004-10-01,USD,1,29.2224,29.2224
2004-10-02,USD,1,29.2175,29.2175
2004-10-05,USD,1,29.2159,29.2159
2004-10-06,USD,1,29.219,29.219
2004-10-07,USD,1,29.2215,29.2215
2004-10-08,USD,1,29.2204,29.2204
2004-10-09,USD,1,29.2218,29.2218
2004-10-12,USD,1,29.1272,29.1272
2004-10-13,USD,1,29.1152,29.1152
2004-10-14,USD,1,29.1199,29.1199
2004-10-15,USD,1,29.1154,29.1154
2004-10-16,USD,1,29.1151,29.1151
2004-10-19,USD,1,29.1191,29.1191
2004-10-20,USD,1,29.1175,29.1175
2004-10-21,USD,1,29.115,29.115
2004-10-22,USD,1,29.1154,29.1154
2004-10-23,USD,1,28.9989,28.9989
2004-10-26,USD,1,28.8673,28.8673
2004-10-27,USD,1,28.7709,28.7709
2004-10-28,USD,1,28.7674,28.7674
2004-10-29,USD,1,28.7783,28.7783
2004-10-30,USD,1,28.7655,28.7655
2004-11-02,USD,1,28.7651,28.7651
2004-11-03,USD,1,28.7778,28.7778
2004-11-04,USD,1,28.7811,28.7811
2004-11-05,USD,1,28.765,28.765
2004-11-06,USD,1,28.668,28.668
2004-11-10,USD,1,28.6502,28.6502
2004-11-11,USD,1,28.6718,28.6718
2004-11-12,USD,1,28.6889,28.6889
2004-11-13,USD,1,28.6651,28.6651
2004-11-16,USD,1,28.6696,28.6696
2004-11-17,USD,1,28.6882,28.6882
2004-11-18,USD,1,28.6687,28.6687
2004-11-19,USD,1,28.5387,28.5387
2004-11-20,USD,1,28.5455,28.5455
2004-11-23,USD,1,28.5208,28.5208
2004-11-24,USD,1,28.5217,28.5217
2004-11-25,USD,1,28.4144,28.4144
2004-11-26,USD,1,28.3205,28.3205
2004-11-27,USD,1,28.2659,28.2659
2004-11-30,USD,1,28.2367,28.2367
2004-12-01,USD,1,28.1496,28.1496
2004-12-02,USD,1,28.0161,28.0161
2004-12-03,USD,1,27.9951,27.9951
2004-12-04,USD,1,27.9271,27.9271
2004-12-07,USD,1,27.8402,27.8402
2004-12-08,USD,1,27.8741,27.8741
2004-12-09,USD,1,27.9772,27.9772
2004-12-10,USD,1,28.0293,28.0293
2004-12-11,USD,1,28.1243,28.1243
2004-12-15,USD,1,27.9955,27.9955
2004-12-16,USD,1,27.9103,27.9103
2004-12-17,USD,1,27.8372,27.8372
2004-12-18,USD,1,27.8821,27.8821
2004-12-21,USD,1,27.8917,27.8917
2004-12-22,USD,1,27.8887,27.8887
2004-12-23,USD,1,27.8389,27.8389
2004-12-24,USD,1,27.8341,27.8341
2004-12-25,USD,1,27.8251,27.8251
2004-12-28,USD,1,27.7796,27.7796
2004-12-29,USD,1,27.775,27.775
2004-12-30,USD,1,27.7487,27.7487
2004-12-31,USD,1,27.7487,27.7487
2005-01-01,USD,1,27.7487,27.7487
2005-01-12,USD,1,27.9549,27.9549
2005-01-13,USD,1,27.88,27.88
2005-01-14,USD,1,27.8677,27.8677
2005-01-15,USD,1,27.9469,27.9469
2005-01-18,USD,1,27.9668,27.9668
2005-01-19,USD,1,28.1129,28.1129
2005-01-20,USD,1,28.1573,28.1573
2005-01-21,USD,1,28.1594,28.1594
2005-01-22,USD,1,28.1569,28.1569
2005-01-25,USD,1,28.0157,28.0157
2005-01-26,USD,1,27.9804,27.9804
2005-01-27,USD,1,28.1017,28.1017
2005-01-28,USD,1,28.0025,28.0025
2005-01-29,USD,1,28.0845,28.0845
2005-02-01,USD,1,28.1136,28.1136
2005-02-02,USD,1,27.9656,27.9656
2005-02-03,USD,1,27.9665,27.9665
2005-02-04,USD,1,28.0104,28.0104
2005-02-05,USD,1,27.9833,27.9833
2005-02-08,USD,1,28.1237,28.1237
2005-02-09,USD,1,28.1872,28.1872
2005-02-10,USD,1,28.133,28.133
2005-02-11,USD,1,28.0853,28.0853
2005-02-12,USD,1,28.0688,28.0688
2005-02-15,USD,1,28.0306,28.0306
2005-02-16,USD,1,28.0207,28.0207
2005-02-17,USD,1,28.0016,28.0016
2005-02-18,USD,1,27.9998,27.9998
2005-02-19,USD,1,27.9359,27.9359
2005-02-22,USD,1,27.9365,27.9365
2005-02-23,USD,1,27.8312,27.8312
2005-02-25,USD,1,27.745,27.745
2005-02-26,USD,1,27.7738,27.7738
2005-03-01,USD,1,27.7007,27.7007
2005-03-02,USD,1,27.7091,27.7091
2005-03-03,USD,1,27.699,27.699
2005-03-04,USD,1,27.7245,27.7245
2005-03-05,USD,1,27.7518,27.7518
2005-03-06,USD,1,27.6698,27.6698
2005-03-10,USD,1,27.5562,27.5562
2005-03-11,USD,1,27.4637,27.4637
2005-03-12,USD,1,27.4629,27.4629
2005-03-15,USD,1,27.477,27.477
2005-03-16,USD,1,27.4902,27.4902
2005-03-17,USD,1,27.489,27.489
2005-03-18,USD,1,27.4611,27.4611
2005-03-19,USD,1,27.4827,27.4827
2005-03-22,USD,1,27.5442,27.5442
2005-03-23,USD,1,27.5764,27.5764
2005-03-24,USD,1,27.6381,27.6381
2005-03-25,USD,1,27.697,27.697
2005-03-26,USD,1,27.7112,27.7112
2005-03-29,USD,1,27.8198,27.8198
2005-03-30,USD,1,27.8313,27.8313
2005-03-31,USD,1,27.8256,27.8256
2005-04-01,USD,1,27.8548,27.8548
2005-04-02,USD,1,27.8831,27.8831
2005-04-05,USD,1,27.8926,27.8926
2005-04-06,USD,1,27.9394,27.9394
2005-04-07,USD,1,27.8739,27.8739
2005-04-08,USD,1,27.8085,27.8085
2005-04-09,USD,1,27.8789,27.8789
2005-04-12,USD,1,27.7933,27.7933
2005-04-13,USD,1,27.765,27.765
2005-04-14,USD,1,27.7907,27.7907
2005-04-15,USD,1,27.8291,27.8291
2005-04-16,USD,1,27.9031,27.9031
2005-04-19,USD,1,27.8222,27.8222
2005-04-20,USD,1,27.7543,27.7543
2005-04-21,USD,1,27.7241,27.7241
2005-04-22,USD,1,27.7074,27.7074
2005-04-23,USD,1,27.7304,27.7304
2005-04-26,USD,1,27.7463,27.7463
2005-04-27,USD,1,27.7586,27.7586
2005-04-28,USD,1,27.8055,27.8055
2005-04-29,USD,1,27.794,27.794
2005-04-30,USD,1,27.7726,27.7726
2005-05-04,USD,1,27.8364,27.8364
2005-05-05,USD,1,27.7896,27.7896
2005-05-06,USD,1,27.7845,27.7845
2005-05-07,USD,1,27.7852,27.7852
2005-05-12,USD,1,27.816,27.816
2005-05-13,USD,1,27.8677,27.8677
2005-05-14,USD,1,27.9237,27.9237
2005-05-17,USD,1,28.0223,28.0223
2005-05-18,USD,1,27.9929,27.9929
2005-05-19,USD,1,28.0055,28.0055
2005-05-20,USD,1,27.9608,27.9608
2005-05-21,USD,1,27.9719,27.9719
2005-05-24,USD,1,28.0619,28.0619
2005-05-25,USD,1,28.0327,28.0327
2005-05-26,USD,1,28.0367,28.0367
2005-05-27,USD,1,28.0638,28.0638
2005-05-28,USD,1,28.0813,28.0813
2005-05-31,USD,1,28.0919,28.0919
2005-06-01,USD,1,28.1946,28.1946
2005-06-02,USD,1,28.2885,28.2885
2005-06-03,USD,1,28.375,28.375
2005-06-04,USD,1,28.3761,28.3761
2005-06-07,USD,1,28.429,28.429
2005-06-08,USD,1,28.4133,28.4133
2005-06-09,USD,1,28.3766,28.3766
2005-06-10,USD,1,28.4457,28.4457
2005-06-11,USD,1,28.4671,28.4671
2005-06-15,USD,1,28.5658,28.5658
2005-06-16,USD,1,28.6237,28.6237
2005-06-17,USD,1,28.6024,28.6024
2005-06-18,USD,1,28.5841,28.5841
2005-06-21,USD,1,28.4765,28.4765
2005-06-22,USD,1,28.5497,28.5497
2005-06-23,USD,1,28.5528,28.5528
2005-06-24,USD,1,28.6193,28.6193
2005-06-25,USD,1,28.6787,28.6787
2005-06-28,USD,1,28.5802,28.5802
2005-06-29,USD,1,28.584,28.584
2005-06-30,USD,1,28.6721,28.6721
2005-07-01,USD,1,28.6282,28.6282
2005-07-02,USD,1,28.6794,28.6794
2005-07-05,USD,1,28.8005,28.8005
2005-07-06,USD,1,28.8333,28.8333
2005-07-07,USD,1,28.8185,28.8185
2005-07-08,USD,1,28.831,28.831
2005-07-09,USD,1,28.8374,28.8374
2005-07-12,USD,1,28.7154,28.7154
2005-07-13,USD,1,28.5938,28.5938
2005-07-14,USD,1,28.5678,28.5678
2005-07-15,USD,1,28.6679,28.6679
2005-07-16,USD,1,28.6269,28.6269
2005-07-19,USD,1,28.6726,28.6726
2005-07-20,USD,1,28.7252,28.7252
2005-07-21,USD,1,28.6744,28.6744
2005-07-22,USD,1,28.6012,28.6012
2005-07-23,USD,1,28.5792,28.5792
2005-07-26,USD,1,28.6898,28.6898
2005-07-27,USD,1,28.6888,28.6888
2005-07-28,USD,1,28.7304,28.7304
2005-07-29,USD,1,28.6817,28.6817
2005-07-30,USD,1,28.6341,28.6341
2005-08-02,USD,1,28.595,28.595
2005-08-03,USD,1,28.5826,28.5826
2005-08-04,USD,1,28.604,28.604
2005-08-05,USD,1,28.4854,28.4854
2005-08-06,USD,1,28.4171,28.4171
2005-08-09,USD,1,28.4355,28.4355
2005-08-10,USD,1,28.3791,28.3791
2005-08-11,USD,1,28.3931,28.3931
2005-08-12,USD,1,28.3788,28.3788
2005-08-13,USD,1,28.3122,28.3122
2005-08-16,USD,1,28.3815,28.3815
2005-08-17,USD,1,28.4161,28.4161
2005-08-18,USD,1,28.473,28.473
2005-08-19,USD,1,28.4936,28.4936
2005-08-20,USD,1,28.6003,28.6003
2005-08-23,USD,1,28.5852,28.5852
2005-08-24,USD,1,28.5494,28.5494
2005-08-25,USD,1,28.5844,28.5844
2005-08-26,USD,1,28.4572,28.4572
2005-08-27,USD,1,28.4505,28.4505
2005-08-30,USD,1,28.4368,28.4368
2005-08-31,USD,1,28.545,28.545
2005-09-01,USD,1,28.5566,28.5566
2005-09-02,USD,1,28.4637,28.4637
2005-09-03,USD,1,28.3037,28.3037
2005-09-06,USD,1,28.1977,28.1977
2005-09-07,USD,1,28.2108,28.2108
2005-09-08,USD,1,28.2015,28.2015
2005-09-09,USD,1,28.2562,28.2562
2005-09-10,USD,1,28.2517,28.2517
2005-09-13,USD,1,28.3566,28.3566
2005-09-14,USD,1,28.3856,28.3856
2005-09-15,USD,1,28.316,28.316
2005-09-16,USD,1,28.3698,28.3698
2005-09-17,USD,1,28.3026,28.3026
2005-09-20,USD,1,28.4582,28.4582
2005-09-21,USD,1,28.4065,28.4065
2005-09-22,USD,1,28.3812,28.3812
2005-09-23,USD,1,28.3603,28.3603
2005-09-24,USD,1,28.432,28.432
2005-09-27,USD,1,28.5463,28.5463
2005-09-28,USD,1,28.5678,28.5678
2005-09-29,USD,1,28.5366,28.5366
2005-09-30,USD,1,28.4989,28.4989
2005-10-01,USD,1,28.5348,28.5348
2005-10-04,USD,1,28.6132,28.6132
2005-10-05,USD,1,28.643,28.643
2005-10-06,USD,1,28.6157,28.6157
2005-10-07,USD,1,28.5207,28.5207
2005-10-08,USD,1,28.4577,28.4577
2005-10-11,USD,1,28.4708,28.4708
2005-10-12,USD,1,28.5562,28.5562
2005-10-13,USD,1,28.625,28.625
2005-10-14,USD,1,28.599,28.599
2005-10-15,USD,1,28.5861,28.5861
2005-10-18,USD,1,28.5291,28.5291
2005-10-19,USD,1,28.614,28.614
2005-10-20,USD,1,28.6715,28.6715
2005-10-21,USD,1,28.6219,28.6219
2005-10-22,USD,1,28.5666,28.5666
2005-10-25,USD,1,28.6248,28.6248
2005-10-26,USD,1,28.6087,28.6087
2005-10-27,USD,1,28.4633,28.4633
2005-10-28,USD,1,28.4793,28.4793
2005-10-29,USD,1,28.4244,28.4244
2005-11-01,USD,1,28.503,28.503
2005-11-02,USD,1,28.581,28.581
2005-11-03,USD,1,28.5805,28.5805
2005-11-04,USD,1,28.5544,28.5544
2005-11-08,USD,1,28.7593,28.7593
2005-11-09,USD,1,28.8389,28.8389
2005-11-10,USD,1,28.828,28.828
2005-11-11,USD,1,28.8135,28.8135
2005-11-12,USD,1,28.879,28.879
2005-11-15,USD,1,28.825,28.825
2005-11-16,USD,1,28.8503,28.8503
2005-11-17,USD,1,28.838,28.838
2005-11-18,USD,1,28.876,28.876
2005-11-19,USD,1,28.8436,28.8436
2005-11-22,USD,1,28.7745,28.7745
2005-11-23,USD,1,28.8108,28.8108
2005-11-24,USD,1,28.7267,28.7267
2005-11-25,USD,1,28.741,28.741
2005-11-26,USD,1,28.7896,28.7896
2005-11-29,USD,1,28.8698,28.8698
2005-11-30,USD,1,28.7312,28.7312
2005-12-01,USD,1,28.7792,28.7792
2005-12-02,USD,1,28.816,28.816
2005-12-03,USD,1,28.9646,28.9646
2005-12-06,USD,1,28.9978,28.9978
2005-12-07,USD,1,28.9123,28.9123
2005-12-08,USD,1,28.9261,28.9261
2005-12-09,USD,1,28.9799,28.9799
2005-12-10,USD,1,28.9258,28.9258
2005-12-13,USD,1,28.8571,28.8571
2005-12-14,USD,1,28.7135,28.7135
2005-12-15,USD,1,28.661,28.661
2005-12-16,USD,1,28.6892,28.6892
2005-12-17,USD,1,28.6523,28.6523
2005-12-20,USD,1,28.64,28.64
2005-12-21,USD,1,28.6649,28.6649
2005-12-22,USD,1,28.7629,28.7629
2005-12-23,USD,1,28.84,28.84
2005-12-24,USD,1,28.7799,28.7799
2005-12-27,USD,1,28.8059,28.8059
2005-12-28,USD,1,28.8177,28.8177
2005-12-29,USD,1,28.7472,28.7472
2005-12-30,USD,1,28.79,28.79
2005-12-31,USD,1,28.7825,28.7825
2006-01-11,USD,1,28.4821,28.4821
2006-01-12,USD,1,28.4834,28.4834
2006-01-13,USD,1,28.3966,28.3966
2006-01-14,USD,1,28.474,28.474
2006-01-17,USD,1,28.3007,28.3007
2006-01-18,USD,1,28.2697,28.2697
2006-01-19,USD,1,28.3023,28.3023
2006-01-20,USD,1,28.2863,28.2863
2006-01-21,USD,1,28.2909,28.2909
2006-01-24,USD,1,28.0512,28.0512
2006-01-25,USD,1,27.9898,27.9898
2006-01-26,USD,1,27.9805,27.9805
2006-01-27,USD,1,27.9698,27.9698
2006-01-28,USD,1,28.024,28.024
2006-01-31,USD,1,28.1207,28.1207
2006-02-01,USD,1,28.1305,28.1305
2006-02-02,USD,1,28.1042,28.1042
2006-02-03,USD,1,28.1901,28.1901
2006-02-04,USD,1,28.1732,28.1732
2006-02-07,USD,1,28.2349,28.2349
2006-02-08,USD,1,28.2524,28.2524
2006-02-09,USD,1,28.2642,28.2642
2006-02-10,USD,1,28.2496,28.2496
2006-02-11,USD,1,28.2411,28.2411
2006-02-14,USD,1,28.2369,28.2369
2006-02-15,USD,1,28.1844,28.1844
2006-02-16,USD,1,28.1994,28.1994
2006-02-17,USD,1,28.2225,28.2225
2006-02-18,USD,1,28.2182,28.2182
2006-02-21,USD,1,28.1451,28.1451
2006-02-22,USD,1,28.1908,28.1908
2006-02-23,USD,1,28.1827,28.1827
2006-02-27,USD,1,28.155,28.155
2006-02-28,USD,1,28.1223,28.1223
2006-03-01,USD,1,28.1211,28.1211
2006-03-02,USD,1,28.0245,28.0245
2006-03-03,USD,1,28.0279,28.0279
2006-03-04,USD,1,27.9305,27.9305
2006-03-07,USD,1,27.881,27.881
2006-03-08,USD,1,27.9945,27.9945
2006-03-10,USD,1,28.0,28.0
2006-03-11,USD,1,28.0203,28.0203
2006-03-14,USD,1,28.0079,28.0079
2006-03-15,USD,1,27.9929,27.9929
2006-03-16,USD,1,27.8432,27.8432
2006-03-17,USD,1,27.8171,27.8171
2006-03-18,USD,1,27.7028,27.7028
2006-03-21,USD,1,27.6615,27.6615
2006-03-22,USD,1,27.7027,27.7027
2006-03-23,USD,1,27.7383,27.7383
2006-03-24,USD,1,27.768,27.768
2006-03-25,USD,1,27.847,27.847
2006-03-28,USD,1,27.773,27.773
2006-03-29,USD,1,27.8019,27.8019
2006-03-30,USD,1,27.8043,27.8043
2006-03-31,USD,1,27.7626,27.7626
2006-04-01,USD,1,27.6996,27.6996
2006-04-04,USD,1,27.7737,27.7737
2006-04-05,USD,1,27.6921,27.6921
2006-04-06,USD,1,27.5602,27.5602
2006-04-07,USD,1,27.5332,27.5332
2006-04-08,USD,1,27.6077,27.6077
2006-04-11,USD,1,27.7085,27.7085
2006-04-12,USD,1,27.6797,27.6797
2006-04-13,USD,1,27.6625,27.6625
2006-04-14,USD,1,27.6985,27.6985
2006-04-15,USD,1,27.7002,27.7002
2006-04-18,USD,1,27.6336,27.6336
2006-04-19,USD,1,27.5675,27.5675
2006-04-20,USD,1,27.465,27.465
2006-04-21,USD,1,27.4666,27.4666
2006-04-22,USD,1,27.5198,27.5198
2006-04-25,USD,1,27.4331,27.4331
2006-04-26,USD,1,27.4244,27.4244
2006-04-27,USD,1,27.3921,27.3921
2006-04-28,USD,1,27.3621,27.3621
2006-04-29,USD,1,27.2739,27.2739
2006-05-03,USD,1,27.2424,27.2424
2006-05-04,USD,1,27.159,27.159
2006-05-05,USD,1,27.2085,27.2085
2006-05-06,USD,1,27.1258,27.1258
2006-05-07,USD,1,27.0801,27.0801
2006-05-11,USD,1,27.0359,27.0359
2006-05-12,USD,1,27.0755,27.0755
2006-05-13,USD,1,26.9431,26.9431
2006-05-16,USD,1,26.9187,26.9187
2006-05-17,USD,1,27.0209,27.0209
2006-05-18,USD,1,26.9569,26.9569
2006-05-19,USD,1,27.0663,27.0663
2006-05-20,USD,1,26.9987,26.9987
2006-05-23,USD,1,27.0965,27.0965
2006-05-24,USD,1,26.9876,26.9876
2006-05-25,USD,1,27.0168,27.0168
2006-05-26,USD,1,27.0381,27.0381
2006-05-27,USD,1,27.0349,27.0349
2006-05-30,USD,1,27.0652,27.0652
2006-05-31,USD,1,26.984,26.984
2006-06-01,USD,1,26.9355,26.9355
2006-06-02,USD,1,27.0474,27.0474
2006-06-03,USD,1,26.8868,26.8868
2006-06-06,USD,1,26.7089,26.7089
2006-06-07,USD,1,26.7331,26.7331
2006-06-08,USD,1,26.8582,26.8582
2006-06-09,USD,1,26.8801,26.8801
2006-06-10,USD,1,27.0079,27.0079
2006-06-14,USD,1,27.0836,27.0836
2006-06-15,USD,1,27.0895,27.0895
2006-06-16,USD,1,27.0369,27.0369
2006-06-17,USD,1,26.9869,26.9869
2006-06-20,USD,1,27.0379,27.0379
2006-06-21,USD,1,27.045,27.045
2006-06-22,USD,1,27.0163,27.0163
2006-06-23,USD,1,26.9738,26.9738
2006-06-24,USD,1,27.0491,27.0491
2006-06-27,USD,1,27.1021,27.1021
2006-06-28,USD,1,27.0334,27.0334
2006-06-29,USD,1,27.0611,27.0611
2006-06-30,USD,1,27.0789,27.0789
2006-07-01,USD,1,26.9423,26.9423
2006-07-04,USD,1,26.8735,26.8735
2006-07-05,USD,1,26.8397,26.8397
2006-07-06,USD,1,26.8559,26.8559
2006-07-07,USD,1,26.9111,26.9111
2006-07-08,USD,1,26.8781,26.8781
2006-07-11,USD,1,26.8558,26.8558
2006-07-12,USD,1,26.9125,26.9125
2006-07-13,USD,1,26.867,26.867
2006-07-14,USD,1,26.9189,26.9189
2006-07-15,USD,1,26.9631,26.9631
2006-07-18,USD,1,26.9277,26.9277
2006-07-19,USD,1,27.0194,27.0194
2006-07-20,USD,1,27.0554,27.0554
2006-07-21,USD,1,26.9674,26.9674
2006-07-22,USD,1,26.9122,26.9122
2006-07-25,USD,1,26.9223,26.9223
2006-07-26,USD,1,26.9073,26.9073
2006-07-27,USD,1,26.9878,26.9878
2006-07-28,USD,1,26.8431,26.8431
2006-07-29,USD,1,26.8718,26.8718
2006-08-01,USD,1,26.8197,26.8197
2006-08-02,USD,1,26.8416,26.8416
2006-08-03,USD,1,26.7605,26.7605
2006-08-04,USD,1,26.804,26.804
2006-08-05,USD,1,26.771,26.771
2006-08-08,USD,1,26.6962,26.6962
2006-08-09,USD,1,26.7348,26.7348
2006-08-10,USD,1,26.7391,26.7391
2006-08-11,USD,1,26.6738,26.6738
2006-08-12,USD,1,26.793,26.793
2006-08-15,USD,1,26.8189,26.8189
2006-08-16,USD,1,26.8337,26.8337
2006-08-17,USD,1,26.7804,26.7804
2006-08-18,USD,1,26.7225,26.7225
2006-08-19,USD,1,26.7364,26.7364
2006-08-22,USD,1,26.705,26.705
2006-08-23,USD,1,26.6964,26.6964
2006-08-24,USD,1,26.7614,26.7614
2006-08-25,USD,1,26.7863,26.7863
2006-08-26,USD,1,26.7998,26.7998
2006-08-29,USD,1,26.7672,26.7672
2006-08-30,USD,1,26.7446,26.7446
2006-08-31,USD,1,26.7379,26.7379
2006-09-01,USD,1,26.7295,26.7295
2006-09-02,USD,1,26.7542,26.7542
2006-09-05,USD,1,26.7222,26.7222
2006-09-06,USD,1,26.6406,26.6406
2006-09-07,USD,1,26.6714,26.6714
2006-09-08,USD,1,26.6708,26.6708
2006-09-09,USD,1,26.7625,26.7625
2006-09-12,USD,1,26.7965,26.7965
2006-09-13,USD,1,26.7764,26.7764
2006-09-14,USD,1,26.798,26.798
2006-09-15,USD,1,26.8015,26.8015
2006-09-16,USD,1,26.7667,26.7667
2006-09-19,USD,1,26.8048,26.8048
2006-09-20,USD,1,26.7715,26.7715
2006-09-21,USD,1,26.7974,26.7974
2006-09-22,USD,1,26.7674,26.7674
2006-09-23,USD,1,26.6712,26.6712
2006-09-26,USD,1,26.6665,26.6665
2006-09-27,USD,1,26.7263,26.7263
2006-09-28,USD,1,26.7944,26.7944
2006-09-29,USD,1,26.7498,26.7498
2006-09-30,USD,1,26.7799,26.7799
2006-10-03,USD,1,26.7948,26.7948
2006-10-04,USD,1,26.7335,26.7335
2006-10-05,USD,1,26.7671,26.7671
2006-10-06,USD,1,26.7803,26.7803
2006-10-07,USD,1,26.8102,26.8102
2006-10-10,USD,1,26.8919,26.8919
2006-10-11,USD,1,26.889,26.889
2006-10-12,USD,1,26.9537,26.9537
2006-10-13,USD,1,26.9508,26.9508
2006-10-14,USD,1,26.9314,26.9314
2006-10-17,USD,1,26.969,26.969
2006-10-18,USD,1,26.9445,26.9445
2006-10-19,USD,1,26.9288,26.9288
2006-10-20,USD,1,26.9351,26.9351
2006-10-21,USD,1,26.851,26.851
2006-10-24,USD,1,26.8804,26.8804
2006-10-25,USD,1,26.9307,26.9307
2006-10-26,USD,1,26.9025,26.9025
2006-10-27,USD,1,26.8305,26.8305
2006-10-28,USD,1,26.7884,26.7884
2006-10-31,USD,1,26.7477,26.7477
2006-11-01,USD,1,26.7811,26.7811
2006-11-02,USD,1,26.7285,26.7285
2006-11-03,USD,1,26.7277,26.7277
2006-11-04,USD,1,26.7007,26.7007
2006-11-08,USD,1,26.7218,26.7218
2006-11-09,USD,1,26.7044,26.7044
2006-11-10,USD,1,26.6982,26.6982
2006-11-11,USD,1,26.6195,26.6195
2006-11-14,USD,1,26.6194,26.6194
2006-11-15,USD,1,26.6509,26.6509
2006-11-16,USD,1,26.6548,26.6548
2006-11-17,USD,1,26.6551,26.6551
2006-11-18,USD,1,26.6888,26.6888
2006-11-21,USD,1,26.6402,26.6402
2006-11-22,USD,1,26.6548,26.6548
2006-11-23,USD,1,26.6122,26.6122
2006-11-24,USD,1,26.556,26.556
2006-11-25,USD,1,26.5199,26.5199
2006-11-28,USD,1,26.3666,26.3666
2006-11-29,USD,1,26.3503,26.3503
2006-11-30,USD,1,26.3147,26.3147
2006-12-01,USD,1,26.3081,26.3081
2006-12-02,USD,1,26.2465,26.2465
2006-12-05,USD,1,26.2056,26.2056
2006-12-06,USD,1,26.184,26.184
2006-12-07,USD,1,26.1883,26.1883
2006-12-08,USD,1,26.1917,26.1917
2006-12-09,USD,1,26.2356,26.2356
2006-12-12,USD,1,26.2977,26.2977
2006-12-13,USD,1,26.2609,26.2609
2006-12-14,USD,1,26.2332,26.2332
2006-12-15,USD,1,26.2645,26.2645
2006-12-16,USD,1,26.3298,26.3298
2006-12-19,USD,1,26.3884,26.3884
2006-12-20,USD,1,26.383,26.383
2006-12-21,USD,1,26.2759,26.2759
2006-12-22,USD,1,26.2928,26.2928
2006-12-23,USD,1,26.2941,26.2941
2006-12-26,USD,1,26.3528,26.3528
2006-12-27,USD,1,26.36,26.36
2006-12-28,USD,1,26.3365,26.3365
2006-12-29,USD,1,26.3789,26.3789
2006-12-30,USD,1,26.3311,26.3311
2007-01-10,USD,1,26.4465,26.4465
2007-01-11,USD,1,26.4898,26.4898
2007-01-12,USD,1,26.532,26.532
2007-01-13,USD,1,26.577,26.577
2007-01-16,USD,1,26.5645,26.5645
2007-01-17,USD,1,26.5481,26.5481
2007-01-18,USD,1,26.5646,26.5646
2007-01-19,USD,1,26.5343,26.5343
2007-01-20,USD,1,26.5075,26.5075
2007-01-23,USD,1,26.5214,26.5214
2007-01-24,USD,1,26.524,26.524
2007-01-25,USD,1,26.4879,26.4879
2007-01-26,USD,1,26.5018,26.5018
2007-01-27,USD,1,26.5575,26.5575
2007-01-30,USD,1,26.5747,26.5747
2007-01-31,USD,1,26.5331,26.5331
2007-02-01,USD,1,26.5484,26.5484
2007-02-02,USD,1,26.4882,26.4882
2007-02-03,USD,1,26.48,26.48
2007-02-06,USD,1,26.5288,26.5288
2007-02-07,USD,1,26.5543,26.5543
2007-02-08,USD,1,26.504,26.504
2007-02-09,USD,1,26.3945,26.3945
2007-02-10,USD,1,26.3473,26.3473
2007-02-13,USD,1,26.3414,26.3414
2007-02-14,USD,1,26.3759,26.3759
2007-02-15,USD,1,26.306,26.306
2007-02-16,USD,1,26.2314,26.2314
2007-02-17,USD,1,26.2358,26.2358
2007-02-20,USD,1,26.2131,26.2131
2007-02-21,USD,1,26.1964,26.1964
2007-02-22,USD,1,26.1967,26.1967
2007-02-23,USD,1,26.2474,26.2474
2007-02-27,USD,1,26.173,26.173
2007-02-28,USD,1,26.1599,26.1599
2007-03-01,USD,1,26.1481,26.1481
2007-03-02,USD,1,26.1366,26.1366
2007-03-03,USD,1,26.174,26.174
2007-03-06,USD,1,26.2147,26.2147
2007-03-07,USD,1,26.2432,26.2432
2007-03-08,USD,1,26.2352,26.2352
2007-03-10,USD,1,26.2086,26.2086
2007-03-13,USD,1,26.2278,26.2278
2007-03-14,USD,1,26.1873,26.1873
2007-03-15,USD,1,26.1491,26.1491
2007-03-16,USD,1,26.13,26.13
2007-03-17,USD,1,26.0476,26.0476
2007-03-20,USD,1,26.0419,26.0419
2007-03-21,USD,1,26.0414,26.0414
2007-03-22,USD,1,26.0335,26.0335
2007-03-23,USD,1,25.9709,25.9709
2007-03-24,USD,1,26.0109,26.0109
2007-03-27,USD,1,26.077,26.077
2007-03-28,USD,1,26.018,26.018
2007-03-29,USD,1,25.9956,25.9956
2007-03-30,USD,1,26.0204,26.0204
2007-03-31,USD,1,26.0113,26.0113
2007-04-03,USD,1,25.9947,25.9947
2007-04-04,USD,1,25.9839,25.9839
2007-04-05,USD,1,26.0094,26.0094
2007-04-06,USD,1,25.9871,25.9871
2007-04-07,USD,1,25.9252,25.9252
2007-04-10,USD,1,25.9846,25.9846
2007-04-11,USD,1,25.921,25.921
2007-04-12,USD,1,25.9181,25.9181
2007-04-13,USD,1,25.8647,25.8647
2007-04-14,USD,1,25.8286,25.8286
2007-04-17,USD,1,25.7966,25.7966
2007-04-18,USD,1,25.7994,25.7994
2007-04-19,USD,1,25.7469,25.7469
2007-04-20,USD,1,25.7657,25.7657
2007-04-21,USD,1,25.724,25.724
2007-04-24,USD,1,25.7617,25.7617
2007-04-25,USD,1,25.776,25.776
2007-04-26,USD,1,25.6948,25.6948
2007-04-27,USD,1,25.6934,25.6934
2007-04-28,USD,1,25.7446,25.7446
2007-04-29,USD,1,25.6851,25.6851
2007-05-03,USD,1,25.7564,25.7564
2007-05-04,USD,1,25.7288,25.7288
2007-05-05,USD,1,25.7691,25.7691
2007-05-08,USD,1,25.7351,25.7351
2007-05-09,USD,1,25.7334,25.7334
2007-05-11,USD,1,25.7771,25.7771
2007-05-12,USD,1,25.8594,25.8594
2007-05-15,USD,1,25.8067,25.8067
2007-05-16,USD,1,25.7927,25.7927
2007-05-17,USD,1,25.7376,25.7376
2007-05-18,USD,1,25.8074,25.8074
2007-05-19,USD,1,25.8492,25.8492
2007-05-22,USD,1,25.8388,25.8388
2007-05-23,USD,1,25.8831,25.8831
2007-05-24,USD,1,25.8964,25.8964
2007-05-25,USD,1,25.9002,25.9002
2007-05-26,USD,1,25.9152,25.9152
2007-05-29,USD,1,25.8884,25.8884
2007-05-30,USD,1,25.9029,25.9029
2007-05-31,USD,1,25.9031,25.9031
2007-06-01,USD,1,25.9043,25.9043
2007-06-02,USD,1,25.8983,25.8983
2007-06-05,USD,1,25.8928,25.8928
2007-06-06,USD,1,25.8493,25.8493
2007-06-07,USD,1,25.818,25.818
2007-06-08,USD,1,25.8428,25.8428
2007-06-09,USD,1,25.9247,25.9247
2007-06-10,USD,1,25.9811,25.9811
2007-06-14,USD,1,26.042,26.042
2007-06-15,USD,1,26.0465,26.0465
2007-06-16,USD,1,26.0323,26.0323
2007-06-19,USD,1,25.9558,25.9558
2007-06-20,USD,1,25.9268,25.9268
2007-06-21,USD,1,25.9372,25.9372
2007-06-22,USD,1,25.9692,25.9692
2007-06-23,USD,1,25.9356,25.9356
2007-06-26,USD,1,25.901,25.901
2007-06-27,USD,1,25.7781,25.7781
2007-06-28,USD,1,25.8468,25.8468
2007-06-29,USD,1,25.7965,25.7965
2007-06-30,USD,1,25.8162,25.8162
2007-07-03,USD,1,25.7288,25.7288
2007-07-04,USD,1,25.6574,25.6574
2007-07-05,USD,1,25.6629,25.6629
2007-07-06,USD,1,25.6742,25.6742
2007-07-07,USD,1,25.7305,25.7305
2007-07-10,USD,1,25.7016,25.7016
2007-07-11,USD,1,25.6586,25.6586
2007-07-12,USD,1,25.5363,25.5363
2007-07-13,USD,1,25.5167,25.5167
2007-07-14,USD,1,25.4936,25.4936
2007-07-17,USD,1,25.4728,25.4728
2007-07-18,USD,1,25.4563,25.4563
2007-07-19,USD,1,25.4401,25.4401
2007-07-20,USD,1,25.4216,25.4216
2007-07-21,USD,1,25.4144,25.4144
2007-07-24,USD,1,25.3853,25.3853
2007-07-25,USD,1,25.3964,25.3964
2007-07-26,USD,1,25.4132,25.4132
2007-07-27,USD,1,25.4989,25.4989
2007-07-28,USD,1,25.4963,25.4963
2007-07-31,USD,1,25.5999,25.5999
2007-08-01,USD,1,25.5448,25.5448
2007-08-02,USD,1,25.6008,25.6008
2007-08-03,USD,1,25.5945,25.5945
2007-08-04,USD,1,25.5554,25.5554
2007-08-07,USD,1,25.452,25.452
2007-08-08,USD,1,25.4702,25.4702
2007-08-09,USD,1,25.4837,25.4837
2007-08-10,USD,1,25.3444,25.3444
2007-08-11,USD,1,25.507,25.507
2007-08-14,USD,1,25.4661,25.4661
2007-08-15,USD,1,25.5319,25.5319
2007-08-16,USD,1,25.6367,25.6367
2007-08-17,USD,1,25.7379,25.7379
2007-08-18,USD,1,25.7818,25.7818
2007-08-21,USD,1,25.7408,25.7408
2007-08-22,USD,1,25.8429,25.8429
2007-08-23,USD,1,25.8405,25.8405
2007-08-24,USD,1,25.7105,25.7105
2007-08-25,USD,1,25.7609,25.7609
2007-08-28,USD,1,25.6544,25.6544
2007-08-29,USD,1,25.6753,25.6753
2007-08-30,USD,1,25.763,25.763
2007-08-31,USD,1,25.6494,25.6494
2007-09-01,USD,1,25.6262,25.6262
2007-09-04,USD,1,25.5896,25.5896
2007-09-05,USD,1,25.5982,25.5982
2007-09-06,USD,1,25.6997,25.6997
2007-09-07,USD,1,25.6639,25.6639
2007-09-08,USD,1,25.6618,25.6618
2007-09-11,USD,1,25.5708,25.5708
2007-09-12,USD,1,25.5154,25.5154
2007-09-13,USD,1,25.4056,25.4056
2007-09-14,USD,1,25.3679,25.3679
2007-09-15,USD,1,25.3422,25.3422
2007-09-18,USD,1,25.3286,25.3286
2007-09-19,USD,1,25.3547,25.3547
2007-09-20,USD,1,25.1867,25.1867
2007-09-21,USD,1,25.1258,25.1258
2007-09-22,USD,1,25.054,25.054
2007-09-25,USD,1,25.0062,25.0062
2007-09-26,USD,1,25.0315,25.0315
2007-09-27,USD,1,24.9755,24.9755
2007-09-28,USD,1,24.9619,24.9619
2007-09-29,USD,1,24.9493,24.9493
2007-10-02,USD,1,24.8784,24.8784
2007-10-03,USD,1,24.9093,24.9093
2007-10-04,USD,1,24.9297,24.9297
2007-10-05,USD,1,25.0111,25.0111
2007-10-06,USD,1,24.9814,24.9814
2007-10-09,USD,1,24.98,24.98
2007-10-10,USD,1,25.0597,25.0597
2007-10-11,USD,1,24.9842,24.9842
2007-10-12,USD,1,24.9199,24.9199
2007-10-13,USD,1,24.9216,24.9216
2007-10-16,USD,1,24.923,24.923
2007-10-17,USD,1,24.9012,24.9012
2007-10-18,USD,1,24.9275,24.9275
2007-10-19,USD,1,24.8749,24.8749
2007-10-20,USD,1,24.8494,24.8494
2007-10-23,USD,1,24.8066,24.8066
2007-10-24,USD,1,24.9225,24.9225
2007-10-25,USD,1,24.8912,24.8912
2007-10-26,USD,1,24.8508,24.8508
2007-10-27,USD,1,24.7722,24.7722
2007-10-30,USD,1,24.6983,24.6983
2007-10-31,USD,1,24.7238,24.7238
2007-11-01,USD,1,24.6724,24.6724
2007-11-02,USD,1,24.6847,24.6847
2007-11-03,USD,1,24.6674,24.6674
2007-11-07,USD,1,24.6232,24.6232
2007-11-08,USD,1,24.5123,24.5123
2007-11-09,USD,1,24.483,24.483
2007-11-10,USD,1,24.4458,24.4458
2007-11-13,USD,1,24.4946,24.4946
2007-11-14,USD,1,24.5286,24.5286
2007-11-15,USD,1,24.4917,24.4917
2007-11-16,USD,1,24.462,24.462
2007-11-17,USD,1,24.5153,24.5153
2007-11-20,USD,1,24.4975,24.4975
2007-11-21,USD,1,24.4328,24.4328
2007-11-22,USD,1,24.3391,24.3391
2007-11-23,USD,1,24.3174,24.3174
2007-11-24,USD,1,24.2649,24.2649
2007-11-27,USD,1,24.3104,24.3104
2007-11-28,USD,1,24.3111,24.3111
2007-11-29,USD,1,24.3622,24.3622
2007-11-30,USD,1,24.3506,24.3506
2007-12-01,USD,1,24.4171,24.4171
2007-12-04,USD,1,24.456,24.456
2007-12-05,USD,1,24.4733,24.4733
2007-12-06,USD,1,24.4236,24.4236
2007-12-07,USD,1,24.5506,24.5506
2007-12-08,USD,1,24.5295,24.5295
2007-12-11,USD,1,24.488,24.488
2007-12-12,USD,1,24.4174,24.4174
2007-12-13,USD,1,24.4432,24.4432
2007-12-14,USD,1,24.4286,24.4286
2007-12-15,USD,1,24.5092,24.5092
2007-12-18,USD,1,24.706,24.706
2007-12-19,USD,1,24.7236,24.7236
2007-12-20,USD,1,24.7281,24.7281
2007-12-21,USD,1,24.7529,24.7529
2007-12-22,USD,1,24.7235,24.7235
2007-12-25,USD,1,24.7307,24.7307
2007-12-26,USD,1,24.7196,24.7196
2007-12-27,USD,1,24.7019,24.7019
2007-12-28,USD,1,24.6387,24.6387
2007-12-29,USD,1,24.5398,24.5398
2007-12-30,USD,1,24.5462,24.5462
2008-01-10,USD,1,24.4387,24.4387
2008-01-11,USD,1,24.4796,24.4796
2008-01-12,USD,1,24.3671,24.3671
2008-01-15,USD,1,24.2913,24.2913
2008-01-16,USD,1,24.2858,24.2858
2008-01-17,USD,1,24.3367,24.3367
2008-01-18,USD,1,24.5043,24.5043
2008-01-19,USD,1,24.5076,24.5076
2008-01-22,USD,1,24.6456,24.6456
2008-01-23,USD,1,24.8917,24.8917
2008-01-24,USD,1,24.6325,24.6325
2008-01-25,USD,1,24.6349,24.6349
2008-01-26,USD,1,24.4386,24.4386
2008-01-29,USD,1,24.5952,24.5952
2008-01-30,USD,1,24.475,24.475
2008-01-31,USD,1,24.4764,24.4764
2008-02-01,USD,1,24.4262,24.4262
2008-02-02,USD,1,24.4201,24.4201
2008-02-05,USD,1,24.4543,24.4543
2008-02-06,USD,1,24.5211,24.5211
2008-02-07,USD,1,24.6706,24.6706
2008-02-08,USD,1,24.6466,24.6466
2008-02-09,USD,1,24.7813,24.7813
2008-02-12,USD,1,24.6715,24.6715
2008-02-13,USD,1,24.6537,24.6537
2008-02-14,USD,1,24.6655,24.6655
2008-02-15,USD,1,24.6392,24.6392
2008-02-16,USD,1,24.5861,24.5861
2008-02-19,USD,1,24.5767,24.5767
2008-02-20,USD,1,24.5206,24.5206
2008-02-21,USD,1,24.5486,24.5486
2008-02-22,USD,1,24.5299,24.5299
2008-02-23,USD,1,24.4663,24.4663
2008-02-27,USD,1,24.4558,24.4558
2008-02-28,USD,1,24.1966,24.1966
2008-02-29,USD,1,24.1159,24.1159
2008-03-01,USD,1,24.0023,24.0023
2008-03-04,USD,1,24.0103,24.0103
2008-03-05,USD,1,24.048,24.048
2008-03-06,USD,1,24.0473,24.0473
2008-03-07,USD,1,23.9349,23.9349
2008-03-08,USD,1,23.8353,23.8353
2008-03-12,USD,1,23.8587,23.8587
2008-03-13,USD,1,23.8461,23.8461
2008-03-14,USD,1,23.6924,23.6924
2008-03-15,USD,1,23.649,23.649
2008-03-18,USD,1,23.5126,23.5126
2008-03-19,USD,1,23.5325,23.5325
2008-03-20,USD,1,23.5581,23.5581
2008-03-21,USD,1,23.6781,23.6781
2008-03-22,USD,1,23.7773,23.7773
2008-03-25,USD,1,23.8351,23.8351
2008-03-26,USD,1,23.701,23.701
2008-03-27,USD,1,23.6559,23.6559
2008-03-28,USD,1,23.5171,23.5171
2008-03-29,USD,1,23.5156,23.5156
2008-04-01,USD,1,23.5027,23.5027
2008-04-02,USD,1,23.5799,23.5799
2008-04-03,USD,1,23.6706,23.6706
2008-04-04,USD,1,23.6153,23.6153
2008-04-05,USD,1,23.5982,23.5982
2008-04-08,USD,1,23.6028,23.6028
2008-04-09,USD,1,23.533,23.533
2008-04-10,USD,1,23.5437,23.5437
2008-04-11,USD,1,23.4628,23.4628
2008-04-12,USD,1,23.4825,23.4825
2008-04-15,USD,1,23.5139,23.5139
2008-04-16,USD,1,23.4549,23.4549
2008-04-17,USD,1,23.4482,23.4482
2008-04-18,USD,1,23.3703,23.3703
2008-04-19,USD,1,23.3696,23.3696
2008-04-22,USD,1,23.4704,23.4704
2008-04-23,USD,1,23.4299,23.4299
2008-04-24,USD,1,23.3448,23.3448
2008-04-25,USD,1,23.4391,23.4391
2008-04-26,USD,1,23.6007,23.6007
2008-04-29,USD,1,23.6037,23.6037
2008-04-30,USD,1,23.6471,23.6471
2008-05-01,USD,1,23.6588,23.6588
2008-05-05,USD,1,23.7939,23.7939
2008-05-06,USD,1,23.7633,23.7633
2008-05-07,USD,1,23.7456,23.7456
2008-05-08,USD,1,23.7523,23.7523
2008-05-09,USD,1,23.8833,23.8833
2008-05-13,USD,1,23.8328,23.8328
2008-05-14,USD,1,23.7199,23.7199
2008-05-15,USD,1,23.8521,23.8521
2008-05-16,USD,1,23.8482,23.8482
2008-05-17,USD,1,23.8391,23.8391
2008-05-20,USD,1,23.7238,23.7238
2008-05-21,USD,1,23.7462,23.7462
2008-05-22,USD,1,23.6874,23.6874
2008-05-23,USD,1,23.5758,23.5758
2008-05-24,USD,1,23.6007,23.6007
2008-05-27,USD,1,23.5483,23.5483
2008-05-28,USD,1,23.5513,23.5513
2008-05-29,USD,1,23.5847,23.5847
2008-05-30,USD,1,23.6659,23.6659
2008-05-31,USD,1,23.7384,23.7384
2008-06-03,USD,1,23.7473,23.7473
2008-06-04,USD,1,23.6968,23.6968
2008-06-05,USD,1,23.8019,23.8019
2008-06-06,USD,1,23.8116,23.8116
2008-06-07,USD,1,23.6809,23.6809
2008-06-08,USD,1,23.5651,23.5651
2008-06-10,USD,1,23.521,23.521
2008-06-11,USD,1,23.6109,23.6109
2008-06-12,USD,1,23.6748,23.6748
2008-06-17,USD,1,23.7795,23.7795
2008-06-18,USD,1,23.6402,23.6402
2008-06-19,USD,1,23.6586,23.6586
2008-06-20,USD,1,23.5979,23.5979
2008-06-21,USD,1,23.6288,23.6288
2008-06-24,USD,1,23.5908,23.5908
2008-06-25,USD,1,23.6223,23.6223
2008-06-26,USD,1,23.6113,23.6113
2008-06-27,USD,1,23.5245,23.5245
2008-06-28,USD,1,23.4573,23.4573
2008-07-01,USD,1,23.4068,23.4068
2008-07-02,USD,1,23.4689,23.4689
2008-07-03,USD,1,23.4147,23.4147
2008-07-04,USD,1,23.3759,23.3759
2008-07-05,USD,1,23.5125,23.5125
2008-07-08,USD,1,23.5589,23.5589
2008-07-09,USD,1,23.5024,23.5024
2008-07-10,USD,1,23.4147,23.4147
2008-07-11,USD,1,23.4363,23.4363
2008-07-12,USD,1,23.3727,23.3727
2008-07-15,USD,1,23.23,23.23
2008-07-16,USD,1,23.1255,23.1255
2008-07-17,USD,1,23.1638,23.1638
2008-07-18,USD,1,23.225,23.225
2008-07-19,USD,1,23.1937,23.1937
2008-07-22,USD,1,23.212,23.212
2008-07-23,USD,1,23.196,23.196
2008-07-24,USD,1,23.322,23.322
2008-07-25,USD,1,23.3782,23.3782
2008-07-26,USD,1,23.3572,23.3572
2008-07-29,USD,1,23.361,23.361
2008-07-30,USD,1,23.3278,23.3278
2008-07-31,USD,1,23.4456,23.4456
2008-08-01,USD,1,23.4186,23.4186
2008-08-02,USD,1,23.4697,23.4697
2008-08-05,USD,1,23.4039,23.4039
2008-08-06,USD,1,23.4354,23.4354
2008-08-07,USD,1,23.5142,23.5142
2008-08-08,USD,1,23.5816,23.5816
2008-08-09,USD,1,23.8782,23.8782
2008-08-12,USD,1,24.5697,24.5697
2008-08-13,USD,1,24.3424,24.3424
2008-08-14,USD,1,24.1559,24.1559
2008-08-15,USD,1,24.2901,24.2901
2008-08-16,USD,1,24.5054,24.5054
2008-08-19,USD,1,24.4898,24.4898
2008-08-20,USD,1,24.5703,24.5703
2008-08-21,USD,1,24.4316,24.4316
2008-08-22,USD,1,24.3013,24.3013
2008-08-23,USD,1,24.2699,24.2699
2008-08-26,USD,1,24.4389,24.4389
2008-08-27,USD,1,24.5803,24.5803
2008-08-28,USD,1,24.6019,24.6019
2008-08-29,USD,1,24.5474,24.5474
2008-08-30,USD,1,24.5769,24.5769
2008-09-02,USD,1,24.667,24.667
2008-09-03,USD,1,24.7184,24.7184
2008-09-04,USD,1,24.8739,24.8739
2008-09-05,USD,1,25.2144,25.2144
2008-09-06,USD,1,25.4552,25.4552
2008-09-09,USD,1,25.2626,25.2626
2008-09-10,USD,1,25.5814,25.5814
2008-09-11,USD,1,25.5761,25.5761
2008-09-12,USD,1,25.7842,25.7842
2008-09-13,USD,1,25.7013,25.7013
2008-09-16,USD,1,25.3938,25.3938
2008-09-17,USD,1,25.5064,25.5064
2008-09-18,USD,1,25.5245,25.5245
2008-09-19,USD,1,25.4307,25.4307
2008-09-20,USD,1,25.4863,25.4863
2008-09-23,USD,1,25.269,25.269
2008-09-24,USD,1,24.9864,24.9864
2008-09-25,USD,1,25.0703,25.0703
2008-09-26,USD,1,24.8982,24.8982
2008-09-27,USD,1,25.0221,25.0221
2008-09-30,USD,1,25.2464,25.2464
2008-10-01,USD,1,25.3718,25.3718
2008-10-02,USD,1,25.6023,25.6023
2008-10-03,USD,1,25.8213,25.8213
2008-10-04,USD,1,25.8993,25.8993
2008-10-07,USD,1,26.1784,26.1784
2008-10-08,USD,1,26.1791,26.1791
2008-10-09,USD,1,26.1629,26.1629
2008-10-10,USD,1,26.0695,26.0695
2008-10-11,USD,1,26.208,26.208
2008-10-14,USD,1,26.1111,26.1111
2008-10-15,USD,1,26.0871,26.0871
2008-10-16,USD,1,26.1347,26.1347
2008-10-17,USD,1,26.3691,26.3691
2008-10-18,USD,1,26.2505,26.2505
2008-10-21,USD,1,26.0561,26.0561
2008-10-22,USD,1,26.4417,26.4417
2008-10-23,USD,1,26.9215,26.9215
2008-10-24,USD,1,26.9793,26.9793
2008-10-25,USD,1,27.0596,27.0596
2008-10-28,USD,1,27.3507,27.3507
2008-10-29,USD,1,27.3018,27.3018
2008-10-30,USD,1,27.0979,27.0979
2008-10-31,USD,1,26.543,26.543
2008-11-01,USD,1,27.0981,27.0981
2008-11-02,USD,1,27.0793,27.0793
2008-11-06,USD,1,26.9146,26.9146
2008-11-07,USD,1,26.9114,26.9114
2008-11-08,USD,1,27.0041,27.0041
2008-11-11,USD,1,26.9639,26.9639
2008-11-12,USD,1,27.3399,27.3399
2008-11-13,USD,1,27.4704,27.4704
2008-11-14,USD,1,27.6704,27.6704
2008-11-15,USD,1,27.3386,27.3386
2008-11-18,USD,1,27.4374,27.4374
2008-11-19,USD,1,27.4301,27.4301
2008-11-20,USD,1,27.4413,27.4413
2008-11-21,USD,1,27.5715,27.5715
2008-11-22,USD,1,27.5665,27.5665
2008-11-25,USD,1,27.6613,27.6613
2008-11-26,USD,1,27.3913,27.3913
2008-11-27,USD,1,27.3563,27.3563
2008-11-28,USD,1,27.4216,27.4216
2008-11-29,USD,1,27.606,27.606
2008-12-02,USD,1,27.9409,27.9409
2008-12-03,USD,1,28.0166,28.0166
2008-12-04,USD,1,27.9212,27.9212
2008-12-05,USD,1,27.9576,27.9576
2008-12-06,USD,1,28.0916,28.0916
2008-12-09,USD,1,28.0043,28.0043
2008-12-10,USD,1,28.0029,28.0029
2008-12-11,USD,1,27.8671,27.8671
2008-12-12,USD,1,27.931,27.931
2008-12-13,USD,1,27.8077,27.8077
2008-12-16,USD,1,27.816,27.816
2008-12-17,USD,1,27.6009,27.6009
2008-12-18,USD,1,27.5199,27.5199
2008-12-19,USD,1,27.6095,27.6095
2008-12-20,USD,1,27.7351,27.7351
2008-12-23,USD,1,28.2682,28.2682
2008-12-24,USD,1,28.3359,28.3359
2008-12-25,USD,1,28.6119,28.6119
2008-12-26,USD,1,28.6735,28.6735
2008-12-27,USD,1,29.0058,29.0058
2008-12-30,USD,1,29.23,29.23
2008-12-31,USD,1,29.3804,29.3804
2009-01-01,USD,1,29.3916,29.3916
2009-01-12,USD,1,30.5331,30.5331
2009-01-13,USD,1,30.9981,30.9981
2009-01-14,USD,1,31.2226,31.2226
2009-01-15,USD,1,31.5616,31.5616
2009-01-16,USD,1,32.2135,32.2135
2009-01-17,USD,1,32.5747,32.5747
2009-01-20,USD,1,32.9085,32.9085
2009-01-21,USD,1,33.4154,33.4154
2009-01-22,USD,1,32.643,32.643
2009-01-23,USD,1,32.7991,32.7991
2009-01-24,USD,1,32.8926,32.8926
2009-01-27,USD,1,32.9018,32.9018
2009-01-28,USD,1,32.9979,32.9979
2009-01-29,USD,1,33.2155,33.2155
2009-01-30,USD,1,34.6847,34.6847
2009-01-31,USD,1,35.4146,35.4146
2009-02-03,USD,1,36.1767,36.1767
2009-02-04,USD,1,36.129,36.129
2009-02-05,USD,1,36.0135,36.0135
2009-02-06,USD,1,36.3095,36.3095
2009-02-07,USD,1,36.3798,36.3798
2009-02-10,USD,1,36.1258,36.1258
2009-02-11,USD,1,35.9285,35.9285
2009-02-12,USD,1,35.8323,35.8323
2009-02-13,USD,1,34.8003,34.8003
2009-02-14,USD,1,34.5578,34.5578
2009-02-17,USD,1,34.7797,34.7797
2009-02-18,USD,1,35.6345,35.6345
2009-02-19,USD,1,36.4267,36.4267
2009-02-20,USD,1,36.091,36.091
2009-02-21,USD,1,36.076,36.076
2009-02-25,USD,1,36.0254,36.0254
2009-02-26,USD,1,35.7442,35.7442
2009-02-27,USD,1,35.7223,35.7223
2009-02-28,USD,1,35.7205,35.7205
2009-03-03,USD,1,36.1644,36.1644
2009-03-04,USD,1,36.2054,36.2054
2009-03-05,USD,1,36.2284,36.2284
2009-03-06,USD,1,35.8899,35.8899
2009-03-07,USD,1,35.7374,35.7374
2009-03-11,USD,1,35.4534,35.4534
2009-03-12,USD,1,35.1164,35.1164
2009-03-13,USD,1,35.2944,35.2944
2009-03-14,USD,1,34.8316,34.8316
2009-03-17,USD,1,34.8388,34.8388
2009-03-18,USD,1,34.5318,34.5318
2009-03-19,USD,1,34.4203,34.4203
2009-03-20,USD,1,33.8222,33.8222
2009-03-21,USD,1,33.423,33.423
2009-03-24,USD,1,33.3034,33.3034
2009-03-25,USD,1,33.2726,33.2726
2009-03-26,USD,1,33.7268,33.7268
2009-03-27,USD,1,33.4668,33.4668
2009-03-28,USD,1,33.4133,33.4133
2009-03-31,USD,1,34.0134,34.0134
2009-04-01,USD,1,33.9032,33.9032
2009-04-02,USD,1,33.9456,33.9456
2009-04-03,USD,1,33.7636,33.7636
2009-04-04,USD,1,33.4095,33.4095
2009-04-07,USD,1,33.1743,33.1743
2009-04-08,USD,1,33.384,33.384
2009-04-09,USD,1,33.7781,33.7781
2009-04-10,USD,1,33.5334,33.5334
2009-04-11,USD,1,33.6309,33.6309
2009-04-14,USD,1,33.4863,33.4863
2009-04-15,USD,1,33.3887,33.3887
2009-04-16,USD,1,33.4507,33.4507
2009-04-17,USD,1,33.4184,33.4184
2009-04-18,USD,1,33.4677,33.4677
2009-04-21,USD,1,33.5371,33.5371
2009-04-22,USD,1,34.1043,34.1043
2009-04-23,USD,1,34.0597,34.0597
2009-04-24,USD,1,33.7848,33.7848
2009-04-25,USD,1,33.4187,33.4187
2009-04-28,USD,1,33.3904,33.3904
2009-04-29,USD,1,33.5533,33.5533
2009-04-30,USD,1,33.2491,33.2491
2009-05-01,USD,1,32.974,32.974
2009-05-05,USD,1,32.9672,32.9672
2009-05-06,USD,1,32.8146,32.8146
2009-05-07,USD,1,32.8883,32.8883
2009-05-08,USD,1,32.7915,32.7915
2009-05-09,USD,1,32.5534,32.5534
2009-05-13,USD,1,32.2817,32.2817
2009-05-14,USD,1,31.9841,31.9841
2009-05-15,USD,1,32.1677,32.1677
2009-05-16,USD,1,32.0797,32.0797
2009-05-19,USD,1,32.2919,32.2919
2009-05-20,USD,1,31.9498,31.9498
2009-05-21,USD,1,31.8009,31.8009
2009-05-22,USD,1,31.4586,31.4586
2009-05-23,USD,1,31.1998,31.1998
2009-05-26,USD,1,31.0516,31.0516
2009-05-27,USD,1,31.1465,31.1465
2009-05-28,USD,1,31.1846,31.1846
2009-05-29,USD,1,31.3259,31.3259
2009-05-30,USD,1,30.9843,30.9843
2009-06-02,USD,1,30.7441,30.7441
2009-06-03,USD,1,30.7321,30.7321
2009-06-04,USD,1,30.5131,30.5131
2009-06-05,USD,1,30.8767,30.8767
2009-06-06,USD,1,30.6919,30.6919
2009-06-09,USD,1,31.0751,31.0751
2009-06-10,USD,1,31.2637,31.2637
2009-06-11,USD,1,30.9277,30.9277
2009-06-12,USD,1,30.9124,30.9124
2009-06-16,USD,1,31.1548,31.1548
2009-06-17,USD,1,31.3185,31.3185
2009-06-18,USD,1,31.1297,31.1297
2009-06-19,USD,1,31.0998,31.0998
2009-06-20,USD,1,31.1541,31.1541
2009-06-23,USD,1,31.2408,31.2408
2009-06-24,USD,1,31.5765,31.5765
2009-06-25,USD,1,31.1365,31.1365
2009-06-26,USD,1,31.2037,31.2037
2009-06-27,USD,1,31.1184,31.1184
2009-06-30,USD,1,31.2904,31.2904
2009-07-01,USD,1,31.0385,31.0385
2009-07-02,USD,1,31.1904,31.1904
2009-07-03,USD,1,31.1252,31.1252
2009-07-04,USD,1,31.2481,31.2481
2009-07-07,USD,1,31.4143,31.4143
2009-07-08,USD,1,31.4695,31.4695
2009-07-09,USD,1,31.7819,31.7819
2009-07-10,USD,1,31.8878,31.8878
2009-07-11,USD,1,32.0353,32.0353
2009-07-14,USD,1,33.0597,33.0597
2009-07-15,USD,1,32.5072,32.5072
2009-07-16,USD,1,32.047,32.047
2009-07-17,USD,1,31.6943,31.6943
2009-07-18,USD,1,31.7837,31.7837
2009-07-21,USD,1,31.3733,31.3733
2009-07-22,USD,1,31.1791,31.1791
2009-07-23,USD,1,31.0785,31.0785
2009-07-24,USD,1,31.076,31.076
2009-07-25,USD,1,31.1372,31.1372
2009-07-28,USD,1,30.7457,30.7457
2009-07-29,USD,1,30.6431,30.6431
2009-07-30,USD,1,31.4162,31.4162
2009-07-31,USD,1,31.7555,31.7555
2009-08-01,USD,1,31.1533,31.1533
2009-08-04,USD,1,31.2424,31.2424
2009-08-05,USD,1,31.0484,31.0484
2009-08-06,USD,1,31.1326,31.1326
2009-08-07,USD,1,31.1814,31.1814
2009-08-08,USD,1,31.5473,31.5473
2009-08-11,USD,1,31.6503,31.6503
2009-08-12,USD,1,31.7477,31.7477
2009-08-13,USD,1,32.6926,32.6926
2009-08-14,USD,1,32.1457,32.1457
2009-08-15,USD,1,31.7226,31.7226
2009-08-18,USD,1,32.2874,32.2874
2009-08-19,USD,1,31.9187,31.9187
2009-08-20,USD,1,31.9191,31.9191
2009-08-21,USD,1,31.6011,31.6011
2009-08-22,USD,1,31.9443,31.9443
2009-08-25,USD,1,31.5544,31.5544
2009-08-26,USD,1,31.5437,31.5437
2009-08-27,USD,1,31.4007,31.4007
2009-08-28,USD,1,31.6405,31.6405
2009-08-29,USD,1,31.5687,31.5687
2009-09-01,USD,1,31.8397,31.8397
2009-09-02,USD,1,31.7743,31.7743
2009-09-03,USD,1,31.973,31.973
2009-09-04,USD,1,31.7679,31.7679
2009-09-05,USD,1,31.6062,31.6062
2009-09-08,USD,1,31.4298,31.4298
2009-09-09,USD,1,31.3754,31.3754
2009-09-10,USD,1,31.1452,31.1452
2009-09-11,USD,1,30.8851,30.8851
2009-09-12,USD,1,30.7246,30.7246
2009-09-15,USD,1,30.8617,30.8617
2009-09-16,USD,1,30.9895,30.9895
2009-09-17,USD,1,30.6067,30.6067
2009-09-18,USD,1,30.3881,30.3881
2009-09-19,USD,1,30.3744,30.3744
2009-09-22,USD,1,30.3711,30.3711
2009-09-23,USD,1,30.2385,30.2385
2009-09-24,USD,1,30.0004,30.0004
2009-09-25,USD,1,30.0678,30.0678
2009-09-26,USD,1,30.137,30.137
2009-09-29,USD,1,30.1985,30.1985
2009-09-30,USD,1,30.0922,30.0922
2009-10-01,USD,1,30.0087,30.0087
2009-10-02,USD,1,30.0621,30.0621
2009-10-03,USD,1,30.124,30.124
2009-10-06,USD,1,30.0785,30.0785
2009-10-07,USD,1,29.8322,29.8322
2009-10-08,USD,1,29.7819,29.7819
2009-10-09,USD,1,29.6396,29.6396
2009-10-10,USD,1,29.609,29.609
2009-10-13,USD,1,29.5945,29.5945
2009-10-14,USD,1,29.5043,29.5043
2009-10-15,USD,1,29.4651,29.4651
2009-10-16,USD,1,29.3206,29.3206
2009-10-17,USD,1,29.3281,29.3281
2009-10-20,USD,1,29.3553,29.3553
2009-10-21,USD,1,29.1911,29.1911
2009-10-22,USD,1,29.1641,29.1641
2009-10-23,USD,1,29.0858,29.0858
2009-10-24,USD,1,29.0003,29.0003
2009-10-27,USD,1,28.9403,28.9403
2009-10-28,USD,1,29.0184,29.0184
2009-10-29,USD,1,29.1749,29.1749
2009-10-30,USD,1,29.3441,29.3441
2009-10-31,USD,1,29.0488,29.0488
2009-11-03,USD,1,29.1944,29.1944
2009-11-04,USD,1,29.2337,29.2337
2009-11-06,USD,1,29.133,29.133
2009-11-07,USD,1,29.0156,29.0156
2009-11-10,USD,1,28.8497,28.8497
2009-11-11,USD,1,28.7391,28.7391
2009-11-12,USD,1,28.7007,28.7007
2009-11-13,USD,1,28.6701,28.6701
2009-11-14,USD,1,28.8345,28.8345
2009-11-17,USD,1,28.6705,28.6705
2009-11-18,USD,1,28.6768,28.6768
2009-11-19,USD,1,28.7163,28.7163
2009-11-20,USD,1,28.7459,28.7459
2009-11-21,USD,1,28.8554,28.8554
2009-11-24,USD,1,28.7986,28.7986
2009-11-25,USD,1,28.8481,28.8481
2009-11-26,USD,1,28.7909,28.7909
2009-11-27,USD,1,28.8751,28.8751
2009-11-28,USD,1,29.8179,29.8179
2009-12-01,USD,1,29.0687,29.0687
2009-12-02,USD,1,29.1771,29.1771
2009-12-03,USD,1,29.056,29.056
2009-12-04,USD,1,29.2427,29.2427
2009-12-05,USD,1,29.1979,29.1979
2009-12-08,USD,1,29.5221,29.5221
2009-12-09,USD,1,30.1839,30.1839
2009-12-10,USD,1,30.7562,30.7562
2009-12-11,USD,1,30.6268,30.6268
2009-12-12,USD,1,30.2107,30.2107
2009-12-15,USD,1,30.0481,30.0481
2009-12-16,USD,1,30.0678,30.0678
2009-12-17,USD,1,30.1978,30.1978
2009-12-18,USD,1,30.4392,30.4392
2009-12-19,USD,1,30.7187,30.7187
2009-12-22,USD,1,30.5529,30.5529
2009-12-23,USD,1,30.4439,30.4439
2009-12-24,USD,1,30.5007,30.5007
2009-12-25,USD,1,29.9292,29.9292
2009-12-26,USD,1,29.4266,29.4266
2009-12-29,USD,1,29.5952,29.5952
2009-12-30,USD,1,29.8491,29.8491
2009-12-31,USD,1,30.2442,30.2442
2010-01-01,USD,1,30.1851,30.1851
2010-01-12,USD,1,29.4283,29.4283
2010-01-13,USD,1,29.3774,29.3774
2010-01-14,USD,1,29.6409,29.6409
2010-01-15,USD,1,29.4299,29.4299
2010-01-16,USD,1,29.5603,29.5603
2010-01-19,USD,1,29.5963,29.5963
2010-01-20,USD,1,29.5184,29.5184
2010-01-21,USD,1,29.6941,29.6941
2010-01-22,USD,1,29.7486,29.7486
2010-01-23,USD,1,29.7458,29.7458
2010-01-26,USD,1,30.0946,30.0946
2010-01-27,USD,1,30.3136,30.3136
2010-01-28,USD,1,30.2921,30.2921
2010-01-29,USD,1,30.3631,30.3631
2010-01-30,USD,1,30.4312,30.4312
2010-02-02,USD,1,30.3996,30.3996
2010-02-03,USD,1,30.183,30.183
2010-02-04,USD,1,29.8779,29.8779
2010-02-05,USD,1,30.0054,30.0054
2010-02-06,USD,1,30.4666,30.4666
2010-02-09,USD,1,30.5158,30.5158
2010-02-10,USD,1,30.3735,30.3735
2010-02-11,USD,1,30.2462,30.2462
2010-02-12,USD,1,30.1245,30.1245
2010-02-13,USD,1,30.1595,30.1595
2010-02-16,USD,1,30.2207,30.2207
2010-02-17,USD,1,30.1176,30.1176
2010-02-18,USD,1,29.9761,29.9761
2010-02-19,USD,1,30.1138,30.1138
2010-02-20,USD,1,30.151,30.151
2010-02-25,USD,1,30.0309,30.0309
2010-02-26,USD,1,30.0521,30.0521
2010-02-27,USD,1,30.0388,30.0388
2010-02-28,USD,1,29.9484,29.9484
2010-03-02,USD,1,29.93,29.93
2010-03-03,USD,1,29.9779,29.9779
2010-03-04,USD,1,29.814,29.814
2010-03-05,USD,1,29.8217,29.8217
2010-03-06,USD,1,29.8366,29.8366
2010-03-10,USD,1,29.7499,29.7499
2010-03-11,USD,1,29.7249,29.7249
2010-03-12,USD,1,29.5195,29.5195
2010-03-13,USD,1,29.3897,29.3897
2010-03-16,USD,1,29.3353,29.3353
2010-03-17,USD,1,29.4242,29.4242
2010-03-18,USD,1,29.1927,29.1927
2010-03-19,USD,1,29.2223,29.2223
2010-03-20,USD,1,29.2565,29.2565
2010-03-23,USD,1,29.3389,29.3389
2010-03-24,USD,1,29.4707,29.4707
2010-03-25,USD,1,29.5764,29.5764
2010-03-26,USD,1,29.6572,29.6572
2010-03-27,USD,1,29.5142,29.5142
2010-03-30,USD,1,29.6309,29.6309
2010-03-31,USD,1,29.3638,29.3638
2010-04-01,USD,1,29.4956,29.4956
2010-04-02,USD,1,29.4394,29.4394
2010-04-03,USD,1,29.2194,29.2194
2010-04-06,USD,1,29.2097,29.2097
2010-04-07,USD,1,29.2416,29.2416
2010-04-08,USD,1,29.294,29.294
2010-04-09,USD,1,29.4003,29.4003
2010-04-10,USD,1,29.3232,29.3232
2010-04-13,USD,1,28.9428,28.9428
2010-04-14,USD,1,29.0294,29.0294
2010-04-15,USD,1,29.0444,29.0444
2010-04-16,USD,1,28.931,28.931
2010-04-17,USD,1,29.0325,29.0325
2010-04-20,USD,1,29.1969,29.1969
2010-04-21,USD,1,29.1381,29.1381
2010-04-22,USD,1,29.0906,29.0906
2010-04-23,USD,1,29.1288,29.1288
2010-04-24,USD,1,29.2743,29.2743
2010-04-27,USD,1,29.0882,29.0882
2010-04-28,USD,1,29.0623,29.0623
2010-04-29,USD,1,29.3801,29.3801
2010-04-30,USD,1,29.2886,29.2886
2010-05-01,USD,1,29.1537,29.1537
2010-05-05,USD,1,29.2982,29.2982
2010-05-06,USD,1,29.6812,29.6812
2010-05-07,USD,1,30.2971,30.2971
2010-05-08,USD,1,30.7193,30.7193
2010-05-12,USD,1,30.3609,30.3609
2010-05-13,USD,1,30.2048,30.2048
2010-05-14,USD,1,29.8597,29.8597
2010-05-15,USD,1,30.0575,30.0575
2010-05-18,USD,1,30.6986,30.6986
2010-05-19,USD,1,30.3946,30.3946
2010-05-20,USD,1,30.6953,30.6953
2010-05-21,USD,1,30.7523,30.7523
2010-05-22,USD,1,31.0576,31.0576
2010-05-25,USD,1,30.8754,30.8754
2010-05-26,USD,1,31.4293,31.4293
2010-05-27,USD,1,31.3538,31.3538
2010-05-28,USD,1,30.8786,30.8786
2010-05-29,USD,1,30.4956,30.4956
2010-06-01,USD,1,30.74,30.74
2010-06-02,USD,1,31.0702,31.0702
2010-06-03,USD,1,31.19,31.19
2010-06-04,USD,1,30.8938,30.8938
2010-06-05,USD,1,31.0685,31.0685
2010-06-08,USD,1,31.7798,31.7798
2010-06-09,USD,1,31.62,31.62
2010-06-10,USD,1,31.7302,31.7302
2010-06-11,USD,1,31.5742,31.5742
2010-06-12,USD,1,31.4471,31.4471
2010-06-16,USD,1,31.4595,31.4595
2010-06-17,USD,1,31.1566,31.1566
2010-06-18,USD,1,31.1854,31.1854
2010-06-19,USD,1,30.884,30.884
2010-06-22,USD,1,30.7267,30.7267
2010-06-23,USD,1,30.896,30.896
2010-06-24,USD,1,30.9694,30.9694
2010-06-25,USD,1,31.0149,31.0149
2010-06-26,USD,1,31.0761,31.0761
2010-06-29,USD,1,30.9833,30.9833
2010-06-30,USD,1,31.1954,31.1954
2010-07-01,USD,1,31.2554,31.2554
2010-07-02,USD,1,31.3703,31.3703
2010-07-03,USD,1,31.1942,31.1942
2010-07-06,USD,1,31.1124,31.1124
2010-07-07,USD,1,31.1124,31.1124
2010-07-08,USD,1,31.0922,31.0922
2010-07-09,USD,1,30.9479,30.9479
2010-07-10,USD,1,30.7953,30.7953
2010-07-13,USD,1,30.8823,30.8823
2010-07-14,USD,1,30.8543,30.8543
2010-07-15,USD,1,30.539,30.539
2010-07-16,USD,1,30.5619,30.5619
2010-07-17,USD,1,30.4615,30.4615
2010-07-20,USD,1,30.5739,30.5739
2010-07-21,USD,1,30.4058,30.4058
2010-07-22,USD,1,30.4059,30.4059
2010-07-23,USD,1,30.5205,30.5205
2010-07-24,USD,1,30.3839,30.3839
2010-07-27,USD,1,30.3006,30.3006
2010-07-28,USD,1,30.2391,30.2391
2010-07-29,USD,1,30.2066,30.2066
2010-07-30,USD,1,30.2173,30.2173
2010-07-31,USD,1,30.1869,30.1869
2010-08-03,USD,1,30.1861,30.1861
2010-08-04,USD,1,29.9681,29.9681
2010-08-05,USD,1,29.7958,29.7958
2010-08-06,USD,1,29.8633,29.8633
2010-08-07,USD,1,29.8312,29.8312
2010-08-10,USD,1,29.8186,29.8186
2010-08-11,USD,1,30.0239,30.0239
2010-08-12,USD,1,30.205,30.205
2010-08-13,USD,1,30.4493,30.4493
2010-08-14,USD,1,30.4199,30.4199
2010-08-17,USD,1,30.5199,30.5199
2010-08-18,USD,1,30.4514,30.4514
2010-08-19,USD,1,30.4257,30.4257
2010-08-20,USD,1,30.4636,30.4636
2010-08-21,USD,1,30.5099,30.5099
2010-08-24,USD,1,30.6041,30.6041
2010-08-25,USD,1,30.7559,30.7559
2010-08-26,USD,1,30.8958,30.8958
2010-08-27,USD,1,30.8227,30.8227
2010-08-28,USD,1,30.6969,30.6969
2010-08-31,USD,1,30.664,30.664
2010-09-01,USD,1,30.8669,30.8669
2010-09-02,USD,1,30.8001,30.8001
2010-09-03,USD,1,30.6858,30.6858
2010-09-04,USD,1,30.6922,30.6922
2010-09-07,USD,1,30.5771,30.5771
2010-09-08,USD,1,30.7319,30.7319
2010-09-09,USD,1,30.8873,30.8873
2010-09-10,USD,1,30.8801,30.8801
2010-09-11,USD,1,30.8937,30.8937
2010-09-14,USD,1,30.6831,30.6831
2010-09-15,USD,1,30.7049,30.7049
2010-09-16,USD,1,30.7407,30.7407
2010-09-17,USD,1,31.0223,31.0223
2010-09-18,USD,1,31.0826,31.0826
2010-09-21,USD,1,30.9809,30.9809
2010-09-22,USD,1,31.0814,31.0814
2010-09-23,USD,1,30.9826,30.9826
2010-09-24,USD,1,31.0031,31.0031
2010-09-25,USD,1,30.948,30.948
2010-09-28,USD,1,30.6119,30.6119
2010-09-29,USD,1,30.6013,30.6013
2010-09-30,USD,1,30.403,30.403
2010-10-01,USD,1,30.5126,30.5126
2010-10-02,USD,1,30.5094,30.5094
2010-10-05,USD,1,30.496,30.496
2010-10-06,USD,1,30.436,30.436
2010-10-07,USD,1,29.8929,29.8929
2010-10-08,USD,1,29.6334,29.6334
2010-10-09,USD,1,29.9086,29.9086
2010-10-12,USD,1,29.8317,29.8317
2010-10-13,USD,1,30.0763,30.0763
2010-10-14,USD,1,30.1269,30.1269
2010-10-15,USD,1,29.9315,29.9315
2010-10-16,USD,1,30.1243,30.1243
2010-10-19,USD,1,30.5237,30.5237
2010-10-20,USD,1,30.4151,30.4151
2010-10-21,USD,1,30.7968,30.7968
2010-10-22,USD,1,30.7348,30.7348
2010-10-23,USD,1,30.4977,30.4977
2010-10-26,USD,1,30.2258,30.2258
2010-10-27,USD,1,30.4,30.4
2010-10-28,USD,1,30.5682,30.5682
2010-10-29,USD,1,30.6786,30.6786
2010-10-30,USD,1,30.7821,30.7821
2010-11-02,USD,1,30.7738,30.7738
2010-11-03,USD,1,30.7941,30.7941
2010-11-04,USD,1,30.7709,30.7709
2010-11-09,USD,1,30.8029,30.8029
2010-11-10,USD,1,30.8612,30.8612
2010-11-11,USD,1,30.6925,30.6925
2010-11-12,USD,1,30.5107,30.5107
2010-11-13,USD,1,30.7722,30.7722
2010-11-14,USD,1,30.8414,30.8414
2010-11-16,USD,1,30.8632,30.8632
2010-11-17,USD,1,31.056,31.056
2010-11-18,USD,1,31.3487,31.3487
2010-11-19,USD,1,31.1999,31.1999
2010-11-20,USD,1,30.949,30.949
2010-11-23,USD,1,30.995,30.995
2010-11-24,USD,1,31.2642,31.2642
2010-11-25,USD,1,31.2929,31.2929
2010-11-26,USD,1,31.2842,31.2842
2010-11-27,USD,1,31.3539,31.3539
2010-11-30,USD,1,31.3061,31.3061
2010-12-01,USD,1,31.3335,31.3335
2010-12-02,USD,1,31.4555,31.4555
2010-12-03,USD,1,31.3518,31.3518
2010-12-04,USD,1,31.2641,31.2641
2010-12-07,USD,1,31.2867,31.2867
2010-12-08,USD,1,31.2238,31.2238
2010-12-09,USD,1,31.243,31.243
2010-12-10,USD,1,30.9831,30.9831
2010-12-11,USD,1,30.8604,30.8604
2010-12-14,USD,1,30.9006,30.9006
2010-12-15,USD,1,30.7447,30.7447
2010-12-16,USD,1,30.7199,30.7199
2010-12-17,USD,1,30.7528,30.7528
2010-12-18,USD,1,30.6682,30.6682
2010-12-21,USD,1,30.7746,30.7746
2010-12-22,USD,1,30.7188,30.7188
2010-12-23,USD,1,30.7187,30.7187
2010-12-24,USD,1,30.5922,30.5922
2010-12-25,USD,1,30.5778,30.5778
2010-12-28,USD,1,30.4495,30.4495
2010-12-29,USD,1,30.272,30.272
2010-12-30,USD,1,30.3592,30.3592
2010-12-31,USD,1,30.4769,30.4769
2011-01-01,USD,1,30.3505,30.3505
2011-01-12,USD,1,30.6252,30.6252
2011-01-13,USD,1,30.3988,30.3988
2011-01-14,USD,1,30.0926,30.0926
2011-01-15,USD,1,29.954,29.954
2011-01-18,USD,1,30.0534,30.0534
2011-01-19,USD,1,29.8881,29.8881
2011-01-20,USD,1,29.8252,29.8252
2011-01-21,USD,1,29.9147,29.9147
2011-01-22,USD,1,30.0109,30.0109
2011-01-25,USD,1,29.8516,29.8516
2011-01-26,USD,1,29.7948,29.7948
2011-01-27,USD,1,29.7768,29.7768
2011-01-28,USD,1,29.6738,29.6738
2011-01-29,USD,1,29.6684,29.6684
2011-02-01,USD,1,29.8018,29.8018
2011-02-02,USD,1,29.6548,29.6548
2011-02-03,USD,1,29.4219,29.4219
2011-02-04,USD,1,29.3489,29.3489
2011-02-05,USD,1,29.4136,29.4136
2011-02-08,USD,1,29.3689,29.3689
2011-02-09,USD,1,29.255,29.255
2011-02-10,USD,1,29.301,29.301
2011-02-11,USD,1,29.3535,29.3535
2011-02-12,USD,1,29.32,29.32
2011-02-15,USD,1,29.2583,29.2583
2011-02-16,USD,1,29.285,29.285
2011-02-17,USD,1,29.2735,29.2735
2011-02-18,USD,1,29.2447,29.2447
2011-02-19,USD,1,29.2585,29.2585
2011-02-22,USD,1,29.1549,29.1549
2011-02-23,USD,1,29.2859,29.2859
2011-02-25,USD,1,29.1611,29.1611
2011-02-26,USD,1,28.9405,28.9405
2011-03-01,USD,1,28.9028,28.9028
2011-03-02,USD,1,28.7569,28.7569
2011-03-03,USD,1,28.6277,28.6277
2011-03-04,USD,1,28.3228,28.3228
2011-03-05,USD,1,28.188,28.188
2011-03-06,USD,1,28.1717,28.1717
2011-03-10,USD,1,28.2945,28.2945
2011-03-11,USD,1,28.4356,28.4356
2011-03-12,USD,1,28.6317,28.6317
2011-03-15,USD,1,28.664,28.664
2011-03-16,USD,1,28.7263,28.7263
2011-03-17,USD,1,28.6582,28.6582
2011-03-18,USD,1,28.7422,28.7422
2011-03-19,USD,1,28.4763,28.4763
2011-03-22,USD,1,28.3675,28.3675
2011-03-23,USD,1,28.1561,28.1561
2011-03-24,USD,1,28.27,28.27
2011-03-25,USD,1,28.4015,28.4015
2011-03-26,USD,1,28.2237,28.2237
2011-03-29,USD,1,28.411,28.411
2011-03-30,USD,1,28.3436,28.3436
2011-03-31,USD,1,28.429,28.429
2011-04-01,USD,1,28.5162,28.5162
2011-04-02,USD,1,28.3684,28.3684
2011-04-05,USD,1,28.2277,28.2277
2011-04-06,USD,1,28.3113,28.3113
2011-04-07,USD,1,28.2164,28.2164
2011-04-08,USD,1,28.2286,28.2286
2011-04-09,USD,1,28.1211,28.1211
2011-04-12,USD,1,27.9758,27.9758
2011-04-13,USD,1,28.1456,28.1456
2011-04-14,USD,1,28.1145,28.1145
2011-04-15,USD,1,28.1886,28.1886
2011-04-16,USD,1,28.2212,28.2212
2011-04-19,USD,1,28.1636,28.1636
2011-04-20,USD,1,28.4213,28.4213
2011-04-21,USD,1,28.1457,28.1457
2011-04-22,USD,1,27.9398,27.9398
2011-04-23,USD,1,27.9396,27.9396
2011-04-26,USD,1,27.9924,27.9924
2011-04-27,USD,1,27.8964,27.8964
2011-04-28,USD,1,27.7144,27.7144
2011-04-29,USD,1,27.4977,27.4977
2011-04-30,USD,1,27.5022,27.5022
2011-05-04,USD,1,27.3348,27.3348
2011-05-05,USD,1,27.3675,27.3675
2011-05-06,USD,1,27.2625,27.2625
2011-05-07,USD,1,27.6635,27.6635
2011-05-11,USD,1,27.8645,27.8645
2011-05-12,USD,1,27.6288,27.6288
2011-05-13,USD,1,27.9472,27.9472
2011-05-14,USD,1,27.8497,27.8497
2011-05-17,USD,1,28.122,28.122
2011-05-18,USD,1,28.1177,28.1177
2011-05-19,USD,1,28.0466,28.0466
2011-05-20,USD,1,27.9608,27.9608
2011-05-21,USD,1,27.9145,27.9145
2011-05-24,USD,1,28.3418,28.3418
2011-05-25,USD,1,28.437,28.437
2011-05-26,USD,1,28.4794,28.4794
2011-05-27,USD,1,28.228,28.228
2011-05-28,USD,1,28.1166,28.1166
2011-05-31,USD,1,28.0685,28.0685
2011-06-01,USD,1,27.9805,27.9805
2011-06-02,USD,1,27.9682,27.9682
2011-06-03,USD,1,28.0419,28.0419
2011-06-04,USD,1,27.8751,27.8751
2011-06-07,USD,1,27.7752,27.7752
2011-06-08,USD,1,27.7814,27.7814
2011-06-09,USD,1,27.6847,27.6847
2011-06-10,USD,1,27.7033,27.7033
2011-06-11,USD,1,27.7907,27.7907
2011-06-15,USD,1,27.8984,27.8984
2011-06-16,USD,1,27.8957,27.8957
2011-06-17,USD,1,28.19,28.19
2011-06-18,USD,1,28.1778,28.1778
2011-06-21,USD,1,28.1783,28.1783
2011-06-22,USD,1,28.0118,28.0118
2011-06-23,USD,1,27.896,27.896
2011-06-24,USD,1,28.0568,28.0568
2011-06-25,USD,1,28.1655,28.1655
2011-06-28,USD,1,28.3478,28.3478
2011-06-29,USD,1,28.2352,28.2352
2011-06-30,USD,1,28.0758,28.0758
2011-07-01,USD,1,27.8726,27.8726
2011-07-02,USD,1,27.8536,27.8536
2011-07-05,USD,1,27.8037,27.8037
2011-07-06,USD,1,27.8622,27.8622
2011-07-07,USD,1,27.8907,27.8907
2011-07-08,USD,1,27.9853,27.9853
2011-07-09,USD,1,27.888,27.888
2011-07-12,USD,1,28.0839,28.0839
2011-07-13,USD,1,28.3842,28.3842
2011-07-14,USD,1,28.2557,28.2557
2011-07-15,USD,1,28.061,28.061
2011-07-16,USD,1,28.1277,28.1277
2011-07-19,USD,1,28.1775,28.1775
2011-07-20,USD,1,28.1505,28.1505
2011-07-21,USD,1,28.0466,28.0466
2011-07-22,USD,1,27.908,27.908
2011-07-23,USD,1,27.7169,27.7169
2011-07-26,USD,1,27.7413,27.7413
2011-07-27,USD,1,27.546,27.546
2011-07-28,USD,1,27.4439,27.4439
2011-07-29,USD,1,27.5907,27.5907
2011-07-30,USD,1,27.6796,27.6796
2011-08-02,USD,1,27.5204,27.5204
2011-08-03,USD,1,27.8154,27.8154
2011-08-04,USD,1,27.8996,27.8996
2011-08-05,USD,1,27.8432,27.8432
2011-08-06,USD,1,28.3382,28.3382
2011-08-09,USD,1,28.521,28.521
2011-08-10,USD,1,29.4166,29.4166
2011-08-11,USD,1,29.3065,29.3065
2011-08-12,USD,1,29.417,29.417
2011-08-13,USD,1,29.4452,29.4452
2011-08-16,USD,1,28.8576,28.8576
2011-08-17,USD,1,28.7032,28.7032
2011-08-18,USD,1,28.7207,28.7207
2011-08-19,USD,1,28.9115,28.9115
2011-08-20,USD,1,29.2709,29.2709
2011-08-23,USD,1,29.2555,29.2555
2011-08-24,USD,1,28.9547,28.9547
2011-08-25,USD,1,28.9037,28.9037
2011-08-26,USD,1,28.8825,28.8825
2011-08-27,USD,1,28.8717,28.8717
2011-08-30,USD,1,28.7108,28.7108
2011-08-31,USD,1,28.8569,28.8569
2011-09-01,USD,1,28.9278,28.9278
2011-09-02,USD,1,28.8911,28.8911
2011-09-03,USD,1,29.0604,29.0604
2011-09-06,USD,1,29.3436,29.3436
2011-09-07,USD,1,29.6107,29.6107
2011-09-08,USD,1,29.4905,29.4905
2011-09-09,USD,1,29.5015,29.5015
2011-09-10,USD,1,29.6904,29.6904
2011-09-13,USD,1,30.3034,30.3034
2011-09-14,USD,1,30.1872,30.1872
2011-09-15,USD,1,30.3643,30.3643
2011-09-16,USD,1,30.5042,30.5042
2011-09-17,USD,1,30.5328,30.5328
2011-09-20,USD,1,30.868,30.868
2011-09-21,USD,1,31.496,31.496
2011-09-22,USD,1,31.4122,31.4122
2011-09-23,USD,1,31.9106,31.9106
2011-09-24,USD,1,32.1083,32.1083
2011-09-27,USD,1,32.4619,32.4619
2011-09-28,USD,1,32.2201,32.2201
2011-09-29,USD,1,31.818,31.818
2011-09-30,USD,1,31.8751,31.8751
2011-10-01,USD,1,32.11,32.11
2011-10-04,USD,1,32.589,32.589
2011-10-05,USD,1,32.6799,32.6799
2011-10-06,USD,1,32.6374,32.6374
2011-10-07,USD,1,32.5085,32.5085
2011-10-08,USD,1,32.2005,32.2005
2011-10-11,USD,1,32.0096,32.0096
2011-10-12,USD,1,31.427,31.427
2011-10-13,USD,1,31.4151,31.4151
2011-10-14,USD,1,31.2014,31.2014
2011-10-15,USD,1,30.9905,30.9905
2011-10-18,USD,1,30.737,30.737
2011-10-19,USD,1,30.9694,30.9694
2011-10-20,USD,1,30.9257,30.9257
2011-10-21,USD,1,31.3788,31.3788
2011-10-22,USD,1,31.3361,31.3361
2011-10-25,USD,1,30.8255,30.8255
2011-10-26,USD,1,30.4971,30.4971
2011-10-27,USD,1,30.5732,30.5732
2011-10-28,USD,1,30.2421,30.2421
2011-10-29,USD,1,29.8977,29.8977
2011-11-01,USD,1,30.1245,30.1245
2011-11-02,USD,1,30.6448,30.6448
2011-11-03,USD,1,30.683,30.683
2011-11-04,USD,1,30.8438,30.8438
2011-11-08,USD,1,30.5694,30.5694
2011-11-09,USD,1,30.5014,30.5014
2011-11-10,USD,1,30.1033,30.1033
2011-11-11,USD,1,30.8454,30.8454
2011-11-12,USD,1,30.5282,30.5282
2011-11-15,USD,1,30.2921,30.2921
2011-11-16,USD,1,30.66,30.66
2011-11-17,USD,1,30.8417,30.8417
2011-11-18,USD,1,30.7337,30.7337
2011-11-19,USD,1,30.919,30.919
2011-11-22,USD,1,30.9693,30.9693
2011-11-23,USD,1,31.0612,31.0612
2011-11-24,USD,1,31.2133,31.2133
2011-11-25,USD,1,31.4365,31.4365
2011-11-26,USD,1,31.5788,31.5788
2011-11-29,USD,1,31.4117,31.4117
2011-11-30,USD,1,31.3216,31.3216
2011-12-01,USD,1,31.4001,31.4001
2011-12-02,USD,1,30.8486,30.8486
2011-12-03,USD,1,30.8099,30.8099
2011-12-06,USD,1,30.9068,30.9068
2011-12-07,USD,1,31.1026,31.1026
2011-12-08,USD,1,31.1527,31.1527
2011-12-09,USD,1,31.2308,31.2308
2011-12-10,USD,1,31.5691,31.5691
2011-12-13,USD,1,31.4134,31.4134
2011-12-14,USD,1,31.6704,31.6704
2011-12-15,USD,1,31.7655,31.7655
2011-12-16,USD,1,31.8957,31.8957
2011-12-17,USD,1,31.7701,31.7701
2011-12-20,USD,1,32.0323,32.0323
2011-12-21,USD,1,32.0519,32.0519
2011-12-22,USD,1,31.7645,31.7645
2011-12-23,USD,1,31.5634,31.5634
2011-12-24,USD,1,31.2575,31.2575
2011-12-27,USD,1,31.2266,31.2266
2011-12-28,USD,1,31.0847,31.0847
2011-12-29,USD,1,31.5633,31.5633
2011-12-30,USD,1,32.0197,32.0197
2011-12-31,USD,1,32.1961,32.1961
2012-01-11,USD,1,31.8729,31.8729
2012-01-12,USD,1,31.6886,31.6886
2012-01-13,USD,1,31.6807,31.6807
2012-01-14,USD,1,31.583,31.583
2012-01-17,USD,1,31.9344,31.9344
2012-01-18,USD,1,31.5445,31.5445
2012-01-19,USD,1,31.5428,31.5428
2012-01-20,USD,1,31.4777,31.4777
2012-01-21,USD,1,31.2879,31.2879
2012-01-24,USD,1,31.3325,31.3325
2012-01-25,USD,1,30.8752,30.8752
2012-01-26,USD,1,30.667,30.667
2012-01-27,USD,1,30.36,30.36
2012-01-28,USD,1,30.3626,30.3626
2012-01-31,USD,1,30.3647,30.3647
2012-02-01,USD,1,30.3131,30.3131
2012-02-02,USD,1,30.4067,30.4067
2012-02-03,USD,1,30.1855,30.1855
2012-02-04,USD,1,30.2385,30.2385
2012-02-07,USD,1,30.2324,30.2324
2012-02-08,USD,1,30.0871,30.0871
2012-02-09,USD,1,29.693,29.693
2012-02-10,USD,1,29.6795,29.6795
2012-02-11,USD,1,29.8923,29.8923
2012-02-14,USD,1,29.8873,29.8873
2012-02-15,USD,1,30.0868,30.0868
2012-02-16,USD,1,29.944,29.944
2012-02-17,USD,1,30.2098,30.2098
2012-02-18,USD,1,29.9982,29.9982
2012-02-21,USD,1,29.7805,29.7805
2012-02-22,USD,1,29.7796,29.7796
2012-02-23,USD,1,29.7692,29.7692
2012-02-25,USD,1,29.449,29.449
2012-02-28,USD,1,29.1264,29.1264
2012-02-29,USD,1,28.9503,28.9503
2012-03-01,USD,1,29.0253,29.0253
2012-03-02,USD,1,29.2889,29.2889
2012-03-03,USD,1,29.296,29.296
2012-03-06,USD,1,29.2892,29.2892
2012-03-07,USD,1,29.4508,29.4508
2012-03-08,USD,1,29.6621,29.6621
2012-03-12,USD,1,29.5406,29.5406
2012-03-13,USD,1,29.6666,29.6666
2012-03-14,USD,1,29.5091,29.5091
2012-03-15,USD,1,29.5125,29.5125
2012-03-16,USD,1,29.5822,29.5822
2012-03-17,USD,1,29.3578,29.3578
2012-03-20,USD,1,29.2224,29.2224
2012-03-21,USD,1,29.1652,29.1652
2012-03-22,USD,1,29.2079,29.2079
2012-03-23,USD,1,29.2447,29.2447
2012-03-24,USD,1,29.4038,29.4038
2012-03-27,USD,1,29.2311,29.2311
2012-03-28,USD,1,28.9468,28.9468
2012-03-29,USD,1,29.0845,29.0845
2012-03-30,USD,1,29.2853,29.2853
2012-03-31,USD,1,29.3282,29.3282
2012-04-03,USD,1,29.3479,29.3479
2012-04-04,USD,1,29.2944,29.2944
2012-04-05,USD,1,29.4285,29.4285
2012-04-06,USD,1,29.4303,29.4303
2012-04-07,USD,1,29.4606,29.4606
2012-04-10,USD,1,29.6358,29.6358
2012-04-11,USD,1,29.6359,29.6359
2012-04-12,USD,1,29.8033,29.8033
2012-04-13,USD,1,29.569,29.569
2012-04-14,USD,1,29.4711,29.4711
2012-04-17,USD,1,29.7614,29.7614
2012-04-18,USD,1,29.6368,29.6368
2012-04-19,USD,1,29.4978,29.4978
2012-04-20,USD,1,29.5122,29.5122
2012-04-21,USD,1,29.5214,29.5214
2012-04-24,USD,1,29.488,29.488
2012-04-25,USD,1,29.4549,29.4549
2012-04-26,USD,1,29.2962,29.2962
2012-04-27,USD,1,29.277,29.277
2012-04-28,USD,1,29.4234,29.4234
2012-04-29,USD,1,29.3627,29.3627
2012-05-03,USD,1,29.3708,29.3708
2012-05-04,USD,1,29.463,29.463
2012-05-05,USD,1,29.5937,29.5937
2012-05-06,USD,1,29.8075,29.8075
2012-05-11,USD,1,30.1891,30.1891
2012-05-12,USD,1,30.2306,30.2306
2012-05-13,USD,1,30.1793,30.1793
2012-05-15,USD,1,30.2652,30.2652
2012-05-16,USD,1,30.3299,30.3299
2012-05-17,USD,1,30.9758,30.9758
2012-05-18,USD,1,30.9417,30.9417
2012-05-19,USD,1,31.3921,31.3921
2012-05-22,USD,1,31.1582,31.1582
2012-05-23,USD,1,31.0644,31.0644
2012-05-24,USD,1,31.3803,31.3803
2012-05-25,USD,1,31.6247,31.6247
2012-05-26,USD,1,31.7572,31.7572
2012-05-29,USD,1,31.827,31.827
2012-05-30,USD,1,32.086,32.086
2012-05-31,USD,1,32.4509,32.4509
2012-06-01,USD,1,32.9173,32.9173
2012-06-02,USD,1,33.7384,33.7384
2012-06-05,USD,1,34.0395,34.0395
2012-06-06,USD,1,33.2001,33.2001
2012-06-07,USD,1,32.7889,32.7889
2012-06-08,USD,1,32.1922,32.1922
2012-06-09,USD,1,32.7358,32.7358
2012-06-10,USD,1,32.5862,32.5862
2012-06-14,USD,1,32.7331,32.7331
2012-06-15,USD,1,32.5766,32.5766
2012-06-16,USD,1,32.3945,32.3945
2012-06-19,USD,1,32.1315,32.1315
2012-06-20,USD,1,32.5315,32.5315
2012-06-21,USD,1,32.5166,32.5166
2012-06-22,USD,1,32.9054,32.9054
2012-06-23,USD,1,33.5191,33.5191
2012-06-26,USD,1,33.1693,33.1693
2012-06-27,USD,1,33.1732,33.1732
2012-06-28,USD,1,32.8384,32.8384
2012-06-29,USD,1,32.9412,32.9412
2012-06-30,USD,1,32.8169,32.8169
2012-07-03,USD,1,32.5287,32.5287
2012-07-04,USD,1,32.4789,32.4789
2012-07-05,USD,1,32.2065,32.2065
2012-07-06,USD,1,32.4727,32.4727
2012-07-07,USD,1,32.624,32.624
2012-07-10,USD,1,32.9907,32.9907
2012-07-11,USD,1,32.9754,32.9754
2012-07-12,USD,1,32.8282,32.8282
2012-07-13,USD,1,32.7177,32.7177
2012-07-14,USD,1,32.659,32.659
2012-07-17,USD,1,32.6208,32.6208
2012-07-18,USD,1,32.4955,32.4955
2012-07-19,USD,1,32.4041,32.4041
2012-07-20,USD,1,32.0764,32.0764
2012-07-21,USD,1,31.9509,31.9509
2012-07-24,USD,1,32.376,32.376
2012-07-25,USD,1,32.6324,32.6324
2012-07-26,USD,1,32.9657,32.9657
2012-07-27,USD,1,32.6224,32.6224
2012-07-28,USD,1,32.2131,32.2131
2012-07-31,USD,1,32.1881,32.1881
2012-08-01,USD,1,32.2058,32.2058
2012-08-02,USD,1,32.3322,32.3322
2012-08-03,USD,1,32.4563,32.4563
2012-08-04,USD,1,32.5361,32.5361
2012-08-07,USD,1,31.9451,31.9451
2012-08-08,USD,1,31.6644,31.6644
2012-08-09,USD,1,31.6907,31.6907
2012-08-10,USD,1,31.4807,31.4807
2012-08-11,USD,1,31.8974,31.8974
2012-08-14,USD,1,31.8707,31.8707
2012-08-15,USD,1,31.7739,31.7739
2012-08-16,USD,1,31.8532,31.8532
2012-08-17,USD,1,31.9011,31.9011
2012-08-18,USD,1,31.8469,31.8469
2012-08-21,USD,1,32.0165,32.0165
2012-08-22,USD,1,31.9606,31.9606
2012-08-23,USD,1,31.8056,31.8056
2012-08-24,USD,1,31.683,31.683
2012-08-25,USD,1,31.8099,31.8099
2012-08-28,USD,1,31.8703,31.8703
2012-08-29,USD,1,32.0183,32.0183
2012-08-30,USD,1,32.0942,32.0942
2012-08-31,USD,1,32.2934,32.2934
2012-09-01,USD,1,32.5669,32.5669
2012-09-04,USD,1,32.4171,32.4171
2012-09-05,USD,1,32.1995,32.1995
2012-09-06,USD,1,32.4608,32.4608
2012-09-07,USD,1,32.1998,32.1998
2012-09-08,USD,1,32.0142,32.0142
2012-09-11,USD,1,31.7221,31.7221
2012-09-12,USD,1,31.7768,31.7768
2012-09-13,USD,1,31.478,31.478
2012-09-14,USD,1,31.3992,31.3992
2012-09-15,USD,1,30.8181,30.8181
2012-09-18,USD,1,30.5867,30.5867
2012-09-19,USD,1,30.8795,30.8795
2012-09-20,USD,1,30.8634,30.8634
2012-09-21,USD,1,31.5758,31.5758
2012-09-22,USD,1,31.1667,31.1667
2012-09-25,USD,1,31.2513,31.2513
2012-09-26,USD,1,31.1608,31.1608
2012-09-27,USD,1,31.2221,31.2221
2012-09-28,USD,1,31.1951,31.1951
2012-09-29,USD,1,30.9169,30.9169
2012-10-02,USD,1,31.2538,31.2538
2012-10-03,USD,1,31.135,31.135
2012-10-04,USD,1,31.1944,31.1944
2012-10-05,USD,1,31.121,31.121
2012-10-06,USD,1,30.9744,30.9744
2012-10-09,USD,1,31.0777,31.0777
2012-10-10,USD,1,31.0994,31.0994
2012-10-11,USD,1,31.2017,31.2017
2012-10-12,USD,1,31.1667,31.1667
2012-10-13,USD,1,30.9738,30.9738
2012-10-16,USD,1,31.0791,31.0791
2012-10-17,USD,1,30.9493,30.9493
2012-10-18,USD,1,30.7964,30.7964
2012-10-19,USD,1,30.7195,30.7195
2012-10-20,USD,1,30.7823,30.7823
2012-10-23,USD,1,30.9084,30.9084
2012-10-24,USD,1,31.1171,31.1171
2012-10-25,USD,1,31.3039,31.3039
2012-10-26,USD,1,31.2499,31.2499
2012-10-27,USD,1,31.478,31.478
2012-10-30,USD,1,31.4373,31.4373
2012-10-31,USD,1,31.5252,31.5252
2012-11-01,USD,1,31.3743,31.3743
2012-11-02,USD,1,31.3666,31.3666
2012-11-03,USD,1,31.3817,31.3817
2012-11-07,USD,1,31.5195,31.5195
2012-11-08,USD,1,31.3033,31.3033
2012-11-09,USD,1,31.5146,31.5146
2012-11-10,USD,1,31.4962,31.4962
2012-11-13,USD,1,31.6053,31.6053
2012-11-14,USD,1,31.7164,31.7164
2012-11-15,USD,1,31.7267,31.7267
2012-11-16,USD,1,31.6919,31.6919
2012-11-17,USD,1,31.7184,31.7184
2012-11-20,USD,1,31.6677,31.6677
2012-11-21,USD,1,31.4263,31.4263
2012-11-22,USD,1,31.4218,31.4218
2012-11-23,USD,1,31.1525,31.1525
2012-11-24,USD,1,31.1325,31.1325
2012-11-27,USD,1,31.0201,31.0201
2012-11-28,USD,1,30.941,30.941
2012-11-29,USD,1,31.1408,31.1408
2012-11-30,USD,1,31.0565,31.0565
2012-12-01,USD,1,30.811,30.811
2012-12-04,USD,1,30.8365,30.8365
2012-12-05,USD,1,30.994,30.994
2012-12-06,USD,1,30.8235,30.8235
2012-12-07,USD,1,30.9107,30.9107
2012-12-08,USD,1,30.967,30.967
2012-12-11,USD,1,30.8686,30.8686
2012-12-12,USD,1,30.7506,30.7506
2012-12-13,USD,1,30.7321,30.7321
2012-12-14,USD,1,30.6034,30.6034
2012-12-15,USD,1,30.6892,30.6892
2012-12-18,USD,1,30.7696,30.7696
2012-12-19,USD,1,30.9859,30.9859
2012-12-20,USD,1,30.7606,30.7606
2012-12-21,USD,1,30.7592,30.7592
2012-12-22,USD,1,30.7194,30.7194
2012-12-25,USD,1,30.8046,30.8046
2012-12-26,USD,1,30.5926,30.5926
2012-12-27,USD,1,30.615,30.615
2012-12-28,USD,1,30.4808,30.4808
2012-12-29,USD,1,30.3727,30.3727
2012-12-30,USD,1,30.3727,30.3727
2013-01-10,USD,1,30.4215,30.4215
2013-01-11,USD,1,30.365,30.365
2013-01-12,USD,1,30.2537,30.2537
2013-01-15,USD,1,30.2607,30.2607
2013-01-16,USD,1,30.2556,30.2556
2013-01-17,USD,1,30.3399,30.3399
2013-01-18,USD,1,30.3431,30.3431
2013-01-19,USD,1,30.2065,30.2065
2013-01-22,USD,1,30.297,30.297
2013-01-23,USD,1,30.195,30.195
2013-01-24,USD,1,30.2292,30.2292
2013-01-25,USD,1,30.1648,30.1648
2013-01-26,USD,1,30.0451,30.0451
2013-01-29,USD,1,30.0782,30.0782
2013-01-30,USD,1,30.1513,30.1513
2013-01-31,USD,1,30.0277,30.0277
2013-02-01,USD,1,30.0161,30.0161
2013-02-02,USD,1,29.9966,29.9966
2013-02-05,USD,1,29.9251,29.9251
2013-02-06,USD,1,30.1231,30.1231
2013-02-07,USD,1,29.9598,29.9598
2013-02-08,USD,1,30.0496,30.0496
2013-02-09,USD,1,30.1575,30.1575
2013-02-12,USD,1,30.159,30.159
2013-02-13,USD,1,30.1713,30.1713
2013-02-14,USD,1,30.0692,30.0692
2013-02-15,USD,1,30.0773,30.0773
2013-02-16,USD,1,30.1139,30.1139
2013-02-19,USD,1,30.1258,30.1258
2013-02-20,USD,1,30.1277,30.1277
2013-02-21,USD,1,30.0502,30.0502
2013-02-22,USD,1,30.2337,30.2337
2013-02-23,USD,1,30.3596,30.3596
2013-02-26,USD,1,30.3368,30.3368
2013-02-27,USD,1,30.5889,30.5889
2013-02-28,USD,1,30.6202,30.6202
2013-03-01,USD,1,30.5124,30.5124
2013-03-02,USD,1,30.6381,30.6381
2013-03-05,USD,1,30.787,30.787
2013-03-06,USD,1,30.6963,30.6963
2013-03-07,USD,1,30.6214,30.6214
2013-03-08,USD,1,30.7628,30.7628
2013-03-12,USD,1,30.7576,30.7576
2013-03-13,USD,1,30.7499,30.7499
2013-03-14,USD,1,30.7209,30.7209
2013-03-15,USD,1,30.7769,30.7769
2013-03-16,USD,1,30.7196,30.7196
2013-03-19,USD,1,30.8908,30.8908
2013-03-20,USD,1,30.8285,30.8285
2013-03-21,USD,1,30.9446,30.9446
2013-03-22,USD,1,30.8923,30.8923
2013-03-23,USD,1,30.9325,30.9325
2013-03-26,USD,1,30.7585,30.7585
2013-03-27,USD,1,30.8734,30.8734
2013-03-28,USD,1,30.863,30.863
2013-03-29,USD,1,30.9962,30.9962
2013-03-30,USD,1,31.0834,31.0834
2013-04-02,USD,1,31.1093,31.1093
2013-04-03,USD,1,31.1178,31.1178
2013-04-04,USD,1,31.3918,31.3918
2013-04-05,USD,1,31.7203,31.7203
2013-04-06,USD,1,31.6207,31.6207
2013-04-09,USD,1,31.6144,31.6144
2013-04-10,USD,1,31.2086,31.2086
2013-04-11,USD,1,31.0036,31.0036
2013-04-12,USD,1,30.8814,30.8814
2013-04-13,USD,1,30.9308,30.9308
2013-04-16,USD,1,31.3051,31.3051
2013-04-17,USD,1,31.4512,31.4512
2013-04-18,USD,1,31.232,31.232
2013-04-19,USD,1,31.7151,31.7151
2013-04-20,USD,1,31.4605,31.4605
2013-04-23,USD,1,31.5664,31.5664
2013-04-24,USD,1,31.6414,31.6414
2013-04-25,USD,1,31.5917,31.5917
2013-04-26,USD,1,31.3169,31.3169
2013-04-27,USD,1,31.2196,31.2196
2013-04-30,USD,1,31.2559,31.2559
2013-05-01,USD,1,31.0433,31.0433
2013-05-07,USD,1,31.0839,31.0839
2013-05-08,USD,1,31.0789,31.0789
2013-05-09,USD,1,31.0829,31.0829
2013-05-14,USD,1,31.3777,31.3777
2013-05-15,USD,1,31.2778,31.2778
2013-05-16,USD,1,31.4281,31.4281
2013-05-17,USD,1,31.4166,31.4166
2013-05-18,USD,1,31.3931,31.3931
2013-05-21,USD,1,31.3406,31.3406
2013-05-22,USD,1,31.177,31.177
2013-05-23,USD,1,31.228,31.228
2013-05-24,USD,1,31.4711,31.4711
2013-05-25,USD,1,31.3164,31.3164
2013-05-28,USD,1,31.3025,31.3025
2013-05-29,USD,1,31.3784,31.3784
2013-05-30,USD,1,31.5203,31.5203
2013-05-31,USD,1,31.5893,31.5893
2013-06-01,USD,1,31.7979,31.7979
2013-06-04,USD,1,32.0487,32.0487
2013-06-05,USD,1,31.8344,31.8344
2013-06-06,USD,1,31.9816,31.9816
2013-06-07,USD,1,32.1385,32.1385
2013-06-08,USD,1,32.2397,32.2397
2013-06-11,USD,1,32.3246,32.3246
2013-06-12,USD,1,32.3951,32.3951
2013-06-14,USD,1,32.3467,32.3467
2013-06-15,USD,1,31.8029,31.8029
2013-06-18,USD,1,31.679,31.679
2013-06-19,USD,1,31.8824,31.8824
2013-06-20,USD,1,32.1201,32.1201
2013-06-21,USD,1,32.7041,32.7041
2013-06-22,USD,1,32.7433,32.7433
2013-06-25,USD,1,32.9097,32.9097
2013-06-26,USD,1,32.714,32.714
2013-06-27,USD,1,32.8876,32.8876
2013-06-28,USD,1,32.8766,32.8766
2013-06-29,USD,1,32.709,32.709
2013-07-02,USD,1,32.8517,32.8517
2013-07-03,USD,1,32.9475,32.9475
2013-07-04,USD,1,33.2204,33.2204
2013-07-05,USD,1,33.1605,33.1605
2013-07-06,USD,1,33.2247,33.2247
2013-07-09,USD,1,33.321,33.321
2013-07-10,USD,1,33.0842,33.0842
2013-07-11,USD,1,32.9112,32.9112
2013-07-12,USD,1,32.5867,32.5867
2013-07-13,USD,1,32.6429,32.6429
2013-07-16,USD,1,32.622,32.622
2013-07-17,USD,1,32.5417,32.5417
2013-07-18,USD,1,32.4526,32.4526
2013-07-19,USD,1,32.3998,32.3998
2013-07-20,USD,1,32.4288,32.4288
2013-07-23,USD,1,32.3236,32.3236
2013-07-24,USD,1,32.3106,32.3106
2013-07-25,USD,1,32.3462,32.3462
2013-07-26,USD,1,32.5376,32.5376
2013-07-27,USD,1,32.6371,32.6371
2013-07-30,USD,1,32.8556,32.8556
2013-07-31,USD,1,32.8901,32.8901
2013-08-01,USD,1,33.033,33.033
2013-08-02,USD,1,32.9741,32.9741
2013-08-03,USD,1,33.0978,33.0978
2013-08-06,USD,1,32.8811,32.8811
2013-08-07,USD,1,32.939,32.939
2013-08-08,USD,1,32.9848,32.9848
2013-08-09,USD,1,32.9401,32.9401
2013-08-10,USD,1,32.8606,32.8606
2013-08-13,USD,1,32.891,32.891
2013-08-14,USD,1,33.0426,33.0426
2013-08-15,USD,1,33.1583,33.1583
2013-08-16,USD,1,33.0004,33.0004
2013-08-17,USD,1,32.9421,32.9421
2013-08-20,USD,1,32.9226,32.9226
2013-08-21,USD,1,33.0006,33.0006
2013-08-22,USD,1,32.9737,32.9737
2013-08-23,USD,1,33.1908,33.1908
2013-08-24,USD,1,33.0552,33.0552
2013-08-27,USD,1,32.9564,32.9564
2013-08-28,USD,1,33.1224,33.1224
2013-08-29,USD,1,33.1798,33.1798
2013-08-30,USD,1,33.1783,33.1783
2013-08-31,USD,1,33.2474,33.2474
2013-09-03,USD,1,33.2522,33.2522
2013-09-04,USD,1,33.3693,33.3693
2013-09-05,USD,1,33.4656,33.4656
2013-09-06,USD,1,33.3901,33.3901
2013-09-07,USD,1,33.4338,33.4338
2013-09-10,USD,1,33.3243,33.3243
2013-09-11,USD,1,33.06,33.06
2013-09-12,USD,1,32.9629,32.9629
2013-09-13,USD,1,32.6731,32.6731
2013-09-14,USD,1,32.7406,32.7406
2013-09-17,USD,1,32.2907,32.2907
2013-09-18,USD,1,32.3237,32.3237
2013-09-19,USD,1,32.245,32.245
2013-09-20,USD,1,31.5892,31.5892
2013-09-21,USD,1,31.7326,31.7326
2013-09-24,USD,1,31.9106,31.9106
2013-09-25,USD,1,31.8167,31.8167
2013-09-26,USD,1,31.9343,31.9343
2013-09-27,USD,1,32.1736,32.1736
2013-09-28,USD,1,32.3451,32.3451
2013-10-01,USD,1,32.4839,32.4839
2013-10-02,USD,1,32.2965,32.2965
2013-10-03,USD,1,32.2979,32.2979
2013-10-04,USD,1,32.125,32.125
2013-10-05,USD,1,32.1005,32.1005
2013-10-08,USD,1,32.2931,32.2931
2013-10-09,USD,1,32.2984,32.2984
2013-10-10,USD,1,32.3619,32.3619
2013-10-11,USD,1,32.3564,32.3564
2013-10-12,USD,1,32.2133,32.2133
2013-10-15,USD,1,32.2663,32.2663
2013-10-16,USD,1,32.2676,32.2676
2013-10-17,USD,1,32.2561,32.2561
2013-10-18,USD,1,32.0816,32.0816
2013-10-19,USD,1,31.846,31.846
2013-10-22,USD,1,31.9013,31.9013
2013-10-23,USD,1,31.9346,31.9346
2013-10-24,USD,1,31.7448,31.7448
2013-10-25,USD,1,31.6618,31.6618
2013-10-26,USD,1,31.6775,31.6775
2013-10-29,USD,1,31.8119,31.8119
2013-10-30,USD,1,31.9445,31.9445
2013-10-31,USD,1,32.0613,32.0613
2013-11-01,USD,1,32.0758,32.0758
2013-11-02,USD,1,32.1808,32.1808
2013-11-06,USD,1,32.3509,32.3509
2013-11-07,USD,1,32.4511,32.4511
2013-11-08,USD,1,32.3803,32.3803
2013-11-09,USD,1,32.5479,32.5479
2013-11-12,USD,1,32.6622,32.6622
2013-11-13,USD,1,32.8076,32.8076
2013-11-14,USD,1,32.8184,32.8184
2013-11-15,USD,1,32.6874,32.6874
2013-11-16,USD,1,32.6807,32.6807
2013-11-19,USD,1,32.5658,32.5658
2013-11-20,USD,1,32.6098,32.6098
2013-11-21,USD,1,32.7417,32.7417
2013-11-22,USD,1,33.018,33.018
2013-11-23,USD,1,32.9055,32.9055
2013-11-26,USD,1,32.7733,32.7733
2013-11-27,USD,1,32.9879,32.9879
2013-11-28,USD,1,33.0041,33.0041
2013-11-29,USD,1,33.1332,33.1332
2013-11-30,USD,1,33.1916,33.1916
2013-12-03,USD,1,33.1482,33.1482
2013-12-04,USD,1,33.246,33.246
2013-12-05,USD,1,33.2632,33.2632
2013-12-06,USD,1,33.114,33.114
2013-12-07,USD,1,32.9514,32.9514
2013-12-10,USD,1,32.7782,32.7782
2013-12-11,USD,1,32.7848,32.7848
2013-12-12,USD,1,32.7315,32.7315
2013-12-13,USD,1,32.7518,32.7518
2013-12-14,USD,1,32.8663,32.8663
2013-12-17,USD,1,32.8658,32.8658
2013-12-18,USD,1,32.8646,32.8646
2013-12-19,USD,1,32.9404,32.9404
2013-12-20,USD,1,32.9527,32.9527
2013-12-21,USD,1,32.9798,32.9798
2013-12-24,USD,1,32.9506,32.9506
2013-12-25,USD,1,32.6284,32.6284
2013-12-26,USD,1,32.6487,32.6487
2013-12-27,USD,1,32.671,32.671
2013-12-28,USD,1,32.6282,32.6282
2013-12-31,USD,1,32.7292,32.7292
2014-01-01,USD,1,32.6587,32.6587
2014-01-10,USD,1,33.1547,33.1547
2014-01-11,USD,1,33.2062,33.2062
2014-01-14,USD,1,33.1204,33.1204
2014-01-15,USD,1,33.2386,33.2386
2014-01-16,USD,1,33.3562,33.3562
2014-01-17,USD,1,33.4013,33.4013
2014-01-18,USD,1,33.4343,33.4343
2014-01-21,USD,1,33.6429,33.6429
2014-01-22,USD,1,33.8161,33.8161
2014-01-23,USD,1,33.8688,33.8688
2014-01-24,USD,1,34.0334,34.0334
2014-01-25,USD,1,34.26,34.26
2014-01-28,USD,1,34.7093,34.7093
2014-01-29,USD,1,34.625,34.625
2014-01-30,USD,1,34.5633,34.5633
2014-01-31,USD,1,35.2448,35.2448
2014-02-01,USD,1,35.18,35.18
2014-02-04,USD,1,35.2347,35.2347
2014-02-05,USD,1,35.4502,35.4502
2014-02-06,USD,1,34.9592,34.9592
2014-02-07,USD,1,34.7287,34.7287
2014-02-08,USD,1,34.6044,34.6044
2014-02-11,USD,1,34.7636,34.7636
2014-02-12,USD,1,34.7964,34.7964
2014-02-13,USD,1,34.7595,34.7595
2014-02-14,USD,1,34.8611,34.8611
2014-02-15,USD,1,35.2559,35.2559
2014-02-18,USD,1,35.0976,35.0976
2014-02-19,USD,1,35.2386,35.2386
2014-02-20,USD,1,35.5857,35.5857
2014-02-21,USD,1,35.767,35.767
2014-02-22,USD,1,35.6828,35.6828
2014-02-25,USD,1,35.5112,35.5112
2014-02-26,USD,1,35.5669,35.5669
2014-02-27,USD,1,35.7872,35.7872
2014-02-28,USD,1,36.0501,36.0501
2014-03-01,USD,1,36.1847,36.1847
2014-03-04,USD,1,36.3784,36.3784
2014-03-05,USD,1,36.3208,36.3208
2014-03-06,USD,1,36.0849,36.0849
2014-03-07,USD,1,36.1251,36.1251
2014-03-08,USD,1,36.2618,36.2618
2014-03-12,USD,1,36.4015,36.4015
2014-03-13,USD,1,36.4865,36.4865
2014-03-14,USD,1,36.4566,36.4566
2014-03-15,USD,1,36.6391,36.6391
2014-03-18,USD,1,36.6505,36.6505
2014-03-19,USD,1,36.4487,36.4487
2014-03-20,USD,1,36.207,36.207
2014-03-21,USD,1,36.1081,36.1081
2014-03-22,USD,1,36.4022,36.4022
2014-03-25,USD,1,36.1663,36.1663
2014-03-26,USD,1,35.9316,35.9316
2014-03-27,USD,1,35.4494,35.4494
2014-03-28,USD,1,35.581,35.581
2014-03-29,USD,1,35.6871,35.6871
2014-04-01,USD,1,35.6053,35.6053
2014-04-02,USD,1,35.024,35.024
2014-04-03,USD,1,35.2517,35.2517
2014-04-04,USD,1,35.5154,35.5154
2014-04-05,USD,1,35.501,35.501
2014-04-08,USD,1,35.4679,35.4679
2014-04-09,USD,1,35.5475,35.5475
2014-04-10,USD,1,35.7493,35.7493
2014-04-11,USD,1,35.5581,35.5581
2014-04-12,USD,1,35.6239,35.6239
2014-04-15,USD,1,35.989,35.989
2014-04-16,USD,1,35.9635,35.9635
2014-04-17,USD,1,36.0813,36.0813
2014-04-18,USD,1,35.9287,35.9287
2014-04-19,USD,1,35.5389,35.5389
2014-04-22,USD,1,35.6688,35.6688
2014-04-23,USD,1,35.6785,35.6785
2014-04-24,USD,1,35.6625,35.6625
2014-04-25,USD,1,35.683,35.683
2014-04-26,USD,1,35.9289,35.9289
2014-04-29,USD,1,36.0245,36.0245
2014-04-30,USD,1,35.6983,35.6983
2014-05-01,USD,1,35.7227,35.7227
2014-05-06,USD,1,35.8381,35.8381
2014-05-07,USD,1,35.655,35.655
2014-05-08,USD,1,35.4971,35.4971
2014-05-09,USD,1,35.0343,35.0343
2014-05-13,USD,1,35.2091,35.2091
2014-05-14,USD,1,34.8789,34.8789
2014-05-15,USD,1,34.709,34.709
2014-05-16,USD,1,34.7005,34.7005
2014-05-17,USD,1,34.7794,34.7794
2014-05-20,USD,1,34.7394,34.7394
2014-05-21,USD,1,34.6007,34.6007
2014-05-22,USD,1,34.5078,34.5078
2014-05-23,USD,1,34.2802,34.2802
2014-05-24,USD,1,34.3139,34.3139
2014-05-27,USD,1,34.0771,34.0771
2014-05-28,USD,1,34.2571,34.2571
2014-05-29,USD,1,34.4895,34.4895
2014-05-30,USD,1,34.6481,34.6481
2014-05-31,USD,1,34.7352,34.7352
2014-06-03,USD,1,34.8887,34.8887
2014-06-04,USD,1,35.0115,35.0115
2014-06-05,USD,1,35.1398,35.1398
2014-06-06,USD,1,34.9043,34.9043
2014-06-07,USD,1,34.6573,34.6573
2014-06-10,USD,1,34.3303,34.3303
2014-06-11,USD,1,34.3681,34.3681
2014-06-12,USD,1,34.3227,34.3227
2014-06-17,USD,1,34.5654,34.5654
2014-06-18,USD,1,34.8095,34.8095
2014-06-19,USD,1,34.8232,34.8232
2014-06-20,USD,1,34.3025,34.3025
2014-06-21,USD,1,34.419,34.419
2014-06-24,USD,1,34.2797,34.2797
2014-06-25,USD,1,33.9812,33.9812
2014-06-26,USD,1,33.907,33.907
2014-06-27,USD,1,33.7508,33.7508
2014-06-28,USD,1,33.6306,33.6306
2014-07-01,USD,1,33.8434,33.8434
2014-07-02,USD,1,34.2275,34.2275
2014-07-03,USD,1,34.2496,34.2496
2014-07-04,USD,1,34.1949,34.1949
2014-07-05,USD,1,34.3236,34.3236
2014-07-08,USD,1,34.5691,34.5691
2014-07-09,USD,1,34.4258,34.4258
2014-07-10,USD,1,34.0758,34.0758
2014-07-11,USD,1,33.8353,33.8353
2014-07-12,USD,1,34.0582,34.0582
2014-07-15,USD,1,34.3135,34.3135
2014-07-16,USD,1,34.3723,34.3723
2014-07-17,USD,1,34.3853,34.3853
2014-07-18,USD,1,34.7998,34.7998
2014-07-19,USD,1,35.1627,35.1627
2014-07-22,USD,1,35.09,35.09
2014-07-23,USD,1,35.0387,35.0387
2014-07-24,USD,1,34.8101,34.8101
2014-07-25,USD,1,35.0786,35.0786
2014-07-26,USD,1,35.0535,35.0535
2014-07-29,USD,1,35.3457,35.3457
2014-07-30,USD,1,35.6339,35.6339
2014-07-31,USD,1,35.7271,35.7271
2014-08-01,USD,1,35.4438,35.4438
2014-08-02,USD,1,35.7272,35.7272
2014-08-05,USD,1,35.6605,35.6605
2014-08-06,USD,1,35.7987,35.7987
2014-08-07,USD,1,36.1102,36.1102
2014-08-08,USD,1,36.2496,36.2496
2014-08-09,USD,1,36.4461,36.4461
2014-08-12,USD,1,36.0475,36.0475
2014-08-13,USD,1,36.089,36.089
2014-08-14,USD,1,36.2222,36.2222
2014-08-15,USD,1,36.0395,36.0395
2014-08-16,USD,1,36.0014,36.0014
2014-08-19,USD,1,36.0294,36.0294
2014-08-20,USD,1,36.1094,36.1094
2014-08-21,USD,1,36.224,36.224
2014-08-22,USD,1,36.3317,36.3317
2014-08-23,USD,1,36.0027,36.0027
2014-08-26,USD,1,36.1201,36.1201
2014-08-27,USD,1,36.1358,36.1358
2014-08-28,USD,1,36.1397,36.1397
2014-08-29,USD,1,36.3053,36.3053
2014-08-30,USD,1,36.9316,36.9316
2014-09-02,USD,1,37.2945,37.2945
2014-09-03,USD,1,37.348,37.348
2014-09-04,USD,1,37.3183,37.3183
2014-09-05,USD,1,36.8038,36.8038
2014-09-06,USD,1,36.9219,36.9219
2014-09-09,USD,1,37.0866,37.0866
2014-09-10,USD,1,37.0261,37.0261
2014-09-11,USD,1,37.1693,37.1693
2014-09-12,USD,1,37.3758,37.3758
2014-09-13,USD,1,37.6545,37.6545
2014-09-16,USD,1,37.9861,37.9861
2014-09-17,USD,1,38.7058,38.7058
2014-09-18,USD,1,38.3724,38.3724
2014-09-19,USD,1,38.4209,38.4209
2014-09-20,USD,1,38.4134,38.4134
2014-09-23,USD,1,38.5782,38.5782
2014-09-24,USD,1,38.6672,38.6672
2014-09-25,USD,1,38.383,38.383
2014-09-26,USD,1,38.3007,38.3007
2014-09-27,USD,1,38.7243,38.7243
2014-09-30,USD,1,39.3866,39.3866
2014-10-01,USD,1,39.3836,39.3836
2014-10-02,USD,1,39.6604,39.6604
2014-10-03,USD,1,39.5474,39.5474
2014-10-04,USD,1,39.698,39.698
2014-10-07,USD,1,39.982,39.982
2014-10-08,USD,1,39.7417,39.7417
2014-10-09,USD,1,39.9819,39.9819
2014-10-10,USD,1,39.98,39.98
2014-10-11,USD,1,40.2125,40.2125
2014-10-14,USD,1,40.3251,40.3251
2014-10-15,USD,1,40.5304,40.5304
2014-10-16,USD,1,40.9416,40.9416
2014-10-17,USD,1,40.7457,40.7457
2014-10-18,USD,1,41.045,41.045
2014-10-21,USD,1,40.8815,40.8815
2014-10-22,USD,1,41.0501,41.0501
2014-10-23,USD,1,40.9671,40.9671
2014-10-24,USD,1,41.4958,41.4958
2014-10-25,USD,1,41.8101,41.8101
2014-10-28,USD,1,41.9497,41.9497
2014-10-29,USD,1,42.3934,42.3934
2014-10-30,USD,1,42.6525,42.6525
2014-10-31,USD,1,43.3943,43.3943
2014-11-01,USD,1,41.9627,41.9627
2014-11-06,USD,1,44.3993,44.3993
2014-11-07,USD,1,45.1854,45.1854
2014-11-08,USD,1,47.8774,47.8774
2014-11-11,USD,1,45.8926,45.8926
2014-11-12,USD,1,45.952,45.952
2014-11-13,USD,1,46.3379,46.3379
2014-11-14,USD,1,46.1233,46.1233
2014-11-15,USD,1,47.392,47.392
2014-11-18,USD,1,47.3329,47.3329
2014-11-19,USD,1,46.9797,46.9797
2014-11-20,USD,1,47.0294,47.0294
2014-11-21,USD,1,46.7047,46.7047
2014-11-22,USD,1,45.7926,45.7926
2014-11-25,USD,1,44.7852,44.7852
2014-11-26,USD,1,44.9758,44.9758
2014-11-27,USD,1,46.4244,46.4244
2014-11-28,USD,1,47.6629,47.6629
2014-11-29,USD,1,49.322,49.322
2014-12-02,USD,1,51.8068,51.8068
2014-12-03,USD,1,50.7678,50.7678
2014-12-04,USD,1,54.3821,54.3821
2014-12-05,USD,1,52.6932,52.6932
2014-12-06,USD,1,53.1088,53.1088
2014-12-09,USD,1,53.3079,53.3079
2014-12-10,USD,1,54.2116,54.2116
2014-12-11,USD,1,54.2758,54.2758
2014-12-12,USD,1,54.7932,54.7932
2014-12-13,USD,1,56.8919,56.8919
2014-12-16,USD,1,58.3461,58.3461
2014-12-17,USD,1,61.1512,61.1512
2014-12-18,USD,1,67.7851,67.7851
2014-12-19,USD,1,59.6029,59.6029
2014-12-20,USD,1,60.6825,60.6825
2014-12-23,USD,1,56.494,56.494
2014-12-24,USD,1,54.5687,54.5687
2014-12-25,USD,1,54.4913,54.4913
2014-12-26,USD,1,52.6159,52.6159
2014-12-27,USD,1,52.0343,52.0343
2014-12-30,USD,1,56.6801,56.6801
2014-12-31,USD,1,56.2584,56.2584
2015-01-01,USD,1,56.2376,56.2376
2015-01-13,USD,1,62.7363,62.7363
2015-01-14,USD,1,64.8425,64.8425
2015-01-15,USD,1,66.0983,66.0983
2015-01-16,USD,1,64.8337,64.8337
2015-01-17,USD,1,65.1738,65.1738
2015-01-20,USD,1,64.9732,64.9732
2015-01-21,USD,1,64.9862,64.9862
2015-01-22,USD,1,65.5558,65.5558
2015-01-23,USD,1,65.4,65.4
2015-01-24,USD,1,63.393,63.393
2015-01-27,USD,1,65.5937,65.5937
2015-01-28,USD,1,67.8153,67.8153
2015-01-29,USD,1,67.1506,67.1506
2015-01-30,USD,1,68.7303,68.7303
2015-01-31,USD,1,68.9291,68.9291
2015-02-03,USD,1,69.664,69.664
2015-02-04,USD,1,67.7727,67.7727
2015-02-05,USD,1,65.447,65.447
2015-02-06,USD,1,68.6113,68.6113
2015-02-07,USD,1,66.0432,66.0432
2015-02-10,USD,1,65.7817,65.7817
2015-02-11,USD,1,65.4469,65.4469
2015-02-12,USD,1,66.0585,66.0585
2015-02-13,USD,1,66.0994,66.0994
2015-02-14,USD,1,65.0862,65.0862
2015-02-17,USD,1,62.6632,62.6632
2015-02-18,USD,1,62.8353,62.8353
2015-02-19,USD,1,62.4001,62.4001
2015-02-20,USD,1,62.1307,62.1307
2015-02-21,USD,1,61.7235,61.7235
2015-02-25,USD,1,63.5083,63.5083
2015-02-26,USD,1,62.5906,62.5906
2015-02-27,USD,1,60.7109,60.7109
2015-02-28,USD,1,61.2718,61.2718
2015-03-03,USD,1,62.2248,62.2248
2015-03-04,USD,1,62.3649,62.3649
2015-03-05,USD,1,61.8745,61.8745
2015-03-06,USD,1,61.8457,61.8457
2015-03-07,USD,1,59.9938,59.9938
2015-03-11,USD,1,60.6649,60.6649
2015-03-12,USD,1,62.6797,62.6797
2015-03-13,USD,1,60.9595,60.9595
2015-03-14,USD,1,61.3167,61.3167
2015-03-17,USD,1,62.1497,62.1497
2015-03-18,USD,1,61.751,61.751
2015-03-19,USD,1,61.3483,61.3483
2015-03-20,USD,1,59.8308,59.8308
2015-03-21,USD,1,60.0341,60.0341
2015-03-24,USD,1,59.4452,59.4452
2015-03-25,USD,1,58.771,58.771
2015-03-26,USD,1,57.3879,57.3879
2015-03-27,USD,1,56.4271,56.4271
2015-03-28,USD,1,57.7279,57.7279
2015-03-31,USD,1,58.4643,58.4643
2015-04-01,USD,1,57.65,57.65
2015-04-02,USD,1,58.3536,58.3536
2015-04-03,USD,1,56.9902,56.9902
2015-04-04,USD,1,56.7534,56.7534
2015-04-07,USD,1,56.5161,56.5161
2015-04-08,USD,1,55.3328,55.3328
2015-04-09,USD,1,54.027,54.027
2015-04-10,USD,1,52.5424,52.5424
2015-04-11,USD,1,51.0678,51.0678
2015-04-14,USD,1,52.422,52.422
2015-04-15,USD,1,51.9749,51.9749
2015-04-16,USD,1,50.5033,50.5033
2015-04-17,USD,1,49.6749,49.6749
2015-04-18,USD,1,50.5295,50.5295
2015-04-21,USD,1,51.5207,51.5207
2015-04-22,USD,1,53.9728,53.9728
2015-04-23,USD,1,53.6555,53.6555
2015-04-24,USD,1,51.6011,51.6011
2015-04-25,USD,1,50.2473,50.2473
2015-04-28,USD,1,51.469,51.469
2015-04-29,USD,1,52.3041,52.3041
2015-04-30,USD,1,51.7029,51.7029
2015-05-01,USD,1,51.1388,51.1388
2015-05-06,USD,1,51.7574,51.7574
2015-05-07,USD,1,49.9816,49.9816
2015-05-08,USD,1,50.3615,50.3615
2015-05-09,USD,1,50.7511,50.7511
2015-05-13,USD,1,50.914,50.914
2015-05-14,USD,1,49.5366,49.5366
2015-05-15,USD,1,50.0774,50.0774
2015-05-16,USD,1,50.0115,50.0115
2015-05-19,USD,1,49.2175,49.2175
2015-05-20,USD,1,49.1777,49.1777
2015-05-21,USD,1,49.7919,49.7919
2015-05-22,USD,1,49.9204,49.9204
2015-05-23,USD,1,49.7901,49.7901
2015-05-26,USD,1,49.8613,49.8613
2015-05-27,USD,1,50.3223,50.3223
2015-05-28,USD,1,51.0178,51.0178
2015-05-29,USD,1,52.2907,52.2907
2015-05-30,USD,1,52.9716,52.9716
2015-06-02,USD,1,52.8213,52.8213
2015-06-03,USD,1,53.4413,53.4413
2015-06-04,USD,1,53.059,53.059
2015-06-05,USD,1,54.9908,54.9908
2015-06-06,USD,1,56.2463,56.2463
2015-06-09,USD,1,56.0435,56.0435
2015-06-10,USD,1,55.91,55.91
2015-06-11,USD,1,54.8219,54.8219
2015-06-12,USD,1,54.5285,54.5285
2015-06-16,USD,1,55.2679,55.2679
2015-06-17,USD,1,54.0409,54.0409
2015-06-18,USD,1,53.8999,53.8999
2015-06-19,USD,1,53.3301,53.3301
2015-06-20,USD,1,53.8006,53.8006
2015-06-23,USD,1,53.5569,53.5569
2015-06-24,USD,1,54.2081,54.2081
2015-06-25,USD,1,54.0746,54.0746
2015-06-26,USD,1,54.6026,54.6026
2015-06-27,USD,1,54.8126,54.8126
2015-06-30,USD,1,55.524,55.524
2015-07-01,USD,1,55.8413,55.8413
2015-07-02,USD,1,55.4756,55.4756
2015-07-03,USD,1,55.6555,55.6555
2015-07-04,USD,1,55.6049,55.6049
2015-07-07,USD,1,56.4112,56.4112
2015-07-08,USD,1,57.2192,57.2192
2015-07-09,USD,1,57.2174,57.2174
2015-07-10,USD,1,56.9803,56.9803
2015-07-11,USD,1,56.6685,56.6685
2015-07-14,USD,1,56.6079,56.6079
2015-07-15,USD,1,56.9774,56.9774
2015-07-16,USD,1,56.6642,56.6642
2015-07-17,USD,1,56.9504,56.9504
2015-07-18,USD,1,56.8423,56.8423
2015-07-21,USD,1,56.8336,56.8336
2015-07-22,USD,1,57.0025,57.0025
2015-07-23,USD,1,57.0232,57.0232
2015-07-24,USD,1,57.3578,57.3578
2015-07-25,USD,1,58.0374,58.0374
2015-07-28,USD,1,58.7816,58.7816
2015-07-29,USD,1,60.2231,60.2231
2015-07-30,USD,1,59.7665,59.7665
2015-07-31,USD,1,58.9906,58.9906
2015-08-01,USD,1,60.3458,60.3458
2015-08-04,USD,1,62.4677,62.4677
2015-08-05,USD,1,62.9182,62.9182
2015-08-06,USD,1,62.7184,62.7184
2015-08-07,USD,1,63.8644,63.8644
2015-08-08,USD,1,63.8399,63.8399
2015-08-11,USD,1,64.4977,64.4977
2015-08-12,USD,1,63.2098,63.2098
2015-08-13,USD,1,65.0169,65.0169
2015-08-14,USD,1,63.9988,63.9988
2015-08-15,USD,1,64.9363,64.9363
2015-08-18,USD,1,65.5034,65.5034
2015-08-19,USD,1,65.8289,65.8289
2015-08-20,USD,1,65.7222,65.7222
2015-08-21,USD,1,66.9608,66.9608
2015-08-22,USD,1,68.1216,68.1216
2015-08-25,USD,1,70.7465,70.7465
2015-08-26,USD,1,69.9461,69.9461
2015-08-27,USD,1,69.3142,69.3142
2015-08-28,USD,1,67.4473,67.4473
2015-08-29,USD,1,66.4779,66.4779
2015-09-01,USD,1,66.7152,66.7152
2015-09-02,USD,1,65.3495,65.3495
2015-09-03,USD,1,66.6756,66.6756
2015-09-04,USD,1,67.0102,67.0102
2015-09-05,USD,1,67.685,67.685
2015-09-08,USD,1,68.4864,68.4864
2015-09-09,USD,1,68.7932,68.7932
2015-09-10,USD,1,67.6219,67.6219
2015-09-11,USD,1,68.4961,68.4961
2015-09-12,USD,1,68.0093,68.0093
2015-09-15,USD,1,67.9571,67.9571
2015-09-16,USD,1,67.1574,67.1574
2015-09-17,USD,1,65.9273,65.9273
2015-09-18,USD,1,65.3623,65.3623
2015-09-19,USD,1,65.6445,65.6445
2015-09-22,USD,1,66.1455,66.1455
2015-09-23,USD,1,66.1747,66.1747
2015-09-24,USD,1,66.041,66.041
2015-09-25,USD,1,66.5151,66.5151
2015-09-26,USD,1,65.6727,65.6727
2015-09-29,USD,1,65.547,65.547
2015-09-30,USD,1,66.2367,66.2367
2015-10-01,USD,1,65.7364,65.7364
2015-10-02,USD,1,65.0336,65.0336
2015-10-03,USD,1,65.9414,65.9414
2015-10-06,USD,1,65.6248,65.6248
2015-10-07,USD,1,65.0962,65.0962
2015-10-08,USD,1,62.7061,62.7061
2015-10-09,USD,1,62.2942,62.2942
2015-10-10,USD,1,61.2967,61.2967
2015-10-13,USD,1,61.1535,61.1535
2015-10-14,USD,1,62.2237,62.2237
2015-10-15,USD,1,63.1248,63.1248
2015-10-16,USD,1,62.2433,62.2433
2015-10-17,USD,1,61.3587,61.3587
2015-10-20,USD,1,61.4419,61.4419
2015-10-21,USD,1,62.162,62.162
2015-10-22,USD,1,62.6309,62.6309
2015-10-23,USD,1,62.7888,62.7888
2015-10-24,USD,1,61.9286,61.9286
2015-10-27,USD,1,62.5038,62.5038
2015-10-28,USD,1,63.5004,63.5004
2015-10-29,USD,1,65.3159,65.3159
2015-10-30,USD,1,64.1686,64.1686
2015-10-31,USD,1,64.3742,64.3742
2015-11-03,USD,1,63.7993,63.7993
2015-11-04,USD,1,63.8525,63.8525
2015-11-06,USD,1,63.3991,63.3991
2015-11-07,USD,1,63.6832,63.6832
2015-11-10,USD,1,64.6606,64.6606
2015-11-11,USD,1,64.3908,64.3908
2015-11-12,USD,1,64.5693,64.5693
2015-11-13,USD,1,65.4541,65.4541
2015-11-14,USD,1,66.6343,66.6343
2015-11-17,USD,1,66.4607,66.4607
2015-11-18,USD,1,65.4799,65.4799
2015-11-19,USD,1,64.7785,64.7785
2015-11-20,USD,1,64.912,64.912
2015-11-21,USD,1,64.8673,64.8673
2015-11-24,USD,1,65.5973,65.5973
2015-11-25,USD,1,65.621,65.621
2015-11-26,USD,1,65.4789,65.4789
2015-11-27,USD,1,65.6836,65.6836
2015-11-28,USD,1,66.2393,66.2393
2015-12-01,USD,1,66.737,66.737
2015-12-02,USD,1,66.2584,66.2584
2015-12-03,USD,1,66.7402,66.7402
2015-12-04,USD,1,67.7691,67.7691
2015-12-05,USD,1,67.6698,67.6698
2015-12-08,USD,1,68.5156,68.5156
2015-12-09,USD,1,69.3026,69.3026
2015-12-10,USD,1,69.2,69.2
2015-12-11,USD,1,69.2151,69.2151
2015-12-12,USD,1,69.1755,69.1755
2015-12-15,USD,1,70.2244,70.2244
2015-12-16,USD,1,70.8295,70.8295
2015-12-17,USD,1,70.4012,70.4012
2015-12-18,USD,1,70.5806,70.5806
2015-12-19,USD,1,71.3215,71.3215
2015-12-22,USD,1,71.2553,71.2553
2015-12-23,USD,1,71.1211,71.1211
2015-12-24,USD,1,70.9333,70.9333
2015-12-25,USD,1,69.5165,69.5165
2015-12-26,USD,1,70.269,70.269
2015-12-29,USD,1,70.7865,70.7865
2015-12-30,USD,1,72.5066,72.5066
2015-12-31,USD,1,72.8827,72.8827
2016-01-01,USD,1,72.9299,72.9299
2016-01-12,USD,1,75.9507,75.9507
2016-01-13,USD,1,76.6041,76.6041
2016-01-14,USD,1,76.4275,76.4275
2016-01-15,USD,1,76.523,76.523
2016-01-16,USD,1,76.565,76.565
2016-01-19,USD,1,78.6678,78.6678
2016-01-20,USD,1,78.4862,78.4862
2016-01-21,USD,1,79.4614,79.4614
2016-01-22,USD,1,83.5913,83.5913
2016-01-23,USD,1,80.5714,80.5714
2016-01-26,USD,1,77.7965,77.7965
2016-01-27,USD,1,81.8394,81.8394
2016-01-28,USD,1,78.9969,78.9969
2016-01-29,USD,1,77.3674,77.3674
2016-01-30,USD,1,75.1723,75.1723
2016-02-02,USD,1,76.3264,76.3264
2016-02-03,USD,1,77.9273,77.9273
2016-02-04,USD,1,79.2593,79.2593
2016-02-05,USD,1,76.4609,76.4609
2016-02-06,USD,1,77.3409,77.3409
2016-02-09,USD,1,76.8614,76.8614
2016-02-10,USD,1,78.6805,78.6805
2016-02-11,USD,1,79.0689,79.0689
2016-02-12,USD,1,79.1144,79.1144
2016-02-13,USD,1,79.4951,79.4951
2016-02-16,USD,1,77.7792,77.7792
2016-02-17,USD,1,76.245,76.245
2016-02-18,USD,1,77.8503,77.8503
2016-02-19,USD,1,75.4575,75.4575
2016-02-20,USD,1,76.3657,76.3657
2016-02-21,USD,1,77.1326,77.1326
2016-02-25,USD,1,76.3928,76.3928
2016-02-26,USD,1,76.3929,76.3929
2016-02-27,USD,1,75.0903,75.0903
2016-03-01,USD,1,75.8994,75.8994
2016-03-02,USD,1,74.0536,74.0536
2016-03-03,USD,1,73.6256,73.6256
2016-03-04,USD,1,73.8242,73.8242
2016-03-05,USD,1,73.1854,73.1854
2016-03-10,USD,1,72.3775,72.3775
2016-03-11,USD,1,71.0928,71.0928
2016-03-12,USD,1,70.3067,70.3067
2016-03-15,USD,1,70.1542,70.1542
2016-03-16,USD,1,70.5408,70.5408
2016-03-17,USD,1,71.0256,71.0256
2016-03-18,USD,1,68.5598,68.5598
2016-03-19,USD,1,68.4026,68.4026
2016-03-22,USD,1,68.8086,68.8086
2016-03-23,USD,1,67.7764,67.7764
2016-03-24,USD,1,67.6409,67.6409
2016-03-25,USD,1,68.9328,68.9328
2016-03-26,USD,1,68.4346,68.4346
2016-03-29,USD,1,67.7807,67.7807
2016-03-30,USD,1,68.7549,68.7549
2016-03-31,USD,1,67.6076,67.6076
2016-04-01,USD,1,67.8552,67.8552
2016-04-02,USD,1,67.141,67.141
2016-04-05,USD,1,68.6753,68.6753
2016-04-06,USD,1,68.8901,68.8901
2016-04-07,USD,1,68.5215,68.5215
2016-04-08,USD,1,67.796,67.796
2016-04-09,USD,1,67.4662,67.4662
2016-04-12,USD,1,67.125,67.125
2016-04-13,USD,1,66.3456,66.3456
2016-04-14,USD,1,65.7662,65.7662
2016-04-15,USD,1,66.4954,66.4954
2016-04-16,USD,1,66.0452,66.0452
2016-04-19,USD,1,68.2724,68.2724
2016-04-20,USD,1,65.6474,65.6474
2016-04-21,USD,1,66.0364,66.0364
2016-04-22,USD,1,65.0254,65.0254
2016-04-23,USD,1,66.2198,66.2198
2016-04-26,USD,1,66.6295,66.6295
2016-04-27,USD,1,66.4559,66.4559
2016-04-28,USD,1,65.1618,65.1618
2016-04-29,USD,1,65.1133,65.1133
2016-04-30,USD,1,64.3334,64.3334
2016-05-05,USD,1,66.1718,66.1718
2016-05-06,USD,1,65.8918,65.8918
2016-05-07,USD,1,66.1928,66.1928
2016-05-11,USD,1,66.3277,66.3277
2016-05-12,USD,1,66.2428,66.2428
2016-05-13,USD,1,64.9607,64.9607
2016-05-14,USD,1,64.9306,64.9306
2016-05-17,USD,1,64.8895,64.8895
2016-05-18,USD,1,64.5138,64.5138
2016-05-19,USD,1,65.0641,65.0641
2016-05-20,USD,1,66.211,66.211
2016-05-21,USD,1,66.3775,66.3775
2016-05-24,USD,1,67.0475,67.0475
2016-05-25,USD,1,67.0493,67.0493
2016-05-26,USD,1,65.8949,65.8949
2016-05-27,USD,1,65.2062,65.2062
2016-05-28,USD,1,66.0413,66.0413
2016-05-31,USD,1,66.0825,66.0825
2016-06-01,USD,1,65.9962,65.9962
2016-06-02,USD,1,66.6156,66.6156
2016-06-03,USD,1,66.7491,66.7491
2016-06-04,USD,1,66.8529,66.8529
2016-06-07,USD,1,65.7894,65.7894
2016-06-08,USD,1,65.2089,65.2089
2016-06-09,USD,1,64.6797,64.6797
2016-06-10,USD,1,63.7402,63.7402
2016-06-11,USD,1,64.7077,64.7077
2016-06-15,USD,1,66.0306,66.0306
2016-06-16,USD,1,65.9156,65.9156
2016-06-17,USD,1,65.8618,65.8618
2016-06-18,USD,1,65.4398,65.4398
2016-06-21,USD,1,64.1509,64.1509
2016-06-22,USD,1,64.1743,64.1743
2016-06-23,USD,1,63.7162,63.7162
2016-06-24,USD,1,64.3212,64.3212
2016-06-25,USD,1,65.5287,65.5287
2016-06-28,USD,1,65.0588,65.0588
2016-06-29,USD,1,64.8095,64.8095
2016-06-30,USD,1,64.2575,64.2575
2016-07-01,USD,1,64.1755,64.1755
2016-07-02,USD,1,64.0165,64.0165
2016-07-05,USD,1,63.6844,63.6844
2016-07-06,USD,1,64.2676,64.2676
2016-07-07,USD,1,64.6304,64.6304
2016-07-08,USD,1,64.05,64.05
2016-07-09,USD,1,64.2488,64.2488
2016-07-12,USD,1,64.2024,64.2024
2016-07-13,USD,1,63.9029,63.9029
2016-07-14,USD,1,63.8531,63.8531
2016-07-15,USD,1,63.5773,63.5773
2016-07-16,USD,1,63.1697,63.1697
2016-07-19,USD,1,63.1154,63.1154
2016-07-20,USD,1,62.9891,62.9891
2016-07-21,USD,1,63.4183,63.4183
2016-07-22,USD,1,63.7373,63.7373
2016-07-23,USD,1,64.627,64.627
2016-07-26,USD,1,64.9184,64.9184
2016-07-27,USD,1,65.7408,65.7408
2016-07-28,USD,1,65.9467,65.9467
2016-07-29,USD,1,66.1125,66.1125
2016-07-30,USD,1,67.0512,67.0512
2016-08-02,USD,1,65.9553,65.9553
2016-08-03,USD,1,66.8816,66.8816
2016-08-04,USD,1,66.742,66.742
2016-08-05,USD,1,66.3941,66.3941
2016-08-06,USD,1,65.5627,65.5627
2016-08-09,USD,1,65.0799,65.0799
2016-08-10,USD,1,64.7848,64.7848
2016-08-11,USD,1,64.8137,64.8137
2016-08-12,USD,1,64.9497,64.9497
2016-08-13,USD,1,64.3364,64.3364
2016-08-16,USD,1,64.2076,64.2076
2016-08-17,USD,1,63.9514,63.9514
2016-08-18,USD,1,63.9943,63.9943
2016-08-19,USD,1,63.5487,63.5487
2016-08-20,USD,1,63.9391,63.9391
2016-08-23,USD,1,64.2078,64.2078
2016-08-24,USD,1,64.7684,64.7684
2016-08-25,USD,1,64.814,64.814
2016-08-26,USD,1,64.9459,64.9459
2016-08-27,USD,1,64.738,64.738
2016-08-30,USD,1,65.081,65.081
2016-08-31,USD,1,64.9072,64.9072
2016-09-01,USD,1,65.2535,65.2535
2016-09-02,USD,1,65.2566,65.2566
2016-09-03,USD,1,65.8684,65.8684
2016-09-06,USD,1,64.7644,64.7644
2016-09-07,USD,1,64.8306,64.8306
2016-09-08,USD,1,64.3804,64.3804
2016-09-09,USD,1,63.973,63.973
2016-09-10,USD,1,64.1617,64.1617
2016-09-13,USD,1,65.0539,65.0539
2016-09-14,USD,1,64.8102,64.8102
2016-09-15,USD,1,64.9737,64.9737
2016-09-16,USD,1,65.217,65.217
2016-09-17,USD,1,64.994,64.994
2016-09-20,USD,1,64.9173,64.9173
2016-09-21,USD,1,64.7513,64.7513
2016-09-22,USD,1,64.4424,64.4424
2016-09-23,USD,1,63.7942,63.7942
2016-09-24,USD,1,63.8642,63.8642
2016-09-27,USD,1,64.1506,64.1506
2016-09-28,USD,1,63.6921,63.6921
2016-09-29,USD,1,63.9509,63.9509
2016-09-30,USD,1,63.1581,63.1581
2016-10-01,USD,1,63.396,63.396
2016-10-04,USD,1,62.5477,62.5477
2016-10-05,USD,1,62.4323,62.4323
2016-10-06,USD,1,62.4583,62.4583
2016-10-07,USD,1,62.39,62.39
2016-10-08,USD,1,62.3031,62.3031
2016-10-11,USD,1,62.3884,62.3884
2016-10-12,USD,1,62.1946,62.1946
2016-10-13,USD,1,62.5892,62.5892
2016-10-14,USD,1,63.3465,63.3465
2016-10-15,USD,1,62.9934,62.9934
2016-10-18,USD,1,63.151,63.151
2016-10-19,USD,1,62.89,62.89
2016-10-20,USD,1,62.5841,62.5841
2016-10-21,USD,1,62.4194,62.4194
2016-10-22,USD,1,62.4499,62.4499
2016-10-25,USD,1,62.2349,62.2349
2016-10-26,USD,1,62.048,62.048
2016-10-27,USD,1,62.2597,62.2597
2016-10-28,USD,1,63.0399,63.0399
2016-10-29,USD,1,62.9037,62.9037
2016-11-01,USD,1,63.2174,63.2174
2016-11-02,USD,1,63.2025,63.2025
2016-11-03,USD,1,63.4166,63.4166
2016-11-04,USD,1,63.5043,63.5043
2016-11-08,USD,1,63.9074,63.9074
2016-11-09,USD,1,63.7364,63.7364
2016-11-10,USD,1,63.8928,63.8928
2016-11-11,USD,1,63.4161,63.4161
2016-11-12,USD,1,65.2167,65.2167
2016-11-15,USD,1,65.8591,65.8591
2016-11-16,USD,1,65.5548,65.5548
2016-11-17,USD,1,64.5463,64.5463
2016-11-18,USD,1,64.9154,64.9154
2016-11-19,USD,1,65.1023,65.1023
2016-11-22,USD,1,64.358,64.358
2016-11-23,USD,1,63.6282,63.6282
2016-11-24,USD,1,64.0087,64.0087
2016-11-25,USD,1,64.6279,64.6279
2016-11-26,USD,1,64.6174,64.6174
2016-11-29,USD,1,64.9153,64.9153
2016-11-30,USD,1,64.9449,64.9449
2016-12-01,USD,1,65.2382,65.2382
2016-12-02,USD,1,63.6807,63.6807
2016-12-03,USD,1,64.1528,64.1528
2016-12-06,USD,1,63.9242,63.9242
2016-12-07,USD,1,63.8741,63.8741
2016-12-08,USD,1,63.9114,63.9114
2016-12-09,USD,1,63.3901,63.3901
2016-12-10,USD,1,63.3028,63.3028
2016-12-13,USD,1,61.5804,61.5804
2016-12-14,USD,1,61.069,61.069
2016-12-15,USD,1,60.8079,60.8079
2016-12-16,USD,1,61.6368,61.6368
2016-12-17,USD,1,61.7515,61.7515
2016-12-20,USD,1,61.7931,61.7931
2016-12-21,USD,1,61.7967,61.7967
2016-12-22,USD,1,61.1092,61.1092
2016-12-23,USD,1,60.8641,60.8641
2016-12-24,USD,1,60.8528,60.8528
2016-12-27,USD,1,60.9084,60.9084
2016-12-28,USD,1,60.8587,60.8587
2016-12-29,USD,1,60.6669,60.6669
2016-12-30,USD,1,60.273,60.273
2016-12-31,USD,1,60.6569,60.6569
2017-01-10,USD,1,59.8961,59.8961
2017-01-11,USD,1,59.9533,59.9533
2017-01-12,USD,1,60.1614,60.1614
2017-01-13,USD,1,59.4978,59.4978
2017-01-14,USD,1,59.37,59.37
2017-01-17,USD,1,59.6067,59.6067
2017-01-18,USD,1,59.4015,59.4015
2017-01-19,USD,1,59.183,59.183
2017-01-20,USD,1,59.3521,59.3521
2017-01-21,USD,1,59.6697,59.6697
2017-01-24,USD,1,59.5034,59.5034
2017-01-25,USD,1,59.2168,59.2168
2017-01-26,USD,1,59.1489,59.1489
2017-01-27,USD,1,59.6356,59.6356
2017-01-28,USD,1,60.3196,60.3196
2017-01-31,USD,1,60.1618,60.1618
2017-02-01,USD,1,60.0851,60.0851
2017-02-02,USD,1,60.3099,60.3099
2017-02-03,USD,1,59.9858,59.9858
2017-02-04,USD,1,59.3137,59.3137
2017-02-07,USD,1,58.7121,58.7121
2017-02-08,USD,1,59.1933,59.1933
2017-02-09,USD,1,59.5129,59.5129
2017-02-10,USD,1,59.0235,59.0235
2017-02-11,USD,1,58.8457,58.8457
2017-02-14,USD,1,58.0619,58.0619
2017-02-15,USD,1,57.7388,57.7388
2017-02-16,USD,1,56.7719,56.7719
2017-02-17,USD,1,57.1507,57.1507
2017-02-18,USD,1,57.6342,57.6342
2017-02-21,USD,1,58.0967,58.0967
2017-02-22,USD,1,57.859,57.859
2017-02-23,USD,1,57.4762,57.4762
2017-02-28,USD,1,57.9371,57.9371
2017-03-01,USD,1,57.9627,57.9627
2017-03-02,USD,1,58.3776,58.3776
2017-03-03,USD,1,58.4067,58.4067
2017-03-04,USD,1,58.9099,58.9099
2017-03-07,USD,1,58.337,58.337
2017-03-08,USD,1,58.263,58.263
2017-03-10,USD,1,58.8318,58.8318
2017-03-11,USD,1,59.2174,59.2174
2017-03-14,USD,1,59.1327,59.1327
2017-03-15,USD,1,58.954,58.954
2017-03-16,USD,1,59.1128,59.1128
2017-03-17,USD,1,58.2437,58.2437
2017-03-18,USD,1,57.9344,57.9344
2017-03-21,USD,1,57.2847,57.2847
2017-03-22,USD,1,57.2323,57.2323
2017-03-23,USD,1,57.636,57.636
2017-03-24,USD,1,57.5228,57.5228
2017-03-25,USD,1,57.4247,57.4247
2017-03-28,USD,1,57.0233,57.0233
2017-03-29,USD,1,56.9364,56.9364
2017-03-30,USD,1,57.0241,57.0241
2017-03-31,USD,1,56.3779,56.3779
2017-04-01,USD,1,55.9606,55.9606
2017-04-04,USD,1,56.1396,56.1396
2017-04-05,USD,1,56.5553,56.5553
2017-04-06,USD,1,55.894,55.894
2017-04-07,USD,1,56.4369,56.4369
2017-04-08,USD,1,56.9201,56.9201
2017-04-11,USD,1,57.3896,57.3896
2017-04-12,USD,1,56.9552,56.9552
2017-04-13,USD,1,56.7556,56.7556
2017-04-14,USD,1,56.6019,56.6019
2017-04-15,USD,1,56.2945,56.2945
2017-04-18,USD,1,56.2505,56.2505
2017-04-19,USD,1,55.9793,55.9793
2017-04-20,USD,1,56.1753,56.1753
2017-04-21,USD,1,56.4165,56.4165
2017-04-22,USD,1,56.2307,56.2307
2017-04-25,USD,1,56.0794,56.0794
2017-04-26,USD,1,55.8453,55.8453
2017-04-27,USD,1,56.3131,56.3131
2017-04-28,USD,1,56.9707,56.9707
2017-04-29,USD,1,56.9838,56.9838
2017-05-03,USD,1,56.9518,56.9518
2017-05-04,USD,1,57.0927,57.0927
2017-05-05,USD,1,57.5714,57.5714
2017-05-06,USD,1,58.5382,58.5382
2017-05-11,USD,1,58.0824,58.0824
2017-05-12,USD,1,57.1161,57.1161
2017-05-13,USD,1,57.164,57.164
2017-05-16,USD,1,56.5258,56.5258
2017-05-17,USD,1,56.2603,56.2603
2017-05-18,USD,1,56.7383,56.7383
2017-05-19,USD,1,57.4683,57.4683
2017-05-20,USD,1,57.1602,57.1602
2017-05-23,USD,1,56.4988,56.4988
2017-05-24,USD,1,56.5552,56.5552
2017-05-25,USD,1,56.2743,56.2743
2017-05-26,USD,1,56.0701,56.0701
2017-05-27,USD,1,56.756,56.756
2017-05-30,USD,1,56.7106,56.7106
2017-05-31,USD,1,56.5168,56.5168
2017-06-01,USD,1,56.6876,56.6876
2017-06-02,USD,1,56.5373,56.5373
2017-06-03,USD,1,56.6876,56.6876
2017-06-06,USD,1,56.6152,56.6152
2017-06-07,USD,1,56.6747,56.6747
2017-06-08,USD,1,56.5878,56.5878
2017-06-09,USD,1,56.9857,56.9857
2017-06-10,USD,1,57.002,57.002
2017-06-14,USD,1,56.9096,56.9096
2017-06-15,USD,1,57.0303,57.0303
2017-06-16,USD,1,57.4437,57.4437
2017-06-17,USD,1,57.7408,57.7408
2017-06-20,USD,1,57.9585,57.9585
2017-06-21,USD,1,58.5786,58.5786
2017-06-22,USD,1,60.0,60.0
2017-06-23,USD,1,60.1482,60.1482
2017-06-24,USD,1,59.6564,59.6564
2017-06-27,USD,1,59.0014,59.0014
2017-06-28,USD,1,58.8843,58.8843
2017-06-29,USD,1,59.5415,59.5415
2017-06-30,USD,1,59.0855,59.0855
2017-07-01,USD,1,59.3862,59.3862
2017-07-04,USD,1,58.9695,58.9695
2017-07-05,USD,1,59.2295,59.2295
2017-07-06,USD,1,59.5787,59.5787
2017-07-07,USD,1,60.2426,60.2426
2017-07-08,USD,1,60.3792,60.3792
2017-07-11,USD,1,60.3014,60.3014
2017-07-12,USD,1,60.7397,60.7397
2017-07-13,USD,1,60.6227,60.6227
2017-07-14,USD,1,60.1836,60.1836
2017-07-15,USD,1,59.8806,59.8806
2017-07-18,USD,1,59.0657,59.0657
2017-07-19,USD,1,59.3705,59.3705
2017-07-20,USD,1,59.2418,59.2418
2017-07-21,USD,1,59.0823,59.0823
2017-07-22,USD,1,58.9325,58.9325
2017-07-25,USD,1,59.6572,59.6572
2017-07-26,USD,1,59.8185,59.8185
2017-07-27,USD,1,59.9102,59.9102
2017-07-28,USD,1,59.4102,59.4102
2017-07-29,USD,1,59.5436,59.5436
2017-08-01,USD,1,60.0633,60.0633
2017-08-02,USD,1,59.8454,59.8454
2017-08-03,USD,1,60.5819,60.5819
2017-08-04,USD,1,60.7503,60.7503
2017-08-05,USD,1,60.3281,60.3281
2017-08-08,USD,1,60.0605,60.0605
2017-08-09,USD,1,59.9886,59.9886
2017-08-10,USD,1,59.9611,59.9611
2017-08-11,USD,1,59.9298,59.9298
2017-08-12,USD,1,60.1873,60.1873
2017-08-15,USD,1,59.799,59.799
2017-08-16,USD,1,59.9266,59.9266
2017-08-17,USD,1,59.6521,59.6521
2017-08-18,USD,1,59.249,59.249
2017-08-19,USD,1,59.3612,59.3612
2017-08-22,USD,1,59.1409,59.1409
2017-08-23,USD,1,59.0396,59.0396
2017-08-24,USD,1,59.1312,59.1312
2017-08-25,USD,1,59.1397,59.1397
2017-08-26,USD,1,59.1476,59.1476
2017-08-29,USD,1,58.5469,58.5469
2017-08-30,USD,1,58.532,58.532
2017-08-31,USD,1,58.7306,58.7306
2017-09-01,USD,1,58.5454,58.5454
2017-09-02,USD,1,58.0557,58.0557
2017-09-05,USD,1,57.7817,57.7817
2017-09-06,USD,1,57.8503,57.8503
2017-09-07,USD,1,57.3387,57.3387
2017-09-08,USD,1,57.1411,57.1411
2017-09-09,USD,1,56.9966,56.9966
2017-09-12,USD,1,57.1694,57.1694
2017-09-13,USD,1,57.2656,57.2656
2017-09-14,USD,1,57.6679,57.6679
2017-09-15,USD,1,57.7706,57.7706
2017-09-16,USD,1,57.5336,57.5336
2017-09-19,USD,1,57.6242,57.6242
2017-09-20,USD,1,58.0993,58.0993
2017-09-21,USD,1,58.129,58.129
2017-09-22,USD,1,58.2242,58.2242
2017-09-23,USD,1,57.6527,57.6527
2017-09-26,USD,1,57.566,57.566
2017-09-27,USD,1,57.5186,57.5186
2017-09-28,USD,1,58.0102,58.0102
2017-09-29,USD,1,58.4255,58.4255
2017-09-30,USD,1,58.0169,58.0169
2017-10-03,USD,1,57.8134,57.8134
2017-10-04,USD,1,57.9375,57.9375
2017-10-05,USD,1,57.7832,57.7832
2017-10-06,USD,1,57.5811,57.5811
2017-10-07,USD,1,57.7612,57.7612
2017-10-10,USD,1,58.3151,58.3151
2017-10-11,USD,1,58.0713,58.0713
2017-10-12,USD,1,57.921,57.921
2017-10-13,USD,1,57.6869,57.6869
2017-10-14,USD,1,57.6196,57.6196
2017-10-17,USD,1,57.0861,57.0861
2017-10-18,USD,1,57.3392,57.3392
2017-10-19,USD,1,57.2721,57.2721
2017-10-20,USD,1,57.5706,57.5706
2017-10-21,USD,1,57.5118,57.5118
2017-10-24,USD,1,57.4706,57.4706
2017-10-25,USD,1,57.5852,57.5852
2017-10-26,USD,1,57.614,57.614
2017-10-27,USD,1,57.7643,57.7643
2017-10-28,USD,1,58.0833,58.0833
2017-10-31,USD,1,57.8716,57.8716
2017-11-01,USD,1,58.1179,58.1179
2017-11-02,USD,1,58.1557,58.1557
2017-11-03,USD,1,58.0869,58.0869
2017-11-04,USD,1,58.4296,58.4296
2017-11-08,USD,1,58.4557,58.4557
2017-11-09,USD,1,59.248,59.248
2017-11-10,USD,1,59.2527,59.2527
2017-11-11,USD,1,59.2808,59.2808
2017-11-14,USD,1,59.1823,59.1823
2017-11-15,USD,1,59.6207,59.6207
2017-11-16,USD,1,60.249,60.249
2017-11-17,USD,1,59.9898,59.9898
2017-11-18,USD,1,59.6325,59.6325
2017-11-21,USD,1,59.2746,59.2746
2017-11-22,USD,1,59.4604,59.4604
2017-11-23,USD,1,59.0061,59.0061
2017-11-24,USD,1,58.4622,58.4622
2017-11-25,USD,1,58.5318,58.5318
2017-11-28,USD,1,58.2773,58.2773
2017-11-29,USD,1,58.4125,58.4125
2017-11-30,USD,1,58.3311,58.3311
2017-12-01,USD,1,58.5814,58.5814
2017-12-02,USD,1,58.5182,58.5182
2017-12-05,USD,1,58.9911,58.9911
2017-12-06,USD,1,58.6924,58.6924
2017-12-07,USD,1,58.9281,58.9281
2017-12-08,USD,1,59.2948,59.2948
2017-12-09,USD,1,59.2811,59.2811
2017-12-12,USD,1,59.2348,59.2348
2017-12-13,USD,1,58.837,58.837
2017-12-14,USD,1,59.1446,59.1446
2017-12-15,USD,1,58.7082,58.7082
2017-12-16,USD,1,58.8987,58.8987
2017-12-19,USD,1,58.694,58.694
2017-12-20,USD,1,58.6117,58.6117
2017-12-21,USD,1,58.717,58.717
2017-12-22,USD,1,58.5596,58.5596
2017-12-23,USD,1,58.3152,58.3152
2017-12-26,USD,1,58.1989,58.1989
2017-12-27,USD,1,57.7343,57.7343
2017-12-28,USD,1,57.4544,57.4544
2017-12-29,USD,1,57.6291,57.6291
2017-12-30,USD,1,57.6002,57.6002
2018-01-10,USD,1,57.0463,57.0463
2018-01-11,USD,1,56.8734,56.8734
2018-01-12,USD,1,56.9957,56.9957
2018-01-13,USD,1,56.6019,56.6019
2018-01-16,USD,1,56.3569,56.3569
2018-01-17,USD,1,56.3878,56.3878
2018-01-18,USD,1,56.5925,56.5925
2018-01-19,USD,1,56.7597,56.7597
2018-01-20,USD,1,56.5892,56.5892
2018-01-23,USD,1,56.6261,56.6261
2018-01-24,USD,1,56.4115,56.4115
2018-01-25,USD,1,56.3888,56.3888
2018-01-26,USD,1,55.9288,55.9288
2018-01-27,USD,1,55.8288,55.8288
2018-01-30,USD,1,56.2908,56.2908
2018-01-31,USD,1,56.2914,56.2914
2018-02-01,USD,1,56.184,56.184
2018-02-02,USD,1,56.2613,56.2613
2018-02-03,USD,1,56.0408,56.0408
2018-02-06,USD,1,56.6278,56.6278
2018-02-07,USD,1,57.2196,57.2196
2018-02-08,USD,1,56.9533,56.9533
2018-02-09,USD,1,57.6736,57.6736
2018-02-10,USD,1,58.1718,58.1718
2018-02-13,USD,1,58.0171,58.0171
2018-02-14,USD,1,57.7701,57.7701
2018-02-15,USD,1,57.5899,57.5899
2018-02-16,USD,1,56.5918,56.5918
2018-02-17,USD,1,56.3554,56.3554
2018-02-20,USD,1,56.3438,56.3438
2018-02-21,USD,1,56.5201,56.5201
2018-02-22,USD,1,56.6537,56.6537
2018-02-23,USD,1,56.7608,56.7608
2018-02-27,USD,1,55.9208,55.9208
2018-02-28,USD,1,55.6717,55.6717
2018-03-01,USD,1,56.3742,56.3742
2018-03-02,USD,1,56.4334,56.4334
2018-03-03,USD,1,56.6616,56.6616
2018-03-06,USD,1,57.1,57.1
2018-03-07,USD,1,56.5041,56.5041
2018-03-08,USD,1,56.8011,56.8011
2018-03-13,USD,1,56.6122,56.6122
2018-03-14,USD,1,56.9359,56.9359
2018-03-15,USD,1,56.9372,56.9372
2018-03-16,USD,1,57.0188,57.0188
2018-03-17,USD,1,57.4942,57.4942
2018-03-20,USD,1,57.5521,57.5521
2018-03-21,USD,1,57.7033,57.7033
2018-03-22,USD,1,57.4954,57.4954
2018-03-23,USD,1,56.8391,56.8391
2018-03-24,USD,1,57.1072,57.1072
2018-03-27,USD,1,57.0039,57.0039
2018-03-28,USD,1,57.1747,57.1747
2018-03-29,USD,1,57.5598,57.5598
2018-03-30,USD,1,57.7626,57.7626
2018-03-31,USD,1,57.2649,57.2649
2018-04-03,USD,1,57.285,57.285
2018-04-04,USD,1,57.5375,57.5375
2018-04-05,USD,1,57.7646,57.7646
2018-04-06,USD,1,57.5796,57.5796
2018-04-07,USD,1,57.8332,57.8332
2018-04-10,USD,1,58.5714,58.5714
2018-04-11,USD,1,62.3699,62.3699
2018-04-12,USD,1,64.0626,64.0626
2018-04-13,USD,1,62.0659,62.0659
2018-04-14,USD,1,61.4311,61.4311
2018-04-17,USD,1,62.2794,62.2794
2018-04-18,USD,1,61.1454,61.1454
2018-04-19,USD,1,61.5539,61.5539
2018-04-20,USD,1,60.8583,60.8583
2018-04-21,USD,1,61.3222,61.3222
2018-04-24,USD,1,61.7655,61.7655
2018-04-25,USD,1,61.6644,61.6644
2018-04-26,USD,1,61.7494,61.7494
2018-04-27,USD,1,62.6027,62.6027
2018-04-28,USD,1,62.726,62.726
2018-04-29,USD,1,61.9997,61.9997
2018-05-04,USD,1,63.486,63.486
2018-05-05,USD,1,63.2012,63.2012
2018-05-08,USD,1,62.7148,62.7148
2018-05-09,USD,1,63.0066,63.0066
2018-05-11,USD,1,62.5229,62.5229
2018-05-12,USD,1,61.7354,61.7354
2018-05-15,USD,1,61.7684,61.7684
2018-05-16,USD,1,61.9164,61.9164
2018-05-17,USD,1,62.3033,62.3033
2018-05-18,USD,1,61.8215,61.8215
2018-05-19,USD,1,61.9408,61.9408
2018-05-22,USD,1,62.5327,62.5327
2018-05-23,USD,1,61.261,61.261
2018-05-24,USD,1,61.5945,61.5945
2018-05-25,USD,1,61.409,61.409
2018-05-26,USD,1,61.6659,61.6659
2018-05-29,USD,1,62.271,62.271
2018-05-30,USD,1,62.642,62.642
2018-05-31,USD,1,62.5937,62.5937
2018-06-01,USD,1,62.0188,62.0188
2018-06-02,USD,1,62.2056,62.2056
2018-06-05,USD,1,61.929,61.929
2018-06-06,USD,1,61.9822,61.9822
2018-06-07,USD,1,62.0064,62.0064
2018-06-08,USD,1,61.8125,61.8125
2018-06-09,USD,1,62.668,62.668
2018-06-10,USD,1,62.3431,62.3431
2018-06-14,USD,1,63.1164,63.1164
2018-06-15,USD,1,62.2511,62.2511
2018-06-16,USD,1,62.6851,62.6851
2018-06-19,USD,1,63.4838,63.4838
2018-06-20,USD,1,64.0683,64.0683
2018-06-21,USD,1,63.6175,63.6175
2018-06-22,USD,1,63.7873,63.7873
2018-06-23,USD,1,63.2396,63.2396
2018-06-26,USD,1,62.9497,62.9497
2018-06-27,USD,1,62.7908,62.7908
2018-06-28,USD,1,63.1359,63.1359
2018-06-29,USD,1,63.291,63.291
2018-06-30,USD,1,62.7565,62.7565
2018-07-03,USD,1,63.1394,63.1394
2018-07-04,USD,1,63.2194,63.2194
2018-07-05,USD,1,63.2267,63.2267
2018-07-06,USD,1,63.2604,63.2604
2018-07-07,USD,1,63.1216,63.1216
2018-07-10,USD,1,62.8338,62.8338
2018-07-11,USD,1,62.4442,62.4442
2018-07-12,USD,1,62.098,62.098
2018-07-13,USD,1,62.2062,62.2062
2018-07-14,USD,1,62.2934,62.2934
2018-07-17,USD,1,62.2556,62.2556
2018-07-18,USD,1,62.4352,62.4352
2018-07-19,USD,1,62.9006,62.9006
2018-07-20,USD,1,63.2746,63.2746
2018-07-21,USD,1,63.4888,63.4888
2018-07-24,USD,1,63.1957,63.1957
2018-07-25,USD,1,62.9235,62.9235
2018-07-26,USD,1,63.0836,63.0836
2018-07-27,USD,1,62.9471,62.9471
2018-07-28,USD,1,62.9726,62.9726
2018-07-31,USD,1,62.7805,62.7805
2018-08-01,USD,1,62.3497,62.3497
2018-08-02,USD,1,62.559,62.559
2018-08-03,USD,1,63.1358,63.1358
2018-08-04,USD,1,63.4549,63.4549
2018-08-07,USD,1,63.4975,63.4975
2018-08-08,USD,1,63.5425,63.5425
2018-08-09,USD,1,63.595,63.595
2018-08-10,USD,1,66.2856,66.2856
2018-08-11,USD,1,66.9075,66.9075
2018-08-14,USD,1,68.2234,68.2234
2018-08-15,USD,1,66.7535,66.7535
2018-08-16,USD,1,66.3772,66.3772
2018-08-17,USD,1,66.8932,66.8932
2018-08-18,USD,1,66.8757,66.8757
2018-08-21,USD,1,67.1807,67.1807
2018-08-22,USD,1,67.1783,67.1783
2018-08-23,USD,1,67.6163,67.6163
2018-08-24,USD,1,68.5259,68.5259
2018-08-25,USD,1,67.7911,67.7911
2018-08-28,USD,1,67.3963,67.3963
2018-08-29,USD,1,67.3911,67.3911
2018-08-30,USD,1,68.1451,68.1451
2018-08-31,USD,1,68.0821,68.0821
2018-09-01,USD,1,68.0447,68.0447
2018-09-04,USD,1,67.7443,67.7443
2018-09-05,USD,1,68.2737,68.2737
2018-09-06,USD,1,68.4628,68.4628
2018-09-07,USD,1,68.2505,68.2505
2018-09-08,USD,1,69.0286,69.0286
2018-09-11,USD,1,69.8685,69.8685
2018-09-12,USD,1,69.9744,69.9744
2018-09-13,USD,1,69.5728,69.5728
2018-09-14,USD,1,68.637,68.637
2018-09-15,USD,1,68.2826,68.2826
2018-09-18,USD,1,68.1958,68.1958
2018-09-19,USD,1,67.7519,67.7519
2018-09-20,USD,1,67.0098,67.0098
2018-09-21,USD,1,66.4725,66.4725
2018-09-22,USD,1,66.2497,66.2497
2018-09-25,USD,1,66.1594,66.1594
2018-09-26,USD,1,65.8244,65.8244
2018-09-27,USD,1,65.7585,65.7585
2018-09-28,USD,1,65.8355,65.8355
2018-09-29,USD,1,65.5906,65.5906
2018-10-02,USD,1,65.5745,65.5745
2018-10-03,USD,1,65.2221,65.2221
2018-10-04,USD,1,65.4244,65.4244
2018-10-05,USD,1,66.2115,66.2115
2018-10-06,USD,1,66.627,66.627
2018-10-09,USD,1,66.9685,66.9685
2018-10-10,USD,1,66.4032,66.4032
2018-10-11,USD,1,66.1832,66.1832
2018-10-12,USD,1,66.7727,66.7727
2018-10-13,USD,1,65.9751,65.9751
2018-10-16,USD,1,65.7508,65.7508
2018-10-17,USD,1,65.5305,65.5305
2018-10-18,USD,1,65.4026,65.4026
2018-10-19,USD,1,65.7238,65.7238
2018-10-20,USD,1,65.814,65.814
2018-10-23,USD,1,65.3065,65.3065
2018-10-24,USD,1,65.3101,65.3101
2018-10-25,USD,1,65.6299,65.6299
2018-10-26,USD,1,65.7476,65.7476
2018-10-27,USD,1,65.6345,65.6345
2018-10-30,USD,1,65.8129,65.8129
2018-10-31,USD,1,65.7742,65.7742
2018-11-01,USD,1,65.5962,65.5962
2018-11-02,USD,1,65.6517,65.6517
2018-11-03,USD,1,65.5799,65.5799
2018-11-07,USD,1,65.9912,65.9912
2018-11-08,USD,1,66.0918,66.0918
2018-11-09,USD,1,66.2155,66.2155
2018-11-10,USD,1,66.8497,66.8497
2018-11-13,USD,1,67.5238,67.5238
2018-11-14,USD,1,67.6812,67.6812
2018-11-15,USD,1,67.9975,67.9975
2018-11-16,USD,1,66.6159,66.6159
2018-11-17,USD,1,65.9931,65.9931
2018-11-20,USD,1,66.0081,66.0081
2018-11-21,USD,1,65.5871,65.5871
2018-11-22,USD,1,65.9485,65.9485
2018-11-23,USD,1,65.6067,65.6067
2018-11-24,USD,1,65.6664,65.6664
2018-11-27,USD,1,66.5072,66.5072
2018-11-28,USD,1,66.78,66.78
2018-11-29,USD,1,66.9436,66.9436
2018-11-30,USD,1,66.6342,66.6342
2018-12-01,USD,1,66.5335,66.5335
2018-12-04,USD,1,66.2921,66.2921
2018-12-05,USD,1,66.4467,66.4467
2018-12-06,USD,1,66.8242,66.8242
2018-12-07,USD,1,66.7377,66.7377
2018-12-08,USD,1,66.9227,66.9227
2018-12-11,USD,1,66.2416,66.2416
2018-12-12,USD,1,66.5022,66.5022
2018-12-13,USD,1,66.4225,66.4225
2018-12-14,USD,1,66.255,66.255
2018-12-15,USD,1,66.4337,66.4337
2018-12-18,USD,1,66.6208,66.6208
2018-12-19,USD,1,66.7454,66.7454
2018-12-20,USD,1,67.1121,67.1121
2018-12-21,USD,1,67.371,67.371
2018-12-22,USD,1,68.0085,68.0085
2018-12-25,USD,1,68.4073,68.4073
2018-12-26,USD,1,68.7448,68.7448
2018-12-27,USD,1,68.8865,68.8865
2018-12-28,USD,1,68.8762,68.8762
2018-12-29,USD,1,69.5218,69.5218
2018-12-30,USD,1,69.4706,69.4706
2019-01-10,USD,1,67.0795,67.0795
2019-01-11,USD,1,66.8605,66.8605
2019-01-12,USD,1,66.9167,66.9167
2019-01-15,USD,1,67.192,67.192
2019-01-16,USD,1,67.082,67.082
2019-01-17,USD,1,66.7617,66.7617
2019-01-18,USD,1,66.4438,66.4438
2019-01-19,USD,1,66.3309,66.3309
2019-01-22,USD,1,66.3634,66.3634
2019-01-23,USD,1,66.5499,66.5499
2019-01-24,USD,1,66.3318,66.3318
2019-01-25,USD,1,66.0016,66.0016
2019-01-26,USD,1,65.917,65.917
2019-01-29,USD,1,65.93,65.93
2019-01-30,USD,1,66.3412,66.3412
2019-01-31,USD,1,66.0987,66.0987
2019-02-01,USD,1,65.3577,65.3577
2019-02-02,USD,1,65.6601,65.6601
2019-02-05,USD,1,65.5859,65.5859
2019-02-06,USD,1,65.5691,65.5691
2019-02-07,USD,1,65.6686,65.6686
2019-02-08,USD,1,66.0199,66.0199
2019-02-09,USD,1,66.0628,66.0628
2019-02-12,USD,1,65.6517,65.6517
2019-02-13,USD,1,65.7147,65.7147
2019-02-14,USD,1,65.6783,65.6783
2019-02-15,USD,1,66.5429,66.5429
2019-02-16,USD,1,66.7044,66.7044
2019-02-19,USD,1,66.247,66.247
2019-02-20,USD,1,66.2022,66.2022
2019-02-21,USD,1,65.8568,65.8568
2019-02-22,USD,1,65.5401,65.5401
2019-02-23,USD,1,65.5149,65.5149
2019-02-26,USD,1,65.2582,65.2582
2019-02-27,USD,1,65.6182,65.6182
2019-02-28,USD,1,65.757,65.757
2019-03-01,USD,1,65.8895,65.8895
2019-03-02,USD,1,65.8145,65.8145
2019-03-05,USD,1,65.7956,65.7956
2019-03-06,USD,1,65.8004,65.8004
2019-03-07,USD,1,65.843,65.843
2019-03-08,USD,1,65.9646,65.9646
2019-03-12,USD,1,66.0763,66.0763
2019-03-13,USD,1,65.7674,65.7674
2019-03-14,USD,1,65.589,65.589
2019-03-15,USD,1,65.4021,65.4021
2019-03-16,USD,1,65.4201,65.4201
2019-03-19,USD,1,64.6694,64.6694
2019-03-20,USD,1,64.3167,64.3167
2019-03-21,USD,1,64.2803,64.2803
2019-03-22,USD,1,63.742,63.742
2019-03-23,USD,1,63.7705,63.7705
2019-03-26,USD,1,64.4993,64.4993
2019-03-27,USD,1,64.1683,64.1683
2019-03-28,USD,1,64.5925,64.5925
2019-03-29,USD,1,64.8012,64.8012
2019-03-30,USD,1,64.7347,64.7347
2019-04-02,USD,1,65.4176,65.4176
2019-04-03,USD,1,65.4726,65.4726
2019-04-04,USD,1,65.1639,65.1639
2019-04-05,USD,1,65.3281,65.3281
2019-04-06,USD,1,65.4072,65.4072
2019-04-09,USD,1,65.3498,65.3498
2019-04-10,USD,1,64.7766,64.7766
2019-04-11,USD,1,64.7373,64.7373
2019-04-12,USD,1,64.3991,64.3991
2019-04-13,USD,1,64.5171,64.5171
2019-04-16,USD,1,64.2469,64.2469
2019-04-17,USD,1,64.2422,64.2422
2019-04-18,USD,1,63.945,63.945
2019-04-19,USD,1,64.0688,64.0688
2019-04-20,USD,1,63.9602,63.9602
2019-04-23,USD,1,63.786,63.786
2019-04-24,USD,1,63.7906,63.7906
2019-04-25,USD,1,63.9798,63.9798
2019-04-26,USD,1,64.6794,64.6794
2019-04-27,USD,1,64.7053,64.7053
2019-04-30,USD,1,64.6917,64.6917
2019-05-01,USD,1,64.6314,64.6314
2019-05-07,USD,1,65.335,65.335
2019-05-08,USD,1,65.2166,65.2166
2019-05-09,USD,1,65.2287,65.2287
2019-05-14,USD,1,65.4703,65.4703
2019-05-15,USD,1,65.3001,65.3001
2019-05-16,USD,1,64.8489,64.8489
2019-05-17,USD,1,64.5598,64.5598
2019-05-18,USD,1,64.6327,64.6327
2019-05-21,USD,1,64.4888,64.4888
2019-05-22,USD,1,64.5372,64.5372
2019-05-23,USD,1,64.4156,64.4156
2019-05-24,USD,1,64.4913,64.4913
2019-05-25,USD,1,64.6106,64.6106
2019-05-28,USD,1,64.4636,64.4636
2019-05-29,USD,1,64.5394,64.5394
2019-05-30,USD,1,64.9084,64.9084
2019-05-31,USD,1,65.0583,65.0583
2019-06-01,USD,1,65.3834,65.3834
2019-06-04,USD,1,65.5547,65.5547
2019-06-05,USD,1,65.1614,65.1614
2019-06-06,USD,1,65.1243,65.1243
2019-06-07,USD,1,65.234,65.234
2019-06-08,USD,1,65.0395,65.0395
2019-06-11,USD,1,64.7919,64.7919
2019-06-12,USD,1,64.5158,64.5158
2019-06-14,USD,1,64.6314,64.6314
2019-06-15,USD,1,64.4326,64.4326
2019-06-18,USD,1,64.3187,64.3187
2019-06-19,USD,1,64.3352,64.3352
2019-06-20,USD,1,63.9794,63.9794
2019-06-21,USD,1,63.3877,63.3877
2019-06-22,USD,1,63.1295,63.1295
2019-06-25,USD,1,62.9095,62.9095
2019-06-26,USD,1,62.5229,62.5229
2019-06-27,USD,1,62.8083,62.8083
2019-06-28,USD,1,63.0452,63.0452
2019-06-29,USD,1,63.0756,63.0756
2019-07-02,USD,1,63.0541,63.0541
2019-07-03,USD,1,63.2265,63.2265
2019-07-04,USD,1,63.4951,63.4951
2019-07-05,USD,1,63.4013,63.4013
2019-07-06,USD,1,63.5841,63.5841
2019-07-09,USD,1,63.8699,63.8699
2019-07-10,USD,1,63.766,63.766
2019-07-11,USD,1,63.7988,63.7988
2019-07-12,USD,1,62.9944,62.9944
2019-07-13,USD,1,63.0204,63.0204
2019-07-16,USD,1,62.828,62.828
2019-07-17,USD,1,62.8129,62.8129
2019-07-18,USD,1,62.9451,62.9451
2019-07-19,USD,1,62.8286,62.8286
2019-07-20,USD,1,62.8666,62.8666
2019-07-23,USD,1,62.9776,62.9776
2019-07-24,USD,1,63.129,63.129
2019-07-25,USD,1,63.1162,63.1162
2019-07-26,USD,1,63.1572,63.1572
2019-07-27,USD,1,63.1271,63.1271
2019-07-30,USD,1,63.521,63.521
2019-07-31,USD,1,63.3791,63.3791
2019-08-01,USD,1,63.4172,63.4172
2019-08-02,USD,1,63.834,63.834
2019-08-03,USD,1,64.6423,64.6423
2019-08-06,USD,1,65.0546,65.0546
2019-08-07,USD,1,65.203,65.203
2019-08-08,USD,1,65.0932,65.0932
2019-08-09,USD,1,65.1299,65.1299
2019-08-10,USD,1,65.2543,65.2543
2019-08-13,USD,1,65.4287,65.4287
2019-08-14,USD,1,65.6017,65.6017
2019-08-15,USD,1,65.2032,65.2032
2019-08-16,USD,1,65.8907,65.8907
2019-08-17,USD,1,65.9961,65.9961
2019-08-20,USD,1,66.6082,66.6082
2019-08-21,USD,1,66.784,66.784
2019-08-22,USD,1,66.263,66.263
2019-08-23,USD,1,65.6196,65.6196
2019-08-24,USD,1,65.6046,65.6046
2019-08-27,USD,1,65.9735,65.9735
2019-08-28,USD,1,66.2608,66.2608
2019-08-29,USD,1,66.4127,66.4127
2019-08-30,USD,1,66.7471,66.7471
2019-08-31,USD,1,66.4897,66.4897
2019-09-03,USD,1,66.6235,66.6235
2019-09-04,USD,1,66.9072,66.9072
2019-09-05,USD,1,66.5002,66.5002
2019-09-06,USD,1,66.0528,66.0528
2019-09-07,USD,1,65.9981,65.9981
2019-09-10,USD,1,65.5698,65.5698
2019-09-11,USD,1,65.4393,65.4393
2019-09-12,USD,1,65.4321,65.4321
2019-09-13,USD,1,65.1909,65.1909
2019-09-14,USD,1,64.4711,64.4711
2019-09-17,USD,1,63.8272,63.8272
2019-09-18,USD,1,64.1213,64.1213
2019-09-19,USD,1,64.429,64.429
2019-09-20,USD,1,64.2199,64.2199
2019-09-21,USD,1,63.8487,63.8487
2019-09-24,USD,1,63.9453,63.9453
2019-09-25,USD,1,63.706,63.706
2019-09-26,USD,1,64.1873,64.1873
2019-09-27,USD,1,64.2888,64.2888
2019-09-28,USD,1,64.4156,64.4156
2019-10-01,USD,1,64.6407,64.6407
2019-10-02,USD,1,65.067,65.067
2019-10-03,USD,1,65.4399,65.4399
2019-10-04,USD,1,65.1312,65.1312
2019-10-05,USD,1,65.03,65.03
2019-10-08,USD,1,64.8259,64.8259
2019-10-09,USD,1,64.8672,64.8672
2019-10-10,USD,1,65.0976,65.0976
2019-10-11,USD,1,64.7416,64.7416
2019-10-12,USD,1,64.2237,64.2237
2019-10-15,USD,1,64.3652,64.3652
2019-10-16,USD,1,64.2548,64.2548
2019-10-17,USD,1,64.3455,64.3455
2019-10-18,USD,1,64.0144,64.0144
2019-10-19,USD,1,63.9542,63.9542
2019-10-22,USD,1,63.7606,63.7606
2019-10-23,USD,1,63.6336,63.6336
2019-10-24,USD,1,63.7997,63.7997
2019-10-25,USD,1,63.86,63.86
2019-10-26,USD,1,63.9966,63.9966
2019-10-29,USD,1,63.87,63.87
2019-10-30,USD,1,63.832,63.832
2019-10-31,USD,1,63.8734,63.8734
2019-11-01,USD,1,63.7748,63.7748
2019-11-02,USD,1,64.0316,64.0316
2019-11-06,USD,1,63.248,63.248
2019-11-07,USD,1,63.588,63.588
2019-11-08,USD,1,63.7298,63.7298
2019-11-09,USD,1,63.7295,63.7295
2019-11-12,USD,1,63.9121,63.9121
2019-11-13,USD,1,63.853,63.853
2019-11-14,USD,1,64.2009,64.2009
2019-11-15,USD,1,64.2101,64.2101
2019-11-16,USD,1,63.8881,63.8881
2019-11-19,USD,1,63.7542,63.7542
2019-11-20,USD,1,63.773,63.773
2019-11-21,USD,1,64.0213,64.0213
2019-11-22,USD,1,63.843,63.843
2019-11-23,USD,1,63.7101,63.7101
2019-11-26,USD,1,63.7637,63.7637
2019-11-27,USD,1,64.0239,64.0239
2019-11-28,USD,1,63.9722,63.9722
2019-11-29,USD,1,64.1005,64.1005
2019-11-30,USD,1,64.0817,64.0817
2019-12-03,USD,1,64.4097,64.4097
2019-12-04,USD,1,64.1401,64.1401
2019-12-05,USD,1,64.1948,64.1948
2019-12-06,USD,1,63.8135,63.8135
2019-12-07,USD,1,63.7185,63.7185
2019-12-10,USD,1,63.7244,63.7244
2019-12-11,USD,1,63.5788,63.5788
2019-12-12,USD,1,63.5653,63.5653
2019-12-13,USD,1,63.2257,63.2257
2019-12-14,USD,1,62.5544,62.5544
2019-12-17,USD,1,62.7686,62.7686
2019-12-18,USD,1,62.5326,62.5326
2019-12-19,USD,1,62.5831,62.5831
2019-12-20,USD,1,62.5283,62.5283
2019-12-21,USD,1,62.4071,62.4071
2019-12-24,USD,1,62.2499,62.2499
2019-12-25,USD,1,62.1673,62.1673
2019-12-26,USD,1,61.7164,61.7164
2019-12-27,USD,1,61.7676,61.7676
2019-12-28,USD,1,62.0315,62.0315
2019-12-31,USD,1,61.9057,61.9057
2020-01-01,USD,1,61.9057,61.9057
2020-01-10,USD,1,61.234,61.234
2020-01-11,USD,1,61.2632,61.2632
2020-01-14,USD,1,60.9474,60.9474
2020-01-15,USD,1,61.414,61.414
2020-01-16,USD,1,61.4328,61.4328
2020-01-17,USD,1,61.5694,61.5694
2020-01-18,USD,1,61.5333,61.5333
2020-01-21,USD,1,61.4654,61.4654
2020-01-22,USD,1,61.8552,61.8552
2020-01-23,USD,1,61.8343,61.8343
2020-01-24,USD,1,61.9515,61.9515
2020-01-25,USD,1,61.8031,61.8031
2020-01-28,USD,1,62.338,62.338
2020-01-29,USD,1,62.8299,62.8299
2020-01-30,USD,1,62.3934,62.3934
2020-01-31,USD,1,63.0359,63.0359
2020-02-01,USD,1,63.1385,63.1385
2020-02-04,USD,1,63.9091,63.9091
2020-02-05,USD,1,63.4342,63.4342
2020-02-06,USD,1,63.1742,63.1742
2020-02-07,USD,1,62.7977,62.7977
2020-02-08,USD,1,63.472,63.472
2020-02-11,USD,1,63.7708,63.7708
2020-02-12,USD,1,63.949,63.949
2020-02-13,USD,1,63.047,63.047
2020-02-14,USD,1,63.6016,63.6016
2020-02-15,USD,1,63.4536,63.4536
2020-02-18,USD,1,63.3085,63.3085
2020-02-19,USD,1,63.7698,63.7698
2020-02-20,USD,1,63.6873,63.6873
2020-02-21,USD,1,63.7413,63.7413
2020-02-22,USD,1,64.3008,64.3008
2020-02-26,USD,1,64.9213,64.9213
2020-02-27,USD,1,65.5177,65.5177
2020-02-28,USD,1,65.6097,65.6097
2020-02-29,USD,1,66.9909,66.9909
2020-03-03,USD,1,66.3274,66.3274
2020-03-04,USD,1,66.4437,66.4437
2020-03-05,USD,1,66.0784,66.0784
2020-03-06,USD,1,66.1854,66.1854
2020-03-07,USD,1,67.5175,67.5175
2020-03-11,USD,1,72.0208,72.0208
2020-03-12,USD,1,71.472,71.472
2020-03-13,USD,1,74.0274,74.0274
2020-03-14,USD,1,73.1882,73.1882
2020-03-17,USD,1,74.1262,74.1262
2020-03-18,USD,1,73.8896,73.8896
2020-03-19,USD,1,77.2131,77.2131
2020-03-20,USD,1,80.157,80.157
2020-03-21,USD,1,78.0443,78.0443
2020-03-24,USD,1,80.8815,80.8815
2020-03-25,USD,1,78.8493,78.8493
2020-03-26,USD,1,77.7928,77.7928
2020-03-27,USD,1,78.7223,78.7223
2020-03-28,USD,1,77.7325,77.7325
2020-04-07,USD,1,76.4074,76.4074
2020-04-08,USD,1,75.455,75.455
2020-04-09,USD,1,75.7499,75.7499
2020-04-10,USD,1,74.605,74.605
2020-04-11,USD,1,73.7515,73.7515
2020-04-14,USD,1,73.5245,73.5245
2020-04-15,USD,1,73.315,73.315
2020-04-16,USD,1,73.7145,73.7145
2020-04-17,USD,1,74.7119,74.7119
2020-04-18,USD,1,73.9441,73.9441
2020-04-21,USD,1,74.6657,74.6657
2020-04-22,USD,1,76.2562,76.2562
2020-04-23,USD,1,77.0416,77.0416
2020-04-24,USD,1,75.129,75.129
2020-04-25,USD,1,74.7163,74.7163
2020-04-28,USD,1,74.496,74.496
2020-04-29,USD,1,74.5706,74.5706
2020-04-30,USD,1,73.6894,73.6894
2020-05-01,USD,1,72.7263,72.7263
2020-05-07,USD,1,73.9719,73.9719
2020-05-08,USD,1,74.1169,74.1169
2020-05-09,USD,1,73.8725,73.8725
2020-05-13,USD,1,73.4326,73.4326
2020-05-14,USD,1,73.5819,73.5819
2020-05-15,USD,1,73.9298,73.9298
2020-05-16,USD,1,73.2056,73.2056
2020-05-19,USD,1,72.9798,72.9798
2020-05-20,USD,1,72.3918,72.3918
2020-05-21,USD,1,72.3381,72.3381
2020-05-22,USD,1,70.924,70.924
2020-05-23,USD,1,71.8804,71.8804
2020-05-26,USD,1,71.5962,71.5962
2020-05-27,USD,1,71.1408,71.1408
2020-05-28,USD,1,71.0635,71.0635
2020-05-29,USD,1,71.1012,71.1012
2020-05-30,USD,1,70.752,70.752
2020-06-02,USD,1,69.7114,69.7114
2020-06-03,USD,1,68.9831,68.9831
2020-06-04,USD,1,68.3413,68.3413
2020-06-05,USD,1,69.0151,69.0151
2020-06-06,USD,1,68.6319,68.6319
2020-06-09,USD,1,68.3123,68.3123
2020-06-10,USD,1,68.6745,68.6745
2020-06-11,USD,1,68.6183,68.6183
2020-06-12,USD,1,69.1219,69.1219
2020-06-16,USD,1,70.395,70.395
2020-06-17,USD,1,69.7524,69.7524
2020-06-18,USD,1,69.4822,69.4822
2020-06-19,USD,1,69.618,69.618
2020-06-20,USD,1,69.5725,69.5725
2020-06-23,USD,1,69.4835,69.4835
2020-06-24,USD,1,68.8376,68.8376
2020-06-25,USD,1,68.8376,68.8376
2020-06-26,USD,1,69.466,69.466
2020-06-27,USD,1,69.1284,69.1284
2020-06-30,USD,1,69.9513,69.9513
2020-07-01,USD,1,70.4413,70.4413
2020-07-02,USD,1,70.4413,70.4413
2020-07-03,USD,1,70.5198,70.5198
2020-07-04,USD,1,70.4999,70.4999
2020-07-07,USD,1,71.3409,71.3409
2020-07-08,USD,1,72.1719,72.1719
2020-07-09,USD,1,71.2379,71.2379
2020-07-10,USD,1,70.88,70.88
2020-07-11,USD,1,71.2298,71.2298
2020-07-14,USD,1,70.7479,70.7479
2020-07-15,USD,1,71.1275,71.1275
2020-07-16,USD,1,70.7998,70.7998
2020-07-17,USD,1,71.231,71.231
2020-07-18,USD,1,71.7139,71.7139
2020-07-21,USD,1,71.9628,71.9628
2020-07-22,USD,1,70.9668,70.9668
2020-07-23,USD,1,70.7881,70.7881
2020-07-24,USD,1,70.963,70.963
2020-07-25,USD,1,71.5974,71.5974
2020-07-28,USD,1,71.585,71.585
2020-07-29,USD,1,71.9196,71.9196
2020-07-30,USD,1,72.2348,72.2348
2020-07-31,USD,1,73.3633,73.3633
2020-08-01,USD,1,73.4261,73.4261
2020-08-04,USD,1,74.1586,74.1586
2020-08-05,USD,1,73.3806,73.3806
2020-08-06,USD,1,73.2806,73.2806
2020-08-07,USD,1,73.0397,73.0397
2020-08-08,USD,1,73.6376,73.6376
2020-08-11,USD,1,73.775,73.775
2020-08-12,USD,1,73.1522,73.1522
2020-08-13,USD,1,73.2351,73.2351
2020-08-14,USD,1,73.6067,73.6067
2020-08-15,USD,1,73.2157,73.2157
2020-08-18,USD,1,72.9676,72.9676
2020-08-19,USD,1,73.4321,73.4321
2020-08-20,USD,1,73.2392,73.2392
2020-08-21,USD,1,73.7711,73.7711
2020-08-22,USD,1,74.0999,74.0999
2020-08-25,USD,1,74.4184,74.4184
2020-08-26,USD,1,74.5126,74.5126
2020-08-27,USD,1,75.5379,75.5379
2020-08-28,USD,1,75.2354,75.2354
2020-08-29,USD,1,74.6382,74.6382
2020-09-01,USD,1,73.8039,73.8039
2020-09-02,USD,1,73.5849,73.5849
2020-09-03,USD,1,73.8588,73.8588
2020-09-04,USD,1,75.468,75.468
2020-09-05,USD,1,75.1823,75.1823
2020-09-08,USD,1,75.591,75.591
2020-09-09,USD,1,75.9645,75.9645
2020-09-10,USD,1,76.0713,76.0713
2020-09-11,USD,1,75.5274,75.5274
2020-09-12,USD,1,74.8896,74.8896
2020-09-15,USD,1,74.7148,74.7148
2020-09-16,USD,1,75.1884,75.1884
2020-09-17,USD,1,74.9278,74.9278
2020-09-18,USD,1,75.1941,75.1941
2020-09-19,USD,1,75.0319,75.0319
2020-09-22,USD,1,76.0381,76.0381
2020-09-23,USD,1,76.2711,76.2711
2020-09-24,USD,1,76.3545,76.3545
2020-09-25,USD,1,77.178,77.178
2020-09-26,USD,1,76.8195,76.8195
2020-09-29,USD,1,78.6713,78.6713
2020-09-30,USD,1,79.6845,79.6845
2020-10-01,USD,1,78.7847,78.7847
2020-10-02,USD,1,77.2774,77.2774
2020-10-03,USD,1,78.0915,78.0915
2020-10-06,USD,1,78.1281,78.1281
2020-10-07,USD,1,78.5119,78.5119
2020-10-08,USD,1,78.0921,78.0921
2020-10-09,USD,1,77.9157,77.9157
2020-10-10,USD,1,77.0284,77.0284
2020-10-13,USD,1,77.0239,77.0239
2020-10-14,USD,1,77.2855,77.2855
2020-10-15,USD,1,77.2759,77.2759
2020-10-16,USD,1,77.9461,77.9461
2020-10-17,USD,1,77.9644,77.9644
2020-10-20,USD,1,77.9241,77.9241
2020-10-21,USD,1,77.778,77.778
2020-10-22,USD,1,77.0322,77.0322
2020-10-23,USD,1,77.0809,77.0809
2020-10-24,USD,1,76.4667,76.4667
2020-10-27,USD,1,76.4443,76.4443
2020-10-28,USD,1,76.4556,76.4556
2020-10-29,USD,1,77.552,77.552
2020-10-30,USD,1,78.8699,78.8699
2020-10-31,USD,1,79.3323,79.3323
2020-11-03,USD,1,80.5749,80.5749
2020-11-04,USD,1,80.0006,80.0006
2020-11-06,USD,1,78.4559,78.4559
2020-11-07,USD,1,77.1875,77.1875
2020-11-10,USD,1,76.9515,76.9515
2020-11-11,USD,1,76.3978,76.3978
2020-11-12,USD,1,76.2075,76.2075
2020-11-13,USD,1,77.1148,77.1148
2020-11-14,USD,1,77.3262,77.3262
2020-11-17,USD,1,76.9197,76.9197
2020-11-18,USD,1,76.253,76.253
2020-11-19,USD,1,75.9268,75.9268
2020-11-20,USD,1,76.2627,76.2627
2020-11-21,USD,1,76.012,76.012
2020-11-24,USD,1,75.76,75.76
2020-11-25,USD,1,75.8146,75.8146
2020-11-26,USD,1,75.4727,75.4727
2020-11-27,USD,1,75.4518,75.4518
2020-11-28,USD,1,75.8599,75.8599
2020-12-01,USD,1,76.1999,76.1999
2020-12-02,USD,1,76.3203,76.3203
2020-12-03,USD,1,75.6151,75.6151
2020-12-04,USD,1,75.1996,75.1996
2020-12-05,USD,1,74.2529,74.2529
2020-12-08,USD,1,74.2506,74.2506
2020-12-09,USD,1,73.6618,73.6618
2020-12-10,USD,1,73.3057,73.3057
2020-12-11,USD,1,73.7124,73.7124
2020-12-12,USD,1,73.1195,73.1195
2020-12-15,USD,1,72.9272,72.9272
2020-12-16,USD,1,73.4453,73.4453
2020-12-17,USD,1,73.4201,73.4201
2020-12-18,USD,1,72.9781,72.9781
2020-12-19,USD,1,73.3155,73.3155
2020-12-22,USD,1,74.6721,74.6721
2020-12-23,USD,1,75.3498,75.3498
2020-12-24,USD,1,75.4571,75.4571
2020-12-25,USD,1,74.8392,74.8392
2020-12-26,USD,1,73.6921,73.6921
2020-12-29,USD,1,73.7175,73.7175
2020-12-30,USD,1,73.6567,73.6567
2020-12-31,USD,1,73.8757,73.8757
2021-01-01,USD,1,73.8757,73.8757
2021-01-12,USD,1,74.5157,74.5157
2021-01-13,USD,1,74.2663,74.2663
2021-01-14,USD,1,73.5264,73.5264
2021-01-15,USD,1,73.7961,73.7961
2021-01-16,USD,1,73.5453,73.5453
2021-01-19,USD,1,73.9735,73.9735
2021-01-20,USD,1,73.7243,73.7243
2021-01-21,USD,1,73.355,73.355
2021-01-22,USD,1,73.3694,73.3694
2021-01-23,USD,1,74.3615,74.3615
2021-01-26,USD,1,74.8569,74.8569
2021-01-27,USD,1,75.6354,75.6354
2021-01-28,USD,1,75.04,75.04
2021-01-29,USD,1,76.1854,76.1854
2021-01-30,USD,1,76.2527,76.2527
2021-02-02,USD,1,75.5053,75.5053
2021-02-03,USD,1,75.9051,75.9051
2021-02-04,USD,1,76.0801,76.0801
2021-02-05,USD,1,75.7293,75.7293
2021-02-06,USD,1,75.1107,75.1107
2021-02-09,USD,1,74.2602,74.2602
2021-02-10,USD,1,74.1192,74.1192
2021-02-11,USD,1,73.8526,73.8526
2021-02-12,USD,1,73.7579,73.7579
2021-02-13,USD,1,73.9378,73.9378
2021-02-16,USD,1,73.3092,73.3092
2021-02-17,USD,1,73.2895,73.2895
2021-02-18,USD,1,73.7669,73.7669
2021-02-19,USD,1,73.7755,73.7755
2021-02-20,USD,1,73.9717,73.9717
2021-02-21,USD,1,73.9833,73.9833
2021-02-25,USD,1,73.7532,73.7532
2021-02-26,USD,1,73.4747,73.4747
2021-02-27,USD,1,74.4373,74.4373
2021-03-02,USD,1,74.0448,74.0448
2021-03-03,USD,1,74.5755,74.5755
2021-03-04,USD,1,73.5187,73.5187
2021-03-05,USD,1,73.7864,73.7864
2021-03-06,USD,1,74.4275,74.4275
2021-03-10,USD,1,74.264,74.264
2021-03-11,USD,1,74.0393,74.0393
2021-03-12,USD,1,73.4996,73.4996
2021-03-13,USD,1,73.5081,73.5081
2021-03-16,USD,1,73.2317,73.2317
2021-03-17,USD,1,72.9619,72.9619
2021-03-18,USD,1,73.1019,73.1019
2021-03-19,USD,1,73.6582,73.6582
2021-03-20,USD,1,74.139,74.139
2021-03-23,USD,1,74.6085,74.6085
2021-03-24,USD,1,75.3585,75.3585
2021-03-25,USD,1,76.1535,76.1535
2021-03-26,USD,1,76.1741,76.1741
2021-03-27,USD,1,75.7576,75.7576
2021-03-30,USD,1,75.8287,75.8287
2021-03-31,USD,1,75.7023,75.7023
2021-04-01,USD,1,75.6373,75.6373
2021-04-02,USD,1,75.8073,75.8073
2021-04-03,USD,1,76.0734,76.0734
2021-04-06,USD,1,76.6052,76.6052
2021-04-07,USD,1,76.3802,76.3802
2021-04-08,USD,1,77.773,77.773
2021-04-09,USD,1,77.1011,77.1011
2021-04-10,USD,1,77.1657,77.1657
2021-04-13,USD,1,77.5104,77.5104
2021-04-14,USD,1,77.2535,77.2535
2021-04-15,USD,1,75.6826,75.6826
2021-04-16,USD,1,76.9808,76.9808
2021-04-17,USD,1,75.5535,75.5535
2021-04-20,USD,1,76.2491,76.2491
2021-04-21,USD,1,76.0155,76.0155
2021-04-22,USD,1,76.8198,76.8198
2021-04-23,USD,1,76.4217,76.4217
2021-04-24,USD,1,75.0893,75.0893
2021-04-27,USD,1,74.768,74.768
2021-04-28,USD,1,74.9578,74.9578
2021-04-29,USD,1,74.939,74.939
2021-04-30,USD,1,74.3823,74.3823
2021-05-01,USD,1,74.8451,74.8451
2021-05-05,USD,1,75.2567,75.2567
2021-05-06,USD,1,74.8617,74.8617
2021-05-07,USD,1,74.577,74.577
2021-05-08,USD,1,74.1373,74.1373
2021-05-12,USD,1,74.1567,74.1567
2021-05-13,USD,1,74.04,74.04
2021-05-14,USD,1,74.3566,74.3566
2021-05-15,USD,1,73.9968,73.9968
2021-05-18,USD,1,73.8537,73.8537
2021-05-19,USD,1,73.6992,73.6992
2021-05-20,USD,1,73.6778,73.6778
2021-05-21,USD,1,73.6007,73.6007
2021-05-22,USD,1,73.5803,73.5803
2021-05-25,USD,1,73.5266,73.5266
2021-05-26,USD,1,73.3963,73.3963
2021-05-27,USD,1,73.4737,73.4737
2021-05-28,USD,1,73.458,73.458
2021-05-29,USD,1,73.587,73.587
2021-06-01,USD,1,73.2965,73.2965
2021-06-02,USD,1,73.2411,73.2411
2021-06-03,USD,1,73.4979,73.4979
2021-06-04,USD,1,73.2636,73.2636
2021-06-05,USD,1,73.2721,73.2721
2021-06-08,USD,1,72.9294,72.9294
2021-06-09,USD,1,72.8256,72.8256
2021-06-10,USD,1,72.0829,72.0829
2021-06-11,USD,1,72.1974,72.1974
2021-06-12,USD,1,71.6797,71.6797
2021-06-16,USD,1,71.8318,71.8318
2021-06-17,USD,1,72.0323,72.0323
2021-06-18,USD,1,72.5048,72.5048
2021-06-19,USD,1,72.2216,72.2216
2021-06-22,USD,1,73.1987,73.1987
2021-06-23,USD,1,73.1661,73.1661
2021-06-24,USD,1,72.6671,72.6671
2021-06-25,USD,1,72.326,72.326
2021-06-26,USD,1,72.1694,72.1694
2021-06-29,USD,1,72.1777,72.1777
2021-06-30,USD,1,72.3723,72.3723
2021-07-01,USD,1,72.7234,72.7234
2021-07-02,USD,1,72.9086,72.9086
2021-07-03,USD,1,73.6175,73.6175
2021-07-06,USD,1,73.354,73.354
2021-07-07,USD,1,73.266,73.266
2021-07-08,USD,1,74.058,74.058
2021-07-09,USD,1,75.1952,75.1952
2021-07-10,USD,1,74.4675,74.4675
2021-07-13,USD,1,74.6336,74.6336
2021-07-14,USD,1,74.0589,74.0589
2021-07-15,USD,1,74.1236,74.1236
2021-07-16,USD,1,74.2197,74.2197
2021-07-17,USD,1,74.1656,74.1656
2021-07-20,USD,1,74.3463,74.3463
2021-07-21,USD,1,74.491,74.491
2021-07-22,USD,1,74.4947,74.4947
2021-07-23,USD,1,73.6945,73.6945
2021-07-24,USD,1,73.7663,73.7663
2021-07-27,USD,1,74.098,74.098
2021-07-28,USD,1,73.8471,73.8471
2021-07-29,USD,1,73.6088,73.6088
2021-07-30,USD,1,73.1904,73.1904
2021-07-31,USD,1,73.1388,73.1388
2021-08-03,USD,1,73.0156,73.0156
2021-08-04,USD,1,72.8724,72.8724
2021-08-05,USD,1,72.7857,72.7857
2021-08-06,USD,1,73.168,73.168
2021-08-07,USD,1,73.1304,73.1304
2021-08-10,USD,1,73.5078,73.5078
2021-08-11,USD,1,73.5962,73.5962
2021-08-12,USD,1,73.9695,73.9695
2021-08-13,USD,1,73.5671,73.5671
2021-08-14,USD,1,73.4721,73.4721
2021-08-17,USD,1,73.392,73.392
2021-08-18,USD,1,73.4753,73.4753
2021-08-19,USD,1,73.4633,73.4633
2021-08-20,USD,1,74.1503,74.1503
2021-08-21,USD,1,74.364,74.364
2021-08-24,USD,1,74.0666,74.0666
2021-08-25,USD,1,73.9465,73.9465
2021-08-26,USD,1,73.7428,73.7428
2021-08-27,USD,1,73.9908,73.9908
2021-08-28,USD,1,73.9866,73.9866
2021-08-31,USD,1,73.5744,73.5744
2021-09-01,USD,1,73.2781,73.2781
2021-09-02,USD,1,73.1912,73.1912
2021-09-03,USD,1,72.8491,72.8491
2021-09-04,USD,1,72.8545,72.8545
2021-09-07,USD,1,72.9538,72.9538
2021-09-08,USD,1,73.1909,73.1909
2021-09-09,USD,1,73.4421,73.4421
2021-09-10,USD,1,73.129,73.129
2021-09-11,USD,1,72.76,72.76
2021-09-14,USD,1,73.0841,73.0841
2021-09-15,USD,1,72.7171,72.7171
2021-09-16,USD,1,72.852,72.852
2021-09-17,USD,1,72.4329,72.4329
2021-09-18,USD,1,72.5602,72.5602
2021-09-21,USD,1,73.3315,73.3315
2021-09-22,USD,1,73.2067,73.2067
2021-09-23,USD,1,72.8806,72.8806
2021-09-24,USD,1,72.7245,72.7245
2021-09-25,USD,1,73.0081,73.0081
2021-09-28,USD,1,72.6613,72.6613
2021-09-29,USD,1,72.5083,72.5083
2021-09-30,USD,1,72.7608,72.7608
2021-10-01,USD,1,72.6642,72.6642
2021-10-02,USD,1,72.9215,72.9215
2021-10-05,USD,1,72.9239,72.9239
2021-10-06,USD,1,72.5686,72.5686
2021-10-07,USD,1,72.5682,72.5682
2021-10-08,USD,1,72.2854,72.2854
2021-10-09,USD,1,71.9882,71.9882
2021-10-12,USD,1,71.6373,71.6373
2021-10-13,USD,1,71.8801,71.8801
2021-10-14,USD,1,71.8577,71.8577
2021-10-15,USD,1,71.7846,71.7846
2021-10-16,USD,1,71.2371,71.2371
2021-10-19,USD,1,71.1714,71.1714
2021-10-20,USD,1,70.9674,70.9674
2021-10-21,USD,1,71.0555,71.0555
2021-10-22,USD,1,70.9904,70.9904
2021-10-23,USD,1,70.8623,70.8623
2021-10-26,USD,1,70.1345,70.1345
2021-10-27,USD,1,69.5526,69.5526
2021-10-28,USD,1,69.8104,69.8104
2021-10-29,USD,1,70.5207,70.5207
2021-10-30,USD,1,70.52,70.52
2021-11-02,USD,1,71.0863,71.0863
2021-11-03,USD,1,71.4783,71.4783
2021-11-04,USD,1,71.4876,71.4876
2021-11-09,USD,1,71.3975,71.3975
2021-11-10,USD,1,71.2866,71.2866
2021-11-11,USD,1,70.695,70.695
2021-11-12,USD,1,71.1964,71.1964
2021-11-13,USD,1,71.8118,71.8118
2021-11-16,USD,1,72.2724,72.2724
2021-11-17,USD,1,72.5553,72.5553
2021-11-18,USD,1,72.8228,72.8228
2021-11-19,USD,1,72.6022,72.6022
2021-11-20,USD,1,72.7617,72.7617
2021-11-23,USD,1,73.4506,73.4506
2021-11-24,USD,1,74.8327,74.8327
2021-11-25,USD,1,74.3726,74.3726
2021-11-26,USD,1,74.6004,74.6004
2021-11-27,USD,1,75.5873,75.5873
2021-11-30,USD,1,74.9818,74.9818
2021-12-01,USD,1,74.8926,74.8926
2021-12-02,USD,1,73.9746,73.9746
2021-12-03,USD,1,74.0637,74.0637
2021-12-04,USD,1,73.7426,73.7426
2021-12-07,USD,1,73.6694,73.6694
2021-12-08,USD,1,74.1399,74.1399
2021-12-09,USD,1,73.8453,73.8453
2021-12-10,USD,1,73.5998,73.5998
2021-12-11,USD,1,73.6059,73.6059
2021-12-14,USD,1,73.4107,73.4107
2021-12-15,USD,1,73.4698,73.4698
2021-12-16,USD,1,73.851,73.851
2021-12-17,USD,1,73.5708,73.5708
2021-12-18,USD,1,73.733,73.733
2021-12-21,USD,1,74.2947,74.2947
2021-12-22,USD,1,73.8206,73.8206
2021-12-23,USD,1,73.7901,73.7901
2021-12-24,USD,1,73.3583,73.3583
2021-12-25,USD,1,73.1886,73.1886
2021-12-28,USD,1,73.2329,73.2329
2021-12-29,USD,1,73.4959,73.4959
2021-12-30,USD,1,73.6514,73.6514
2021-12-31,USD,1,74.2926,74.2926
2022-01-11,USD,1,75.1315,75.1315
2022-01-12,USD,1,74.8355,74.8355
2022-01-13,USD,1,74.5277,74.5277
2022-01-14,USD,1,74.5686,74.5686
2022-01-15,USD,1,75.7668,75.7668
2022-01-18,USD,1,76.0404,76.0404
2022-01-19,USD,1,76.3347,76.3347
2022-01-20,USD,1,76.8697,76.8697
2022-01-21,USD,1,76.4408,76.4408
2022-01-22,USD,1,76.6903,76.6903
2022-01-25,USD,1,77.3649,77.3649
2022-01-26,USD,1,78.6422,78.6422
2022-01-27,USD,1,78.9437,78.9437
2022-01-28,USD,1,78.947,78.947
2022-01-29,USD,1,77.8174,77.8174
2022-02-01,USD,1,77.4702,77.4702
2022-02-02,USD,1,77.1302,77.1302
2022-02-03,USD,1,76.4849,76.4849
2022-02-04,USD,1,76.6501,76.6501
2022-02-05,USD,1,76.0509,76.0509
2022-02-08,USD,1,75.6806,75.6806
2022-02-09,USD,1,75.3042,75.3042
2022-02-10,USD,1,74.8015,74.8015
2022-02-11,USD,1,74.7241,74.7241
2022-02-12,USD,1,74.9867,74.9867
2022-02-15,USD,1,76.5762,76.5762
2022-02-16,USD,1,76.166,76.166
2022-02-17,USD,1,75.0141,75.0141
2022-02-18,USD,1,75.7527,75.7527
2022-02-19,USD,1,75.7619,75.7619
2022-02-22,USD,1,76.7671,76.7671
2022-02-23,USD,1,80.4194,80.4194
2022-02-25,USD,1,86.9288,86.9288
2022-02-26,USD,1,83.5485,83.5485
2022-03-01,USD,1,93.5589,93.5589
2022-03-02,USD,1,91.7457,91.7457
2022-03-03,USD,1,103.2487,103.2487
2022-03-04,USD,1,111.7564,111.7564
2022-03-05,USD,1,105.8124,105.8124
2022-03-06,USD,1,105.8124,105.8124
2022-03-10,USD,1,116.0847,116.0847
2022-03-11,USD,1,120.3785,120.3785
2022-03-12,USD,1,116.7517,116.7517
2022-03-15,USD,1,115.1963,115.1963
2022-03-16,USD,1,111.4823,111.4823
2022-03-17,USD,1,108.0521,108.0521
2022-03-18,USD,1,104.8012,104.8012
2022-03-19,USD,1,103.9524,103.9524
2022-03-22,USD,1,104.6819,104.6819
2022-03-23,USD,1,104.0741,104.0741
2022-03-24,USD,1,103.1618,103.1618
2022-03-25,USD,1,96.0458,96.0458
2022-03-26,USD,1,95.6618,95.6618
2022-03-29,USD,1,93.7125,93.7125
2022-03-30,USD,1,86.2843,86.2843
2022-03-31,USD,1,84.0851,84.0851
2022-04-01,USD,1,83.4097,83.4097
2022-04-02,USD,1,83.4285,83.4285
2022-04-05,USD,1,83.5932,83.5932
2022-04-06,USD,1,83.352,83.352
2022-04-07,USD,1,82.5962,82.5962
2022-04-08,USD,1,76.2547,76.2547
2022-04-09,USD,1,74.8501,74.8501
2022-04-12,USD,1,79.1596,79.1596
2022-04-13,USD,1,79.6274,79.6274
2022-04-14,USD,1,79.8471,79.8471
2022-04-15,USD,1,81.288,81.288
2022-04-16,USD,1,80.0437,80.0437
2022-04-19,USD,1,79.4529,79.4529
2022-04-20,USD,1,79.0287,79.0287
2022-04-21,USD,1,77.0809,77.0809
2022-04-22,USD,1,74.999,74.999
2022-04-23,USD,1,73.505,73.505
2022-04-26,USD,1,73.3611,73.3611
2022-04-27,USD,1,72.7089,72.7089
2022-04-28,USD,1,72.8764,72.8764
2022-04-29,USD,1,72.2953,72.2953
2022-04-30,USD,1,71.0237,71.0237
2022-05-05,USD,1,69.416,69.416
2022-05-06,USD,1,66.2378,66.2378
2022-05-07,USD,1,67.3843,67.3843
2022-05-12,USD,1,68.8389,68.8389
2022-05-13,USD,1,65.7916,65.7916
2022-05-14,USD,1,63.7799,63.7799
2022-05-17,USD,1,63.4445,63.4445
2022-05-18,USD,1,63.5428,63.5428
2022-05-19,USD,1,63.5643,63.5643
2022-05-20,USD,1,62.4031,62.4031
2022-05-21,USD,1,58.8862,58.8862
2022-05-24,USD,1,58.2087,58.2087
2022-05-25,USD,1,56.969,56.969
2022-05-26,USD,1,56.2996,56.2996
2022-05-27,USD,1,62.0495,62.0495
2022-05-28,USD,1,66.4029,66.4029
2022-05-31,USD,1,63.0975,63.0975
2022-06-01,USD,1,61.6069,61.6069
2022-06-02,USD,1,61.4733,61.4733
2022-06-03,USD,1,61.575,61.575
2022-06-04,USD,1,61.9659,61.9659
2022-06-07,USD,1,61.1094,61.1094
2022-06-08,USD,1,60.9565,60.9565
2022-06-09,USD,1,60.2282,60.2282
2022-06-10,USD,1,58.3895,58.3895
2022-06-11,USD,1,57.778,57.778
2022-06-15,USD,1,57.0926,57.0926
2022-06-16,USD,1,56.6624,56.6624
2022-06-17,USD,1,56.8691,56.8691
2022-06-18,USD,1,56.7101,56.7101
2022-06-21,USD,1,56.1727,56.1727
2022-06-22,USD,1,54.7081,54.7081
2022-06-23,USD,1,53.2788,53.2788
2022-06-24,USD,1,53.3578,53.3578
2022-06-25,USD,1,53.3234,53.3234
2022-06-28,USD,1,53.3641,53.3641
2022-06-29,USD,1,52.9699,52.9699
2022-06-30,USD,1,51.158,51.158
2022-07-01,USD,1,52.5123,52.5123
2022-07-02,USD,1,53.7676,53.7676
2022-07-05,USD,1,55.0858,55.0858
2022-07-06,USD,1,58.5118,58.5118
2022-07-07,USD,1,62.911,62.911
2022-07-08,USD,1,63.1427,63.1427
2022-07-09,USD,1,61.2664,61.2664
2022-07-12,USD,1,61.3045,61.3045
2022-07-13,USD,1,58.8541,58.8541
2022-07-14,USD,1,58.5322,58.5322
2022-07-15,USD,1,58.2568,58.2568
2022-07-16,USD,1,57.8323,57.8323
2022-07-19,USD,1,56.5616,56.5616
2022-07-20,USD,1,55.437,55.437
2022-07-21,USD,1,54.8491,54.8491
2022-07-22,USD,1,56.4783,56.4783
2022-07-23,USD,1,57.3917,57.3917
2022-07-26,USD,1,57.7821,57.7821
2022-07-27,USD,1,58.6605,58.6605
2022-07-28,USD,1,60.2198,60.2198
2022-07-29,USD,1,60.2031,60.2031
2022-07-30,USD,1,61.3101,61.3101
2022-08-02,USD,1,62.0506,62.0506
2022-08-03,USD,1,60.1595,60.1595
2022-08-04,USD,1,60.2374,60.2374
2022-08-05,USD,1,60.258,60.258
2022-08-06,USD,1,60.3696,60.3696
2022-08-09,USD,1,60.3164,60.3164
2022-08-10,USD,1,60.3814,60.3814
2022-08-11,USD,1,60.4542,60.4542
2022-08-12,USD,1,60.6229,60.6229
2022-08-13,USD,1,60.8993,60.8993
2022-08-16,USD,1,61.3747,61.3747
2022-08-17,USD,1,61.4247,61.4247
2022-08-18,USD,1,60.7552,60.7552
2022-08-19,USD,1,59.957,59.957
2022-08-20,USD,1,59.1321,59.1321
2022-08-23,USD,1,59.7419,59.7419
2022-08-24,USD,1,59.8963,59.8963
2022-08-25,USD,1,59.9974,59.9974
2022-08-26,USD,1,59.7699,59.7699
2022-08-27,USD,1,60.0924,60.0924
2022-08-30,USD,1,60.3636,60.3636
2022-08-31,USD,1,60.3677,60.3677
2022-09-01,USD,1,60.2386,60.2386
2022-09-02,USD,1,60.237,60.237
2022-09-03,USD,1,60.3713,60.3713
2022-09-06,USD,1,60.9033,60.9033
2022-09-07,USD,1,60.8544,60.8544
2022-09-08,USD,1,61.1814,61.1814
2022-09-09,USD,1,60.801,60.801
2022-09-10,USD,1,60.4696,60.4696
2022-09-13,USD,1,60.4568,60.4568
2022-09-14,USD,1,60.0676,60.0676
2022-09-15,USD,1,59.7751,59.7751
2022-09-16,USD,1,59.6663,59.6663
2022-09-17,USD,1,60.0316,60.0316
2022-09-20,USD,1,60.1662,60.1662
2022-09-21,USD,1,60.0158,60.0158
2022-09-22,USD,1,60.8685,60.8685
2022-09-23,USD,1,59.8318,59.8318
2022-09-24,USD,1,58.1006,58.1006
2022-09-27,USD,1,57.999,57.999
2022-09-28,USD,1,58.1756,58.1756
2022-09-29,USD,1,58.4485,58.4485
2022-09-30,USD,1,57.413,57.413
2022-10-01,USD,1,55.2987,55.2987
2022-10-04,USD,1,57.5664,57.5664
2022-10-05,USD,1,58.7913,58.7913
2022-10-06,USD,1,59.4043,59.4043
2022-10-07,USD,1,60.2534,60.2534
2022-10-08,USD,1,61.2475,61.2475
2022-10-11,USD,1,62.3126,62.3126
2022-10-12,USD,1,63.684,63.684
2022-10-13,USD,1,63.7559,63.7559
2022-10-14,USD,1,63.4917,63.4917
2022-10-15,USD,1,63.0558,63.0558
2022-10-18,USD,1,61.7634,61.7634
2022-10-19,USD,1,61.7032,61.7032
2022-10-20,USD,1,61.5905,61.5905
2022-10-21,USD,1,61.5018,61.5018
2022-10-22,USD,1,61.1958,61.1958
2022-10-25,USD,1,61.1629,61.1629
2022-10-26,USD,1,61.3326,61.3326
2022-10-27,USD,1,61.4277,61.4277
2022-10-28,USD,1,61.3589,61.3589
2022-10-29,USD,1,61.5343,61.5343
2022-11-01,USD,1,61.6229,61.6229
2022-11-02,USD,1,61.4275,61.4275
2022-11-03,USD,1,61.6175,61.6175
2022-11-04,USD,1,62.0955,62.0955
2022-11-08,USD,1,61.2367,61.2367
2022-11-09,USD,1,60.9774,60.9774
2022-11-10,USD,1,61.0611,61.0611
2022-11-11,USD,1,61.2434,61.2434
2022-11-12,USD,1,60.2179,60.2179
2022-11-15,USD,1,60.3982,60.3982
2022-11-16,USD,1,60.3116,60.3116
2022-11-17,USD,1,60.3484,60.3484
2022-11-18,USD,1,60.3894,60.3894
2022-11-19,USD,1,60.3741,60.3741
2022-11-22,USD,1,60.7379,60.7379
2022-11-23,USD,1,60.6566,60.6566
2022-11-24,USD,1,60.5043,60.5043
2022-11-25,USD,1,60.3866,60.3866
2022-11-26,USD,1,60.4797,60.4797
2022-11-29,USD,1,60.752,60.752
2022-11-30,USD,1,61.0742,61.0742
2022-12-01,USD,1,60.8803,60.8803
2022-12-02,USD,1,61.1479,61.1479
2022-12-03,USD,1,61.7749,61.7749
2022-12-06,USD,1,62.1849,62.1849
2022-12-07,USD,1,62.9103,62.9103
2022-12-08,USD,1,62.9372,62.9372
2022-12-09,USD,1,62.5722,62.5722
2022-12-10,USD,1,62.3813,62.3813
2022-12-13,USD,1,62.7674,62.7674
2022-12-14,USD,1,63.212,63.212
2022-12-15,USD,1,63.359,63.359
2022-12-16,USD,1,64.3015,64.3015
2022-12-17,USD,1,64.6078,64.6078
2022-12-20,USD,1,66.3474,66.3474
2022-12-21,USD,1,69.0037,69.0037
2022-12-22,USD,1,70.5256,70.5256
2022-12-23,USD,1,72.1306,72.1306
2022-12-24,USD,1,68.676,68.676
2022-12-27,USD,1,68.4487,68.4487
2022-12-28,USD,1,69.9346,69.9346
2022-12-29,USD,1,71.3261,71.3261
2022-12-30,USD,1,71.9778,71.9778
2022-12-31,USD,1,70.3375,70.3375
2023-01-10,USD,1,70.3002,70.3002
2023-01-11,USD,1,69.6094,69.6094
2023-01-12,USD,1,69.0202,69.0202
2023-01-13,USD,1,67.7775,67.7775
2023-01-14,USD,1,67.5744,67.5744
2023-01-17,USD,1,68.2892,68.2892
2023-01-18,USD,1,68.6644,68.6644
2023-01-19,USD,1,68.8728,68.8728
2023-01-20,USD,1,68.8467,68.8467
2023-01-21,USD,1,68.6656,68.6656
2023-01-24,USD,1,68.6288,68.6288
2023-01-25,USD,1,68.7529,68.7529
2023-01-26,USD,1,68.9573,68.9573
2023-01-27,USD,1,69.1263,69.1263
2023-01-28,USD,1,69.3372,69.3372
2023-01-31,USD,1,69.5927,69.5927
2023-02-01,USD,1,70.5174,70.5174
2023-02-02,USD,1,70.1217,70.1217
2023-02-03,USD,1,70.0414,70.0414
2023-02-04,USD,1,70.3847,70.3847
2023-02-07,USD,1,70.5991,70.5991
2023-02-08,USD,1,70.8924,70.8924
2023-02-09,USD,1,71.5763,71.5763
2023-02-10,USD,1,72.8949,72.8949
2023-02-11,USD,1,72.7923,72.7923
2023-02-14,USD,1,73.6307,73.6307
2023-02-15,USD,1,73.8645,73.8645
2023-02-16,USD,1,74.2077,74.2077
2023-02-17,USD,1,74.7638,74.7638
2023-02-18,USD,1,74.7588,74.7588
2023-02-21,USD,1,74.0432,74.0432
2023-02-22,USD,1,74.8596,74.8596
2023-02-23,USD,1,74.7087,74.7087
2023-02-28,USD,1,75.4323,75.4323
2023-03-01,USD,1,74.8932,74.8932
2023-03-02,USD,1,75.2513,75.2513
2023-03-03,USD,1,75.4729,75.4729
2023-03-04,USD,1,75.4592,75.4592
2023-03-07,USD,1,75.4728,75.4728
2023-03-08,USD,1,75.4577,75.4577
2023-03-10,USD,1,75.9028,75.9028
2023-03-11,USD,1,75.9406,75.9406
2023-03-14,USD,1,75.4609,75.4609
2023-03-15,USD,1,75.1927,75.1927
2023-03-16,USD,1,75.7457,75.7457
2023-03-17,USD,1,76.4095,76.4095
2023-03-18,USD,1,76.6044,76.6044
2023-03-21,USD,1,77.2422,77.2422
2023-03-22,USD,1,76.8373,76.8373
2023-03-23,USD,1,76.9561,76.9561
2023-03-24,USD,1,76.3072,76.3072
2023-03-25,USD,1,76.4479,76.4479
2023-03-28,USD,1,76.5662,76.5662
2023-03-29,USD,1,76.5939,76.5939
2023-03-30,USD,1,76.9781,76.9781
2023-03-31,USD,1,77.0863,77.0863
2023-04-01,USD,1,77.3233,77.3233
2023-04-04,USD,1,77.951,77.951
2023-04-05,USD,1,79.3563,79.3563
2023-04-06,USD,1,79.4961,79.4961
2023-04-07,USD,1,80.6713,80.6713
2023-04-08,USD,1,82.3988,82.3988
2023-04-11,USD,1,81.7441,81.7441
2023-04-12,USD,1,82.1799,82.1799
2023-04-13,USD,1,82.0934,82.0934
2023-04-14,USD,1,81.6758,81.6758
2023-04-15,USD,1,81.5045,81.5045
2023-04-18,USD,1,81.6279,81.6279
2023-04-19,USD,1,81.6028,81.6028
2023-04-20,USD,1,81.6549,81.6549
2023-04-21,USD,1,81.6188,81.6188
2023-04-22,USD,1,81.4863,81.4863
2023-04-25,USD,1,81.2745,81.2745
2023-04-26,USD,1,81.5499,81.5499
2023-04-27,USD,1,81.6274,81.6274
2023-04-28,USD,1,81.5601,81.5601
2023-04-29,USD,1,80.5093,80.5093
2023-05-03,USD,1,79.9609,79.9609
2023-05-04,USD,1,79.3071,79.3071
2023-05-05,USD,1,78.6139,78.6139
2023-05-06,USD,1,76.8207,76.8207
2023-05-11,USD,1,76.6929,76.6929
2023-05-12,USD,1,75.8846,75.8846
2023-05-13,USD,1,77.2041,77.2041
2023-05-16,USD,1,79.1004,79.1004
2023-05-17,USD,1,79.9798,79.9798
2023-05-18,USD,1,80.7642,80.7642
2023-05-19,USD,1,80.0366,80.0366
2023-05-20,USD,1,79.9093,79.9093
2023-05-23,USD,1,79.9379,79.9379
2023-05-24,USD,1,80.1665,80.1665
2023-05-25,USD,1,79.9669,79.9669
2023-05-26,USD,1,79.9841,79.9841
2023-05-27,USD,1,79.9667,79.9667
2023-05-30,USD,1,80.0555,80.0555
2023-05-31,USD,1,80.6872,80.6872
2023-06-01,USD,1,80.9942,80.9942
2023-06-02,USD,1,80.9657,80.9657
2023-06-03,USD,1,80.8756,80.8756
2023-06-06,USD,1,81.3294,81.3294
2023-06-07,USD,1,81.2502,81.2502
2023-06-08,USD,1,81.4581,81.4581
2023-06-09,USD,1,82.093,82.093
2023-06-10,USD,1,82.6417,82.6417
2023-06-14,USD,1,83.6405,83.6405
2023-06-15,USD,1,84.3249,84.3249
2023-06-16,USD,1,83.9611,83.9611
2023-06-17,USD,1,83.6498,83.6498
2023-06-20,USD,1,83.9866,83.9866
2023-06-21,USD,1,84.2336,84.2336
2023-06-22,USD,1,84.2467,84.2467
2023-06-23,USD,1,83.6077,83.6077
2023-06-24,USD,1,84.0793,84.0793
2023-06-27,USD,1,84.6642,84.6642
2023-06-28,USD,1,85.0504,85.0504
2023-06-29,USD,1,85.6192,85.6192
2023-06-30,USD,1,87.0341,87.0341
2023-07-01,USD,1,88.3844,88.3844
2023-07-04,USD,1,89.3255,89.3255
2023-07-05,USD,1,89.545,89.545
2023-07-06,USD,1,90.338,90.338
2023-07-07,USD,1,92.5695,92.5695
2023-07-08,USD,1,91.6879,91.6879
2023-07-11,USD,1,91.4931,91.4931
2023-07-12,USD,1,90.5045,90.5045
2023-07-13,USD,1,90.6253,90.6253
2023-07-14,USD,1,90.1757,90.1757
2023-07-15,USD,1,90.119,90.119
2023-07-18,USD,1,90.4217,90.4217
2023-07-19,USD,1,90.6906,90.6906
2023-07-20,USD,1,91.2046,91.2046
2023-07-21,USD,1,90.8545,90.8545
2023-07-22,USD,1,90.3846,90.3846
2023-07-25,USD,1,90.489,90.489
2023-07-26,USD,1,90.0945,90.0945
2023-07-27,USD,1,90.0468,90.0468
2023-07-28,USD,1,90.0225,90.0225
2023-07-29,USD,1,90.9783,90.9783
2023-08-01,USD,1,91.5923,91.5923
2023-08-02,USD,1,91.7755,91.7755
2023-08-03,USD,1,92.841,92.841
2023-08-04,USD,1,93.7792,93.7792
2023-08-05,USD,1,94.8076,94.8076
2023-08-08,USD,1,96.5668,96.5668
2023-08-09,USD,1,96.0755,96.0755
2023-08-10,USD,1,97.3999,97.3999
2023-08-11,USD,1,97.2794,97.2794
2023-08-12,USD,1,98.2066,98.2066
2023-08-15,USD,1,101.0399,101.0399
2023-08-16,USD,1,97.4217,97.4217
2023-08-17,USD,1,96.7045,96.7045
2023-08-18,USD,1,93.746,93.746
2023-08-19,USD,1,93.4047,93.4047
2023-08-22,USD,1,94.1424,94.1424
2023-08-23,USD,1,94.1185,94.1185
2023-08-24,USD,1,94.4421,94.4421
2023-08-25,USD,1,94.4007,94.4007
2023-08-26,USD,1,94.7117,94.7117
2023-08-29,USD,1,95.4717,95.4717
2023-08-30,USD,1,95.707,95.707
2023-08-31,USD,1,95.9283,95.9283
2023-09-01,USD,1,96.3344,96.3344
2023-09-02,USD,1,96.3411,96.3411
2023-09-05,USD,1,96.6199,96.6199
2023-09-06,USD,1,97.5383,97.5383
2023-09-07,USD,1,97.8439,97.8439
2023-09-08,USD,1,98.1961,98.1961
2023-09-09,USD,1,97.9241,97.9241
2023-09-12,USD,1,96.5083,96.5083
2023-09-13,USD,1,94.7035,94.7035
2023-09-14,USD,1,95.9794,95.9794
2023-09-15,USD,1,96.1609,96.1609
2023-09-16,USD,1,96.6338,96.6338
2023-09-19,USD,1,96.6472,96.6472
2023-09-20,USD,1,96.2236,96.2236
2023-09-21,USD,1,96.6172,96.6172
2023-09-22,USD,1,96.0762,96.0762
2023-09-23,USD,1,96.0419,96.0419
2023-09-26,USD,1,96.1456,96.1456
2023-09-27,USD,1,96.2378,96.2378
2023-09-28,USD,1,96.5,96.5
2023-09-29,USD,1,97.0018,97.0018
2023-09-30,USD,1,97.4147,97.4147
2023-10-03,USD,1,98.4785,98.4785
2023-10-04,USD,1,99.2677,99.2677
2023-10-05,USD,1,99.4555,99.4555
2023-10-06,USD,1,99.6762,99.6762
2023-10-07,USD,1,100.4911,100.4911
2023-10-10,USD,1,101.3598,101.3598
2023-10-11,USD,1,99.9349,99.9349
2023-10-12,USD,1,99.9808,99.9808
2023-10-13,USD,1,96.9948,96.9948
2023-10-14,USD,1,97.3075,97.3075
2023-10-17,USD,1,97.2865,97.2865
2023-10-18,USD,1,97.3458,97.3458
2023-10-19,USD,1,97.3724,97.3724
2023-10-20,USD,1,97.3074,97.3074
2023-10-21,USD,1,95.9053,95.9053
2023-10-24,USD,1,94.7081,94.7081
2023-10-25,USD,1,93.5224,93.5224
2023-10-26,USD,1,93.1507,93.1507
2023-10-27,USD,1,93.5616,93.5616
2023-10-28,USD,1,93.2174,93.2174
2023-10-31,USD,1,93.2435,93.2435
2023-11-01,USD,1,92.0226,92.0226
2023-11-02,USD,1,93.2801,93.2801
2023-11-03,USD,1,93.173,93.173
2023-11-04,USD,1,93.0351,93.0351
2023-11-08,USD,1,92.4151,92.4151
2023-11-09,USD,1,92.1973,92.1973
2023-11-10,USD,1,91.9266,91.9266
2023-11-11,USD,1,92.0535,92.0535
2023-11-14,USD,1,92.1185,92.1185
2023-11-15,USD,1,91.257,91.257
2023-11-16,USD,1,89.4565,89.4565
2023-11-17,USD,1,88.9466,88.9466
2023-11-18,USD,1,89.1237,89.1237
2023-11-21,USD,1,88.4954,88.4954
2023-11-22,USD,1,87.8701,87.8701
2023-11-23,USD,1,88.1648,88.1648
2023-11-24,USD,1,88.1206,88.1206
2023-11-25,USD,1,88.8133,88.8133
2023-11-28,USD,1,88.7045,88.7045
2023-11-29,USD,1,88.6102,88.6102
2023-11-30,USD,1,88.8841,88.8841
2023-12-01,USD,1,88.5819,88.5819
2023-12-02,USD,1,89.7619,89.7619
2023-12-05,USD,1,90.6728,90.6728
2023-12-06,USD,1,91.5823,91.5823
2023-12-07,USD,1,92.7826,92.7826
2023-12-08,USD,1,92.5654,92.5654
2023-12-09,USD,1,91.6402,91.6402
2023-12-12,USD,1,90.9846,90.9846
2023-12-13,USD,1,90.2158,90.2158
2023-12-14,USD,1,89.8926,89.8926
2023-12-15,USD,1,89.6741,89.6741
2023-12-16,USD,1,89.6966,89.6966
2023-12-19,USD,1,90.4162,90.4162
2023-12-20,USD,1,90.087,90.087
2023-12-21,USD,1,90.4056,90.4056
2023-12-22,USD,1,91.7062,91.7062
2023-12-23,USD,1,91.9389,91.9389
2023-12-26,USD,1,91.969,91.969
2023-12-27,USD,1,91.7069,91.7069
2023-12-28,USD,1,91.7051,91.7051
2023-12-29,USD,1,90.3041,90.3041
2023-12-30,USD,1,89.6883,89.6883
2024-01-10,USD,1,90.404,90.404
2024-01-11,USD,1,89.3939,89.3939
2024-01-12,USD,1,88.7818,88.7818
2024-01-13,USD,1,88.1324,88.1324
2024-01-16,USD,1,87.6772,87.6772
2024-01-17,USD,1,87.6457,87.6457
2024-01-18,USD,1,88.354,88.354
2024-01-19,USD,1,88.661,88.661
2024-01-20,USD,1,88.5896,88.5896
2024-01-23,USD,1,87.9724,87.9724
2024-01-24,USD,1,87.9199,87.9199
2024-01-25,USD,1,88.2829,88.2829
2024-01-26,USD,1,88.6562,88.6562
2024-01-27,USD,1,89.5159,89.5159
2024-01-30,USD,1,89.609,89.609
2024-01-31,USD,1,89.2887,89.2887
2024-02-01,USD,1,89.6678,89.6678
2024-02-02,USD,1,90.2299,90.2299
2024-02-03,USD,1,90.6626,90.6626
2024-02-06,USD,1,91.2434,91.2434
2024-02-07,USD,1,90.6842,90.6842
2024-02-08,USD,1,91.1514,91.1514
2024-02-09,USD,1,91.2561,91.2561
2024-02-10,USD,1,90.8901,90.8901
2024-02-13,USD,1,91.0758,91.0758
2024-02-14,USD,1,91.2057,91.2057
2024-02-15,USD,1,91.4316,91.4316
2024-02-16,USD,1,91.8237,91.8237
2024-02-17,USD,1,92.5492,92.5492
2024-02-20,USD,1,92.4102,92.4102
2024-02-21,USD,1,92.349,92.349
2024-02-22,USD,1,92.4387,92.4387
2024-02-23,USD,1,92.7519,92.7519
2024-02-27,USD,1,92.6321,92.6321
2024-02-28,USD,1,92.0425,92.0425
2024-02-29,USD,1,91.8692,91.8692
2024-03-01,USD,1,90.8423,90.8423
2024-03-02,USD,1,91.3336,91.3336
2024-03-05,USD,1,91.3534,91.3534
2024-03-06,USD,1,91.1604,91.1604
2024-03-07,USD,1,90.3412,90.3412
2024-03-08,USD,1,90.7493,90.7493
2024-03-12,USD,1,90.6252,90.6252
2024-03-13,USD,1,90.8818,90.8818
2024-03-14,USD,1,91.5449,91.5449
2024-03-15,USD,1,91.6359,91.6359
2024-03-16,USD,1,91.87,91.87
2024-03-19,USD,1,91.9829,91.9829
2024-03-20,USD,1,92.2243,92.2243
2024-03-21,USD,1,92.6861,92.6861
2024-03-22,USD,1,91.9499,91.9499
2024-03-23,USD,1,92.6118,92.6118
2024-03-26,USD,1,92.7761,92.7761
2024-03-27,USD,1,92.5745,92.5745
2024-03-28,USD,1,92.5919,92.5919
2024-03-29,USD,1,92.2628,92.2628
2024-03-30,USD,1,92.366,92.366
2024-04-02,USD,1,92.2914,92.2914
2024-04-03,USD,1,92.5254,92.5254
2024-04-04,USD,1,92.3892,92.3892
2024-04-05,USD,1,92.3058,92.3058
2024-04-06,USD,1,92.4155,92.4155
2024-04-09,USD,1,92.581,92.581
2024-04-10,USD,1,92.7463,92.7463
2024-04-11,USD,1,93.2198,93.2198
2024-04-12,USD,1,93.7196,93.7196
2024-04-13,USD,1,93.4419,93.4419
2024-04-16,USD,1,93.5891,93.5891
2024-04-17,USD,1,94.0742,94.0742
2024-04-18,USD,1,94.3242,94.3242
2024-04-19,USD,1,94.0922,94.0922
2024-04-20,USD,1,93.4409,93.4409
2024-04-23,USD,1,93.2519,93.2519
2024-04-24,USD,1,93.2918,93.2918
2024-04-25,USD,1,92.5058,92.5058
2024-04-26,USD,1,92.1314,92.1314
2024-04-27,USD,1,92.0134,92.0134
2024-04-28,USD,1,91.7791,91.7791
2024-05-03,USD,1,92.0538,92.0538
2024-05-04,USD,1,91.6918,91.6918
2024-05-07,USD,1,91.3124,91.3124
2024-05-08,USD,1,91.1231,91.1231
2024-05-09,USD,1,91.8239,91.8239
2024-05-14,USD,1,91.633,91.633
2024-05-15,USD,1,91.3591,91.3591
2024-05-16,USD,1,91.2573,91.2573
2024-05-17,USD,1,90.9239,90.9239
2024-05-18,USD,1,90.9873,90.9873
2024-05-21,USD,1,90.6537,90.6537
2024-05-22,USD,1,90.4082,90.4082
2024-05-23,USD,1,90.1887,90.1887
2024-05-24,USD,1,90.2486,90.2486
2024-05-25,USD,1,89.7026,89.7026
2024-05-28,USD,1,88.6852,88.6852
2024-05-29,USD,1,88.4375,88.4375
2024-05-30,USD,1,89.2589,89.2589
2024-05-31,USD,1,89.7869,89.7869
2024-06-01,USD,1,90.1915,90.1915
2024-06-04,USD,1,89.3755,89.3755
2024-06-05,USD,1,88.7574,88.7574
2024-06-06,USD,1,88.7436,88.7436
2024-06-07,USD,1,88.7604,88.7604
2024-06-08,USD,1,88.7606,88.7606
2024-06-11,USD,1,88.9944,88.9944
2024-06-12,USD,1,89.0214,89.0214
2024-06-14,USD,1,88.208,88.208
2024-06-15,USD,1,89.0658,89.0658
2024-06-18,USD,1,89.0499,89.0499
2024-06-19,USD,1,87.0354,87.0354
2024-06-20,USD,1,82.6282,82.6282
2024-06-21,USD,1,85.4176,85.4176
2024-06-22,USD,1,87.9595,87.9595
2024-06-25,USD,1,87.373,87.373
2024-06-26,USD,1,87.277,87.277
2024-06-27,USD,1,87.8064,87.8064
2024-06-28,USD,1,84.964,84.964
2024-06-29,USD,1,85.748,85.748
2024-07-02,USD,1,87.2972,87.2972
2024-07-03,USD,1,87.9921,87.9921
2024-07-04,USD,1,87.9506,87.9506
2024-07-05,USD,1,88.1205,88.1205
2024-07-06,USD,1,88.1348,88.1348
2024-07-09,USD,1,88.1688,88.1688
2024-07-10,USD,1,88.0031,88.0031
2024-07-11,USD,1,87.8551,87.8551
2024-07-12,USD,1,87.988,87.988
2024-07-13,USD,1,87.7427,87.7427
2024-07-16,USD,1,87.8077,87.8077
2024-07-17,USD,1,88.2824,88.2824
2024-07-18,USD,1,88.0872,88.0872
2024-07-19,USD,1,87.8754,87.8754
2024-07-20,USD,1,88.0206,88.0206
2024-07-23,USD,1,87.7805,87.7805
2024-07-24,USD,1,87.299,87.299
2024-07-25,USD,1,86.5502,86.5502
2024-07-26,USD,1,85.41,85.41
2024-07-27,USD,1,85.565,85.565
2024-07-30,USD,1,86.5554,86.5554
2024-07-31,USD,1,86.33,86.33
2024-08-01,USD,1,86.1091,86.1091
2024-08-02,USD,1,85.7833,85.7833
2024-08-03,USD,1,85.7024,85.7024
2024-08-06,USD,1,84.9471,84.9471
2024-08-07,USD,1,85.1646,85.1646
2024-08-08,USD,1,85.9543,85.9543
2024-08-09,USD,1,86.5621,86.5621
2024-08-10,USD,1,87.992,87.992
2024-08-13,USD,1,89.9475,89.9475
2024-08-14,USD,1,92.6592,92.6592
2024-08-15,USD,1,90.0055,90.0055
2024-08-16,USD,1,88.796,88.796
2024-08-17,USD,1,88.9062,88.9062
2024-08-20,USD,1,89.5428,89.5428
2024-08-21,USD,1,90.6944,90.6944
2024-08-22,USD,1,91.6862,91.6862
2024-08-23,USD,1,91.2881,91.2881
2024-08-24,USD,1,91.6012,91.6012
2024-08-27,USD,1,91.7745,91.7745
2024-08-28,USD,1,91.4807,91.4807
2024-08-29,USD,1,91.4449,91.4449
2024-08-30,USD,1,91.4548,91.4548
2024-08-31,USD,1,91.1868,91.1868
2024-09-03,USD,1,90.0013,90.0013
2024-09-04,USD,1,88.6118,88.6118
2024-09-05,USD,1,88.9288,88.9288
2024-09-06,USD,1,89.7044,89.7044
2024-09-07,USD,1,89.8225,89.8225
2024-09-10,USD,1,90.3853,90.3853
2024-09-11,USD,1,91.1127,91.1127
2024-09-12,USD,1,91.2653,91.2653
2024-09-13,USD,1,91.1096,91.1096
2024-09-14,USD,1,90.9345,90.9345
2024-09-17,USD,1,91.1423,91.1423
2024-09-18,USD,1,91.4292,91.4292
2024-09-19,USD,1,91.6712,91.6712
2024-09-20,USD,1,92.6962,92.6962
2024-09-21,USD,1,92.5848,92.5848
2024-09-24,USD,1,92.92,92.92
2024-09-25,USD,1,92.8622,92.8622
2024-09-26,USD,1,92.388,92.388
2024-09-27,USD,1,92.4074,92.4074
2024-09-28,USD,1,92.7126,92.7126
2024-10-01,USD,1,93.2221,93.2221
2024-10-02,USD,1,93.3581,93.3581
2024-10-03,USD,1,94.5054,94.5054
2024-10-04,USD,1,95.0262,95.0262
2024-10-05,USD,1,94.87,94.87
2024-10-08,USD,1,96.0649,96.0649
2024-10-09,USD,1,96.1079,96.1079
2024-10-10,USD,1,96.9483,96.9483
2024-10-11,USD,1,97.2394,97.2394
2024-10-12,USD,1,96.0686,96.0686
2024-10-15,USD,1,96.1021,96.1021
2024-10-16,USD,1,97.0121,97.0121
2024-10-17,USD,1,97.2568,97.2568
2024-10-18,USD,1,97.149,97.149
2024-10-19,USD,1,96.4172,96.4172
2024-10-22,USD,1,96.0924,96.0924
2024-10-23,USD,1,96.5918,96.5918
2024-10-24,USD,1,96.6379,96.6379
2024-10-25,USD,1,96.7402,96.7402
2024-10-26,USD,1,96.6657,96.6657
2024-10-29,USD,1,97.23,97.23
2024-10-30,USD,1,97.3261,97.3261
2024-10-31,USD,1,97.053,97.053
2024-11-01,USD,1,97.0226,97.0226
2024-11-02,USD,1,97.4402,97.4402
2024-11-03,USD,1,97.5499,97.5499
2024-11-06,USD,1,98.0562,98.0562
2024-11-07,USD,1,98.2236,98.2236
2024-11-08,USD,1,98.0726,98.0726
2024-11-09,USD,1,97.8335,97.8335
2024-11-12,USD,1,97.955,97.955
2024-11-13,USD,1,97.9559,97.9559
2024-11-14,USD,1,98.3657,98.3657
2024-11-15,USD,1,99.018,99.018
2024-11-16,USD,1,99.9971,99.9971
2024-11-19,USD,1,99.943,99.943
2024-11-20,USD,1,100.0348,100.0348
2024-11-21,USD,1,100.2192,100.2192
2024-11-22,USD,1,100.6798,100.6798
2024-11-23,USD,1,102.5761,102.5761
2024-11-26,USD,1,103.7908,103.7908
2024-11-27,USD,1,105.0604,105.0604
2024-11-28,USD,1,108.0104,108.0104
2024-11-29,USD,1,109.5782,109.5782
2024-11-30,USD,1,107.7409,107.7409
2024-12-03,USD,1,107.1758,107.1758
2024-12-04,USD,1,106.1878,106.1878
2024-12-05,USD,1,104.2361,104.2361
2024-12-06,USD,1,103.3837,103.3837
2024-12-07,USD,1,99.4215,99.4215
2024-12-10,USD,1,99.3759,99.3759
2024-12-11,USD,1,100.0324,100.0324
2024-12-12,USD,1,103.2707,103.2707
2024-12-13,USD,1,103.95,103.95
2024-12-14,USD,1,103.4305,103.4305
2024-12-17,USD,1,102.9125,102.9125
2024-12-18,USD,1,102.9979,102.9979
2024-12-19,USD,1,102.7763,102.7763
2024-12-20,USD,1,103.4207,103.4207
2024-12-21,USD,1,102.3438,102.3438
2024-12-24,USD,1,101.6143,101.6143
2024-12-25,USD,1,99.8729,99.8729
2024-12-26,USD,1,99.6125,99.6125
2024-12-27,USD,1,99.2295,99.2295
2024-12-28,USD,1,100.5281,100.5281
2024-12-29,USD,1,101.6797,101.6797
2025-01-10,USD,1,102.2911,102.2911
2025-01-11,USD,1,101.9146,101.9146
2025-01-14,USD,1,102.7081,102.7081
2025-01-15,USD,1,103.438,103.438
2025-01-16,USD,1,102.8078,102.8078
2025-01-17,USD,1,102.3762,102.3762
2025-01-18,USD,1,102.4137,102.4137
2025-01-21,USD,1,101.9579,101.9579
2025-01-22,USD,1,99.9282,99.9282
2025-01-23,USD,1,98.2804,98.2804
2025-01-24,USD,1,99.0978,99.0978
2025-01-25,USD,1,98.2636,98.2636
2025-01-28,USD,1,97.132,97.132
2025-01-29,USD,1,97.9658,97.9658
2025-01-30,USD,1,98.0126,98.0126
2025-01-31,USD,1,98.0062,98.0062
2025-02-01,USD,1,97.8107,97.8107
2025-02-04,USD,1,99.9433,99.9433
2025-02-05,USD,1,98.5336,98.5336
2025-02-06,USD,1,98.0556,98.0556
2025-02-07,USD,1,96.9104,96.9104
2025-02-08,USD,1,97.2762,97.2762
2025-02-11,USD,1,96.7821,96.7821
2025-02-12,USD,1,95.8024,95.8024
2025-02-13,USD,1,94.0485,94.0485
2025-02-14,USD,1,91.0313,91.0313
2025-02-15,USD,1,90.3099,90.3099
2025-02-18,USD,1,91.4347,91.4347
2025-02-19,USD,1,91.3398,91.3398
2025-02-20,USD,1,90.4268,90.4268
2025-02-21,USD,1,88.5103,88.5103
2025-02-22,USD,1,88.1676,88.1676
2025-02-25,USD,1,88.2065,88.2065
2025-02-26,USD,1,86.6318,86.6318
2025-02-27,USD,1,85.9279,85.9279
2025-02-28,USD,1,87.6967,87.6967
2025-03-01,USD,1,88.2568,88.2568
2025-03-04,USD,1,89.2497,89.2497
2025-03-05,USD,1,89.2448,89.2448
2025-03-06,USD,1,89.7878,89.7878
2025-03-07,USD,1,89.5724,89.5724
2025-03-08,USD,1,89.1362,89.1362
2025-03-11,USD,1,88.3872,88.3872
2025-03-12,USD,1,86.5669,86.5669
2025-03-13,USD,1,86.6204,86.6204
2025-03-14,USD,1,86.619,86.619
2025-03-15,USD,1,85.5694,85.5694
2025-03-18,USD,1,84.3059,84.3059
2025-03-19,USD,1,81.5018,81.5018
2025-03-20,USD,1,82.8487,82.8487
2025-03-21,USD,1,84.3955,84.3955
2025-03-22,USD,1,84.64,84.64
2025-03-25,USD,1,83.8737,83.8737
2025-03-26,USD,1,84.193,84.193
2025-03-27,USD,1,84.2065,84.2065
2025-03-28,USD,1,83.8347,83.8347
2025-03-29,USD,1,83.6813,83.6813
2025-04-01,USD,1,85.4963,85.4963
2025-04-02,USD,1,84.8707,84.8707
2025-04-03,USD,1,84.5522,84.5522
2025-04-04,USD,1,84.383,84.383
2025-04-05,USD,1,84.2774,84.2774
2025-04-08,USD,1,86.1891,86.1891
2025-04-09,USD,1,85.4641,85.4641
2025-04-10,USD,1,86.0923,86.0923
2025-04-11,USD,1,85.0159,85.0159
2025-04-12,USD,1,84.004,84.004
2025-04-15,USD,1,82.7671,82.7671
2025-04-16,USD,1,82.3003,82.3003
2025-04-17,USD,1,82.5892,82.5892
2025-04-18,USD,1,82.02,82.02
2025-04-19,USD,1,81.1371,81.1371
2025-04-22,USD,1,80.7597,80.7597
2025-04-23,USD,1,81.462,81.462
2025-04-24,USD,1,82.3637,82.3637
2025-04-25,USD,1,82.8559,82.8559
2025-04-26,USD,1,82.6549,82.6549
2025-04-29,USD,1,82.5467,82.5467
2025-04-30,USD,1,81.5616,81.5616
2025-05-01,USD,1,81.4933,81.4933
2025-05-06,USD,1,81.9137,81.9137
2025-05-07,USD,1,80.9644,80.9644
2025-05-08,USD,1,80.8612,80.8612
2025-05-13,USD,1,80.8883,80.8883
2025-05-14,USD,1,80.55,80.55
2025-05-15,USD,1,80.2237,80.2237
2025-05-16,USD,1,80.3134,80.3134
2025-05-17,USD,1,80.7689,80.7689
2025-05-20,USD,1,80.4137,80.4137
2025-05-21,USD,1,80.3075,80.3075
2025-05-22,USD,1,79.753,79.753
2025-05-23,USD,1,79.7357,79.7357
2025-05-24,USD,1,79.7108,79.7108
2025-05-27,USD,1,79.6588,79.6588
2025-05-28,USD,1,79.6176,79.6176
2025-05-29,USD,1,79.6037,79.6037
2025-05-30,USD,1,78.497,78.497
2025-05-31,USD,1,78.6171,78.6171
2025-06-03,USD,1,79.1285,79.1285
2025-06-04,USD,1,78.8549,78.8549
2025-06-05,USD,1,78.5025,78.5025
2025-06-06,USD,1,79.1272,79.1272
2025-06-07,USD,1,79.1703,79.1703
2025-06-10,USD,1,79.1543,79.1543
2025-06-11,USD,1,78.6003,78.6003
2025-06-12,USD,1,79.0028,79.0028
2025-06-17,USD,1,78.5067,78.5067
2025-06-18,USD,1,78.7135,78.7135
2025-06-19,USD,1,78.7174,78.7174
2025-06-20,USD,1,78.4839,78.4839
2025-06-21,USD,1,78.5016,78.5016
2025-06-24,USD,1,78.2923,78.2923
2025-06-25,USD,1,78.3892,78.3892
2025-06-26,USD,1,78.1959,78.1959
2025-06-27,USD,1,78.2117,78.2117
2025-06-28,USD,1,78.4685,78.4685
2025-07-01,USD,1,78.5284,78.5284
2025-07-02,USD,1,78.4181,78.4181
2025-07-03,USD,1,78.654,78.654
2025-07-04,USD,1,78.7831,78.7831
2025-07-05,USD,1,78.8354,78.8354
2025-07-08,USD,1,78.7185,78.7185
2025-07-09,USD,1,78.1682,78.1682
2025-07-10,USD,1,78.1727,78.1727
2025-07-11,USD,1,77.9029,77.9029
2025-07-12,USD,1,77.8855,77.8855
2025-07-15,USD,1,78.3722,78.3722
2025-07-16,USD,1,77.9584,77.9584
2025-07-17,USD,1,77.9585,77.9585
2025-07-18,USD,1,78.1856,78.1856
2025-07-19,USD,1,78.3129,78.3129
2025-07-22,USD,1,78.3274,78.3274
2025-07-23,USD,1,78.0882,78.0882
2025-07-24,USD,1,78.4477,78.4477
2025-07-25,USD,1,78.8623,78.8623
2025-07-26,USD,1,79.5527,79.5527
2025-07-29,USD,1,79.5782,79.5782
2025-07-30,USD,1,82.2197,82.2197
2025-07-31,USD,1,81.8347,81.8347
2025-08-01,USD,1,80.3163,80.3163
2025-08-02,USD,1,80.3289,80.3289
2025-08-05,USD,1,79.6736,79.6736
2025-08-06,USD,1,80.049,80.049
2025-08-07,USD,1,80.1914,80.1914
2025-08-08,USD,1,79.3847,79.3847
2025-08-09,USD,1,79.7796,79.7796
2025-08-12,USD,1,79.6677,79.6677
2025-08-13,USD,1,79.8714,79.8714
2025-08-14,USD,1,79.6032,79.6032
2025-08-15,USD,1,79.7653,79.7653
2025-08-16,USD,1,80.0224,80.0224
2025-08-19,USD,1,80.4256,80.4256
2025-08-20,USD,1,80.3466,80.3466
2025-08-21,USD,1,80.1045,80.1045
2025-08-22,USD,1,80.2548,80.2548
2025-08-23,USD,1,80.7498,80.7498
2025-08-26,USD,1,80.6842,80.6842
2025-08-27,USD,1,80.5268,80.5268
2025-08-28,USD,1,80.4421,80.4421
2025-08-29,USD,1,80.2918,80.2918
2025-08-30,USD,1,80.3316,80.3316
2025-09-02,USD,1,80.4261,80.4261
2025-09-03,USD,1,80.5947,80.5947
2025-09-04,USD,1,80.8488,80.8488
2025-09-05,USD,1,81.2977,81.2977
2025-09-06,USD,1,81.5556,81.5556
2025-09-09,USD,1,82.3397,82.3397
2025-09-10,USD,1,83.2425,83.2425
2025-09-11,USD,1,84.9211,84.9211
2025-09-12,USD,1,85.6647,85.6647
2025-09-13,USD,1,84.3798,84.3798
2025-09-16,USD,1,83.0718,83.0718
2025-09-17,USD,1,82.8359,82.8359
2025-09-18,USD,1,82.9987,82.9987
2025-09-19,USD,1,83.1725,83.1725
2025-09-20,USD,1,83.5904,83.5904
2025-09-23,USD,1,84.0186,84.0186
2025-09-24,USD,1,83.3506,83.3506
2025-09-25,USD,1,83.9914,83.9914
2025-09-26,USD,1,83.6069,83.6069
2025-09-27,USD,1,83.6118,83.6118
2025-09-30,USD,1,82.8676,82.8676
2025-10-01,USD,1,82.6084,82.6084
2025-10-02,USD,1,81.4967,81.4967
2025-10-03,USD,1,81.0085,81.0085
2025-10-04,USD,1,81.8969,81.8969
2025-10-07,USD,1,83.0,83.0
2025-10-08,USD,1,81.9349,81.9349
2025-10-09,USD,1,81.5478,81.5478
2025-10-10,USD,1,81.4103,81.4103
2025-10-11,USD,1,81.1898,81.1898
2025-10-14,USD,1,80.8548,80.8548
2025-10-15,USD,1,79.9589,79.9589
2025-10-16,USD,1,78.839,78.839
2025-10-17,USD,1,79.0839,79.0839
2025-10-18,USD,1,80.9834,80.9834
2025-10-21,USD,1,81.3582,81.3582
2025-10-22,USD,1,81.3475,81.3475
2025-10-23,USD,1,81.6549,81.6549
2025-10-24,USD,1,81.269,81.269
2025-10-25,USD,1,80.9713,80.9713
2025-10-28,USD,1,78.9848,78.9848
2025-10-29,USD,1,79.8174,79.8174
2025-10-30,USD,1,79.4715,79.4715
2025-10-31,USD,1,80.5037,80.5037
2025-11-01,USD,1,80.9756,80.9756
2025-11-02,USD,1,80.8861,80.8861
2025-11-06,USD,1,81.1885,81.1885
2025-11-07,USD,1,81.3765,81.3765
2025-11-08,USD,1,81.2257,81.2257
2025-11-11,USD,1,81.0132,81.0132
2025-11-12,USD,1,81.3562,81.3562
2025-11-13,USD,1,81.2852,81.2852
2025-11-14,USD,1,80.601,80.601
2025-11-15,USD,1,81.1276,81.1276
2025-11-18,USD,1,81.1302,81.1302
2025-11-19,USD,1,81.0547,81.0547
2025-11-20,USD,1,80.9448,80.9448
2025-11-21,USD,1,80.7321,80.7321
2025-11-22,USD,1,79.0246,79.0246
2025-11-25,USD,1,78.9202,78.9202
2025-11-26,USD,1,78.9615,78.9615
2025-11-27,USD,1,78.5941,78.5941
2025-11-28,USD,1,78.2503,78.2503
2025-11-29,USD,1,78.2284,78.2284
2025-12-02,USD,1,77.7027,77.7027
2025-12-03,USD,1,77.4631,77.4631
2025-12-04,USD,1,77.9556,77.9556
2025-12-05,USD,1,76.9708,76.9708
2025-12-06,USD,1,76.0937,76.0937
2025-12-09,USD,1,77.2733,77.2733
2025-12-10,USD,1,76.8084,76.8084
2025-12-11,USD,1,77.8998,77.8998
2025-12-12,USD,1,79.3398,79.3398
2025-12-13,USD,1,79.7296,79.7296
2025-12-16,USD,1,79.4495,79.4495
2025-12-17,USD,1,79.4302,79.4302
2025-12-18,USD,1,80.3807,80.3807
2025-12-19,USD,1,80.0301,80.0301
2025-12-20,USD,1,80.722,80.722
2025-12-23,USD,1,79.3146,79.3146
2025-12-24,USD,1,78.585,78.585
2025-12-25,USD,1,78.4368,78.4368
2025-12-26,USD,1,77.8844,77.8844
2025-12-27,USD,1,77.6923,77.6923
2025-12-30,USD,1,77.4466,77.4466
2025-12-31,USD,1,78.2267,78.2267
2026-01-13,USD,1,78.7913,78.7913
2026-01-14,USD,1,78.8527,78.8527
2026-01-15,USD,1,78.5711,78.5711
2026-01-16,USD,1,78.528,78.528
2026-01-17,USD,1,77.8332,77.8332
2026-01-20,USD,1,77.7586,77.7586
2026-01-21,USD,1,77.8247,77.8247
2026-01-22,USD,1,77.5159,77.5159
2026-01-23,USD,1,76.0382,76.0382
2026-01-24,USD,1,75.9246,75.9246
2026-01-27,USD,1,76.0101,76.0101
2026-01-28,USD,1,76.5519,76.5519
2026-01-29,USD,1,76.2662,76.2662
2026-01-30,USD,1,76.0251,76.0251
2026-01-31,USD,1,75.7327,75.7327
2026-02-03,USD,1,77.0223,77.0223
2026-02-04,USD,1,76.9817,76.9817
2026-02-05,USD,1,76.9102,76.9102
2026-02-06,USD,1,76.5523,76.5523
2026-02-07,USD,1,77.054,77.054
2026-02-10,USD,1,77.6502,77.6502
2026-02-11,USD,1,77.2091,77.2091
2026-02-12,USD,1,77.4648,77.4648
2026-02-13,USD,1,77.188,77.188
2026-02-14,USD,1,77.1944,77.1944
2026-02-17,USD,1,76.6201,76.6201
2026-02-18,USD,1,76.7389,76.7389
2026-02-19,USD,1,76.1524,76.1524
2026-02-20,USD,1,76.6405,76.6405
2026-02-21,USD,1,76.7519,76.7519
2026-02-25,USD,1,76.6342,76.6342
2026-02-26,USD,1,76.4678,76.4678
2026-02-27,USD,1,77.1218,77.1218
2026-02-28,USD,1,77.2736,77.2736
2026-03-03,USD,1,77.1734,77.1734
2026-03-04,USD,1,77.6093,77.6093
2026-03-05,USD,1,77.8009,77.8009
2026-03-06,USD,1,78.19,78.19
2026-03-07,USD,1,79.15,79.15
2026-03-11,USD,1,78.7396,78.7396
2026-03-12,USD,1,79.068,79.068
2026-03-13,USD,1,79.0671,79.0671
2026-03-14,USD,1,80.2254,80.2254
2026-03-17,USD,1,81.0517,81.0517
2026-03-18,USD,1,81.9103,81.9103
2026-03-19,USD,1,83.1259,83.1259
2026-03-20,USD,1,84.8379,84.8379
2026-03-21,USD,1,83.9982,83.9982
2026-03-24,USD,1,81.8763,81.8763
2026-03-25,USD,1,80.9604,80.9604
2026-03-26,USD,1,80.7192,80.7192
2026-03-27,USD,1,82.1314,82.1314
2026-03-28,USD,1,81.1443,81.1443
2026-03-31,USD,1,81.2955,81.2955
2026-04-01,USD,1,81.2504,81.2504
2026-04-02,USD,1,80.6234,80.6234
2026-04-03,USD,1,80.3332,80.3332
2026-04-04,USD,1,79.7293,79.7293
2026-04-07,USD,1,78.7277,78.7277
2026-04-08,USD,1,78.7496,78.7496
2026-04-09,USD,1,78.3043,78.3043
2026-04-10,USD,1,77.8366,77.8366
2026-04-11,USD,1,76.9724,76.9724
2026-04-14,USD,1,76.2489,76.2489
2026-04-15,USD,1,75.8532,75.8532
2026-04-16,USD,1,75.2346,75.2346
2026-04-17,USD,1,76.0861,76.0861
2026-04-18,USD,1,76.0535,76.0535
2026-04-21,USD,1,75.237,75.237
2026-04-22,USD,1,74.5897,74.5897
2026-04-23,USD,1,74.9995,74.9995
2026-04-24,USD,1,74.8349,74.8349
2026-04-25,USD,1,75.5273,75.5273
2026-04-28,USD,1,74.8081,74.8081
2026-04-29,USD,1,74.6947,74.6947
2026-04-30,USD,1,74.8806,74.8806
2026-05-01,USD,1,74.8014,74.8014
2026-05-05,USD,1,75.4388,75.4388
2026-05-06,USD,1,75.3448,75.3448
2026-05-07,USD,1,75.2246,75.2246
2026-05-08,USD,1,74.6209,74.6209
2026-05-09,USD,1,74.2963,74.2963
2026-05-13,USD,1,73.7878,73.7878
2026-05-14,USD,1,73.342,73.342
2026-05-15,USD,1,73.1385,73.1385
2026-05-16,USD,1,73.1275,73.1275
2026-05-19,USD,1,72.3497,72.3497
2026-05-20,USD,1,71.2926,71.2926
2026-05-21,USD,1,70.9509,70.9509
2026-05-22,USD,1,70.7902,70.7902
2026-05-23,USD,1,71.209,71.209
2026-05-26,USD,1,71.546,71.546
2026-05-27,USD,1,71.668,71.668
2026-05-28,USD,1,70.9012,70.9012
2026-05-29,USD,1,71.3715,71.3715
2026-05-30,USD,1,71.0224,71.0224
2026-06-02,USD,1,71.5532,71.5532
2026-06-03,USD,1,72.5597,72.5597
2026-06-04,USD,1,73.3436,73.3436
2026-06-05,USD,1,74.2956,74.2956
2026-06-06,USD,1,73.4689,73.4689
2026-06-09,USD,1,73.2644,73.2644
2026-06-10,USD,1,71.7318,71.7318
2026-06-11,USD,1,71.7892,71.7892
2026-06-12,USD,1,71.9077,71.9077
2026-06-16,USD,1,72.4513,72.4513
2026-06-17,USD,1,72.1388,72.1388
2026-06-18,USD,1,72.7479,72.7479
2026-06-19,USD,1,73.3591,73.3591
2026-06-20,USD,1,73.439,73.439
2026-06-23,USD,1,73.765,73.765
2026-06-24,USD,1,74.62,74.62
2026-06-25,USD,1,74.7738,74.7738
2026-06-26,USD,1,75.6347,75.6347
2026-06-27,USD,1,77.0611,77.0611
2026-06-30,USD,1,77.7539,77.7539
2026-07-01,USD,1,78.2696,78.2696
2026-07-02,USD,1,78.2652,78.2652
2026-07-03,USD,1,77.9293,77.9293
2026-07-04,USD,1,77.2264,77.2264
2026-07-07,USD,1,77.9695,77.9695
2026-07-08,USD,1,76.1258,76.1258
2026-07-09,USD,1,76.4026,76.4026
2026-07-10,USD,1,75.93,75.93
2026-07-11,USD,1,76.6647,76.6647
2026-07-14,USD,1,76.6213,76.6213
2026-07-15,USD,1,77.4912,77.4912
2026-07-16,USD,1,77.9568,77.9568
2026-07-17,USD,1,78.3181,78.3181
2026-07-18,USD,1,78.3987,78.3987
2026-07-21,USD,1,78.3159,78.3159
2026-07-22,USD,1,78.554,78.554
2026-07-23,USD,1,78.4756,78.4756
2026-07-24,USD,1,78.4049,78.4049
2026-07-25,USD,1,78.0308,78.0308
2026-07-28,USD,1,78.0172,78.0172
2026-07-29,USD,1,78.698,78.698
2026-07-30,USD,1,79.357,79.357
2026-07-31,USD,1,79.8573,79.8573
2026-08-01,USD,1,79.4637,79.4637
2026-08-04,USD,1,80.0687,80.0687
2026-08-05,USD,1,81.1291,81.1291
2026-08-06,USD,1,80.9293,80.9293
2026-08-07,USD,1,81.4077,81.4077
2026-08-08,USD,1,82.1665,82.1665
2026-08-11,USD,1,82.606,82.606
2026-08-12,USD,1,82.3742,82.3742
2026-08-13,USD,1,82.9977,82.9977
2026-08-14,USD,1,83.8058,83.8058
2026-08-15,USD,1,84.5449,84.5449
2026-08-18,USD,1,85.0136,85.0136
2026-08-19,USD,1,85.1645,85.1645
2026-08-20,USD,1,85.1293,85.1293
2026-08-21,USD,1,83.355,83.355
2026-08-22,USD,1,82.9211,82.9211
2026-08-25,USD,1,83.2878,83.2878
2026-08-26,USD,1,84.4635,84.4635
2026-08-27,USD,1,84.282,84.282
2026-08-28,USD,1,85.9541,85.9541
2026-08-29,USD,1,85.6007,85.6007
2026-09-01,USD,1,86.3793,86.3793
2026-09-02,USD,1,86.753,86.753
