date,iso,nominal,rate,rate_per_unit
2000-12-01,TJS,1,12.66,12.66
2001-01-01,TJS,1,12.8,12.8
2001-02-01,TJS,1,12.07,12.07
2001-03-01,TJS,1,12.22,12.22
2001-04-01,TJS,1,12.24,12.24
2001-05-01,TJS,1,12.27,12.27
2001-06-01,TJS,1,12.38,12.38
2001-07-01,TJS,1,12.39,12.39
2001-08-01,TJS,1,12.46,12.46
2001-09-01,TJS,1,12.24,12.24
2001-10-01,TJS,1,12.25,12.25
2001-11-01,TJS,1,12.38,12.38
2001-12-01,TJS,1,12.06,12.06
2002-01-01,TJS,1,11.8185,11.8185
2002-02-01,TJS,1,12.0333,12.0333
2002-03-01,TJS,1,11.6707,11.6707
2002-04-01,TJS,1,11.5928,11.5928
2002-05-01,TJS,1,11.633,11.633
2002-06-01,TJS,1,11.5862,11.5862
2002-07-01,TJS,1,11.6264,11.6264
2002-08-01,TJS,1,11.5904,11.5904
2002-09-01,TJS,1,11.3373,11.3373
2002-10-01,TJS,1,11.0114,11.0114
2002-11-01,TJS,1,10.7498,10.7498
2002-12-01,TJS,1,10.7834,10.7834
2003-01-01,TJS,1,10.5948,10.5948
2003-02-01,TJS,1,10.4833,10.4833
2003-03-01,TJS,1,10.2921,10.2921
2003-04-01,TJS,1,10.205,10.205
2003-05-01,TJS,1,11.167,11.167
2003-06-01,TJS,10,99.2528,9.925279999999999
2003-07-01,TJS,10,98.2146,9.82146
2003-08-01,TJS,10,97.9022,9.79022
2003-09-01,TJS,10,98.7172,9.87172
2003-10-01,TJS,10,99.0676,9.90676
2003-11-01,TJS,10,97.7554,9.77554
2003-12-01,TJS,10,99.4545,9.94545
2004-01-01,TJS,10,99.6262,9.96262
2004-02-01,TJS,10,96.6899,9.668989999999999
2004-03-01,TJS,10,98.3138,9.83138
2004-04-01,TJS,10,97.9651,9.796510000000001
2004-05-01,TJS,10,99.1875,9.91875
2004-06-01,TJS,10,99.1245,9.91245
2004-07-01,TJS,10,97.711,9.7711
2004-08-01,TJS,10,97.0575,9.70575
2004-09-01,TJS,10,96.4122,9.64122
2004-10-01,TJS,10,96.5472,9.654720000000001
2004-11-01,TJS,10,95.201,9.5201
2004-12-01,TJS,10,93.2797,9.32797
2005-01-01,TJS,10,91.3688,9.13688
2005-02-01,TJS,10,92.3832,9.23832
2005-03-01,TJS,10,91.2981,9.12981
2005-04-01,TJS,10,91.4383,9.14383
2005-05-01,TJS,10,91.3225,9.13225
2005-06-01,TJS,10,91.6359,9.163590000000001
2005-07-01,TJS,10,92.2823,9.22823
2005-08-01,TJS,10,91.053,9.1053
2005-09-01,TJS,10,89.719,8.9719
2005-10-01,TJS,10,89.5094,8.95094
2005-11-01,TJS,10,89.2586,8.92586
2005-12-01,TJS,10,89.9114,8.99114
2006-01-01,TJS,10,89.9912,8.999120000000001
2006-02-01,TJS,10,87.669,8.7669
2006-03-01,TJS,10,87.5893,8.75893
2006-04-01,TJS,10,86.4044,8.64044
2006-05-01,TJS,10,85.1447,8.51447
2006-06-01,TJS,10,83.7778,8.37778
2006-07-01,TJS,10,83.3018,8.33018
2006-08-01,TJS,10,80.3054,8.03054
2006-08-31,TJS,10,79.0711,7.90711
2006-09-30,TJS,10,79.0619,7.90619
2006-10-31,TJS,10,78.8506,7.88506
2006-11-30,TJS,10,77.4714,7.74714
2006-12-30,TJS,10,77.0187,7.7018699999999995
2007-01-31,TJS,10,77.2925,7.72925
2007-02-28,TJS,10,76.1241,7.61241
2007-03-31,TJS,10,75.6561,7.5656099999999995
2007-04-30,TJS,10,74.8564,7.485639999999999
2007-05-31,TJS,10,75.3166,7.53166
2007-06-30,TJS,10,75.0051,7.50051
2007-07-31,TJS,10,74.1279,7.412789999999999
2007-08-31,TJS,10,74.5297,7.4529700000000005
2007-09-30,TJS,10,72.4583,7.24583
2007-10-31,TJS,10,71.738,7.1738
2007-11-30,TJS,10,70.4273,7.042730000000001
2007-12-29,TJS,10,71.1299,7.112990000000001
2008-01-31,TJS,10,70.586,7.0586
2008-02-29,TJS,10,70.0762,7.00762
2008-03-31,TJS,10,68.2585,6.82585
2008-04-30,TJS,10,68.8195,6.881950000000001
2008-05-31,TJS,10,68.9887,6.89887
2008-06-30,TJS,10,68.5726,6.857259999999999
2008-07-31,TJS,10,68.023,6.8023
2008-08-31,TJS,10,71.8854,7.188540000000001
2008-09-30,TJS,10,73.9995,7.39995
2008-10-31,TJS,10,79.6646,7.96646
2008-11-30,TJS,10,80.5475,8.05475
2008-12-31,TJS,10,85.1814,8.518139999999999
2009-01-31,TJS,10,94.4701,9.44701
2009-02-28,TJS,10,95.5244,9.55244
2009-03-31,TJS,10,89.0855,8.90855
2009-04-30,TJS,10,88.7067,8.87067
2009-05-31,TJS,10,75.8675,7.58675
2009-06-30,TJS,10,76.5746,7.65746
2009-07-31,TJS,10,77.3951,7.73951
2009-08-31,TJS,10,77.7765,7.7776499999999995
2009-09-30,TJS,10,74.4044,7.44044
2009-10-31,TJS,10,72.5872,7.258719999999999
2009-11-30,TJS,10,68.5422,6.85422
2009-12-31,TJS,10,68.1782,6.81782
2010-01-12,TJS,10,67.3232,6.73232
2010-01-13,TJS,10,67.2036,6.72036
2010-01-14,TJS,10,67.8018,6.78018
2010-01-15,TJS,10,67.3222,6.73222
2010-01-16,TJS,10,67.6205,6.76205
2010-01-19,TJS,10,67.6982,6.76982
2010-01-20,TJS,10,67.5308,6.75308
2010-01-21,TJS,10,67.9312,6.79312
2010-01-22,TJS,10,68.0528,6.80528
2010-01-23,TJS,10,68.0635,6.80635
2010-01-26,TJS,10,68.8648,6.88648
2010-01-27,TJS,10,69.3643,6.93643
2010-01-28,TJS,10,69.3167,6.93167
2010-01-29,TJS,10,69.4808,6.94808
2010-01-30,TJS,10,69.635,6.9635
2010-02-02,TJS,10,69.5675,6.95675
2010-02-03,TJS,10,69.0955,6.90955
2010-02-04,TJS,10,68.3893,6.83893
2010-02-05,TJS,10,68.7078,6.87078
2010-02-06,TJS,10,69.7671,6.97671
2010-02-09,TJS,10,69.8782,6.98782
2010-02-10,TJS,10,69.5475,6.95475
2010-02-11,TJS,10,69.2545,6.92545
2010-02-12,TJS,10,68.9774,6.89774
2010-02-13,TJS,10,69.0591,6.90591
2010-02-16,TJS,10,69.1993,6.91993
2010-02-17,TJS,10,68.9648,6.89648
2010-02-18,TJS,10,68.6376,6.86376
2010-02-19,TJS,10,68.9513,6.89513
2010-02-20,TJS,10,69.0397,6.90397
2010-02-25,TJS,10,68.7662,6.87662
2010-02-26,TJS,10,68.8116,6.88116
2010-02-27,TJS,10,68.7843,6.87843
2010-02-28,TJS,10,68.5742,6.85742
2010-03-02,TJS,10,68.532,6.8532
2010-03-03,TJS,10,68.6433,6.86433
2010-03-04,TJS,10,68.2649,6.82649
2010-03-05,TJS,10,68.2841,6.82841
2010-03-06,TJS,10,68.3229,6.83229
2010-03-10,TJS,10,68.1228,6.81228
2010-03-11,TJS,10,68.064,6.8064
2010-03-12,TJS,10,67.5952,6.75952
2010-03-13,TJS,10,67.3026,6.73026
2010-03-16,TJS,10,67.1765,6.71765
2010-03-17,TJS,10,67.3816,6.73816
2010-03-18,TJS,10,66.8515,6.68515
2010-03-19,TJS,10,66.9162,6.69162
2010-03-20,TJS,10,66.993,6.6993
2010-03-23,TJS,10,67.1801,6.71801
2010-03-24,TJS,10,67.4819,6.74819
2010-03-25,TJS,10,67.7239,6.77239
2010-03-26,TJS,10,67.909,6.7909
2010-03-27,TJS,10,67.5815,6.75815
2010-03-30,TJS,10,67.8441,6.78441
2010-03-31,TJS,10,67.2341,6.72341
2010-04-01,TJS,10,67.5343,6.75343
2010-04-02,TJS,10,67.4041,6.74041
2010-04-03,TJS,10,66.9034,6.69034
2010-04-06,TJS,10,66.8797,6.68797
2010-04-07,TJS,10,66.9512,6.69512
2010-04-08,TJS,10,67.0727,6.70727
2010-04-09,TJS,10,67.3207,6.73207
2010-04-10,TJS,10,67.1334,6.71334
2010-04-13,TJS,10,66.2655,6.62655
2010-04-14,TJS,10,66.4669,6.64669
2010-04-15,TJS,10,66.4997,6.64997
2010-04-16,TJS,10,66.2325,6.62325
2010-04-17,TJS,10,66.4618,6.64618
2010-04-20,TJS,10,66.8443,6.68443
2010-04-21,TJS,10,66.7081,6.67081
2010-04-22,TJS,10,66.6009,6.66009
2010-04-23,TJS,10,66.6853,6.66853
2010-04-24,TJS,10,67.0199,6.70199
2010-04-27,TJS,10,66.5969,6.65969
2010-04-28,TJS,10,66.5315,6.65315
2010-04-29,TJS,10,67.2575,6.72575
2010-04-30,TJS,10,67.0496,6.70496
2010-05-01,TJS,10,66.7423,6.67423
2010-05-05,TJS,10,67.0716,6.70716
2010-05-06,TJS,10,67.9468,6.79468
2010-05-07,TJS,10,69.3551,6.93551
2010-05-08,TJS,10,70.3248,7.03248
2010-05-12,TJS,10,69.506,6.9506
2010-05-13,TJS,10,69.1486,6.91486
2010-05-14,TJS,10,68.3554,6.83554
2010-05-15,TJS,10,68.8098,6.88098
2010-05-18,TJS,10,70.2791,7.02791
2010-05-19,TJS,10,69.5767,6.95767
2010-05-20,TJS,10,70.2586,7.02586
2010-05-21,TJS,10,70.3907,7.03907
2010-05-22,TJS,10,71.0847,7.10847
2010-05-25,TJS,10,70.6644,7.06644
2010-05-26,TJS,10,71.9288,7.19288
2010-05-27,TJS,10,71.7429,7.17429
2010-05-28,TJS,10,70.6523,7.06523
2010-05-29,TJS,10,69.7696,6.97696
2010-06-01,TJS,10,70.332,7.0332
2010-06-02,TJS,10,71.0826,7.10826
2010-06-03,TJS,10,71.3534,7.13534
2010-06-04,TJS,10,70.6629,7.06629
2010-06-05,TJS,10,71.0592,7.10592
2010-06-08,TJS,10,72.6827,7.26827
2010-06-09,TJS,10,72.3057,7.23057
2010-06-10,TJS,10,72.5195,7.25195
2010-06-11,TJS,10,72.163,7.2163
2010-06-12,TJS,10,71.7741,7.17741
2010-06-16,TJS,10,71.8024,7.18024
2010-06-17,TJS,10,71.1094,7.11094
2010-06-18,TJS,10,71.1719,7.11719
2010-06-19,TJS,10,70.4857,7.04857
2010-06-22,TJS,10,70.1235,7.01235
2010-06-23,TJS,10,70.5002,7.05002
2010-06-24,TJS,10,70.6741,7.06741
2010-06-25,TJS,10,70.7747,7.07747
2010-06-26,TJS,10,70.9111,7.09111
2010-06-29,TJS,10,70.7026,7.07026
2010-06-30,TJS,10,71.1866,7.11866
2010-07-01,TJS,10,71.3203,7.13203
2010-07-02,TJS,10,71.5874,7.15874
2010-07-03,TJS,10,71.1871,7.11871
2010-07-06,TJS,10,70.9956,7.09956
2010-07-07,TJS,10,70.9988,7.09988
2010-07-08,TJS,10,70.9495,7.09495
2010-07-09,TJS,10,70.6234,7.06234
2010-07-10,TJS,10,70.2768,7.02768
2010-07-13,TJS,10,70.477,7.0477
2010-07-14,TJS,10,70.4098,7.04098
2010-07-15,TJS,10,69.6887,6.96887
2010-07-16,TJS,10,69.7394,6.97394
2010-07-17,TJS,10,69.5135,6.95135
2010-07-20,TJS,10,69.7732,6.97732
2010-07-21,TJS,10,69.3864,6.93864
2010-07-22,TJS,10,69.3898,6.93898
2010-07-23,TJS,10,69.6497,6.96497
2010-07-24,TJS,10,69.3411,6.93411
2010-07-27,TJS,10,69.1479,6.91479
2010-07-28,TJS,10,69.0075,6.90075
2010-07-29,TJS,10,68.9334,6.89334
2010-07-30,TJS,10,68.9609,6.89609
2010-07-31,TJS,10,68.8947,6.88947
2010-08-03,TJS,10,68.896,6.8896
2010-08-04,TJS,10,68.3938,6.83938
2010-08-05,TJS,10,68.0037,6.80037
2010-08-06,TJS,10,68.1562,6.81562
2010-08-07,TJS,10,68.0798,6.80798
2010-08-10,TJS,10,68.0495,6.80495
2010-08-11,TJS,10,68.5211,6.85211
2010-08-12,TJS,10,68.9376,6.89376
2010-08-13,TJS,10,69.4967,6.94967
2010-08-14,TJS,10,69.428,6.9428
2010-08-17,TJS,10,69.6547,6.96547
2010-08-18,TJS,10,69.5015,6.95015
2010-08-19,TJS,10,69.4397,6.94397
2010-08-20,TJS,10,69.523,6.9523
2010-08-21,TJS,10,69.6255,6.96255
2010-08-24,TJS,10,69.8437,6.98437
2010-08-25,TJS,10,70.1853,7.01853
2010-08-26,TJS,10,70.5062,7.05062
2010-08-27,TJS,10,70.3393,7.03393
2010-08-28,TJS,10,70.0539,7.00539
2010-08-31,TJS,10,69.9804,6.99804
2010-09-01,TJS,10,70.4434,7.04434
2010-09-02,TJS,10,70.2894,7.02894
2010-09-03,TJS,10,70.0285,7.00285
2010-09-04,TJS,10,70.0447,7.00447
2010-09-07,TJS,10,69.7789,6.97789
2010-09-08,TJS,10,70.1321,7.01321
2010-09-09,TJS,10,70.49,7.049
2010-09-10,TJS,10,70.4703,7.04703
2010-09-11,TJS,10,70.5014,7.05014
2010-09-14,TJS,10,70.0208,7.00208
2010-09-15,TJS,10,70.0753,7.00753
2010-09-16,TJS,10,70.1538,7.01538
2010-09-17,TJS,10,70.7965,7.07965
2010-09-18,TJS,10,70.9325,7.09325
2010-09-21,TJS,10,70.7004,7.07004
2010-09-22,TJS,10,70.9216,7.09216
2010-09-23,TJS,10,70.6978,7.06978
2010-09-24,TJS,10,70.7413,7.07413
2010-09-25,TJS,10,70.6172,7.06172
2010-09-28,TJS,10,69.8519,6.98519
2010-09-29,TJS,10,69.8309,6.98309
2010-09-30,TJS,10,69.3736,6.93736
2010-10-01,TJS,10,69.619,6.9619
2010-10-02,TJS,10,69.6148,6.96148
2010-10-05,TJS,10,69.5874,6.95874
2010-10-06,TJS,10,69.4489,6.94489
2010-10-07,TJS,10,68.2081,6.82081
2010-10-08,TJS,10,67.6176,6.76176
2010-10-09,TJS,10,68.244,6.8244
2010-10-12,TJS,10,68.0669,6.80669
2010-10-13,TJS,10,68.6235,6.86235
2010-10-14,TJS,10,68.7405,6.87405
2010-10-15,TJS,10,68.2962,6.82962
2010-10-16,TJS,10,68.7346,6.87346
2010-10-19,TJS,10,69.6491,6.96491
2010-10-20,TJS,10,69.3997,6.93997
2010-10-21,TJS,10,70.269,7.0269
2010-10-22,TJS,10,70.1291,7.01291
2010-10-23,TJS,10,69.585,6.9585
2010-10-26,TJS,10,68.9677,6.89677
2010-10-27,TJS,10,69.3636,6.93636
2010-10-28,TJS,10,69.7347,6.97347
2010-10-29,TJS,10,69.969,6.9969
2010-10-30,TJS,10,70.1954,7.01954
2010-11-02,TJS,10,70.1621,7.01621
2010-11-03,TJS,10,70.2084,7.02084
2010-11-04,TJS,10,70.1555,7.01555
2010-11-09,TJS,10,70.2284,7.02284
2010-11-10,TJS,10,70.3614,7.03614
2010-11-11,TJS,10,69.9767,6.99767
2010-11-12,TJS,10,69.5623,6.95623
2010-11-13,TJS,10,70.1585,7.01585
2010-11-14,TJS,10,70.1467,7.01467
2010-11-16,TJS,10,70.1963,7.01963
2010-11-17,TJS,10,70.6219,7.06219
2010-11-18,TJS,10,71.2875,7.12875
2010-11-19,TJS,10,70.9347,7.09347
2010-11-20,TJS,10,70.3642,7.03642
2010-11-23,TJS,10,70.448,7.0448
2010-11-24,TJS,10,71.0631,7.10631
2010-11-25,TJS,10,71.1299,7.11299
2010-11-26,TJS,10,71.1102,7.11102
2010-11-27,TJS,10,71.2653,7.12653
2010-11-30,TJS,10,71.1551,7.11551
2010-12-01,TJS,10,71.2157,7.12157
2010-12-02,TJS,10,71.4963,7.14963
2010-12-03,TJS,10,71.2638,7.12638
2010-12-04,TJS,10,71.0628,7.10628
2010-12-07,TJS,10,71.1126,7.11126
2010-12-08,TJS,10,70.9712,7.09712
2010-12-09,TJS,10,71.0165,7.10165
2010-12-10,TJS,10,70.373,7.0373
2010-12-11,TJS,10,70.115,7.0115
2010-12-14,TJS,10,70.2095,7.02095
2010-12-15,TJS,10,69.8457,6.98457
2010-12-16,TJS,10,69.7926,6.97926
2010-12-17,TJS,10,69.8594,6.98594
2010-12-18,TJS,10,69.6688,6.96688
2010-12-21,TJS,10,69.9057,6.99057
2010-12-22,TJS,10,69.7758,6.97758
2010-12-23,TJS,10,69.7629,6.97629
2010-12-24,TJS,10,69.4788,6.94788
2010-12-25,TJS,10,69.4476,6.94476
2010-12-28,TJS,10,69.1563,6.91563
2010-12-29,TJS,10,68.75,6.875
2010-12-30,TJS,10,68.9559,6.89559
2010-12-31,TJS,10,69.2248,6.92248
2011-01-01,TJS,10,68.933,6.8933
2011-01-12,TJS,10,69.5585,6.95585
2011-01-13,TJS,10,69.0427,6.90427
2011-01-14,TJS,10,68.3503,6.83503
2011-01-15,TJS,10,68.0355,6.80355
2011-01-18,TJS,10,68.2597,6.82597
2011-01-19,TJS,10,67.8797,6.78797
2011-01-20,TJS,10,67.7368,6.77368
2011-01-21,TJS,10,67.9463,6.79463
2011-01-22,TJS,10,68.1663,6.81663
2011-01-25,TJS,10,67.7999,6.77999
2011-01-26,TJS,10,67.6693,6.76693
2011-01-27,TJS,10,67.6315,6.76315
2011-01-28,TJS,10,67.3991,6.73991
2011-01-29,TJS,10,67.3838,6.73838
2011-02-01,TJS,10,67.6883,6.76883
2011-02-02,TJS,10,67.3514,6.73514
2011-02-03,TJS,10,66.8224,6.68224
2011-02-04,TJS,10,66.6566,6.66566
2011-02-05,TJS,10,66.8066,6.68066
2011-02-08,TJS,10,66.7035,6.67035
2011-02-09,TJS,10,66.4418,6.64418
2011-02-10,TJS,10,66.5433,6.65433
2011-02-11,TJS,10,66.6625,6.66625
2011-02-12,TJS,10,66.5864,6.65864
2011-02-15,TJS,10,66.4538,6.64538
2011-02-16,TJS,10,66.516,6.6516
2011-02-17,TJS,10,66.4884,6.64884
2011-02-18,TJS,10,66.4199,6.64199
2011-02-19,TJS,10,66.4528,6.64528
2011-02-22,TJS,10,66.2145,6.62145
2011-02-23,TJS,10,66.512,6.6512
2011-02-25,TJS,10,66.2286,6.62286
2011-02-26,TJS,10,65.7276,6.57276
2011-03-01,TJS,10,65.465,6.5465
2011-03-02,TJS,10,65.1183,6.51183
2011-03-03,TJS,10,64.7627,6.47627
2011-03-04,TJS,10,64.0136,6.40136
2011-03-05,TJS,10,63.6614,6.36614
2011-03-06,TJS,10,63.5514,6.35514
2011-03-10,TJS,10,63.7063,6.37063
2011-03-11,TJS,10,63.9405,6.39405
2011-03-12,TJS,10,64.3814,6.43814
2011-03-15,TJS,10,64.454,6.4454
2011-03-16,TJS,10,64.4463,6.44463
2011-03-17,TJS,10,64.2964,6.42964
2011-03-18,TJS,10,64.4849,6.44849
2011-03-19,TJS,10,63.841,6.3841
2011-03-22,TJS,10,63.6014,6.36014
2011-03-23,TJS,10,63.1274,6.31274
2011-03-24,TJS,10,63.3828,6.33828
2011-03-25,TJS,10,63.6776,6.36776
2011-03-26,TJS,10,63.279,6.3279
2011-03-29,TJS,10,63.6818,6.36818
2011-03-30,TJS,10,63.498,6.3498
2011-03-31,TJS,10,63.6893,6.36893
2011-04-01,TJS,10,63.8632,6.38632
2011-04-02,TJS,10,63.5322,6.35322
2011-04-05,TJS,10,63.2072,6.32072
2011-04-06,TJS,10,63.2952,6.32952
2011-04-07,TJS,10,63.0633,6.30633
2011-04-08,TJS,10,63.0708,6.30708
2011-04-09,TJS,10,62.8194,6.28194
2011-04-12,TJS,10,62.4864,6.24864
2011-04-13,TJS,10,62.8559,6.28559
2011-04-14,TJS,10,62.7864,6.27864
2011-04-15,TJS,10,62.9519,6.29519
2011-04-16,TJS,10,63.1559,6.31559
2011-04-19,TJS,10,63.0354,6.30354
2011-04-20,TJS,10,63.6208,6.36208
2011-04-21,TJS,10,63.0038,6.30038
2011-04-22,TJS,10,62.5541,6.25541
2011-04-23,TJS,10,62.5537,6.25537
2011-04-26,TJS,10,62.6803,6.26803
2011-04-27,TJS,10,62.4695,6.24695
2011-04-28,TJS,10,62.0592,6.20592
2011-04-29,TJS,10,61.5698,6.15698
2011-04-30,TJS,10,61.04,6.104
2011-05-04,TJS,10,60.6645,6.06645
2011-05-05,TJS,10,60.7343,6.07343
2011-05-06,TJS,10,60.4986,6.04986
2011-05-07,TJS,10,61.3858,6.13858
2011-05-11,TJS,10,61.84,6.184
2011-05-12,TJS,10,61.3129,6.13129
2011-05-13,TJS,10,62.0194,6.20194
2011-05-14,TJS,10,61.8127,6.18127
2011-05-17,TJS,10,62.417,6.2417
2011-05-18,TJS,10,62.4103,6.24103
2011-05-19,TJS,10,62.2607,6.22607
2011-05-20,TJS,10,62.0125,6.20125
2011-05-21,TJS,10,61.8837,6.18837
2011-05-24,TJS,10,62.8254,6.28254
2011-05-25,TJS,10,63.0183,6.30183
2011-05-26,TJS,10,62.5138,6.25138
2011-05-27,TJS,10,61.9647,6.19647
2011-05-28,TJS,10,61.4907,6.14907
2011-05-31,TJS,10,61.5983,6.15983
2011-06-01,TJS,10,61.3244,6.13244
2011-06-02,TJS,10,61.2827,6.12827
2011-06-03,TJS,10,61.0522,6.10522
2011-06-04,TJS,10,60.6891,6.06891
2011-06-07,TJS,10,60.6406,6.06406
2011-06-08,TJS,10,60.7483,6.07483
2011-06-09,TJS,10,60.4773,6.04773
2011-06-10,TJS,10,60.4942,6.04942
2011-06-11,TJS,10,61.0128,6.10128
2011-06-15,TJS,10,60.4686,6.04686
2011-06-16,TJS,10,60.2694,6.02694
2011-06-17,TJS,10,60.8238,6.08238
2011-06-18,TJS,10,60.7306,6.07306
2011-06-21,TJS,10,60.6964,6.06964
2011-06-22,TJS,10,60.3377,6.03377
2011-06-23,TJS,10,59.846,5.9846
2011-06-24,TJS,10,60.4243,6.04243
2011-06-25,TJS,10,60.3258,6.03258
2011-06-28,TJS,10,60.7696,6.07696
2011-06-29,TJS,10,60.5282,6.05282
2011-06-30,TJS,10,60.1517,6.01517
2011-07-01,TJS,10,59.7163,5.97163
2011-07-02,TJS,10,59.6756,5.96756
2011-07-05,TJS,10,59.9929,5.99929
2011-07-06,TJS,10,60.1191,6.01191
2011-07-07,TJS,10,59.7602,5.97602
2011-07-08,TJS,10,59.8795,5.98795
2011-07-09,TJS,10,59.6254,5.96254
2011-07-12,TJS,10,60.0378,6.00378
2011-07-13,TJS,10,60.7084,6.07084
2011-07-14,TJS,10,60.4413,6.04413
2011-07-15,TJS,10,59.9236,5.99236
2011-07-16,TJS,10,59.9265,5.99265
2011-07-19,TJS,10,60.0224,6.00224
2011-07-20,TJS,10,59.8883,5.98883
2011-07-21,TJS,10,59.6558,5.96558
2011-07-22,TJS,10,59.3446,5.93446
2011-07-23,TJS,10,58.8057,5.88057
2011-07-26,TJS,10,58.8288,5.88288
2011-07-27,TJS,10,58.3701,5.83701
2011-07-28,TJS,10,58.1537,5.81537
2011-07-29,TJS,10,58.4487,5.84487
2011-07-30,TJS,10,58.6532,5.86532
2011-08-02,TJS,10,58.4037,5.84037
2011-08-03,TJS,10,59.0009,5.90009
2011-08-04,TJS,10,59.1645,5.91645
2011-08-05,TJS,10,59.0236,5.90236
2011-08-06,TJS,10,60.0449,6.00449
2011-08-09,TJS,10,60.4194,6.04194
2011-08-10,TJS,10,62.3167,6.23167
2011-08-11,TJS,10,62.0835,6.20835
2011-08-12,TJS,10,62.3176,6.23176
2011-08-13,TJS,10,62.3773,6.23773
2011-08-16,TJS,10,61.1325,6.11325
2011-08-17,TJS,10,60.8054,6.08054
2011-08-18,TJS,10,60.8425,6.08425
2011-08-19,TJS,10,61.2467,6.12467
2011-08-20,TJS,10,62.008,6.2008
2011-08-23,TJS,10,61.9754,6.19754
2011-08-24,TJS,10,61.0653,6.10653
2011-08-25,TJS,10,60.9603,6.09603
2011-08-26,TJS,10,60.7899,6.07899
2011-08-27,TJS,10,60.7672,6.07672
2011-08-30,TJS,10,60.4031,6.04031
2011-08-31,TJS,10,60.7169,6.07169
2011-09-01,TJS,10,60.8699,6.08699
2011-09-02,TJS,10,60.7927,6.07927
2011-09-03,TJS,10,61.1386,6.11386
2011-09-06,TJS,10,61.6695,6.16695
2011-09-07,TJS,10,62.2361,6.22361
2011-09-08,TJS,10,61.9483,6.19483
2011-09-09,TJS,10,61.9623,6.19623
2011-09-10,TJS,10,62.3591,6.23591
2011-09-13,TJS,10,63.6466,6.36466
2011-09-14,TJS,10,63.3054,6.33054
2011-09-15,TJS,10,63.6675,6.36675
2011-09-16,TJS,10,63.9608,6.39608
2011-09-17,TJS,10,64.0383,6.40383
2011-09-20,TJS,10,64.7508,6.47508
2011-09-21,TJS,10,66.0751,6.60751
2011-09-22,TJS,10,65.8896,6.58896
2011-09-23,TJS,10,66.9364,6.69364
2011-09-24,TJS,10,67.3525,6.73525
2011-09-27,TJS,10,68.0943,6.80943
2011-09-28,TJS,10,67.5871,6.75871
2011-09-29,TJS,10,66.9655,6.69655
2011-09-30,TJS,10,67.0899,6.70899
2011-10-01,TJS,10,67.5843,6.75843
2011-10-04,TJS,10,68.5925,6.85925
2011-10-05,TJS,10,68.7795,6.87795
2011-10-06,TJS,10,68.6886,6.86886
2011-10-07,TJS,10,68.4188,6.84188
2011-10-08,TJS,10,67.7734,6.77734
2011-10-11,TJS,10,67.373,6.7373
2011-10-12,TJS,10,66.1384,6.61384
2011-10-13,TJS,10,66.1106,6.61106
2011-10-14,TJS,10,65.6581,6.56581
2011-10-15,TJS,10,65.2116,6.52116
2011-10-18,TJS,10,64.6727,6.46727
2011-10-19,TJS,10,65.1631,6.51631
2011-10-20,TJS,10,65.0643,6.50643
2011-10-21,TJS,10,66.0203,6.60203
2011-10-22,TJS,10,65.9333,6.59333
2011-10-25,TJS,10,64.8535,6.48535
2011-10-26,TJS,10,64.1598,6.41598
2011-10-27,TJS,10,64.3213,6.43213
2011-10-28,TJS,10,63.618,6.3618
2011-10-29,TJS,10,62.8949,6.28949
2011-11-01,TJS,10,63.3693,6.33693
2011-11-02,TJS,10,64.4597,6.44597
2011-11-03,TJS,10,64.5428,6.45428
2011-11-04,TJS,10,64.8756,6.48756
2011-11-08,TJS,10,64.2836,6.42836
2011-11-09,TJS,10,64.1406,6.41406
2011-11-10,TJS,10,63.3047,6.33047
2011-11-11,TJS,10,64.8653,6.48653
2011-11-12,TJS,10,64.1942,6.41942
2011-11-15,TJS,10,63.691,6.3691
2011-11-16,TJS,10,64.4673,6.44673
2011-11-17,TJS,10,64.8384,6.48384
2011-11-18,TJS,10,64.5897,6.45897
2011-11-19,TJS,10,64.9627,6.49627
2011-11-22,TJS,10,65.0424,6.50424
2011-11-23,TJS,10,65.2354,6.52354
2011-11-24,TJS,10,65.5838,6.55838
2011-11-25,TJS,10,66.0611,6.60611
2011-11-26,TJS,10,66.3629,6.63629
2011-11-29,TJS,10,66.0132,6.60132
2011-11-30,TJS,10,65.8197,6.58197
2011-12-01,TJS,10,65.9818,6.59818
2011-12-02,TJS,10,64.827,6.4827
2011-12-03,TJS,10,64.7498,6.47498
2011-12-06,TJS,10,64.9521,6.49521
2011-12-07,TJS,10,65.3567,6.53567
2011-12-08,TJS,10,65.4647,6.54647
2011-12-09,TJS,10,65.6275,6.56275
2011-12-10,TJS,10,66.3398,6.63398
2011-12-13,TJS,10,66.014,6.6014
2011-12-14,TJS,10,66.5526,6.65526
2011-12-15,TJS,10,66.7441,6.67441
2011-12-16,TJS,10,67.0261,6.70261
2011-12-17,TJS,10,66.7593,6.67593
2011-12-20,TJS,10,67.3131,6.73131
2011-12-21,TJS,10,67.3543,6.73543
2011-12-22,TJS,10,66.7504,6.67504
2011-12-23,TJS,10,66.3292,6.63292
2011-12-24,TJS,10,65.6877,6.56877
2011-12-27,TJS,10,65.6214,6.56214
2011-12-28,TJS,10,65.3246,6.53246
2011-12-29,TJS,10,66.3276,6.63276
2011-12-30,TJS,10,67.2867,6.72867
2011-12-31,TJS,10,67.6559,6.76559
2012-01-11,TJS,10,66.9782,6.69782
2012-01-12,TJS,10,66.5895,6.65895
2012-01-13,TJS,10,66.5743,6.65743
2012-01-14,TJS,10,66.3718,6.63718
2012-01-17,TJS,10,67.1116,6.71116
2012-01-18,TJS,10,66.2895,6.62895
2012-01-19,TJS,10,66.2845,6.62845
2012-01-20,TJS,10,66.1505,6.61505
2012-01-21,TJS,10,65.7571,6.57571
2012-01-24,TJS,10,65.8536,6.58536
2012-01-25,TJS,10,64.8898,6.48898
2012-01-26,TJS,10,64.4563,6.44563
2012-01-27,TJS,10,63.8056,6.38056
2012-01-28,TJS,10,63.8124,6.38124
2012-01-31,TJS,10,63.8182,6.38182
2012-02-01,TJS,10,63.7111,6.37111
2012-02-02,TJS,10,63.9078,6.39078
2012-02-03,TJS,10,63.4442,6.34442
2012-02-04,TJS,10,63.5503,6.35503
2012-02-07,TJS,10,63.5388,6.35388
2012-02-08,TJS,10,63.2321,6.32321
2012-02-09,TJS,10,62.4025,6.24025
2012-02-10,TJS,10,62.3768,6.23768
2012-02-11,TJS,10,62.8187,6.28187
2012-02-14,TJS,10,62.8056,6.28056
2012-02-15,TJS,10,63.2235,6.32235
2012-02-16,TJS,10,62.9221,6.29221
2012-02-17,TJS,10,63.4806,6.34806
2012-02-18,TJS,10,63.04,6.304
2012-02-21,TJS,10,62.5785,6.25785
2012-02-22,TJS,10,62.574,6.2574
2012-02-23,TJS,10,62.5548,6.25548
2012-02-25,TJS,10,61.8793,6.18793
2012-02-28,TJS,10,61.2002,6.12002
2012-02-29,TJS,10,60.8289,6.08289
2012-03-01,TJS,10,60.9852,6.09852
2012-03-02,TJS,10,61.5339,6.15339
2012-03-03,TJS,10,61.5501,6.15501
2012-03-06,TJS,10,61.541,6.1541
2012-03-07,TJS,10,61.8792,6.18792
2012-03-08,TJS,10,62.3245,6.23245
2012-03-12,TJS,10,62.0705,6.20705
2012-03-13,TJS,10,62.3353,6.23353
2012-03-14,TJS,10,62.0056,6.20056
2012-03-15,TJS,10,62.0154,6.20154
2012-03-16,TJS,10,62.1618,6.21618
2012-03-17,TJS,10,61.6916,6.16916
2012-03-20,TJS,10,61.4084,6.14084
2012-03-21,TJS,10,61.283,6.1283
2012-03-22,TJS,10,61.3714,6.13714
2012-03-23,TJS,10,61.4488,6.14488
2012-03-24,TJS,10,61.7831,6.17831
2012-03-27,TJS,10,61.4202,6.14202
2012-03-28,TJS,10,60.8228,6.08228
2012-03-29,TJS,10,61.1122,6.11122
2012-03-30,TJS,10,61.5302,6.15302
2012-03-31,TJS,10,61.619,6.1619
2012-04-03,TJS,10,61.6617,6.16617
2012-04-04,TJS,10,61.548,6.1548
2012-04-05,TJS,10,61.8298,6.18298
2012-04-06,TJS,10,61.8401,6.18401
2012-04-07,TJS,10,61.905,6.1905
2012-04-10,TJS,10,62.2797,6.22797
2012-04-11,TJS,10,62.276,6.2276
2012-04-12,TJS,10,62.6291,6.26291
2012-04-13,TJS,10,62.1367,6.21367
2012-04-14,TJS,10,61.9323,6.19323
2012-04-17,TJS,10,62.541,6.2541
2012-04-18,TJS,10,62.2779,6.22779
2012-04-19,TJS,10,61.9871,6.19871
2012-04-20,TJS,10,62.0161,6.20161
2012-04-21,TJS,10,62.0341,6.20341
2012-04-24,TJS,10,61.9665,6.19665
2012-04-25,TJS,10,61.8969,6.18969
2012-04-26,TJS,10,61.5647,6.15647
2012-04-27,TJS,10,61.5244,6.15244
2012-04-28,TJS,10,61.8321,6.18321
2012-04-29,TJS,10,61.7045,6.17045
2012-05-03,TJS,10,61.7215,6.17215
2012-05-04,TJS,10,61.9153,6.19153
2012-05-05,TJS,10,62.186,6.2186
2012-05-06,TJS,10,62.6392,6.26392
2012-05-11,TJS,10,63.4411,6.34411
2012-05-12,TJS,10,63.5283,6.35283
2012-05-13,TJS,10,63.4205,6.34205
2012-05-15,TJS,10,63.6011,6.36011
2012-05-16,TJS,10,63.7022,6.37022
2012-05-17,TJS,10,65.0588,6.50588
2012-05-18,TJS,10,64.979,6.4979
2012-05-19,TJS,10,65.9221,6.59221
2012-05-22,TJS,10,65.4282,6.54282
2012-05-23,TJS,10,65.2312,6.52312
2012-05-24,TJS,10,65.8821,6.58821
2012-05-25,TJS,10,66.3924,6.63924
2012-05-26,TJS,10,66.6594,6.66594
2012-05-29,TJS,10,66.8101,6.68101
2012-05-30,TJS,10,67.3439,6.73439
2012-05-31,TJS,10,68.0998,6.80998
2012-06-01,TJS,10,69.0684,6.90684
2012-06-02,TJS,10,70.7823,7.07823
2012-06-05,TJS,10,71.405,7.1405
2012-06-06,TJS,10,69.6384,6.96384
2012-06-07,TJS,10,68.7773,6.87773
2012-06-08,TJS,10,67.5271,6.75271
2012-06-09,TJS,10,68.6674,6.86674
2012-06-10,TJS,10,68.3622,6.83622
2012-06-14,TJS,10,68.6761,6.86761
2012-06-15,TJS,10,68.3506,6.83506
2012-06-16,TJS,10,67.97,6.797
2012-06-19,TJS,10,67.4196,6.74196
2012-06-20,TJS,10,68.2603,6.82603
2012-06-21,TJS,10,68.2262,6.82262
2012-06-22,TJS,10,69.0434,6.90434
2012-06-23,TJS,10,70.3326,7.03326
2012-06-26,TJS,10,69.5971,6.95971
2012-06-27,TJS,10,69.6068,6.96068
2012-06-28,TJS,10,68.9057,6.89057
2012-06-29,TJS,10,69.1214,6.91214
2012-06-30,TJS,10,68.8621,6.88621
2012-07-03,TJS,10,68.2587,6.82587
2012-07-04,TJS,10,68.1557,6.81557
2012-07-05,TJS,10,67.5855,6.75855
2012-07-06,TJS,10,68.1455,6.81455
2012-07-07,TJS,10,68.4645,6.84645
2012-07-10,TJS,10,69.2355,6.92355
2012-07-11,TJS,10,69.2034,6.92034
2012-07-12,TJS,10,68.893,6.8893
2012-07-13,TJS,10,68.6597,6.86597
2012-07-14,TJS,10,68.5379,6.85379
2012-07-17,TJS,10,68.4592,6.84592
2012-07-18,TJS,10,68.1891,6.81891
2012-07-19,TJS,10,68.003,6.8003
2012-07-20,TJS,10,67.3167,6.73167
2012-07-21,TJS,10,67.0561,6.70561
2012-07-24,TJS,10,67.9469,6.79469
2012-07-25,TJS,10,68.4864,6.84864
2012-07-26,TJS,10,69.1874,6.91874
2012-07-27,TJS,10,68.4683,6.84683
2012-07-28,TJS,10,67.6078,6.76078
2012-07-31,TJS,10,67.5568,6.75568
2012-08-01,TJS,10,67.5953,6.75953
2012-08-02,TJS,10,67.8606,6.78606
2012-08-03,TJS,10,68.1225,6.81225
2012-08-04,TJS,10,68.2886,6.82886
2012-08-07,TJS,10,67.0496,6.70496
2012-08-08,TJS,10,66.459,6.6459
2012-08-09,TJS,10,66.5142,6.65142
2012-08-10,TJS,10,66.0748,6.60748
2012-08-11,TJS,10,66.9495,6.69495
2012-08-14,TJS,10,66.892,6.6892
2012-08-15,TJS,10,66.686,6.6686
2012-08-16,TJS,10,66.8525,6.68525
2012-08-17,TJS,10,66.9544,6.69544
2012-08-18,TJS,10,66.8407,6.68407
2012-08-21,TJS,10,67.198,6.7198
2012-08-22,TJS,10,67.0807,6.70807
2012-08-23,TJS,10,66.7554,6.67554
2012-08-24,TJS,10,66.4981,6.64981
2012-08-25,TJS,10,66.7658,6.67658
2012-08-28,TJS,10,66.8912,6.68912
2012-08-29,TJS,10,67.2018,6.72018
2012-08-30,TJS,10,67.3611,6.73611
2012-08-31,TJS,10,67.7806,6.77806
2012-09-01,TJS,10,68.3547,6.83547
2012-09-04,TJS,10,68.0403,6.80403
2012-09-05,TJS,10,67.5821,6.75821
2012-09-06,TJS,10,68.132,6.8132
2012-09-07,TJS,10,67.5827,6.75827
2012-09-08,TJS,10,67.1946,6.71946
2012-09-11,TJS,10,66.5815,6.65815
2012-09-12,TJS,10,66.6949,6.66949
2012-09-13,TJS,10,66.065,6.6065
2012-09-14,TJS,10,65.8983,6.58983
2012-09-15,TJS,10,64.6773,6.46773
2012-09-18,TJS,10,64.189,6.4189
2012-09-19,TJS,10,64.8021,6.48021
2012-09-20,TJS,10,64.767,6.4767
2012-09-21,TJS,10,66.2605,6.62605
2012-09-22,TJS,10,65.4021,6.54021
2012-09-25,TJS,10,65.5851,6.55851
2012-09-26,TJS,10,65.3965,6.53965
2012-09-27,TJS,10,65.5266,6.55266
2012-09-28,TJS,10,65.4727,6.54727
2012-09-29,TJS,10,64.8901,6.48901
2012-10-02,TJS,10,65.5972,6.55972
2012-10-03,TJS,10,65.3479,6.53479
2012-10-04,TJS,10,65.4712,6.54712
2012-10-05,TJS,10,65.3185,6.53185
2012-10-06,TJS,10,65.0094,6.50094
2012-10-09,TJS,10,65.2263,6.52263
2012-10-10,TJS,10,65.2677,6.52677
2012-10-11,TJS,10,65.4838,6.54838
2012-10-12,TJS,10,65.4158,6.54158
2012-10-13,TJS,10,65.0123,6.50123
2012-10-16,TJS,10,65.2347,6.52347
2012-10-17,TJS,10,64.9636,6.49636
2012-10-18,TJS,10,64.6413,6.46413
2012-10-19,TJS,10,64.4745,6.44745
2012-10-20,TJS,10,64.6036,6.46036
2012-10-23,TJS,10,64.8668,6.48668
2012-10-24,TJS,10,65.3117,6.53117
2012-10-25,TJS,10,65.7051,6.57051
2012-10-26,TJS,10,65.5932,6.55932
2012-10-27,TJS,10,66.0692,6.60692
2012-10-30,TJS,10,65.9879,6.59879
2012-10-31,TJS,10,66.2489,6.62489
2012-11-01,TJS,10,65.8557,6.58557
2012-11-02,TJS,10,65.8409,6.58409
2012-11-03,TJS,10,65.8712,6.58712
2012-11-07,TJS,10,66.1618,6.61618
2012-11-08,TJS,10,65.7011,6.57011
2012-11-09,TJS,10,66.1516,6.61516
2012-11-10,TJS,10,66.1115,6.61115
2012-11-13,TJS,10,66.3419,6.63419
2012-11-14,TJS,10,66.5751,6.65751
2012-11-15,TJS,10,66.5884,6.65884
2012-11-16,TJS,10,66.5167,6.65167
2012-11-17,TJS,10,66.5738,6.65738
2012-11-20,TJS,10,66.4687,6.64687
2012-11-21,TJS,10,65.9634,6.59634
2012-11-22,TJS,10,65.9554,6.59554
2012-11-23,TJS,10,65.3901,6.53901
2012-11-24,TJS,10,65.3481,6.53481
2012-11-27,TJS,10,65.104,6.5104
2012-11-28,TJS,10,64.9216,6.49216
2012-11-29,TJS,10,65.2861,6.52861
2012-11-30,TJS,10,65.1148,6.51148
2012-12-01,TJS,10,64.5974,6.45974
2012-12-04,TJS,10,64.64,6.464
2012-12-05,TJS,10,65.1326,6.51326
2012-12-06,TJS,10,64.7743,6.47743
2012-12-07,TJS,10,64.9576,6.49576
2012-12-08,TJS,10,65.0759,6.50759
2012-12-11,TJS,10,64.8691,6.48691
2012-12-12,TJS,10,64.6211,6.46211
2012-12-13,TJS,10,64.5822,6.45822
2012-12-14,TJS,10,64.3118,6.43118
2012-12-15,TJS,10,64.3987,6.43987
2012-12-18,TJS,10,64.661,6.4661
2012-12-19,TJS,10,65.0199,6.50199
2012-12-20,TJS,10,64.4782,6.44782
2012-12-21,TJS,10,64.5537,6.45537
2012-12-22,TJS,10,64.5271,6.45271
2012-12-25,TJS,10,64.7087,6.47087
2012-12-26,TJS,10,64.2661,6.42661
2012-12-27,TJS,10,64.2848,6.42848
2012-12-28,TJS,10,63.9493,6.39493
2012-12-29,TJS,10,63.7279,6.37279
2012-12-30,TJS,10,63.7279,6.37279
2013-01-10,TJS,10,63.8812,6.38812
2013-01-11,TJS,10,63.7612,6.37612
2013-01-12,TJS,10,63.5769,6.35769
2013-01-15,TJS,10,63.5129,6.35129
2013-01-16,TJS,10,63.4862,6.34862
2013-01-17,TJS,10,63.659,6.3659
2013-01-18,TJS,10,63.7125,6.37125
2013-01-19,TJS,10,63.431,6.3431
2013-01-22,TJS,10,63.6211,6.36211
2013-01-23,TJS,10,63.4202,6.34202
2013-01-24,TJS,10,63.4481,6.34481
2013-01-25,TJS,10,63.3515,6.33515
2013-01-26,TJS,10,63.1014,6.31014
2013-01-29,TJS,10,63.0597,6.30597
2013-01-30,TJS,10,63.2076,6.32076
2013-01-31,TJS,10,63.0569,6.30569
2013-02-01,TJS,10,63.0392,6.30392
2013-02-02,TJS,10,62.915,6.2915
2013-02-05,TJS,10,62.744,6.2744
2013-02-06,TJS,10,63.2652,6.32652
2013-02-07,TJS,10,62.9341,6.29341
2013-02-08,TJS,10,63.1281,6.31281
2013-02-09,TJS,10,63.3548,6.33548
2013-02-12,TJS,10,63.4085,6.34085
2013-02-13,TJS,10,63.4491,6.34491
2013-02-14,TJS,10,63.237,6.3237
2013-02-15,TJS,10,63.254,6.3254
2013-02-16,TJS,10,63.331,6.3331
2013-02-19,TJS,10,63.3627,6.33627
2013-02-20,TJS,10,63.368,6.3368
2013-02-21,TJS,10,63.205,6.3205
2013-02-22,TJS,10,63.5923,6.35923
2013-02-23,TJS,10,63.8571,6.38571
2013-02-26,TJS,10,63.8092,6.38092
2013-02-27,TJS,10,64.3394,6.43394
2013-02-28,TJS,10,64.4066,6.44066
2013-03-01,TJS,10,64.1799,6.41799
2013-03-02,TJS,10,64.4416,6.44416
2013-03-05,TJS,10,64.7575,6.47575
2013-03-06,TJS,10,64.5667,6.45667
2013-03-07,TJS,10,64.4105,6.44105
2013-03-08,TJS,10,64.7079,6.47079
2013-03-12,TJS,10,64.697,6.4697
2013-03-13,TJS,10,64.6835,6.46835
2013-03-14,TJS,10,64.6198,6.46198
2013-03-15,TJS,10,64.7376,6.47376
2013-03-16,TJS,10,64.6171,6.46171
2013-03-19,TJS,10,65.4688,6.54688
2013-03-20,TJS,10,64.8448,6.48448
2013-03-21,TJS,10,65.089,6.5089
2013-03-22,TJS,10,65.472,6.5472
2013-03-23,TJS,10,65.5572,6.55572
2013-03-26,TJS,10,65.6812,6.56812
2013-03-27,TJS,10,66.4244,6.64244
2013-03-28,TJS,10,66.9044,6.69044
2013-03-29,TJS,10,67.7009,6.77009
2013-03-30,TJS,10,65.3796,6.53796
2013-04-02,TJS,10,65.434,6.5434
2013-04-03,TJS,10,65.4519,6.54519
2013-04-04,TJS,10,66.0171,6.60171
2013-04-05,TJS,10,66.6925,6.66925
2013-04-06,TJS,10,66.4677,6.64677
2013-04-09,TJS,10,66.4391,6.64391
2013-04-10,TJS,10,65.5574,6.55574
2013-04-11,TJS,10,65.0871,6.50871
2013-04-12,TJS,10,64.8129,6.48129
2013-04-13,TJS,10,64.9166,6.49166
2013-04-16,TJS,10,65.6966,6.56966
2013-04-17,TJS,10,66.0226,6.60226
2013-04-18,TJS,10,65.5914,6.55914
2013-04-19,TJS,10,66.6214,6.66214
2013-04-20,TJS,10,66.1199,6.61199
2013-04-23,TJS,10,66.348,6.6348
2013-04-24,TJS,10,66.5057,6.65057
2013-04-25,TJS,10,66.9032,6.69032
2013-04-26,TJS,10,66.282,6.6282
2013-04-27,TJS,10,65.5833,6.55833
2013-04-30,TJS,10,66.1585,6.61585
2013-05-01,TJS,10,65.2568,6.52568
2013-05-07,TJS,10,65.3462,6.53462
2013-05-08,TJS,10,65.3371,6.53371
2013-05-09,TJS,10,65.3483,6.53483
2013-05-14,TJS,10,66.4528,6.64528
2013-05-15,TJS,10,65.7456,6.57456
2013-05-16,TJS,10,66.0573,6.60573
2013-05-17,TJS,10,66.0332,6.60332
2013-05-18,TJS,10,65.9838,6.59838
2013-05-21,TJS,10,66.3996,6.63996
2013-05-22,TJS,10,65.5613,6.55613
2013-05-23,TJS,10,65.6492,6.56492
2013-05-24,TJS,10,66.17,6.617
2013-05-25,TJS,10,65.8475,6.58475
2013-05-28,TJS,10,65.8169,6.58169
2013-05-29,TJS,10,65.9751,6.59751
2013-05-30,TJS,10,66.2692,6.62692
2013-05-31,TJS,10,66.4199,6.64199
2013-06-01,TJS,10,66.8585,6.68585
2013-06-04,TJS,10,68.4085,6.84085
2013-06-05,TJS,10,66.9212,6.69212
2013-06-06,TJS,10,67.2278,6.72278
2013-06-07,TJS,10,67.5775,6.75775
2013-06-08,TJS,10,67.7903,6.77903
2013-06-11,TJS,10,67.9745,6.79745
2013-06-12,TJS,10,68.1228,6.81228
2013-06-14,TJS,10,67.951,6.7951
2013-06-15,TJS,10,66.8114,6.68114
2013-06-18,TJS,10,67.054,6.7054
2013-06-19,TJS,10,66.9419,6.69419
2013-06-20,TJS,10,67.4409,6.74409
2013-06-21,TJS,10,68.6859,6.86859
2013-06-22,TJS,10,68.7523,6.87523
2013-06-25,TJS,10,69.6236,6.96236
2013-06-26,TJS,10,68.675,6.8675
2013-06-27,TJS,10,69.0249,6.90249
2013-06-28,TJS,10,69.0018,6.90018
2013-06-29,TJS,10,68.6515,6.86515
2013-07-02,TJS,10,68.9365,6.89365
2013-07-03,TJS,10,69.1245,6.91245
2013-07-04,TJS,10,69.6839,6.96839
2013-07-05,TJS,10,69.5437,6.95437
2013-07-06,TJS,10,69.6754,6.96754
2013-07-09,TJS,10,69.8861,6.98861
2013-07-10,TJS,10,69.9144,6.99144
2013-07-11,TJS,10,69.0382,6.90382
2013-07-12,TJS,10,68.3604,6.83604
2013-07-13,TJS,10,68.4754,6.84754
2013-07-16,TJS,10,68.9523,6.89523
2013-07-17,TJS,10,68.2674,6.82674
2013-07-18,TJS,10,68.079,6.8079
2013-07-19,TJS,10,67.9697,6.79697
2013-07-20,TJS,10,68.0348,6.80348
2013-07-23,TJS,10,68.3259,6.83259
2013-07-24,TJS,10,67.7641,6.77641
2013-07-25,TJS,10,67.8302,6.78302
2013-07-26,TJS,10,68.2259,6.82259
2013-07-27,TJS,10,68.4359,6.84359
2013-07-30,TJS,10,69.4299,6.94299
2013-07-31,TJS,10,68.9809,6.89809
2013-08-01,TJS,10,69.2806,6.92806
2013-08-02,TJS,10,69.1585,6.91585
2013-08-03,TJS,10,69.4151,6.94151
2013-08-06,TJS,10,69.4852,6.94852
2013-08-07,TJS,10,69.0864,6.90864
2013-08-08,TJS,10,69.1824,6.91824
2013-08-09,TJS,10,69.0916,6.90916
2013-08-10,TJS,10,69.4463,6.94463
2013-08-13,TJS,10,68.9886,6.89886
2013-08-14,TJS,10,69.308,6.9308
2013-08-15,TJS,10,69.5507,6.95507
2013-08-16,TJS,10,69.2268,6.92268
2013-08-17,TJS,10,69.1059,6.91059
2013-08-20,TJS,10,69.065,6.9065
2013-08-21,TJS,10,69.2301,6.92301
2013-08-22,TJS,10,69.1751,6.91751
2013-08-23,TJS,10,69.6335,6.96335
2013-08-24,TJS,10,69.349,6.9349
2013-08-27,TJS,10,69.1432,6.91432
2013-08-28,TJS,10,69.4769,6.94769
2013-08-29,TJS,10,69.5973,6.95973
2013-08-30,TJS,10,69.597,6.9597
2013-08-31,TJS,10,69.742,6.9742
2013-09-03,TJS,10,69.7521,6.97521
2013-09-04,TJS,10,69.9977,6.99977
2013-09-05,TJS,10,70.1997,7.01997
2013-09-06,TJS,10,70.0413,7.00413
2013-09-07,TJS,10,70.13,7.013
2013-09-10,TJS,10,70.4292,7.04292
2013-09-11,TJS,10,69.8707,6.98707
2013-09-12,TJS,10,69.1438,6.91438
2013-09-13,TJS,10,68.5359,6.85359
2013-09-14,TJS,10,68.6688,6.86688
2013-09-17,TJS,10,67.7252,6.77252
2013-09-18,TJS,10,69.3537,6.93537
2013-09-19,TJS,10,67.6265,6.76265
2013-09-20,TJS,10,67.2569,6.72569
2013-09-21,TJS,10,66.5533,6.65533
2013-09-24,TJS,10,67.944,6.7944
2013-09-25,TJS,10,66.7283,6.67283
2013-09-26,TJS,10,66.9749,6.69749
2013-09-27,TJS,10,67.4739,6.74739
2013-09-28,TJS,10,67.8279,6.78279
2013-10-01,TJS,10,68.119,6.8119
2013-10-02,TJS,10,67.7288,6.77288
2013-10-03,TJS,10,67.7332,6.77332
2013-10-04,TJS,10,67.372,6.7372
2013-10-05,TJS,10,67.3206,6.73206
2013-10-08,TJS,10,67.7231,6.77231
2013-10-09,TJS,10,67.7343,6.77343
2013-10-10,TJS,10,67.8688,6.78688
2013-10-11,TJS,10,68.3692,6.83692
2013-10-12,TJS,10,68.0625,6.80625
2013-10-15,TJS,10,68.6839,6.86839
2013-10-16,TJS,10,67.6484,6.76484
2013-10-17,TJS,10,68.6504,6.86504
2013-10-18,TJS,10,68.2907,6.82907
2013-10-19,TJS,10,68.8175,6.88175
2013-10-22,TJS,10,69.4579,6.94579
2013-10-23,TJS,10,71.1175,7.11175
2013-10-24,TJS,10,67.0471,6.70471
2013-10-25,TJS,10,66.3575,6.63575
2013-10-26,TJS,10,66.3806,6.63806
2013-10-29,TJS,10,66.6623,6.66623
2013-10-30,TJS,10,66.9275,6.69275
2013-10-31,TJS,10,67.6799,6.76799
2013-11-01,TJS,10,67.2096,6.72096
2013-11-02,TJS,10,67.4325,6.74325
2013-11-06,TJS,10,67.7946,6.77946
2013-11-07,TJS,10,69.0331,6.90331
2013-11-08,TJS,10,69.4037,6.94037
2013-11-09,TJS,10,68.2103,6.82103
2013-11-12,TJS,10,68.9673,6.89673
2013-11-13,TJS,10,68.7488,6.87488
2013-11-14,TJS,10,68.7743,6.87743
2013-11-15,TJS,10,68.4983,6.84983
2013-11-16,TJS,10,68.4857,6.84857
2013-11-19,TJS,10,68.2435,6.82435
2013-11-20,TJS,10,68.3386,6.83386
2013-11-21,TJS,10,68.6006,6.86006
2013-11-22,TJS,10,69.1723,6.91723
2013-11-23,TJS,10,68.9395,6.89395
2013-11-26,TJS,10,70.7786,7.07786
2013-11-27,TJS,10,69.1063,6.91063
2013-11-28,TJS,10,69.1316,6.91316
2013-11-29,TJS,10,69.3962,6.93962
2013-11-30,TJS,10,69.5243,6.95243
2013-12-03,TJS,10,71.5882,7.15882
2013-12-04,TJS,10,69.6353,6.96353
2013-12-05,TJS,10,69.6743,6.96743
2013-12-06,TJS,10,69.3632,6.93632
2013-12-07,TJS,10,69.0241,6.90241
2013-12-10,TJS,10,69.1801,6.91801
2013-12-11,TJS,10,68.678,6.8678
2013-12-12,TJS,10,68.5677,6.85677
2013-12-13,TJS,10,69.1287,6.91287
2013-12-14,TJS,10,68.853,6.8853
2013-12-17,TJS,10,69.3723,6.93723
2013-12-18,TJS,10,68.8523,6.88523
2013-12-19,TJS,10,69.0126,6.90126
2013-12-20,TJS,10,69.0355,6.90355
2013-12-21,TJS,10,69.0937,6.90937
2013-12-24,TJS,10,69.5527,6.95527
2013-12-25,TJS,10,68.3589,6.83589
2013-12-26,TJS,10,68.4029,6.84029
2013-12-27,TJS,10,68.4482,6.84482
2013-12-28,TJS,10,68.3614,6.83614
2013-12-31,TJS,10,69.0912,6.90912
2014-01-01,TJS,10,68.4081,6.84081
2014-01-10,TJS,10,69.9702,6.99702
2014-01-11,TJS,10,70.0775,7.00775
2014-01-14,TJS,10,69.8979,6.98979
2014-01-15,TJS,10,70.1473,7.01473
2014-01-16,TJS,10,70.3955,7.03955
2014-01-17,TJS,10,70.4892,7.04892
2014-01-18,TJS,10,70.0312,7.00312
2014-01-21,TJS,10,70.4667,7.04667
2014-01-22,TJS,10,71.3646,7.13646
2014-01-23,TJS,10,71.4743,7.14743
2014-01-24,TJS,10,71.2682,7.12682
2014-01-25,TJS,10,71.7457,7.17457
2014-01-28,TJS,10,72.6729,7.26729
2014-01-29,TJS,10,72.4873,7.24873
2014-01-30,TJS,10,72.3445,7.23445
2014-01-31,TJS,10,73.7694,7.37694
2014-02-01,TJS,10,73.8378,7.38378
2014-02-04,TJS,10,73.951,7.3951
2014-02-05,TJS,10,74.4033,7.44033
2014-02-06,TJS,10,73.3743,7.33743
2014-02-07,TJS,10,72.8921,7.28921
2014-02-08,TJS,10,72.6312,7.26312
2014-02-11,TJS,10,72.95,7.295
2014-02-12,TJS,10,73.0188,7.30188
2014-02-13,TJS,10,72.9475,7.29475
2014-02-14,TJS,10,73.1592,7.31592
2014-02-15,TJS,10,73.9877,7.39877
2014-02-18,TJS,10,73.6509,7.36509
2014-02-19,TJS,10,73.9468,7.39468
2014-02-20,TJS,10,74.6877,7.46877
2014-02-21,TJS,10,75.0556,7.50556
2014-02-22,TJS,10,74.8789,7.48789
2014-02-25,TJS,10,74.4985,7.44985
2014-02-26,TJS,10,74.606,7.4606
2014-02-27,TJS,10,75.0681,7.50681
2014-02-28,TJS,10,75.6195,7.56195
2014-03-01,TJS,10,76.0534,7.60534
2014-03-04,TJS,10,76.4622,7.64622
2014-03-05,TJS,10,76.3411,7.63411
2014-03-06,TJS,10,75.8245,7.58245
2014-03-07,TJS,10,75.8947,7.58947
2014-03-08,TJS,10,76.1659,7.61659
2014-03-12,TJS,10,76.4448,7.64448
2014-03-13,TJS,10,76.6378,7.66378
2014-03-14,TJS,10,76.3058,7.63058
2014-03-15,TJS,10,77.0798,7.70798
2014-03-18,TJS,10,77.1184,7.71184
2014-03-19,TJS,10,76.7002,7.67002
2014-03-20,TJS,10,76.0268,7.60268
2014-03-21,TJS,10,75.9771,7.59771
2014-03-22,TJS,10,76.5959,7.65959
2014-03-25,TJS,10,76.1011,7.61011
2014-03-26,TJS,10,75.6073,7.56073
2014-03-27,TJS,10,74.5926,7.45926
2014-03-28,TJS,10,74.8711,7.48711
2014-03-29,TJS,10,74.3435,7.43435
2014-04-01,TJS,10,74.1484,7.41484
2014-04-02,TJS,10,72.9059,7.29059
2014-04-03,TJS,10,72.9637,7.29637
2014-04-04,TJS,10,73.3002,7.33002
2014-04-05,TJS,10,73.2538,7.32538
2014-04-08,TJS,10,73.1267,7.31267
2014-04-09,TJS,10,73.2968,7.32968
2014-04-10,TJS,10,74.161,7.4161
2014-04-11,TJS,10,73.7659,7.37659
2014-04-12,TJS,10,73.754,7.3754
2014-04-15,TJS,10,74.5037,7.45037
2014-04-16,TJS,10,74.4463,7.44463
2014-04-17,TJS,10,74.6901,7.46901
2014-04-18,TJS,10,74.365,7.4365
2014-04-19,TJS,10,73.6527,7.36527
2014-04-22,TJS,10,73.9219,7.39219
2014-04-23,TJS,10,73.942,7.3942
2014-04-24,TJS,10,73.9794,7.39794
2014-04-25,TJS,10,74.0066,7.40066
2014-04-26,TJS,10,74.5196,7.45196
2014-04-29,TJS,10,74.7164,7.47164
2014-04-30,TJS,10,72.5369,7.25369
2014-05-01,TJS,10,73.4627,7.34627
2014-05-06,TJS,10,72.6365,7.26365
2014-05-07,TJS,10,73.2151,7.32151
2014-05-08,TJS,10,72.3987,7.23987
2014-05-09,TJS,10,71.5015,7.15015
2014-05-13,TJS,10,71.8011,7.18011
2014-05-14,TJS,10,71.1277,7.11277
2014-05-15,TJS,10,70.7827,7.07827
2014-05-16,TJS,10,70.8246,7.08246
2014-05-17,TJS,10,70.9263,7.09263
2014-05-20,TJS,10,70.8432,7.08432
2014-05-21,TJS,10,70.4713,7.04713
2014-05-22,TJS,10,70.3279,7.03279
2014-05-23,TJS,10,69.8043,6.98043
2014-05-24,TJS,10,69.9156,6.99156
2014-05-27,TJS,10,69.6019,6.96019
2014-05-28,TJS,10,69.9696,6.99696
2014-05-29,TJS,10,70.2935,7.02935
2014-05-30,TJS,10,69.442,6.9442
2014-05-31,TJS,10,70.7395,7.07395
2014-06-03,TJS,10,71.0694,7.10694
2014-06-04,TJS,10,69.9894,6.99894
2014-06-05,TJS,10,70.2459,7.02459
2014-06-06,TJS,10,68.5312,6.85312
2014-06-07,TJS,10,69.6797,6.96797
2014-06-10,TJS,10,68.6345,6.86345
2014-06-11,TJS,10,68.4828,6.84828
2014-06-12,TJS,10,68.3012,6.83012
2014-06-17,TJS,10,68.9419,6.89419
2014-06-18,TJS,10,69.4288,6.94288
2014-06-19,TJS,10,69.5185,6.95185
2014-06-20,TJS,10,68.2936,6.82936
2014-06-21,TJS,10,68.7006,6.87006
2014-06-24,TJS,10,68.4226,6.84226
2014-06-25,TJS,10,67.8267,6.78267
2014-06-26,TJS,10,67.6786,6.76786
2014-06-27,TJS,10,67.3669,6.73669
2014-06-28,TJS,10,67.1269,6.71269
2014-07-01,TJS,10,67.5517,6.75517
2014-07-02,TJS,10,68.3184,6.83184
2014-07-03,TJS,10,68.3625,6.83625
2014-07-04,TJS,10,68.7639,6.87639
2014-07-05,TJS,10,69.0227,6.90227
2014-07-08,TJS,10,69.5164,6.95164
2014-07-09,TJS,10,69.2282,6.92282
2014-07-10,TJS,10,68.5244,6.85244
2014-07-11,TJS,10,67.3835,6.73835
2014-07-12,TJS,10,67.8275,6.78275
2014-07-15,TJS,10,68.3359,6.83359
2014-07-16,TJS,10,69.0706,6.90706
2014-07-17,TJS,10,68.7184,6.87184
2014-07-18,TJS,10,69.6024,6.96024
2014-07-19,TJS,10,70.3282,7.03282
2014-07-22,TJS,10,70.1954,7.01954
2014-07-23,TJS,10,70.0928,7.00928
2014-07-24,TJS,10,69.6411,6.96411
2014-07-25,TJS,10,70.1783,7.01783
2014-07-26,TJS,10,70.128,7.0128
2014-07-29,TJS,10,70.8942,7.08942
2014-07-30,TJS,10,71.4722,7.14722
2014-07-31,TJS,10,71.2462,7.12462
2014-08-01,TJS,10,70.6812,7.06812
2014-08-02,TJS,10,71.326,7.1326
2014-08-05,TJS,10,71.2227,7.12227
2014-08-06,TJS,10,71.4987,7.14987
2014-08-07,TJS,10,72.1209,7.21209
2014-08-08,TJS,10,72.3993,7.23993
2014-08-09,TJS,10,72.5411,7.25411
2014-08-12,TJS,10,71.7235,7.17235
2014-08-13,TJS,10,71.5399,7.15399
2014-08-14,TJS,10,71.7271,7.17271
2014-08-15,TJS,10,71.5708,7.15708
2014-08-16,TJS,10,71.4952,7.14952
2014-08-19,TJS,10,71.5508,7.15508
2014-08-20,TJS,10,71.426,7.1426
2014-08-21,TJS,10,71.6484,7.16484
2014-08-22,TJS,10,71.8614,7.18614
2014-08-23,TJS,10,71.2107,7.12107
2014-08-26,TJS,10,71.3159,7.13159
2014-08-27,TJS,10,71.3469,7.13469
2014-08-28,TJS,10,71.6191,7.16191
2014-08-29,TJS,10,71.9472,7.19472
2014-08-30,TJS,10,73.1884,7.31884
2014-09-02,TJS,10,73.7118,7.37118
2014-09-03,TJS,10,73.8176,7.38176
2014-09-04,TJS,10,73.7589,7.37589
2014-09-05,TJS,10,72.742,7.2742
2014-09-06,TJS,10,72.9754,7.29754
2014-09-09,TJS,10,73.3009,7.33009
2014-09-10,TJS,10,73.1813,7.31813
2014-09-11,TJS,10,73.4644,7.34644
2014-09-12,TJS,10,73.8725,7.38725
2014-09-13,TJS,10,74.4234,7.44234
2014-09-16,TJS,10,75.0788,7.50788
2014-09-17,TJS,10,76.5012,7.65012
2014-09-18,TJS,10,75.8423,7.58423
2014-09-19,TJS,10,75.8467,7.58467
2014-09-20,TJS,10,76.1732,7.61732
2014-09-23,TJS,10,76.5,7.65
2014-09-24,TJS,10,76.6765,7.66765
2014-09-25,TJS,10,76.113,7.6113
2014-09-26,TJS,10,75.9498,7.59498
2014-09-27,TJS,10,76.4441,7.64441
2014-09-30,TJS,10,77.7515,7.77515
2014-10-01,TJS,10,77.3091,7.73091
2014-10-02,TJS,10,78.3152,7.83152
2014-10-03,TJS,10,78.0921,7.80921
2014-10-04,TJS,10,78.9366,7.89366
2014-10-07,TJS,10,79.7121,7.97121
2014-10-08,TJS,10,79.233,7.9233
2014-10-09,TJS,10,79.7119,7.97119
2014-10-10,TJS,10,79.7081,7.97081
2014-10-11,TJS,10,80.1717,8.01717
2014-10-14,TJS,10,79.6183,7.96183
2014-10-15,TJS,10,80.0237,8.00237
2014-10-16,TJS,10,80.8356,8.08356
2014-10-17,TJS,10,80.4488,8.04488
2014-10-18,TJS,10,80.6369,8.06369
2014-10-21,TJS,10,80.3157,8.03157
2014-10-22,TJS,10,80.6469,8.06469
2014-10-23,TJS,10,80.4839,8.04839
2014-10-24,TJS,10,80.7531,8.07531
2014-10-25,TJS,10,81.3648,8.13648
2014-10-28,TJS,10,81.6364,8.16364
2014-10-29,TJS,10,83.0153,8.30153
2014-10-30,TJS,10,83.5226,8.35226
2014-10-31,TJS,10,84.9752,8.49752
2014-11-01,TJS,10,82.1719,8.21719
2014-11-06,TJS,10,86.7292,8.67292
2014-11-07,TJS,10,88.2648,8.82648
2014-11-08,TJS,10,93.5233,9.35233
2014-11-11,TJS,10,89.6462,8.96462
2014-11-12,TJS,10,89.7623,8.97623
2014-11-13,TJS,10,89.2658,8.92658
2014-11-14,TJS,10,88.8524,8.88524
2014-11-15,TJS,10,91.2965,9.12965
2014-11-18,TJS,10,91.1826,9.11826
2014-11-19,TJS,10,90.5022,9.05022
2014-11-20,TJS,10,90.598,9.0598
2014-11-21,TJS,10,89.9725,8.99725
2014-11-22,TJS,10,88.2154,8.82154
2014-11-25,TJS,10,84.925,8.4925
2014-11-26,TJS,10,85.2864,8.52864
2014-11-27,TJS,10,88.0334,8.80334
2014-11-28,TJS,10,91.1633,9.11633
2014-11-29,TJS,10,94.3366,9.43366
2014-12-02,TJS,10,99.0892,9.90892
2014-12-03,TJS,10,97.1019,9.71019
2014-12-04,TJS,10,104.0149,10.40149
2014-12-05,TJS,1,10.0785,10.0785
2014-12-06,TJS,1,10.1579,10.1579
2014-12-09,TJS,1,10.196,10.196
2014-12-10,TJS,1,10.3689,10.3689
2014-12-11,TJS,1,10.3812,10.3812
2014-12-12,TJS,1,10.4801,10.4801
2014-12-13,TJS,1,10.8815,10.8815
2014-12-16,TJS,1,11.1597,11.1597
2014-12-17,TJS,1,11.6962,11.6962
2014-12-18,TJS,1,12.965,12.965
2014-12-19,TJS,1,11.4001,11.4001
2014-12-20,TJS,1,11.6065,11.6065
2014-12-23,TJS,1,10.8054,10.8054
2014-12-24,TJS,1,10.4372,10.4372
2014-12-25,TJS,1,10.4224,10.4224
2014-12-26,TJS,1,10.0637,10.0637
2014-12-27,TJS,10,99.5243,9.95243
2014-12-30,TJS,1,10.841,10.841
2014-12-31,TJS,1,10.7604,10.7604
2015-01-01,TJS,1,10.7564,10.7564
2015-01-13,TJS,1,11.9994,11.9994
2015-01-14,TJS,1,12.4022,12.4022
2015-01-15,TJS,1,12.3963,12.3963
2015-01-16,TJS,1,12.1178,12.1178
2015-01-17,TJS,1,11.8517,11.8517
2015-01-20,TJS,1,12.1661,12.1661
2015-01-21,TJS,1,12.132,12.132
2015-01-22,TJS,1,12.2283,12.2283
2015-01-23,TJS,1,12.1992,12.1992
2015-01-24,TJS,1,11.4624,11.4624
2015-01-27,TJS,1,11.8604,11.8604
2015-01-28,TJS,1,12.617,12.617
2015-01-29,TJS,1,12.163,12.163
2015-01-30,TJS,1,12.4491,12.4491
2015-01-31,TJS,1,12.4851,12.4851
2015-02-03,TJS,1,12.6182,12.6182
2015-02-04,TJS,1,12.2497,12.2497
2015-02-05,TJS,1,11.756,11.756
2015-02-06,TJS,1,12.3025,12.3025
2015-02-07,TJS,1,11.8665,11.8665
2015-02-10,TJS,1,11.7083,11.7083
2015-02-11,TJS,1,11.5549,11.5549
2015-02-12,TJS,1,11.6629,11.6629
2015-02-13,TJS,1,11.6701,11.6701
2015-02-14,TJS,1,11.7985,11.7985
2015-02-17,TJS,1,11.3623,11.3623
2015-02-18,TJS,1,11.3946,11.3946
2015-02-19,TJS,1,11.2697,11.2697
2015-02-20,TJS,1,11.218,11.218
2015-02-21,TJS,1,11.1444,11.1444
2015-02-25,TJS,1,11.4802,11.4802
2015-02-26,TJS,1,11.3153,11.3153
2015-02-27,TJS,1,10.9765,10.9765
2015-02-28,TJS,1,11.0769,11.0769
2015-03-03,TJS,1,11.2492,11.2492
2015-03-04,TJS,1,11.4473,11.4473
2015-03-05,TJS,1,11.3448,11.3448
2015-03-06,TJS,1,11.3489,11.3489
2015-03-07,TJS,1,11.009,11.009
2015-03-11,TJS,1,11.0996,11.0996
2015-03-12,TJS,1,11.4682,11.4682
2015-03-13,TJS,1,11.1291,11.1291
2015-03-14,TJS,1,11.097,11.097
2015-03-17,TJS,1,11.2488,11.2488
2015-03-18,TJS,1,10.3802,10.3802
2015-03-19,TJS,1,10.9068,10.9068
2015-03-20,TJS,1,10.5839,10.5839
2015-03-21,TJS,1,10.6199,10.6199
2015-03-24,TJS,1,10.3834,10.3834
2015-03-25,TJS,1,10.2685,10.2685
2015-03-26,TJS,1,10.0241,10.0241
2015-03-27,TJS,10,98.5798,9.85798
2015-03-28,TJS,1,10.0844,10.0844
2015-03-31,TJS,1,10.213,10.213
2015-04-01,TJS,10,99.3366,9.93366
2015-04-02,TJS,10,97.5079,9.75079
2015-04-03,TJS,10,96.5543,9.65543
2015-04-04,TJS,10,96.1596,9.61596
2015-04-07,TJS,10,95.7494,9.57494
2015-04-08,TJS,10,93.0276,9.30276
2015-04-09,TJS,10,90.8322,9.08322
2015-04-10,TJS,10,87.733,8.7733
2015-04-11,TJS,10,83.0992,8.30992
2015-04-14,TJS,10,87.2973,8.72973
2015-04-15,TJS,10,86.3299,8.63299
2015-04-16,TJS,10,83.8856,8.38856
2015-04-17,TJS,10,82.3168,8.23168
2015-04-18,TJS,10,83.183,8.3183
2015-04-21,TJS,10,84.1429,8.41429
2015-04-22,TJS,10,87.9752,8.79752
2015-04-23,TJS,10,87.458,8.7458
2015-04-24,TJS,10,84.1094,8.41094
2015-04-25,TJS,10,81.9027,8.19027
2015-04-28,TJS,10,83.8941,8.38941
2015-04-29,TJS,10,85.2622,8.52622
2015-04-30,TJS,10,84.2822,8.42822
2015-05-01,TJS,10,81.8876,8.18876
2015-05-06,TJS,10,82.8941,8.28941
2015-05-07,TJS,10,79.4178,7.94178
2015-05-08,TJS,10,80.0151,8.00151
2015-05-09,TJS,10,80.6469,8.06469
2015-05-13,TJS,10,80.9598,8.09598
2015-05-14,TJS,10,78.7433,7.87433
2015-05-15,TJS,10,79.6042,7.96042
2015-05-16,TJS,10,79.5348,7.95348
2015-05-19,TJS,10,78.2721,7.82721
2015-05-20,TJS,10,78.2026,7.82026
2015-05-21,TJS,10,79.1793,7.91793
2015-05-22,TJS,10,79.3836,7.93836
2015-05-23,TJS,10,79.2685,7.92685
2015-05-26,TJS,10,79.3907,7.93907
2015-05-27,TJS,10,80.1247,8.01247
2015-05-28,TJS,10,81.4265,8.14265
2015-05-29,TJS,10,83.4648,8.34648
2015-05-30,TJS,10,84.5584,8.45584
2015-06-02,TJS,10,84.2781,8.42781
2015-06-03,TJS,10,85.2673,8.52673
2015-06-04,TJS,10,84.729,8.4729
2015-06-05,TJS,10,87.8237,8.78237
2015-06-06,TJS,10,89.8288,8.98288
2015-06-09,TJS,10,89.5049,8.95049
2015-06-10,TJS,10,89.2632,8.92632
2015-06-11,TJS,10,87.526,8.7526
2015-06-12,TJS,10,87.1062,8.71062
2015-06-16,TJS,10,88.2874,8.82874
2015-06-17,TJS,10,86.3342,8.63342
2015-06-18,TJS,10,86.1158,8.61158
2015-06-19,TJS,10,85.2123,8.52123
2015-06-20,TJS,10,85.8817,8.58817
2015-06-23,TJS,10,85.4995,8.54995
2015-06-24,TJS,10,86.5944,8.65944
2015-06-25,TJS,10,86.3881,8.63881
2015-06-26,TJS,10,87.2455,8.72455
2015-06-27,TJS,10,87.4972,8.74972
2015-06-30,TJS,10,88.6328,8.86328
2015-07-01,TJS,10,89.1464,8.91464
2015-07-02,TJS,10,88.5555,8.85555
2015-07-03,TJS,10,88.8498,8.88498
2015-07-04,TJS,10,88.7718,8.87718
2015-07-07,TJS,10,90.0634,9.00634
2015-07-08,TJS,10,91.3388,9.13388
2015-07-09,TJS,10,91.3359,9.13359
2015-07-10,TJS,10,90.9575,9.09575
2015-07-11,TJS,10,90.4958,9.04958
2015-07-14,TJS,10,90.4063,9.04063
2015-07-15,TJS,10,90.9528,9.09528
2015-07-16,TJS,10,90.4457,9.04457
2015-07-17,TJS,10,90.9097,9.09097
2015-07-18,TJS,10,90.7372,9.07372
2015-07-21,TJS,10,90.7305,9.07305
2015-07-22,TJS,10,91.0045,9.10045
2015-07-23,TJS,10,91.0259,9.10259
2015-07-24,TJS,10,91.5674,9.15674
2015-07-25,TJS,10,92.6449,9.26449
2015-07-28,TJS,10,93.8329,9.38329
2015-07-29,TJS,10,96.1339,9.61339
2015-07-30,TJS,10,95.4736,9.54736
2015-07-31,TJS,10,94.2417,9.42417
2015-08-01,TJS,10,96.4144,9.64144
2015-08-04,TJS,10,99.717,9.9717
2015-08-05,TJS,1,10.0428,10.0428
2015-08-06,TJS,1,10.0117,10.0117
2015-08-07,TJS,1,10.1947,10.1947
2015-08-08,TJS,1,10.1899,10.1899
2015-08-11,TJS,1,10.2957,10.2957
2015-08-12,TJS,1,10.091,10.091
2015-08-13,TJS,1,10.3819,10.3819
2015-08-14,TJS,1,10.2202,10.2202
2015-08-15,TJS,1,10.3699,10.3699
2015-08-18,TJS,1,10.4321,10.4321
2015-08-19,TJS,1,10.4848,10.4848
2015-08-20,TJS,1,10.4687,10.4687
2015-08-21,TJS,1,10.638,10.638
2015-08-22,TJS,1,10.8233,10.8233
2015-08-25,TJS,1,11.2425,11.2425
2015-08-26,TJS,1,11.1158,11.1158
2015-08-27,TJS,1,11.0171,11.0171
2015-08-28,TJS,1,10.7221,10.7221
2015-08-29,TJS,1,10.6178,10.6178
2015-09-01,TJS,1,10.6565,10.6565
2015-09-02,TJS,1,10.4401,10.4401
2015-09-03,TJS,1,10.6519,10.6519
2015-09-04,TJS,1,10.7054,10.7054
2015-09-05,TJS,1,10.8123,10.8123
2015-09-08,TJS,1,10.9394,10.9394
2015-09-09,TJS,1,10.9885,10.9885
2015-09-10,TJS,1,10.6332,10.6332
2015-09-11,TJS,1,10.7698,10.7698
2015-09-12,TJS,1,10.6966,10.6966
2015-09-15,TJS,1,10.6893,10.6893
2015-09-16,TJS,1,10.5627,10.5627
2015-09-17,TJS,1,10.3708,10.3708
2015-09-18,TJS,1,10.2827,10.2827
2015-09-19,TJS,1,10.3283,10.3283
2015-09-22,TJS,1,10.4076,10.4076
2015-09-23,TJS,1,10.3116,10.3116
2015-09-24,TJS,1,10.2924,10.2924
2015-09-25,TJS,1,10.3614,10.3614
2015-09-26,TJS,1,10.2294,10.2294
2015-09-29,TJS,1,10.213,10.213
2015-09-30,TJS,1,10.3213,10.3213
2015-10-01,TJS,1,10.2505,10.2505
2015-10-02,TJS,1,10.1417,10.1417
2015-10-03,TJS,1,10.2833,10.2833
2015-10-06,TJS,1,10.2339,10.2339
2015-10-07,TJS,1,10.1522,10.1522
2015-10-08,TJS,10,97.2715,9.72715
2015-10-09,TJS,10,96.453,9.6453
2015-10-10,TJS,10,94.8939,9.48939
2015-10-13,TJS,10,94.6649,9.46649
2015-10-14,TJS,10,96.329,9.6329
2015-10-15,TJS,10,96.9659,9.69659
2015-10-16,TJS,10,95.6192,9.56192
2015-10-17,TJS,10,94.253,9.4253
2015-10-20,TJS,10,94.388,9.4388
2015-10-21,TJS,10,95.4943,9.54943
2015-10-22,TJS,10,96.2294,9.62294
2015-10-23,TJS,10,96.4646,9.64646
2015-10-24,TJS,10,95.143,9.5143
2015-10-27,TJS,10,96.0341,9.60341
2015-10-28,TJS,10,97.5878,9.75878
2015-10-29,TJS,1,10.037,10.037
2015-10-30,TJS,10,98.6375,9.86375
2015-10-31,TJS,10,98.8927,9.88927
2015-11-03,TJS,10,98.002,9.8002
2015-11-04,TJS,10,98.0913,9.80913
2015-11-06,TJS,10,95.7329,9.57329
2015-11-07,TJS,10,96.1619,9.61619
2015-11-10,TJS,10,97.6451,9.76451
2015-11-11,TJS,10,97.2377,9.72377
2015-11-12,TJS,10,97.5146,9.75146
2015-11-13,TJS,10,98.8434,9.88434
2015-11-14,TJS,1,10.0626,10.0626
2015-11-17,TJS,1,10.0371,10.0371
2015-11-18,TJS,10,99.8931,9.98931
2015-11-19,TJS,1,10.0776,10.0776
2015-11-20,TJS,1,10.0986,10.0986
2015-11-21,TJS,1,10.0914,10.0914
2015-11-24,TJS,1,10.2049,10.2049
2015-11-25,TJS,1,10.2089,10.2089
2015-11-26,TJS,10,99.0379,9.90379
2015-11-27,TJS,10,99.355,9.9355
2015-11-28,TJS,1,10.0196,10.0196
2015-12-01,TJS,1,10.0956,10.0956
2015-12-02,TJS,1,10.0232,10.0232
2015-12-03,TJS,1,10.3537,10.3537
2015-12-04,TJS,1,10.6188,10.6188
2015-12-05,TJS,1,10.0022,10.0022
2015-12-08,TJS,1,10.128,10.128
2015-12-09,TJS,1,10.2443,10.2443
2015-12-10,TJS,1,10.2299,10.2299
2015-12-11,TJS,1,10.2321,10.2321
2015-12-12,TJS,1,10.4337,10.4337
2015-12-15,TJS,1,10.5919,10.5919
2015-12-16,TJS,1,10.684,10.684
2015-12-17,TJS,1,10.6186,10.6186
2015-12-18,TJS,1,10.6464,10.6464
2015-12-19,TJS,1,10.7785,10.7785
2015-12-22,TJS,1,10.7701,10.7701
2015-12-23,TJS,1,10.7507,10.7507
2015-12-24,TJS,1,10.7231,10.7231
2015-12-25,TJS,1,10.5089,10.5089
2015-12-26,TJS,1,10.6227,10.6227
2015-12-29,TJS,1,10.7009,10.7009
2015-12-30,TJS,1,10.9361,10.9361
2015-12-31,TJS,1,10.9929,10.9929
2016-01-01,TJS,1,10.8907,10.8907
2016-01-12,TJS,1,10.4622,10.4622
2016-01-13,TJS,1,10.5668,10.5668
2016-01-14,TJS,1,10.4395,10.4395
2016-01-15,TJS,1,10.4797,10.4797
2016-01-16,TJS,1,10.4142,10.4142
2016-01-19,TJS,1,10.5609,10.5609
2016-01-20,TJS,1,10.5365,10.5365
2016-01-21,TJS,1,10.5205,10.5205
2016-01-22,TJS,1,11.0018,11.0018
2016-01-23,TJS,1,10.538,10.538
2016-01-26,TJS,1,10.1751,10.1751
2016-01-27,TJS,1,10.5531,10.5531
2016-01-28,TJS,1,10.1847,10.1847
2016-01-29,TJS,10,98.9416,9.89416
2016-01-30,TJS,10,95.7975,9.57975
2016-02-02,TJS,10,97.2881,9.72881
2016-02-03,TJS,10,99.34,9.934
2016-02-04,TJS,1,10.106,10.106
2016-02-05,TJS,10,97.5167,9.75167
2016-02-06,TJS,10,98.6139,9.86139
2016-02-09,TJS,10,97.9938,9.79938
2016-02-10,TJS,1,10.0313,10.0313
2016-02-11,TJS,1,10.0815,10.0815
2016-02-12,TJS,1,10.0969,10.0969
2016-02-13,TJS,1,10.1455,10.1455
2016-02-16,TJS,10,99.4619,9.94619
2016-02-17,TJS,10,97.5062,9.75062
2016-02-18,TJS,10,98.9266,9.89266
2016-02-19,TJS,10,95.8714,9.58714
2016-02-20,TJS,10,96.9723,9.69723
2016-02-21,TJS,10,98.0121,9.80121
2016-02-25,TJS,10,97.1857,9.71857
2016-02-26,TJS,10,97.384,9.7384
2016-02-27,TJS,10,95.7235,9.57235
2016-03-01,TJS,10,96.7611,9.67611
2016-03-02,TJS,10,94.4983,9.44983
2016-03-03,TJS,10,93.5463,9.35463
2016-03-04,TJS,10,93.8105,9.38105
2016-03-05,TJS,10,92.974,9.2974
2016-03-10,TJS,10,91.9138,9.19138
2016-03-11,TJS,10,90.2926,9.02926
2016-03-12,TJS,10,89.3283,8.93283
2016-03-15,TJS,10,89.1696,8.91696
2016-03-16,TJS,10,89.6268,8.96268
2016-03-17,TJS,10,90.197,9.0197
2016-03-18,TJS,10,87.0656,8.70656
2016-03-19,TJS,10,86.866,8.6866
2016-03-22,TJS,10,87.3815,8.73815
2016-03-23,TJS,10,86.246,8.6246
2016-03-24,TJS,10,86.0736,8.60736
2016-03-25,TJS,10,87.7231,8.77231
2016-03-26,TJS,10,87.0946,8.70946
2016-03-29,TJS,10,86.1637,8.61637
2016-03-30,TJS,10,87.3244,8.73244
2016-03-31,TJS,10,85.8727,8.58727
2016-04-01,TJS,10,86.2256,8.62256
2016-04-02,TJS,10,85.3288,8.53288
2016-04-05,TJS,10,87.2843,8.72843
2016-04-06,TJS,10,87.5629,8.75629
2016-04-07,TJS,10,87.5428,8.75428
2016-04-08,TJS,10,86.6159,8.66159
2016-04-09,TJS,10,86.1968,8.61968
2016-04-12,TJS,10,85.7663,8.57663
2016-04-13,TJS,10,84.7759,8.47759
2016-04-14,TJS,10,84.0226,8.40226
2016-04-15,TJS,10,84.9564,8.49564
2016-04-16,TJS,10,84.3791,8.43791
2016-04-19,TJS,10,86.9657,8.69657
2016-04-20,TJS,10,83.6273,8.36273
2016-04-21,TJS,10,83.1693,8.31693
2016-04-22,TJS,10,82.2066,8.22066
2016-04-23,TJS,10,83.5054,8.35054
2016-04-26,TJS,10,84.0221,8.40221
2016-04-27,TJS,10,84.5506,8.45506
2016-04-28,TJS,10,82.327,8.2327
2016-04-29,TJS,10,82.7098,8.27098
2016-04-30,TJS,10,81.7295,8.17295
2016-05-05,TJS,10,83.9264,8.39264
2016-05-06,TJS,10,83.6987,8.36987
2016-05-07,TJS,10,84.0864,8.40864
2016-05-11,TJS,10,84.2642,8.42642
2016-05-12,TJS,10,84.1606,8.41606
2016-05-13,TJS,10,82.5369,8.25369
2016-05-14,TJS,10,82.5039,8.25039
2016-05-17,TJS,10,82.457,8.2457
2016-05-18,TJS,10,82.063,8.2063
2016-05-19,TJS,10,82.763,8.2763
2016-05-20,TJS,10,84.1469,8.41469
2016-05-21,TJS,10,84.0754,8.40754
2016-05-24,TJS,10,85.5089,8.55089
2016-05-25,TJS,10,85.5221,8.55221
2016-05-26,TJS,10,83.7825,8.37825
2016-05-27,TJS,10,83.1712,8.31712
2016-05-28,TJS,10,83.9686,8.39686
2016-05-31,TJS,10,84.2889,8.42889
2016-06-01,TJS,10,83.9113,8.39113
2016-06-02,TJS,10,84.9689,8.49689
2016-06-03,TJS,10,84.8146,8.48146
2016-06-04,TJS,10,85.0005,8.50005
2016-06-07,TJS,10,83.5421,8.35421
2016-06-08,TJS,10,83.1216,8.31216
2016-06-09,TJS,10,82.4996,8.24996
2016-06-10,TJS,10,81.2495,8.12495
2016-06-11,TJS,10,82.5353,8.25353
2016-06-15,TJS,10,84.0084,8.40084
2016-06-16,TJS,10,84.1297,8.41297
2016-06-17,TJS,10,83.6872,8.36872
2016-06-18,TJS,10,83.151,8.3151
2016-06-21,TJS,10,81.4098,8.14098
2016-06-22,TJS,10,81.6467,8.16467
2016-06-23,TJS,10,81.2189,8.12189
2016-06-24,TJS,10,81.8857,8.18857
2016-06-25,TJS,10,83.4229,8.34229
2016-06-28,TJS,10,83.2486,8.32486
2016-06-29,TJS,10,82.6652,8.26652
2016-06-30,TJS,10,81.9611,8.19611
2016-07-01,TJS,10,81.8565,8.18565
2016-07-02,TJS,10,81.4459,8.14459
2016-07-05,TJS,10,81.2301,8.12301
2016-07-06,TJS,10,82.0263,8.20263
2016-07-07,TJS,10,82.3894,8.23894
2016-07-08,TJS,10,81.6964,8.16964
2016-07-09,TJS,10,81.7935,8.17935
2016-07-12,TJS,10,81.8386,8.18386
2016-07-13,TJS,10,81.5608,8.15608
2016-07-14,TJS,10,81.4453,8.14453
2016-07-15,TJS,10,81.1711,8.11711
2016-07-16,TJS,10,80.5736,8.05736
2016-07-19,TJS,10,80.4018,8.04018
2016-07-20,TJS,10,80.2409,8.02409
2016-07-21,TJS,10,80.6849,8.06849
2016-07-22,TJS,10,81.0907,8.10907
2016-07-23,TJS,10,82.275,8.2275
2016-07-26,TJS,10,82.8041,8.28041
2016-07-27,TJS,10,83.8531,8.38531
2016-07-28,TJS,10,83.8217,8.38217
2016-07-29,TJS,10,84.1126,8.41126
2016-07-30,TJS,10,85.2526,8.52526
2016-08-02,TJS,10,78.8232,7.88232
2016-08-03,TJS,10,84.983,8.4983
2016-08-04,TJS,10,84.8056,8.48056
2016-08-05,TJS,10,84.6324,8.46324
2016-08-06,TJS,10,83.3601,8.33601
2016-08-09,TJS,10,82.7462,8.27462
2016-08-10,TJS,10,82.2142,8.22142
2016-08-11,TJS,10,82.2509,8.22509
2016-08-12,TJS,10,82.4758,8.24758
2016-08-13,TJS,10,81.697,8.1697
2016-08-16,TJS,10,81.5853,8.15853
2016-08-17,TJS,10,81.1566,8.11566
2016-08-18,TJS,10,81.5734,8.15734
2016-08-19,TJS,10,80.6968,8.06968
2016-08-20,TJS,10,81.2441,8.12441
2016-08-23,TJS,10,81.8455,8.18455
2016-08-24,TJS,10,82.3763,8.23763
2016-08-25,TJS,10,82.6182,8.26182
2016-08-26,TJS,10,82.7864,8.27864
2016-08-27,TJS,10,82.2592,8.22592
2016-08-30,TJS,10,82.9586,8.29586
2016-08-31,TJS,10,82.6843,8.26843
2016-09-01,TJS,10,83.1255,8.31255
2016-09-02,TJS,10,83.0765,8.30765
2016-09-03,TJS,10,83.5363,8.35363
2016-09-06,TJS,10,82.5024,8.25024
2016-09-07,TJS,10,82.5868,8.25868
2016-09-08,TJS,10,81.3397,8.13397
2016-09-09,TJS,10,81.2356,8.12356
2016-09-10,TJS,10,81.4741,8.14741
2016-09-13,TJS,10,82.6176,8.26176
2016-09-14,TJS,10,82.0382,8.20382
2016-09-15,TJS,10,82.6112,8.26112
2016-09-16,TJS,10,82.9205,8.29205
2016-09-17,TJS,10,82.7422,8.27422
2016-09-20,TJS,10,82.4347,8.24347
2016-09-21,TJS,10,82.0676,8.20676
2016-09-22,TJS,10,81.8576,8.18576
2016-09-23,TJS,10,80.8033,8.08033
2016-09-24,TJS,10,80.9945,8.09945
2016-09-27,TJS,10,81.5647,8.15647
2016-09-28,TJS,10,80.6229,8.06229
2016-09-29,TJS,10,81.1045,8.11045
2016-09-30,TJS,10,80.2517,8.02517
2016-10-01,TJS,10,80.7078,8.07078
2016-10-04,TJS,10,79.4257,7.94257
2016-10-05,TJS,10,79.2791,7.92791
2016-10-06,TJS,10,79.1613,7.91613
2016-10-07,TJS,10,79.2757,7.92757
2016-10-08,TJS,10,79.115,7.9115
2016-10-11,TJS,10,79.3241,7.93241
2016-10-12,TJS,10,78.9272,7.89272
2016-10-13,TJS,10,79.63,7.963
2016-10-14,TJS,10,80.5423,8.05423
2016-10-15,TJS,10,80.2464,8.02464
2016-10-18,TJS,10,80.1409,8.01409
2016-10-19,TJS,10,80.0127,8.00127
2016-10-20,TJS,10,79.725,7.9725
2016-10-21,TJS,10,79.4645,7.94645
2016-10-22,TJS,10,79.2511,7.92511
2016-10-25,TJS,10,79.1793,7.91793
2016-10-26,TJS,10,78.8412,7.88412
2016-10-27,TJS,10,79.1102,7.91102
2016-10-28,TJS,10,80.2545,8.02545
2016-10-29,TJS,10,79.827,7.9827
2016-11-01,TJS,10,80.3271,8.03271
2016-11-02,TJS,10,80.4103,8.04103
2016-11-03,TJS,10,80.5802,8.05802
2016-11-04,TJS,10,80.5637,8.05637
2016-11-08,TJS,10,81.1265,8.11265
2016-11-09,TJS,10,80.8325,8.08325
2016-11-10,TJS,10,81.3403,8.13403
2016-11-11,TJS,10,80.4773,8.04773
2016-11-12,TJS,10,82.9202,8.29202
2016-11-15,TJS,10,83.4187,8.34187
2016-11-16,TJS,10,83.1966,8.31966
2016-11-17,TJS,10,82.0678,8.20678
2016-11-18,TJS,10,82.5896,8.25896
2016-11-19,TJS,10,82.5647,8.25647
2016-11-22,TJS,10,81.6208,8.16208
2016-11-23,TJS,10,80.6952,8.06952
2016-11-24,TJS,10,81.1778,8.11778
2016-11-25,TJS,10,81.9631,8.19631
2016-11-26,TJS,10,81.9498,8.19498
2016-11-29,TJS,10,82.4845,8.24845
2016-11-30,TJS,10,82.6271,8.26271
2016-12-01,TJS,10,82.58,8.258
2016-12-02,TJS,10,81.0187,8.10187
2016-12-03,TJS,10,81.2575,8.12575
2016-12-06,TJS,10,81.0193,8.10193
2016-12-07,TJS,10,80.9045,8.09045
2016-12-08,TJS,10,81.1573,8.11573
2016-12-09,TJS,10,80.3423,8.03423
2016-12-10,TJS,10,80.2826,8.02826
2016-12-13,TJS,10,78.2968,7.82968
2016-12-14,TJS,10,77.6959,7.76959
2016-12-15,TJS,10,77.0696,7.70696
2016-12-16,TJS,10,78.2362,7.82362
2016-12-17,TJS,10,78.3152,7.83152
2016-12-20,TJS,10,78.5173,7.85173
2016-12-21,TJS,10,78.3725,7.83725
2016-12-22,TJS,10,77.4515,7.74515
2016-12-23,TJS,10,77.2387,7.72387
2016-12-24,TJS,10,77.4209,7.74209
2016-12-27,TJS,10,77.197,7.7197
2016-12-28,TJS,10,77.1829,7.71829
2016-12-29,TJS,10,76.9885,7.69885
2016-12-30,TJS,10,76.4401,7.64401
2016-12-31,TJS,10,76.8295,7.68295
2017-01-10,TJS,10,76.0585,7.60585
2017-01-11,TJS,10,76.0346,7.60346
2017-01-12,TJS,10,76.5412,7.65412
2017-01-13,TJS,10,75.5528,7.55528
2017-01-14,TJS,10,75.2949,7.52949
2017-01-17,TJS,10,75.4993,7.54993
2017-01-18,TJS,10,75.5264,7.55264
2017-01-19,TJS,10,75.0101,7.50101
2017-01-20,TJS,10,75.0106,7.50106
2017-01-21,TJS,10,75.4596,7.54596
2017-01-24,TJS,10,75.3685,7.53685
2017-01-25,TJS,10,74.8396,7.48396
2017-01-26,TJS,10,74.7774,7.47774
2017-01-27,TJS,10,75.25,7.525
2017-01-28,TJS,10,76.2574,7.62574
2017-01-31,TJS,10,75.7705,7.57705
2017-02-01,TJS,10,76.009,7.6009
2017-02-02,TJS,10,75.9571,7.59571
2017-02-03,TJS,10,75.6919,7.56919
2017-02-04,TJS,10,74.8438,7.48438
2017-02-07,TJS,10,73.9913,7.39913
2017-02-08,TJS,10,74.6919,7.46919
2017-02-09,TJS,10,75.0005,7.50005
2017-02-10,TJS,10,74.3837,7.43837
2017-02-11,TJS,10,74.2532,7.42532
2017-02-14,TJS,10,73.1719,7.31719
2017-02-15,TJS,10,72.4906,7.24906
2017-02-16,TJS,10,70.8763,7.08763
2017-02-17,TJS,10,71.6174,7.16174
2017-02-18,TJS,10,71.7736,7.17736
2017-02-21,TJS,10,72.4398,7.24398
2017-02-22,TJS,10,70.4738,7.04738
2017-02-23,TJS,10,71.5768,7.15768
2017-02-28,TJS,10,71.8823,7.18823
2017-03-01,TJS,10,72.1378,7.21378
2017-03-02,TJS,10,71.9822,7.19822
2017-03-03,TJS,10,72.0181,7.20181
2017-03-04,TJS,10,72.5938,7.25938
2017-03-07,TJS,10,72.9121,7.29121
2017-03-08,TJS,10,72.0185,7.20185
2017-03-10,TJS,10,72.8116,7.28116
2017-03-11,TJS,10,72.7486,7.27486
2017-03-14,TJS,10,72.2452,7.22452
2017-03-15,TJS,10,71.9829,7.19829
2017-03-16,TJS,10,72.2209,7.22209
2017-03-17,TJS,10,71.3771,7.13771
2017-03-18,TJS,10,70.6948,7.06948
2017-03-21,TJS,10,69.9447,6.99447
2017-03-22,TJS,10,70.3316,7.03316
2017-03-23,TJS,10,70.7459,7.07459
2017-03-24,TJS,10,70.0643,7.00643
2017-03-25,TJS,10,70.3346,7.03346
2017-03-28,TJS,10,67.5032,6.75032
2017-03-29,TJS,10,68.9303,6.89303
2017-03-30,TJS,10,68.2106,6.82106
2017-03-31,TJS,10,68.2541,6.82541
2017-04-01,TJS,10,67.0588,6.70588
2017-04-04,TJS,10,67.5567,6.75567
2017-04-05,TJS,10,68.0528,6.80528
2017-04-06,TJS,10,66.3194,6.63194
2017-04-07,TJS,10,66.3183,6.63183
2017-04-08,TJS,10,67.4809,6.74809
2017-04-11,TJS,10,64.7738,6.47738
2017-04-12,TJS,10,64.2835,6.42835
2017-04-13,TJS,10,64.0582,6.40582
2017-04-14,TJS,10,63.7409,6.37409
2017-04-15,TJS,10,63.27,6.327
2017-04-18,TJS,10,63.3095,6.33095
2017-04-19,TJS,10,63.1108,6.31108
2017-04-20,TJS,10,63.2961,6.32961
2017-04-21,TJS,10,63.8918,6.38918
2017-04-22,TJS,10,63.6094,6.36094
2017-04-25,TJS,10,63.6543,6.36543
2017-04-26,TJS,10,63.5328,6.35328
2017-04-27,TJS,10,64.0905,6.40905
2017-04-28,TJS,10,64.556,6.4556
2017-04-29,TJS,10,64.828,6.4828
2017-05-03,TJS,10,64.5163,6.45163
2017-05-04,TJS,10,64.8044,6.48044
2017-05-05,TJS,10,65.3107,6.53107
2017-05-06,TJS,10,66.4075,6.64075
2017-05-11,TJS,10,65.8904,6.58904
2017-05-12,TJS,10,65.0525,6.50525
2017-05-13,TJS,10,65.1071,6.51071
2017-05-16,TJS,10,64.3802,6.43802
2017-05-17,TJS,10,63.8234,6.38234
2017-05-18,TJS,10,64.648,6.4648
2017-05-19,TJS,10,65.4797,6.54797
2017-05-20,TJS,10,64.9917,6.49917
2017-05-23,TJS,10,64.0939,6.40939
2017-05-24,TJS,10,64.4394,6.44394
2017-05-25,TJS,10,63.8755,6.38755
2017-05-26,TJS,10,63.6076,6.36076
2017-05-27,TJS,10,64.4588,6.44588
2017-05-30,TJS,10,64.5907,6.45907
2017-05-31,TJS,10,64.1144,6.41144
2017-06-01,TJS,10,64.3081,6.43081
2017-06-02,TJS,10,64.1158,6.41158
2017-06-03,TJS,10,64.3081,6.43081
2017-06-06,TJS,10,64.226,6.4226
2017-06-07,TJS,10,64.4031,6.44031
2017-06-08,TJS,10,64.3043,6.43043
2017-06-09,TJS,10,64.6463,6.46463
2017-06-10,TJS,10,64.9226,6.49226
2017-06-14,TJS,10,64.5966,6.45966
2017-06-15,TJS,10,64.7336,6.47336
2017-06-16,TJS,10,65.4256,6.54256
2017-06-17,TJS,10,65.5401,6.55401
2017-06-20,TJS,10,65.7872,6.57872
2017-06-21,TJS,10,66.491,6.6491
2017-06-22,TJS,10,68.1044,6.81044
2017-06-23,TJS,10,68.5332,6.85332
2017-06-24,TJS,10,67.7529,6.77529
2017-06-27,TJS,10,66.9535,6.69535
2017-06-28,TJS,10,66.8213,6.68213
2017-06-29,TJS,10,67.584,6.7584
2017-06-30,TJS,10,67.0284,6.70284
2017-07-01,TJS,10,67.3695,6.73695
2017-07-04,TJS,10,66.8968,6.68968
2017-07-05,TJS,10,67.4596,6.74596
2017-07-06,TJS,10,67.5879,6.75879
2017-07-07,TJS,10,68.3798,6.83798
2017-07-08,TJS,10,68.496,6.8496
2017-07-11,TJS,10,68.4465,6.84465
2017-07-12,TJS,10,68.9049,6.89049
2017-07-13,TJS,10,68.7722,6.87722
2017-07-14,TJS,10,68.5736,6.85736
2017-07-15,TJS,10,68.2011,6.82011
2017-07-18,TJS,10,67.273,6.7273
2017-07-19,TJS,10,67.3517,6.73517
2017-07-20,TJS,10,67.2057,6.72057
2017-07-21,TJS,10,67.3187,6.73187
2017-07-22,TJS,10,66.8548,6.68548
2017-07-25,TJS,10,67.7345,6.77345
2017-07-26,TJS,10,68.1576,6.81576
2017-07-27,TJS,10,68.0798,6.80798
2017-07-28,TJS,10,67.6924,6.76924
2017-07-29,TJS,10,67.8173,6.78173
2017-08-01,TJS,10,68.1376,6.81376
2017-08-02,TJS,10,68.1882,6.81882
2017-08-03,TJS,10,68.8431,6.88431
2017-08-04,TJS,10,68.9561,6.89561
2017-08-05,TJS,10,68.7382,6.87382
2017-08-08,TJS,10,68.1731,6.81731
2017-08-09,TJS,10,68.0915,6.80915
2017-08-10,TJS,10,68.0217,6.80217
2017-08-11,TJS,10,68.024,6.8024
2017-08-12,TJS,10,68.2783,6.82783
2017-08-15,TJS,10,67.8763,6.78763
2017-08-16,TJS,10,67.9825,6.79825
2017-08-17,TJS,10,67.6819,6.76819
2017-08-18,TJS,10,67.2138,6.72138
2017-08-19,TJS,10,67.3411,6.73411
2017-08-22,TJS,10,67.1293,6.71293
2017-08-23,TJS,10,66.9763,6.69763
2017-08-24,TJS,10,67.1183,6.71183
2017-08-25,TJS,10,67.0898,6.70898
2017-08-26,TJS,10,67.0988,6.70988
2017-08-29,TJS,10,66.4174,6.64174
2017-08-30,TJS,10,66.4005,6.64005
2017-08-31,TJS,10,66.6636,6.66636
2017-09-01,TJS,10,66.4157,6.64157
2017-09-02,TJS,10,65.908,6.5908
2017-09-05,TJS,10,65.5865,6.55865
2017-09-06,TJS,10,65.6644,6.56644
2017-09-07,TJS,10,65.1947,6.51947
2017-09-08,TJS,10,64.8226,6.48226
2017-09-09,TJS,10,64.6587,6.46587
2017-09-12,TJS,10,64.8937,6.48937
2017-09-13,TJS,10,64.9638,6.49638
2017-09-14,TJS,10,65.5503,6.55503
2017-09-15,TJS,10,65.6671,6.56671
2017-09-16,TJS,10,65.3977,6.53977
2017-09-19,TJS,10,65.4077,6.54077
2017-09-20,TJS,10,65.9844,6.59844
2017-09-21,TJS,10,66.1226,6.61226
2017-09-22,TJS,10,66.1827,6.61827
2017-09-23,TJS,10,65.4401,6.54401
2017-09-26,TJS,10,65.4345,6.54345
2017-09-27,TJS,10,65.3687,6.53687
2017-09-28,TJS,10,65.9005,6.59005
2017-09-29,TJS,10,66.3173,6.63173
2017-09-30,TJS,10,65.9658,6.59658
2017-10-03,TJS,10,65.7344,6.57344
2017-10-04,TJS,10,65.8381,6.58381
2017-10-05,TJS,10,65.5882,6.55882
2017-10-06,TJS,10,65.3217,6.53217
2017-10-07,TJS,10,65.6377,6.56377
2017-10-10,TJS,10,66.2672,6.62672
2017-10-11,TJS,10,66.0134,6.60134
2017-10-12,TJS,10,65.8567,6.58567
2017-10-13,TJS,10,65.5906,6.55906
2017-10-14,TJS,10,65.4768,6.54768
2017-10-17,TJS,10,64.8337,6.48337
2017-10-18,TJS,10,65.1486,6.51486
2017-10-19,TJS,10,65.0081,6.50081
2017-10-20,TJS,10,65.4211,6.54211
2017-10-21,TJS,10,65.3543,6.53543
2017-10-24,TJS,10,65.2334,6.52334
2017-10-25,TJS,10,65.4006,6.54006
2017-10-26,TJS,10,65.4429,6.54429
2017-10-27,TJS,10,65.6786,6.56786
2017-10-28,TJS,10,65.9663,6.59663
2017-10-31,TJS,10,65.6885,6.56885
2017-11-01,TJS,10,66.0543,6.60543
2017-11-02,TJS,10,66.011,6.6011
2017-11-03,TJS,10,65.9868,6.59868
2017-11-04,TJS,10,66.3219,6.63219
2017-11-08,TJS,10,66.4081,6.64081
2017-11-09,TJS,10,67.2509,6.72509
2017-11-10,TJS,10,67.2944,6.72944
2017-11-11,TJS,10,67.2881,6.72881
2017-11-14,TJS,10,67.206,6.7206
2017-11-15,TJS,10,67.7292,6.77292
2017-11-16,TJS,10,68.3095,6.83095
2017-11-17,TJS,10,68.0735,6.80735
2017-11-18,TJS,10,67.5722,6.75722
2017-11-21,TJS,10,67.2048,6.72048
2017-11-22,TJS,10,67.4537,6.74537
2017-11-23,TJS,10,67.0181,6.70181
2017-11-24,TJS,10,66.2867,6.62867
2017-11-25,TJS,10,66.3656,6.63656
2017-11-28,TJS,10,66.1115,6.61115
2017-11-29,TJS,10,66.1898,6.61898
2017-11-30,TJS,10,66.1725,6.61725
2017-12-01,TJS,10,66.4791,6.64791
2017-12-02,TJS,10,66.3427,6.63427
2017-12-05,TJS,10,66.9372,6.69372
2017-12-06,TJS,10,66.5824,6.65824
2017-12-07,TJS,10,66.8498,6.68498
2017-12-08,TJS,10,67.2658,6.72658
2017-12-09,TJS,10,67.1451,6.71451
2017-12-12,TJS,10,67.1216,6.71216
2017-12-13,TJS,10,66.6905,6.66905
2017-12-14,TJS,10,67.0574,6.70574
2017-12-15,TJS,10,66.5249,6.65249
2017-12-16,TJS,10,66.7475,6.67475
2017-12-19,TJS,10,66.5088,6.65088
2017-12-20,TJS,10,66.4909,6.64909
2017-12-21,TJS,10,66.5348,6.65348
2017-12-22,TJS,10,66.3986,6.63986
2017-12-23,TJS,10,66.1545,6.61545
2017-12-26,TJS,10,66.0226,6.60226
2017-12-27,TJS,10,65.4213,6.54213
2017-12-28,TJS,10,65.1093,6.51093
2017-12-29,TJS,10,65.3762,6.53762
2017-12-30,TJS,10,65.2634,6.52634
2018-01-10,TJS,10,64.715,6.4715
2018-01-11,TJS,10,64.421,6.4421
2018-01-12,TJS,10,64.618,6.4618
2018-01-13,TJS,10,64.2109,6.42109
2018-01-16,TJS,10,63.8605,6.38605
2018-01-17,TJS,10,63.91,6.391
2018-01-18,TJS,10,64.2002,6.42002
2018-01-19,TJS,10,64.3075,6.43075
2018-01-20,TJS,10,64.1601,6.41601
2018-01-23,TJS,10,64.1823,6.41823
2018-01-24,TJS,10,63.9949,6.39949
2018-01-25,TJS,10,63.8981,6.38981
2018-01-26,TJS,10,63.4473,6.34473
2018-01-27,TJS,10,63.298,6.3298
2018-01-30,TJS,10,63.8196,6.38196
2018-01-31,TJS,10,63.7718,6.37718
2018-02-01,TJS,10,63.7368,6.37368
2018-02-02,TJS,10,63.7609,6.37609
2018-02-03,TJS,10,63.4987,6.34987
2018-02-06,TJS,10,64.1748,6.41748
2018-02-07,TJS,10,64.9116,6.49116
2018-02-08,TJS,10,64.6059,6.46059
2018-02-09,TJS,10,65.3896,6.53896
2018-02-10,TJS,10,65.9664,6.59664
2018-02-13,TJS,10,65.8163,6.58163
2018-02-14,TJS,10,65.4619,6.54619
2018-02-15,TJS,10,65.2895,6.52895
2018-02-16,TJS,10,64.163,6.4163
2018-02-17,TJS,10,63.924,6.3924
2018-02-20,TJS,10,63.8478,6.38478
2018-02-21,TJS,10,64.0454,6.40454
2018-02-22,TJS,10,64.2697,6.42697
2018-02-23,TJS,10,64.3211,6.43211
2018-02-27,TJS,10,63.3699,6.33699
2018-02-28,TJS,10,63.0534,6.30534
2018-03-01,TJS,10,63.9272,6.39272
2018-03-02,TJS,10,64.0197,6.40197
2018-03-03,TJS,10,64.2058,6.42058
2018-03-06,TJS,10,64.7524,6.47524
2018-03-07,TJS,10,64.0999,6.40999
2018-03-08,TJS,10,64.3471,6.43471
2018-03-13,TJS,10,64.1498,6.41498
2018-03-14,TJS,10,64.5195,6.45195
2018-03-15,TJS,10,64.5913,6.45913
2018-03-16,TJS,10,64.6105,6.46105
2018-03-17,TJS,10,65.2231,6.52231
2018-03-20,TJS,10,65.2518,6.52518
2018-03-21,TJS,10,65.3906,6.53906
2018-03-22,TJS,10,65.1351,6.51351
2018-03-23,TJS,10,64.3989,6.43989
2018-03-24,TJS,10,64.6953,6.46953
2018-03-27,TJS,10,64.5937,6.45937
2018-03-28,TJS,10,64.7872,6.47872
2018-03-29,TJS,10,65.2236,6.52236
2018-03-30,TJS,10,65.4905,6.54905
2018-03-31,TJS,10,64.8725,6.48725
2018-04-03,TJS,10,64.9858,6.49858
2018-04-04,TJS,10,65.1983,6.51983
2018-04-05,TJS,10,65.4927,6.54927
2018-04-06,TJS,10,65.246,6.5246
2018-04-07,TJS,10,65.5334,6.55334
2018-04-10,TJS,10,66.3699,6.63699
2018-04-11,TJS,10,70.6741,7.06741
2018-04-12,TJS,10,72.4076,7.24076
2018-04-13,TJS,10,70.25,7.025
2018-04-14,TJS,10,69.5032,6.95032
2018-04-17,TJS,10,70.3977,7.03977
2018-04-18,TJS,10,69.0129,6.90129
2018-04-19,TJS,10,69.5132,6.95132
2018-04-20,TJS,10,68.6888,6.86888
2018-04-21,TJS,10,69.0488,6.90488
2018-04-24,TJS,10,69.5479,6.95479
2018-04-25,TJS,10,69.4169,6.94169
2018-04-26,TJS,10,69.5141,6.95141
2018-04-27,TJS,10,70.4153,7.04153
2018-04-28,TJS,10,70.554,7.0554
2018-04-29,TJS,10,69.7441,6.97441
2018-05-04,TJS,10,70.7003,7.07003
2018-05-05,TJS,10,70.3831,7.03831
2018-05-08,TJS,10,69.8671,6.98671
2018-05-09,TJS,10,70.1922,7.01922
2018-05-11,TJS,10,69.6789,6.96789
2018-05-12,TJS,10,68.8013,6.88013
2018-05-15,TJS,10,68.9764,6.89764
2018-05-16,TJS,10,69.0646,6.90646
2018-05-17,TJS,10,69.4187,6.94187
2018-05-18,TJS,10,68.8535,6.88535
2018-05-19,TJS,10,68.9864,6.89864
2018-05-22,TJS,10,69.6433,6.96433
2018-05-23,TJS,10,68.1799,6.81799
2018-05-24,TJS,10,68.5526,6.85526
2018-05-25,TJS,10,68.3499,6.83499
2018-05-26,TJS,10,68.6282,6.86282
2018-05-29,TJS,10,69.3017,6.93017
2018-05-30,TJS,10,69.6951,6.96951
2018-05-31,TJS,10,69.6042,6.96042
2018-06-01,TJS,10,68.9075,6.89075
2018-06-02,TJS,10,69.1081,6.91081
2018-06-05,TJS,10,68.6848,6.86848
2018-06-06,TJS,10,68.737,6.8737
2018-06-07,TJS,10,68.6549,6.86549
2018-06-08,TJS,10,68.4403,6.84403
2018-06-09,TJS,10,69.3875,6.93875
2018-06-10,TJS,10,68.7507,6.87507
2018-06-14,TJS,10,69.6073,6.96073
2018-06-15,TJS,10,68.5472,6.85472
2018-06-16,TJS,10,68.9871,6.89871
2018-06-19,TJS,10,69.8499,6.98499
2018-06-20,TJS,10,70.493,7.0493
2018-06-21,TJS,10,69.864,6.9864
2018-06-22,TJS,10,70.0505,7.00505
2018-06-23,TJS,10,69.4597,6.94597
2018-06-26,TJS,10,68.8893,6.88893
2018-06-27,TJS,10,68.7154,6.87154
2018-06-28,TJS,10,69.0689,6.90689
2018-06-29,TJS,10,69.095,6.9095
2018-06-30,TJS,10,68.3995,6.83995
2018-07-03,TJS,10,68.8994,6.88994
2018-07-04,TJS,10,69.0289,6.90289
2018-07-05,TJS,10,68.8504,6.88504
2018-07-06,TJS,10,68.8683,6.88683
2018-07-07,TJS,10,68.7202,6.87202
2018-07-10,TJS,10,68.4069,6.84069
2018-07-11,TJS,10,67.9798,6.79798
2018-07-12,TJS,10,67.597,6.7597
2018-07-13,TJS,10,67.7214,6.77214
2018-07-14,TJS,10,67.8164,6.78164
2018-07-17,TJS,10,66.0887,6.60887
2018-07-18,TJS,10,66.2794,6.62794
2018-07-19,TJS,10,68.4707,6.84707
2018-07-20,TJS,10,67.1705,6.71705
2018-07-21,TJS,10,67.4337,6.74337
2018-07-24,TJS,10,67.1224,6.71224
2018-07-25,TJS,10,66.7978,6.67978
2018-07-26,TJS,10,66.9677,6.69677
2018-07-27,TJS,10,66.8228,6.68228
2018-07-28,TJS,10,66.8854,6.68854
2018-07-31,TJS,10,66.646,6.6646
2018-08-01,TJS,10,66.2238,6.62238
2018-08-02,TJS,10,66.4108,6.64108
2018-08-03,TJS,10,67.016,6.7016
2018-08-04,TJS,10,67.3977,6.73977
2018-08-07,TJS,10,67.4143,6.74143
2018-08-08,TJS,10,67.4907,6.74907
2018-08-09,TJS,10,67.5106,6.75106
2018-08-10,TJS,10,70.3669,7.03669
2018-08-11,TJS,10,71.0195,7.10195
2018-08-14,TJS,10,72.4625,7.24625
2018-08-15,TJS,10,70.8636,7.08636
2018-08-16,TJS,10,70.4566,7.04566
2018-08-17,TJS,10,70.9742,7.09742
2018-08-18,TJS,10,71.031,7.1031
2018-08-21,TJS,10,71.355,7.1355
2018-08-22,TJS,10,71.2888,7.12888
2018-08-23,TJS,10,71.8176,7.18176
2018-08-24,TJS,10,72.7065,7.27065
2018-08-25,TJS,10,71.9529,7.19529
2018-08-28,TJS,10,71.584,7.1584
2018-08-29,TJS,10,71.5784,7.15784
2018-08-30,TJS,10,72.3025,7.23025
2018-08-31,TJS,10,72.2778,7.22778
2018-09-01,TJS,10,72.2052,7.22052
2018-09-04,TJS,10,71.9536,7.19536
2018-09-05,TJS,10,72.4597,7.24597
2018-09-06,TJS,10,72.7167,7.27167
2018-09-07,TJS,10,72.4143,7.24143
2018-09-08,TJS,10,73.2399,7.32399
2018-09-11,TJS,10,74.142,7.4142
2018-09-12,TJS,10,74.3223,7.43223
2018-09-13,TJS,10,73.8173,7.38173
2018-09-14,TJS,10,72.843,7.2843
2018-09-15,TJS,10,72.4676,7.24676
2018-09-18,TJS,10,72.4331,7.24331
2018-09-19,TJS,10,71.8853,7.18853
2018-09-20,TJS,10,71.0979,7.10979
2018-09-21,TJS,10,70.5279,7.05279
2018-09-22,TJS,10,70.2915,7.02915
2018-09-25,TJS,10,70.1956,7.01956
2018-09-26,TJS,10,69.8402,6.98402
2018-09-27,TJS,10,69.8444,6.98444
2018-09-28,TJS,10,69.8891,6.98891
2018-09-29,TJS,10,69.5921,6.95921
2018-10-02,TJS,10,69.5987,6.95987
2018-10-03,TJS,10,69.2012,6.92012
2018-10-04,TJS,10,69.4357,6.94357
2018-10-05,TJS,10,70.2666,7.02666
2018-10-06,TJS,10,70.7143,7.07143
2018-10-09,TJS,10,71.0692,7.10692
2018-10-10,TJS,10,70.4543,7.04543
2018-10-11,TJS,10,70.2358,7.02358
2018-10-12,TJS,10,70.9397,7.09397
2018-10-13,TJS,10,70.0373,7.00373
2018-10-16,TJS,10,69.8362,6.98362
2018-10-17,TJS,10,69.5284,6.95284
2018-10-18,TJS,10,69.4295,6.94295
2018-10-19,TJS,10,69.8075,6.98075
2018-10-20,TJS,10,69.8292,6.98292
2018-10-23,TJS,10,69.2944,6.92944
2018-10-24,TJS,10,69.2945,6.92945
2018-10-25,TJS,10,69.6494,6.96494
2018-10-26,TJS,10,69.8328,6.98328
2018-10-27,TJS,10,69.6387,6.96387
2018-10-30,TJS,10,69.828,6.9828
2018-10-31,TJS,10,69.8092,6.98092
2018-11-01,TJS,10,69.5981,6.95981
2018-11-02,TJS,10,69.6806,6.96806
2018-11-03,TJS,10,69.5808,6.95808
2018-11-07,TJS,10,70.0268,7.00268
2018-11-08,TJS,10,70.1611,7.01611
2018-11-09,TJS,10,70.2783,7.02783
2018-11-10,TJS,10,70.9266,7.09266
2018-11-13,TJS,10,71.6448,7.16448
2018-11-14,TJS,10,71.7989,7.17989
2018-11-15,TJS,10,72.1872,7.21872
2018-11-16,TJS,10,70.6837,7.06837
2018-11-17,TJS,10,70.0341,7.00341
2018-11-20,TJS,10,70.0723,7.00723
2018-11-21,TJS,10,69.5884,6.95884
2018-11-22,TJS,10,69.9734,6.99734
2018-11-23,TJS,10,69.6114,6.96114
2018-11-24,TJS,10,69.7096,6.97096
2018-11-27,TJS,10,70.5647,7.05647
2018-11-28,TJS,10,70.8917,7.08917
2018-11-29,TJS,10,71.0654,7.10654
2018-11-30,TJS,10,70.6934,7.06934
2018-12-01,TJS,10,70.63,7.063
2018-12-04,TJS,10,70.3671,7.03671
2018-12-05,TJS,10,70.5379,7.05379
2018-12-06,TJS,10,70.9386,7.09386
2018-12-07,TJS,10,70.8468,7.08468
2018-12-08,TJS,10,71.0809,7.10809
2018-12-11,TJS,10,70.2747,7.02747
2018-12-12,TJS,10,70.6343,7.06343
2018-12-13,TJS,10,70.5122,7.05122
2018-12-14,TJS,10,70.2971,7.02971
2018-12-15,TJS,10,70.5241,7.05241
2018-12-18,TJS,10,70.7227,7.07227
2018-12-19,TJS,10,70.8174,7.08174
2018-12-20,TJS,10,71.2065,7.12065
2018-12-21,TJS,10,71.5191,7.15191
2018-12-22,TJS,10,72.1959,7.21959
2018-12-25,TJS,10,72.5807,7.25807
2018-12-26,TJS,10,72.9388,7.29388
2018-12-27,TJS,10,73.1046,7.31046
2018-12-28,TJS,10,73.0689,7.30689
2018-12-29,TJS,10,73.7225,7.37225
2018-12-30,TJS,10,73.6573,7.36573
2019-01-10,TJS,10,71.0964,7.10964
2019-01-11,TJS,10,70.8681,7.08681
2019-01-12,TJS,10,70.9239,7.09239
2019-01-15,TJS,10,71.2157,7.12157
2019-01-16,TJS,10,71.1368,7.11368
2019-01-17,TJS,10,70.7971,7.07971
2019-01-18,TJS,10,70.4227,7.04227
2019-01-19,TJS,10,70.2792,7.02792
2019-01-22,TJS,10,70.3748,7.03748
2019-01-23,TJS,10,70.4948,7.04948
2019-01-24,TJS,10,70.2638,7.02638
2019-01-25,TJS,10,69.914,6.9914
2019-01-26,TJS,10,69.9014,6.99014
2019-01-29,TJS,10,69.8781,6.98781
2019-01-30,TJS,10,70.2953,7.02953
2019-01-31,TJS,10,70.0941,7.00941
2019-02-01,TJS,10,69.3083,6.93083
2019-02-02,TJS,10,69.629,6.9629
2019-02-05,TJS,10,69.4884,6.94884
2019-02-06,TJS,10,69.4956,6.94956
2019-02-07,TJS,10,69.638,6.9638
2019-02-08,TJS,10,70.0105,7.00105
2019-02-09,TJS,10,70.0189,7.00189
2019-02-12,TJS,10,69.536,6.9536
2019-02-13,TJS,10,69.6499,6.96499
2019-02-14,TJS,10,69.6113,6.96113
2019-02-15,TJS,10,70.5651,7.05651
2019-02-16,TJS,10,70.6809,7.06809
2019-02-19,TJS,10,70.1888,7.01888
2019-02-20,TJS,10,70.2038,7.02038
2019-02-21,TJS,10,69.7606,6.97606
2019-02-22,TJS,10,69.4649,6.94649
2019-02-23,TJS,10,69.4131,6.94131
2019-02-26,TJS,10,69.1412,6.91412
2019-02-27,TJS,10,69.5476,6.95476
2019-02-28,TJS,10,69.7317,6.97317
2019-03-01,TJS,10,69.8352,6.98352
2019-03-02,TJS,10,69.7306,6.97306
2019-03-05,TJS,10,69.7726,6.97726
2019-03-06,TJS,10,69.7777,6.97777
2019-03-07,TJS,10,69.746,6.9746
2019-03-08,TJS,10,69.897,6.9897
2019-03-12,TJS,10,70.0332,7.00332
2019-03-13,TJS,10,69.7427,6.97427
2019-03-14,TJS,10,69.5536,6.95536
2019-03-15,TJS,10,69.3554,6.93554
2019-03-16,TJS,10,69.3193,6.93193
2019-03-19,TJS,10,68.542,6.8542
2019-03-20,TJS,10,68.1501,6.81501
2019-03-21,TJS,10,68.0964,6.80964
2019-03-22,TJS,10,67.5247,6.75247
2019-03-23,TJS,10,67.5549,6.75549
2019-03-26,TJS,10,68.398,6.8398
2019-03-27,TJS,10,68.047,6.8047
2019-03-28,TJS,10,68.4968,6.84968
2019-03-29,TJS,10,68.6635,6.86635
2019-03-30,TJS,10,68.5931,6.85931
2019-04-02,TJS,10,69.2873,6.92873
2019-04-03,TJS,10,69.3595,6.93595
2019-04-04,TJS,10,69.0478,6.90478
2019-04-05,TJS,10,69.2769,6.92769
2019-04-06,TJS,10,69.324,6.9324
2019-04-09,TJS,10,69.2999,6.92999
2019-04-10,TJS,10,68.692,6.8692
2019-04-11,TJS,10,68.6504,6.86504
2019-04-12,TJS,10,68.2917,6.82917
2019-04-13,TJS,10,68.4169,6.84169
2019-04-16,TJS,10,68.1303,6.81303
2019-04-17,TJS,10,68.0892,6.80892
2019-04-18,TJS,10,67.7355,6.77355
2019-04-19,TJS,10,67.9415,6.79415
2019-04-20,TJS,10,67.758,6.7758
2019-04-23,TJS,10,67.6416,6.76416
2019-04-24,TJS,10,67.5762,6.75762
2019-04-25,TJS,10,67.8471,6.78471
2019-04-26,TJS,10,68.589,6.8589
2019-04-27,TJS,10,68.5307,6.85307
2019-04-30,TJS,10,68.5475,6.85475
2019-05-01,TJS,10,68.5381,6.85381
2019-05-07,TJS,10,69.2475,6.92475
2019-05-08,TJS,10,69.122,6.9122
2019-05-09,TJS,10,69.0945,6.90945
2019-05-14,TJS,10,69.3725,6.93725
2019-05-15,TJS,10,69.1606,6.91606
2019-05-16,TJS,10,68.6973,6.86973
2019-05-17,TJS,10,68.4077,6.84077
2019-05-18,TJS,10,68.485,6.8485
2019-05-21,TJS,10,68.3869,6.83869
2019-05-22,TJS,10,68.4382,6.84382
2019-05-23,TJS,10,68.273,6.8273
2019-05-24,TJS,10,68.3895,6.83895
2019-05-25,TJS,10,68.4797,6.84797
2019-05-28,TJS,10,68.3239,6.83239
2019-05-29,TJS,10,68.4768,6.84768
2019-05-30,TJS,10,68.8318,6.88318
2019-05-31,TJS,10,69.0274,6.90274
2019-06-01,TJS,10,69.2988,6.92988
2019-06-04,TJS,10,69.5172,6.95172
2019-06-05,TJS,10,69.0452,6.90452
2019-06-06,TJS,10,68.9905,6.89905
2019-06-07,TJS,10,69.0994,6.90994
2019-06-08,TJS,10,68.9708,6.89708
2019-06-11,TJS,10,68.6231,6.86231
2019-06-12,TJS,10,68.4155,6.84155
2019-06-14,TJS,10,68.5381,6.85381
2019-06-15,TJS,10,68.291,6.8291
2019-06-18,TJS,10,68.1703,6.81703
2019-06-19,TJS,10,68.1878,6.81878
2019-06-20,TJS,10,67.8467,6.78467
2019-06-21,TJS,10,67.143,6.7143
2019-06-22,TJS,10,66.9454,6.69454
2019-06-25,TJS,10,66.7121,6.67121
2019-06-26,TJS,10,66.3021,6.63021
2019-06-27,TJS,10,66.5695,6.65695
2019-06-28,TJS,10,66.7873,6.67873
2019-06-29,TJS,10,66.8528,6.68528
2019-07-02,TJS,10,66.7826,6.67826
2019-07-03,TJS,10,66.995,6.6995
2019-07-04,TJS,10,67.2568,6.72568
2019-07-05,TJS,10,67.1645,6.71645
2019-07-06,TJS,10,67.4275,6.74275
2019-07-09,TJS,10,67.7305,6.77305
2019-07-10,TJS,10,67.6204,6.76204
2019-07-11,TJS,10,67.6551,6.76551
2019-07-12,TJS,10,66.7667,6.67667
2019-07-13,TJS,10,66.8297,6.68297
2019-07-16,TJS,10,66.6257,6.66257
2019-07-17,TJS,10,66.6097,6.66097
2019-07-18,TJS,10,66.7498,6.67498
2019-07-19,TJS,10,66.6263,6.66263
2019-07-20,TJS,10,66.6666,6.66666
2019-07-23,TJS,10,66.7843,6.67843
2019-07-24,TJS,10,66.8754,6.68754
2019-07-25,TJS,10,66.9313,6.69313
2019-07-26,TJS,10,66.9748,6.69748
2019-07-27,TJS,10,66.8599,6.68599
2019-07-30,TJS,10,67.3249,6.73249
2019-07-31,TJS,10,67.2101,6.72101
2019-08-01,TJS,10,67.2148,6.72148
2019-08-02,TJS,10,67.6925,6.76925
2019-08-03,TJS,10,68.4785,6.84785
2019-08-06,TJS,10,68.9152,6.89152
2019-08-07,TJS,10,69.0893,6.90893
2019-08-08,TJS,10,68.9912,6.89912
2019-08-09,TJS,10,69.0667,6.90667
2019-08-10,TJS,10,69.1121,6.91121
2019-08-13,TJS,10,69.3042,6.93042
2019-08-14,TJS,10,69.567,6.9567
2019-08-15,TJS,10,69.1444,6.91444
2019-08-16,TJS,10,69.8365,6.98365
2019-08-17,TJS,10,69.9853,6.99853
2019-08-20,TJS,10,70.6344,7.06344
2019-08-21,TJS,10,68.885,6.8885
2019-08-22,TJS,10,68.3829,6.83829
2019-08-23,TJS,10,67.7189,6.77189
2019-08-24,TJS,10,67.6685,6.76685
2019-08-27,TJS,10,68.0841,6.80841
2019-08-28,TJS,10,68.3806,6.83806
2019-08-29,TJS,10,68.502,6.8502
2019-08-30,TJS,10,68.918,6.8918
2019-08-31,TJS,10,68.6522,6.86522
2019-09-03,TJS,10,68.7904,6.87904
2019-09-04,TJS,10,69.0477,6.90477
2019-09-05,TJS,10,68.6277,6.86277
2019-09-06,TJS,10,68.1835,6.81835
2019-09-07,TJS,10,68.1095,6.81095
2019-09-10,TJS,10,67.6626,6.76626
2019-09-11,TJS,10,67.5328,6.75328
2019-09-12,TJS,10,67.5254,6.75254
2019-09-13,TJS,10,67.2938,6.72938
2019-09-14,TJS,10,66.5508,6.65508
2019-09-17,TJS,10,65.8861,6.58861
2019-09-18,TJS,10,66.1727,6.61727
2019-09-19,TJS,10,66.4902,6.64902
2019-09-20,TJS,10,66.2744,6.62744
2019-09-21,TJS,10,65.8913,6.58913
2019-09-24,TJS,10,65.991,6.5991
2019-09-25,TJS,10,65.7441,6.57441
2019-09-26,TJS,10,66.2408,6.62408
2019-09-27,TJS,10,66.3455,6.63455
2019-09-28,TJS,10,66.4764,6.64764
2019-10-01,TJS,10,66.7087,6.67087
2019-10-02,TJS,10,67.1486,6.71486
2019-10-03,TJS,10,67.5334,6.75334
2019-10-04,TJS,10,67.2149,6.72149
2019-10-05,TJS,10,67.091,6.7091
2019-10-08,TJS,10,66.886,6.6886
2019-10-09,TJS,10,66.9079,6.69079
2019-10-10,TJS,10,67.1802,6.71802
2019-10-11,TJS,10,66.8128,6.68128
2019-10-12,TJS,10,66.2783,6.62783
2019-10-15,TJS,10,66.4209,6.64209
2019-10-16,TJS,10,66.3104,6.63104
2019-10-17,TJS,10,66.404,6.6404
2019-10-18,TJS,10,66.0623,6.60623
2019-10-19,TJS,10,66.0002,6.60002
2019-10-22,TJS,10,65.8004,6.58004
2019-10-23,TJS,10,65.6693,6.56693
2019-10-24,TJS,10,65.8408,6.58408
2019-10-25,TJS,10,65.8704,6.58704
2019-10-26,TJS,10,66.044,6.6044
2019-10-29,TJS,10,65.9133,6.59133
2019-10-30,TJS,10,65.8299,6.58299
2019-10-31,TJS,10,65.8828,6.58828
2019-11-01,TJS,10,65.7811,6.57811
2019-11-02,TJS,10,66.0801,6.60801
2019-11-06,TJS,10,65.2714,6.52714
2019-11-07,TJS,10,65.579,6.5579
2019-11-08,TJS,10,65.7347,6.57347
2019-11-09,TJS,10,65.7683,6.57683
2019-11-12,TJS,10,65.9568,6.59568
2019-11-13,TJS,10,65.855,6.5855
2019-11-14,TJS,10,66.2206,6.62206
2019-11-15,TJS,10,66.2069,6.62069
2019-11-16,TJS,10,65.8783,6.58783
2019-11-19,TJS,10,65.7626,6.57626
2019-11-20,TJS,10,65.965,6.5965
2019-11-21,TJS,10,66.0265,6.60265
2019-11-22,TJS,10,65.8406,6.58406
2019-11-23,TJS,10,65.7144,6.57144
2019-11-26,TJS,10,65.8213,6.58213
2019-11-27,TJS,10,66.0353,6.60353
2019-11-28,TJS,10,65.9949,6.59949
2019-11-29,TJS,10,66.1225,6.61225
2019-11-30,TJS,10,66.1318,6.61318
2019-12-03,TJS,10,66.4703,6.64703
2019-12-04,TJS,10,66.1518,6.61518
2019-12-05,TJS,10,66.2184,6.62184
2019-12-06,TJS,10,65.821,6.5821
2019-12-07,TJS,10,65.8249,6.58249
2019-12-10,TJS,10,65.8242,6.58242
2019-12-11,TJS,10,65.6602,6.56602
2019-12-12,TJS,10,65.5718,6.55718
2019-12-13,TJS,10,65.2147,6.52147
2019-12-14,TJS,10,64.6156,6.46156
2019-12-17,TJS,10,64.8369,6.48369
2019-12-18,TJS,10,64.5931,6.45931
2019-12-19,TJS,10,64.6453,6.46453
2019-12-20,TJS,10,64.5954,6.45954
2019-12-21,TJS,10,64.4635,6.44635
2019-12-24,TJS,10,64.2288,6.42288
2019-12-25,TJS,10,64.131,6.4131
2019-12-26,TJS,10,63.6593,6.36593
2019-12-27,TJS,10,63.7108,6.37108
2019-12-28,TJS,10,63.9797,6.39797
2019-12-31,TJS,10,63.8862,6.38862
2020-01-01,TJS,10,63.898,6.3898
2020-01-10,TJS,10,63.193,6.3193
2020-01-11,TJS,10,63.1697,6.31697
2020-01-14,TJS,10,62.8447,6.28447
2020-01-15,TJS,10,63.3382,6.33382
2020-01-16,TJS,10,63.3981,6.33981
2020-01-17,TJS,10,63.5063,6.35063
2020-01-18,TJS,10,63.4691,6.34691
2020-01-21,TJS,10,63.4069,6.34069
2020-01-22,TJS,10,63.8025,6.38025
2020-01-23,TJS,10,63.7796,6.37796
2020-01-24,TJS,10,63.9334,6.39334
2020-01-25,TJS,10,63.7803,6.37803
2020-01-28,TJS,10,64.2991,6.42991
2020-01-29,TJS,10,64.7931,6.47931
2020-01-30,TJS,10,64.3576,6.43576
2020-01-31,TJS,10,65.019,6.5019
2020-02-01,TJS,10,65.1248,6.51248
2020-02-04,TJS,10,65.9196,6.59196
2020-02-05,TJS,10,65.4298,6.54298
2020-02-06,TJS,10,65.1428,6.51428
2020-02-07,TJS,10,64.774,6.4774
2020-02-08,TJS,10,65.4695,6.54695
2020-02-11,TJS,10,65.7912,6.57912
2020-02-12,TJS,10,65.9676,6.59676
2020-02-13,TJS,10,65.0338,6.50338
2020-02-14,TJS,10,65.6025,6.56025
2020-02-15,TJS,10,65.439,6.5439
2020-02-18,TJS,10,65.2894,6.52894
2020-02-19,TJS,10,65.759,6.5759
2020-02-20,TJS,10,65.6672,6.56672
2020-02-21,TJS,10,65.7384,6.57384
2020-02-22,TJS,10,66.3394,6.63394
2020-02-26,TJS,10,66.9982,6.69982
2020-02-27,TJS,10,67.5663,6.75663
2020-02-28,TJS,10,67.7646,6.77646
2020-02-29,TJS,10,69.1912,6.91912
2020-03-03,TJS,10,68.52,6.852
2020-03-04,TJS,10,68.6331,6.86331
2020-03-05,TJS,10,68.1572,6.81572
2020-03-06,TJS,10,68.3663,6.83663
2020-03-07,TJS,10,69.7423,6.97423
2020-03-11,TJS,10,74.3249,7.43249
2020-03-12,TJS,10,73.8271,7.38271
2020-03-13,TJS,10,76.309,7.6309
2020-03-14,TJS,10,75.4907,7.54907
2020-03-17,TJS,10,76.3008,7.63008
2020-03-18,TJS,10,75.9283,7.59283
2020-03-19,TJS,10,79.3027,7.93027
2020-03-20,TJS,10,82.284,8.2284
2020-03-21,TJS,10,80.0742,8.00742
2020-03-24,TJS,10,82.9426,8.29426
2020-03-25,TJS,10,77.3032,7.73032
2020-03-26,TJS,10,76.3049,7.63049
2020-03-27,TJS,10,77.1409,7.71409
2020-03-28,TJS,10,76.2457,7.62457
2020-04-07,TJS,10,74.8358,7.48358
2020-04-08,TJS,10,73.903,7.3903
2020-04-09,TJS,10,74.0468,7.40468
2020-04-10,TJS,10,72.892,7.2892
2020-04-11,TJS,10,72.0934,7.20934
2020-04-14,TJS,10,71.8363,7.18363
2020-04-15,TJS,10,71.6317,7.16317
2020-04-16,TJS,10,71.9517,7.19517
2020-04-17,TJS,10,72.9074,7.29074
2020-04-18,TJS,10,72.1758,7.21758
2020-04-21,TJS,10,72.8801,7.28801
2020-04-22,TJS,10,74.4144,7.44144
2020-04-23,TJS,10,75.1992,7.51992
2020-04-24,TJS,10,73.3145,7.33145
2020-04-25,TJS,10,72.9295,7.29295
2020-04-28,TJS,10,72.7145,7.27145
2020-04-29,TJS,10,72.8229,7.28229
2020-04-30,TJS,10,71.9272,7.19272
2020-05-01,TJS,10,70.9698,7.09698
2020-05-07,TJS,10,72.1853,7.21853
2020-05-08,TJS,10,72.3092,7.23092
2020-05-09,TJS,10,71.9654,7.19654
2020-05-13,TJS,10,71.5369,7.15369
2020-05-14,TJS,10,71.6649,7.16649
2020-05-15,TJS,10,72.0563,7.20563
2020-05-16,TJS,10,71.3157,7.13157
2020-05-19,TJS,10,71.1304,7.11304
2020-05-20,TJS,10,70.6434,7.06434
2020-05-21,TJS,10,70.505,7.0505
2020-05-22,TJS,10,69.211,6.9211
2020-05-23,TJS,10,70.1443,7.01443
2020-05-26,TJS,10,69.7139,6.97139
2020-05-27,TJS,10,69.4226,6.94226
2020-05-28,TJS,10,69.3472,6.93472
2020-05-29,TJS,10,69.2994,6.92994
2020-05-30,TJS,10,69.0432,6.90432
2020-06-02,TJS,10,68.0277,6.80277
2020-06-03,TJS,10,67.1532,6.71532
2020-06-04,TJS,10,66.5284,6.65284
2020-06-05,TJS,10,67.1843,6.71843
2020-06-06,TJS,10,66.7139,6.67139
2020-06-09,TJS,10,66.4517,6.64517
2020-06-10,TJS,10,66.7553,6.67553
2020-06-11,TJS,10,66.6521,6.66521
2020-06-12,TJS,10,67.1902,6.71902
2020-06-16,TJS,10,68.4111,6.84111
2020-06-17,TJS,10,67.7043,6.77043
2020-06-18,TJS,10,67.4094,6.74094
2020-06-19,TJS,10,67.5411,6.75411
2020-06-20,TJS,10,67.497,6.7497
2020-06-23,TJS,10,67.427,6.7427
2020-06-24,TJS,10,66.7678,6.67678
2020-06-25,TJS,10,66.784,6.6784
2020-06-26,TJS,10,67.4427,6.74427
2020-06-27,TJS,10,67.0661,6.70661
2020-06-30,TJS,10,67.8809,6.78809
2020-07-01,TJS,10,68.3398,6.83398
2020-07-02,TJS,10,68.3564,6.83564
2020-07-03,TJS,10,68.416,6.8416
2020-07-04,TJS,10,68.3967,6.83967
2020-07-07,TJS,10,69.263,6.9263
2020-07-08,TJS,10,70.1038,7.01038
2020-07-09,TJS,10,69.1127,6.91127
2020-07-10,TJS,10,68.7655,6.87655
2020-07-11,TJS,10,69.1048,6.91048
2020-07-14,TJS,10,68.6373,6.86373
2020-07-15,TJS,10,69.0223,6.90223
2020-07-16,TJS,10,68.6877,6.86877
2020-07-17,TJS,10,69.106,6.9106
2020-07-18,TJS,10,69.5745,6.95745
2020-07-21,TJS,10,69.816,6.9816
2020-07-22,TJS,10,68.9333,6.89333
2020-07-23,TJS,10,68.7263,6.87263
2020-07-24,TJS,10,68.846,6.8846
2020-07-25,TJS,10,69.4615,6.94615
2020-07-28,TJS,10,69.3989,6.93989
2020-07-29,TJS,10,69.7402,6.97402
2020-07-30,TJS,10,70.0289,7.00289
2020-07-31,TJS,10,71.1402,7.11402
2020-08-01,TJS,10,71.1838,7.11838
2020-08-04,TJS,10,71.9288,7.19288
2020-08-05,TJS,10,71.1397,7.11397
2020-08-06,TJS,10,71.06,7.106
2020-08-07,TJS,10,70.8264,7.08264
2020-08-08,TJS,10,71.4062,7.14062
2020-08-11,TJS,10,71.5394,7.15394
2020-08-12,TJS,10,70.9355,7.09355
2020-08-13,TJS,10,71.0331,7.10331
2020-08-14,TJS,10,71.3589,7.13589
2020-08-15,TJS,10,70.9798,7.09798
2020-08-18,TJS,10,70.7222,7.07222
2020-08-19,TJS,10,71.2242,7.12242
2020-08-20,TJS,10,70.9854,7.09854
2020-08-21,TJS,10,71.5009,7.15009
2020-08-22,TJS,10,71.8196,7.18196
2020-08-25,TJS,10,72.1283,7.21283
2020-08-26,TJS,10,72.2371,7.22371
2020-08-27,TJS,10,73.2311,7.32311
2020-08-28,TJS,10,72.9202,7.29202
2020-08-29,TJS,10,72.3414,7.23414
2020-09-01,TJS,10,71.5327,7.15327
2020-09-02,TJS,10,71.3724,7.13724
2020-09-03,TJS,10,71.5859,7.15859
2020-09-04,TJS,10,73.1634,7.31634
2020-09-05,TJS,10,72.8864,7.28864
2020-09-08,TJS,10,73.2116,7.32116
2020-09-09,TJS,10,73.609,7.3609
2020-09-10,TJS,10,73.6411,7.36411
2020-09-11,TJS,10,73.1323,7.31323
2020-09-12,TJS,10,72.5674,7.25674
2020-09-15,TJS,10,72.363,7.2363
2020-09-16,TJS,10,72.857,7.2857
2020-09-17,TJS,10,72.6045,7.26045
2020-09-18,TJS,10,72.8625,7.28625
2020-09-19,TJS,10,72.7053,7.27053
2020-09-22,TJS,10,73.6803,7.36803
2020-09-23,TJS,10,73.8703,7.38703
2020-09-24,TJS,10,73.9869,7.39869
2020-09-25,TJS,10,74.7849,7.47849
2020-09-26,TJS,10,74.4015,7.44015
2020-09-29,TJS,10,76.195,7.6195
2020-09-30,TJS,10,77.1763,7.71763
2020-10-01,TJS,10,76.3418,7.63418
2020-10-02,TJS,10,74.8449,7.48449
2020-10-03,TJS,10,75.6701,7.56701
2020-10-06,TJS,10,75.7055,7.57055
2020-10-07,TJS,10,76.0774,7.60774
2020-10-08,TJS,10,75.6706,7.56706
2020-10-09,TJS,10,75.4631,7.54631
2020-10-10,TJS,10,74.6399,7.46399
2020-10-13,TJS,10,74.6356,7.46356
2020-10-14,TJS,10,74.7804,7.47804
2020-10-15,TJS,10,74.7711,7.47711
2020-10-16,TJS,10,75.4195,7.54195
2020-10-17,TJS,10,75.4373,7.54373
2020-10-20,TJS,10,75.5078,7.55078
2020-10-21,TJS,10,75.3663,7.53663
2020-10-22,TJS,10,74.6436,7.46436
2020-10-23,TJS,10,74.5824,7.45824
2020-10-24,TJS,10,74.0956,7.40956
2020-10-27,TJS,10,73.9664,7.39664
2020-10-28,TJS,10,73.9774,7.39774
2020-10-29,TJS,10,75.1473,7.51473
2020-10-30,TJS,10,76.3134,7.63134
2020-10-31,TJS,10,76.6866,7.66866
2020-11-03,TJS,10,77.869,7.7869
2020-11-04,TJS,10,77.52,7.752
2020-11-06,TJS,10,69.2614,6.92614
2020-11-07,TJS,10,68.1417,6.81417
2020-11-10,TJS,10,67.9483,6.79483
2020-11-11,TJS,10,67.4445,6.74445
2020-11-12,TJS,10,67.2914,6.72914
2020-11-13,TJS,10,68.0775,6.80775
2020-11-14,TJS,10,68.2641,6.82641
2020-11-17,TJS,10,67.9203,6.79203
2020-11-18,TJS,10,67.3167,6.73167
2020-11-19,TJS,10,67.0435,6.70435
2020-11-20,TJS,10,67.3253,6.73253
2020-11-21,TJS,10,67.104,6.7104
2020-11-24,TJS,10,66.8815,6.68815
2020-11-25,TJS,10,66.9297,6.69297
2020-11-26,TJS,10,66.6279,6.66279
2020-11-27,TJS,10,66.6094,6.66094
2020-11-28,TJS,10,66.9697,6.69697
2020-12-01,TJS,10,67.2698,6.72698
2020-12-02,TJS,10,67.391,6.7391
2020-12-03,TJS,10,66.7536,6.67536
2020-12-04,TJS,10,66.3868,6.63868
2020-12-05,TJS,10,65.5655,6.55655
2020-12-08,TJS,10,65.549,6.5549
2020-12-09,TJS,10,65.0292,6.50292
2020-12-10,TJS,10,64.8723,6.48723
2020-12-11,TJS,10,65.0738,6.50738
2020-12-12,TJS,10,64.5504,6.45504
2020-12-15,TJS,10,64.3807,6.43807
2020-12-16,TJS,10,64.8524,6.48524
2020-12-17,TJS,10,64.8301,6.48301
2020-12-18,TJS,10,64.5824,6.45824
2020-12-19,TJS,10,64.8236,6.48236
2020-12-22,TJS,10,66.0231,6.60231
2020-12-23,TJS,10,66.534,6.6534
2020-12-24,TJS,10,66.6288,6.66288
2020-12-25,TJS,10,66.0686,6.60686
2020-12-26,TJS,10,65.0559,6.50559
2020-12-29,TJS,10,65.0783,6.50783
2020-12-30,TJS,10,65.0247,6.50247
2020-12-31,TJS,10,65.218,6.5218
2021-01-01,TJS,10,65.218,6.5218
2021-01-12,TJS,10,65.3933,6.53933
2021-01-13,TJS,10,65.1745,6.51745
2021-01-14,TJS,10,64.5251,6.45251
2021-01-15,TJS,10,64.7618,6.47618
2021-01-16,TJS,10,64.5417,6.45417
2021-01-19,TJS,10,64.9175,6.49175
2021-01-20,TJS,10,64.6988,6.46988
2021-01-21,TJS,10,64.3747,6.43747
2021-01-22,TJS,10,64.3874,6.43874
2021-01-23,TJS,10,65.258,6.5258
2021-01-26,TJS,10,65.6928,6.56928
2021-01-27,TJS,10,66.376,6.6376
2021-01-28,TJS,10,65.8534,6.58534
2021-01-29,TJS,10,66.8586,6.68586
2021-01-30,TJS,10,66.9177,6.69177
2021-02-02,TJS,10,66.2618,6.62618
2021-02-03,TJS,10,66.6126,6.66126
2021-02-04,TJS,10,66.7662,6.67662
2021-02-05,TJS,10,66.4584,6.64584
2021-02-06,TJS,10,65.9155,6.59155
2021-02-09,TJS,10,65.1691,6.51691
2021-02-10,TJS,10,65.0454,6.50454
2021-02-11,TJS,10,64.8114,6.48114
2021-02-12,TJS,10,64.7283,6.47283
2021-02-13,TJS,10,64.8862,6.48862
2021-02-16,TJS,10,64.3345,6.43345
2021-02-17,TJS,10,64.3172,6.43172
2021-02-18,TJS,10,64.7362,6.47362
2021-02-19,TJS,10,64.7437,6.47437
2021-02-20,TJS,10,64.9159,6.49159
2021-02-21,TJS,10,64.9261,6.49261
2021-02-25,TJS,10,64.7242,6.47242
2021-02-26,TJS,10,64.4798,6.44798
2021-02-27,TJS,10,65.3245,6.53245
2021-03-02,TJS,10,64.9801,6.49801
2021-03-03,TJS,10,65.4458,6.54458
2021-03-04,TJS,10,64.5184,6.45184
2021-03-05,TJS,10,64.7533,6.47533
2021-03-06,TJS,10,65.3159,6.53159
2021-03-10,TJS,10,65.1724,6.51724
2021-03-11,TJS,10,64.9753,6.49753
2021-03-12,TJS,10,64.5016,6.45016
2021-03-13,TJS,10,64.5091,6.45091
2021-03-16,TJS,10,64.2665,6.42665
2021-03-17,TJS,10,64.0297,6.40297
2021-03-18,TJS,10,64.1526,6.41526
2021-03-19,TJS,10,64.6408,6.46408
2021-03-20,TJS,10,65.0342,6.50342
2021-03-23,TJS,10,65.4461,6.54461
2021-03-24,TJS,10,66.1039,6.61039
2021-03-25,TJS,10,66.8013,6.68013
2021-03-26,TJS,10,66.8194,6.68194
2021-03-27,TJS,10,66.454,6.6454
2021-03-30,TJS,10,66.5164,6.65164
2021-03-31,TJS,10,66.4055,6.64055
2021-04-01,TJS,10,66.3369,6.63369
2021-04-02,TJS,10,66.486,6.6486
2021-04-03,TJS,10,66.7193,6.67193
2021-04-06,TJS,10,67.1858,6.71858
2021-04-07,TJS,10,66.9884,6.69884
2021-04-08,TJS,10,68.21,6.821
2021-04-09,TJS,10,67.6207,6.76207
2021-04-10,TJS,10,67.6773,6.76773
2021-04-13,TJS,10,67.9797,6.79797
2021-04-14,TJS,10,67.7543,6.77543
2021-04-15,TJS,10,66.3766,6.63766
2021-04-16,TJS,10,67.5152,6.75152
2021-04-17,TJS,10,66.2634,6.62634
2021-04-20,TJS,10,66.8734,6.68734
2021-04-21,TJS,10,66.6686,6.66686
2021-04-22,TJS,10,67.374,6.7374
2021-04-23,TJS,10,67.0248,6.70248
2021-04-24,TJS,10,65.8563,6.58563
2021-04-27,TJS,10,65.5745,6.55745
2021-04-28,TJS,10,65.7236,6.57236
2021-04-29,TJS,10,65.7071,6.57071
2021-04-30,TJS,10,65.219,6.5219
2021-05-01,TJS,10,65.6248,6.56248
2021-05-05,TJS,10,65.9857,6.59857
2021-05-06,TJS,10,65.6394,6.56394
2021-05-07,TJS,10,65.3897,6.53897
2021-05-08,TJS,10,65.0042,6.50042
2021-05-12,TJS,10,65.0212,6.50212
2021-05-13,TJS,10,64.9189,6.49189
2021-05-14,TJS,10,65.1965,6.51965
2021-05-15,TJS,10,64.881,6.4881
2021-05-18,TJS,10,64.7555,6.47555
2021-05-19,TJS,10,64.6201,6.46201
2021-05-20,TJS,10,64.6013,6.46013
2021-05-21,TJS,10,64.5337,6.45337
2021-05-22,TJS,10,64.5158,6.45158
2021-05-25,TJS,10,64.4687,6.44687
2021-05-26,TJS,10,64.3545,6.43545
2021-05-27,TJS,10,64.4224,6.44224
2021-05-28,TJS,10,64.4086,6.44086
2021-05-29,TJS,10,64.5217,6.45217
2021-06-01,TJS,10,64.6639,6.46639
2021-06-02,TJS,10,64.2184,6.42184
2021-06-03,TJS,10,64.4436,6.44436
2021-06-04,TJS,10,64.2381,6.42381
2021-06-05,TJS,10,64.2456,6.42456
2021-06-08,TJS,10,64.34,6.434
2021-06-09,TJS,10,63.8541,6.38541
2021-06-10,TJS,10,63.5932,6.35932
2021-06-11,TJS,10,63.3033,6.33033
2021-06-12,TJS,10,62.8494,6.28494
2021-06-16,TJS,10,62.9827,6.29827
2021-06-17,TJS,10,63.1585,6.31585
2021-06-18,TJS,10,63.5728,6.35728
2021-06-19,TJS,10,63.3245,6.33245
2021-06-22,TJS,10,64.1812,6.41812
2021-06-23,TJS,10,64.1527,6.41527
2021-06-24,TJS,10,63.7151,6.37151
2021-06-25,TJS,10,63.416,6.3416
2021-06-26,TJS,10,63.2787,6.32787
2021-06-29,TJS,10,63.286,6.3286
2021-06-30,TJS,10,63.4566,6.34566
2021-07-01,TJS,10,63.7645,6.37645
2021-07-02,TJS,10,63.9269,6.39269
2021-07-03,TJS,10,65.0044,6.50044
2021-07-06,TJS,10,64.3174,6.43174
2021-07-07,TJS,10,64.2402,6.42402
2021-07-08,TJS,10,64.9347,6.49347
2021-07-09,TJS,10,65.9318,6.59318
2021-07-10,TJS,10,65.2937,6.52937
2021-07-13,TJS,10,65.4394,6.54394
2021-07-14,TJS,10,64.9355,6.49355
2021-07-15,TJS,10,64.9922,6.49922
2021-07-16,TJS,10,65.0765,6.50765
2021-07-17,TJS,10,65.029,6.5029
2021-07-20,TJS,10,65.1875,6.51875
2021-07-21,TJS,10,65.3143,6.53143
2021-07-22,TJS,10,65.3176,6.53176
2021-07-23,TJS,10,64.616,6.4616
2021-07-24,TJS,10,64.6789,6.46789
2021-07-27,TJS,10,64.9698,6.49698
2021-07-28,TJS,10,64.7498,6.47498
2021-07-29,TJS,10,64.5408,6.45408
2021-07-30,TJS,10,64.174,6.4174
2021-07-31,TJS,10,64.1287,6.41287
2021-08-03,TJS,10,64.0207,6.40207
2021-08-04,TJS,10,63.8951,6.38951
2021-08-05,TJS,10,63.8191,6.38191
2021-08-06,TJS,10,64.1543,6.41543
2021-08-07,TJS,10,64.1214,6.41214
2021-08-10,TJS,10,64.4523,6.44523
2021-08-11,TJS,10,64.5298,6.45298
2021-08-12,TJS,10,65.3152,6.53152
2021-08-13,TJS,10,64.5043,6.45043
2021-08-14,TJS,10,64.421,6.4421
2021-08-17,TJS,10,64.3507,6.43507
2021-08-18,TJS,10,64.3955,6.43955
2021-08-19,TJS,10,64.385,6.4385
2021-08-20,TJS,10,64.9871,6.49871
2021-08-21,TJS,10,65.1744,6.51744
2021-08-24,TJS,10,64.9138,6.49138
2021-08-25,TJS,10,64.8085,6.48085
2021-08-26,TJS,10,64.63,6.463
2021-08-27,TJS,10,64.8473,6.48473
2021-08-28,TJS,10,64.8436,6.48436
2021-08-31,TJS,10,64.4824,6.44824
2021-09-01,TJS,10,64.6476,6.46476
2021-09-02,TJS,10,64.571,6.4571
2021-09-03,TJS,10,64.2692,6.42692
2021-09-04,TJS,10,64.2484,6.42484
2021-09-07,TJS,10,64.336,6.4336
2021-09-08,TJS,10,64.5707,6.45707
2021-09-09,TJS,10,64.7923,6.47923
2021-09-10,TJS,10,64.5161,6.45161
2021-09-11,TJS,10,64.1906,6.41906
2021-09-14,TJS,10,64.4765,6.44765
2021-09-15,TJS,10,64.1527,6.41527
2021-09-16,TJS,10,64.2717,6.42717
2021-09-17,TJS,10,63.902,6.3902
2021-09-18,TJS,10,63.9889,6.39889
2021-09-21,TJS,10,64.6948,6.46948
2021-09-22,TJS,10,64.559,6.4559
2021-09-23,TJS,10,64.297,6.4297
2021-09-24,TJS,10,64.1592,6.41592
2021-09-25,TJS,10,64.4094,6.44094
2021-09-28,TJS,10,64.1035,6.41035
2021-09-29,TJS,10,63.9431,6.39431
2021-09-30,TJS,10,64.1913,6.41913
2021-10-01,TJS,10,64.106,6.4106
2021-10-02,TJS,10,64.3614,6.43614
2021-10-05,TJS,10,64.392,6.4392
2021-10-06,TJS,10,64.0782,6.40782
2021-10-07,TJS,10,64.0779,6.40779
2021-10-08,TJS,10,63.8987,6.38987
2021-10-09,TJS,10,63.5798,6.35798
2021-10-12,TJS,10,63.3678,6.33678
2021-10-13,TJS,10,63.5011,6.35011
2021-10-14,TJS,10,63.5347,6.35347
2021-10-15,TJS,10,63.47,6.347
2021-10-16,TJS,10,63.0138,6.30138
2021-10-19,TJS,10,62.9306,6.29306
2021-10-20,TJS,10,62.7503,6.27503
2021-10-21,TJS,10,62.9506,6.29506
2021-10-22,TJS,10,62.9348,6.29348
2021-10-23,TJS,10,62.863,6.2863
2021-10-26,TJS,10,62.2311,6.22311
2021-10-27,TJS,10,61.7971,6.17971
2021-10-28,TJS,10,62.0813,6.20813
2021-10-29,TJS,10,62.7408,6.27408
2021-10-30,TJS,10,62.7123,6.27123
2021-11-02,TJS,10,63.3004,6.33004
2021-11-03,TJS,10,63.6494,6.36494
2021-11-04,TJS,10,63.4599,6.34599
2021-11-09,TJS,10,63.3518,6.33518
2021-11-10,TJS,10,63.2534,6.32534
2021-11-11,TJS,10,62.6451,6.26451
2021-11-12,TJS,10,63.0894,6.30894
2021-11-13,TJS,10,63.6347,6.36347
2021-11-16,TJS,10,64.0429,6.40429
2021-11-17,TJS,10,64.2936,6.42936
2021-11-18,TJS,10,64.502,6.4502
2021-11-19,TJS,10,64.3351,6.43351
2021-11-20,TJS,10,64.4194,6.44194
2021-11-23,TJS,10,65.0581,6.50581
2021-11-24,TJS,10,66.2529,6.62529
2021-11-25,TJS,10,65.9039,6.59039
2021-11-26,TJS,10,66.1058,6.61058
2021-11-27,TJS,10,66.9803,6.69803
2021-11-30,TJS,10,66.3849,6.63849
2021-12-01,TJS,10,66.3353,6.63353
2021-12-02,TJS,10,65.5222,6.55222
2021-12-03,TJS,10,65.6012,6.56012
2021-12-04,TJS,10,65.3167,6.53167
2021-12-07,TJS,10,65.223,6.5223
2021-12-08,TJS,10,65.6686,6.56686
2021-12-09,TJS,10,65.4077,6.54077
2021-12-10,TJS,10,65.2191,6.52191
2021-12-11,TJS,10,65.1957,6.51957
2021-12-14,TJS,10,65.0228,6.50228
2021-12-15,TJS,10,65.0751,6.50751
2021-12-16,TJS,10,65.4128,6.54128
2021-12-17,TJS,10,65.1646,6.51646
2021-12-18,TJS,10,65.3372,6.53372
2021-12-21,TJS,10,65.8058,6.58058
2021-12-22,TJS,10,65.4148,6.54148
2021-12-23,TJS,10,65.3878,6.53878
2021-12-24,TJS,10,65.0051,6.50051
2021-12-25,TJS,10,64.826,6.4826
2021-12-28,TJS,10,64.894,6.4894
2021-12-29,TJS,10,65.0982,6.50982
2021-12-30,TJS,10,65.236,6.5236
2021-12-31,TJS,10,65.8039,6.58039
2022-01-11,TJS,10,66.5175,6.65175
2022-01-12,TJS,10,66.2554,6.62554
2022-01-13,TJS,10,65.9829,6.59829
2022-01-14,TJS,10,66.0776,6.60776
2022-01-15,TJS,10,67.0799,6.70799
2022-01-18,TJS,10,67.3222,6.73222
2022-01-19,TJS,10,67.5827,6.75827
2022-01-20,TJS,10,68.0564,6.80564
2022-01-21,TJS,10,67.6767,6.76767
2022-01-22,TJS,10,67.8976,6.78976
2022-01-25,TJS,10,68.4948,6.84948
2022-01-26,TJS,10,69.6257,6.96257
2022-01-27,TJS,10,69.8926,6.98926
2022-01-28,TJS,10,69.8955,6.98955
2022-01-29,TJS,10,68.8954,6.88954
2022-02-01,TJS,10,68.588,6.8588
2022-02-02,TJS,10,68.287,6.8287
2022-02-03,TJS,10,67.7157,6.77157
2022-02-04,TJS,10,67.892,6.7892
2022-02-05,TJS,10,67.3613,6.73613
2022-02-08,TJS,10,67.0036,6.70036
2022-02-09,TJS,10,66.6704,6.66704
2022-02-10,TJS,10,66.2253,6.62253
2022-02-11,TJS,10,66.1568,6.61568
2022-02-12,TJS,10,66.3893,6.63893
2022-02-15,TJS,10,67.8566,6.78566
2022-02-16,TJS,10,67.4931,6.74931
2022-02-17,TJS,10,66.4724,6.64724
2022-02-18,TJS,10,67.1269,6.71269
2022-02-19,TJS,10,67.135,6.7135
2022-02-22,TJS,10,68.0258,6.80258
2022-02-23,TJS,10,71.2622,7.12622
2022-02-25,TJS,10,77.0304,7.70304
2022-02-26,TJS,10,73.94,7.394
2022-03-01,TJS,10,82.8688,8.28688
2022-03-02,TJS,10,81.2988,8.12988
2022-03-03,TJS,10,91.3705,9.13705
2022-03-04,TJS,10,99.0309,9.90309
2022-03-05,TJS,10,93.6393,9.36393
2022-03-06,TJS,10,93.6393,9.36393
2022-03-10,TJS,10,89.2959,8.92959
2022-03-11,TJS,1,10.6719,10.6719
2022-03-12,TJS,1,10.3551,10.3551
2022-03-15,TJS,10,95.0614,9.50614
2022-03-16,TJS,10,98.9107,9.89107
2022-03-17,TJS,10,89.1262,8.91262
2022-03-18,TJS,10,91.432,9.1432
2022-03-19,TJS,10,89.0209,8.90209
2022-03-22,TJS,10,89.6456,8.96456
2022-03-23,TJS,10,89.1648,8.91648
2022-03-24,TJS,10,85.233,8.5233
2022-03-25,TJS,10,79.3537,7.93537
2022-03-26,TJS,10,76.3517,7.63517
2022-03-29,TJS,10,80.2849,8.02849
2022-03-30,TJS,10,71.3205,7.13205
2022-03-31,TJS,10,74.6031,7.46031
2022-04-01,TJS,10,64.3593,6.43593
2022-04-02,TJS,10,64.4007,6.44007
2022-04-05,TJS,10,66.8746,6.68746
2022-04-06,TJS,10,66.6816,6.66816
2022-04-07,TJS,10,66.077,6.6077
2022-04-08,TJS,10,61.0038,6.10038
2022-04-09,TJS,10,59.8801,5.98801
2022-04-12,TJS,10,63.3277,6.33277
2022-04-13,TJS,10,63.7019,6.37019
2022-04-14,TJS,10,63.9549,6.39549
2022-04-15,TJS,10,64.9914,6.49914
2022-04-16,TJS,10,64.0283,6.40283
2022-04-19,TJS,10,63.5242,6.35242
2022-04-20,TJS,10,63.185,6.3185
2022-04-21,TJS,10,61.6277,6.16277
2022-04-22,TJS,10,59.9632,5.99632
2022-04-23,TJS,10,58.7687,5.87687
2022-04-26,TJS,10,58.6537,5.86537
2022-04-27,TJS,10,58.1322,5.81322
2022-04-28,TJS,10,58.3244,5.83244
2022-04-29,TJS,10,57.8594,5.78594
2022-04-30,TJS,10,56.8417,5.68417
2022-05-05,TJS,10,55.555,5.5555
2022-05-06,TJS,10,53.0114,5.30114
2022-05-07,TJS,10,53.929,5.3929
2022-05-12,TJS,10,55.0932,5.50932
2022-05-13,TJS,10,52.6543,5.26543
2022-05-14,TJS,10,51.0443,5.10443
2022-05-17,TJS,10,50.7759,5.07759
2022-05-18,TJS,10,50.8546,5.08546
2022-05-19,TJS,10,50.8718,5.08718
2022-05-20,TJS,10,49.9425,4.99425
2022-05-21,TJS,10,47.2982,4.72982
2022-05-24,TJS,10,48.1064,4.81064
2022-05-25,TJS,10,48.2788,4.82788
2022-05-26,TJS,10,49.3856,4.93856
2022-05-27,TJS,10,54.4294,5.44294
2022-05-28,TJS,10,58.2482,5.82482
2022-05-31,TJS,10,55.3487,5.53487
2022-06-01,TJS,10,54.0411,5.40411
2022-06-02,TJS,10,53.9239,5.39239
2022-06-03,TJS,10,54.0132,5.40132
2022-06-04,TJS,10,54.3561,5.43561
2022-06-07,TJS,10,53.6047,5.36047
2022-06-08,TJS,10,53.4706,5.34706
2022-06-09,TJS,10,53.2993,5.32993
2022-06-10,TJS,10,51.6721,5.16721
2022-06-11,TJS,10,51.131,5.1131
2022-06-15,TJS,10,51.211,5.1211
2022-06-16,TJS,10,51.3819,5.13819
2022-06-17,TJS,10,51.6114,5.16114
2022-06-18,TJS,10,52.0166,5.20166
2022-06-21,TJS,10,52.0648,5.20648
2022-06-22,TJS,10,51.5963,5.15963
2022-06-23,TJS,10,50.2531,5.02531
2022-06-24,TJS,10,50.4213,5.04213
2022-06-25,TJS,10,50.4799,5.04799
2022-06-28,TJS,10,50.5088,5.05088
2022-06-29,TJS,10,50.1357,5.01357
2022-06-30,TJS,10,48.4754,4.84754
2022-07-01,TJS,10,49.7379,4.97379
2022-07-02,TJS,10,50.8859,5.08859
2022-07-05,TJS,10,52.3789,5.23789
2022-07-06,TJS,10,55.9632,5.59632
2022-07-07,TJS,10,60.1708,6.01708
2022-07-08,TJS,10,59.6846,5.96846
2022-07-09,TJS,10,57.9154,5.79154
2022-07-12,TJS,10,58.2953,5.82953
2022-07-13,TJS,10,55.9652,5.59652
2022-07-14,TJS,10,55.7992,5.57992
2022-07-15,TJS,10,55.5424,5.55424
2022-07-16,TJS,10,55.4395,5.54395
2022-07-19,TJS,10,54.3506,5.43506
2022-07-20,TJS,10,53.4085,5.34085
2022-07-21,TJS,10,52.9994,5.29994
2022-07-22,TJS,10,54.9812,5.49812
2022-07-23,TJS,10,55.8774,5.58774
2022-07-26,TJS,10,56.2685,5.62685
2022-07-27,TJS,10,57.1294,5.71294
2022-07-28,TJS,10,58.6537,5.86537
2022-07-29,TJS,10,58.6409,5.86409
2022-07-30,TJS,10,59.7192,5.97192
2022-08-02,TJS,10,60.4405,6.04405
2022-08-03,TJS,10,58.6047,5.86047
2022-08-04,TJS,10,58.688,5.8688
2022-08-05,TJS,10,58.7167,5.87167
2022-08-06,TJS,10,58.834,5.8834
2022-08-09,TJS,10,58.7879,5.87879
2022-08-10,TJS,10,58.853,5.8853
2022-08-11,TJS,10,58.9239,5.89239
2022-08-12,TJS,10,59.0941,5.90941
2022-08-13,TJS,10,59.3618,5.93618
2022-08-16,TJS,10,59.8375,5.98375
2022-08-17,TJS,10,59.8734,5.98734
2022-08-18,TJS,10,59.2225,5.92225
2022-08-19,TJS,10,58.4462,5.84462
2022-08-20,TJS,10,57.6645,5.76645
2022-08-23,TJS,10,58.2694,5.82694
2022-08-24,TJS,10,58.4297,5.84297
2022-08-25,TJS,10,58.5283,5.85283
2022-08-26,TJS,10,58.3121,5.83121
2022-08-27,TJS,10,58.6267,5.86267
2022-08-30,TJS,10,58.8913,5.88913
2022-08-31,TJS,10,58.8999,5.88999
2022-09-01,TJS,10,58.774,5.8774
2022-09-02,TJS,10,58.7793,5.87793
2022-09-03,TJS,10,58.9103,5.89103
2022-09-06,TJS,10,59.4434,5.94434
2022-09-07,TJS,10,59.3956,5.93956
2022-09-08,TJS,10,59.7253,5.97253
2022-09-09,TJS,10,59.3615,5.93615
2022-09-10,TJS,10,59.0379,5.90379
2022-09-13,TJS,10,59.0254,5.90254
2022-09-14,TJS,10,58.65,5.865
2022-09-15,TJS,10,58.3644,5.83644
2022-09-16,TJS,10,58.2679,5.82679
2022-09-17,TJS,10,58.6303,5.86303
2022-09-20,TJS,10,58.775,5.8775
2022-09-21,TJS,10,58.6281,5.86281
2022-09-22,TJS,10,59.4645,5.94645
2022-09-23,TJS,10,58.4518,5.84518
2022-09-24,TJS,10,56.7605,5.67605
2022-09-27,TJS,10,56.6989,5.66989
2022-09-28,TJS,10,56.8993,5.68993
2022-09-29,TJS,10,57.1819,5.71819
2022-09-30,TJS,10,56.1689,5.61689
2022-10-01,TJS,10,54.1083,5.41083
2022-10-04,TJS,10,56.3272,5.63272
2022-10-05,TJS,10,57.5257,5.75257
2022-10-06,TJS,10,58.1255,5.81255
2022-10-07,TJS,10,58.9564,5.89564
2022-10-08,TJS,10,59.9349,5.99349
2022-10-11,TJS,10,60.9772,6.09772
2022-10-12,TJS,10,62.3192,6.23192
2022-10-13,TJS,10,62.3896,6.23896
2022-10-14,TJS,10,62.131,6.2131
2022-10-15,TJS,10,61.7045,6.17045
2022-10-18,TJS,10,60.4427,6.04427
2022-10-19,TJS,10,60.3868,6.03868
2022-10-20,TJS,10,60.2806,6.02806
2022-10-21,TJS,10,60.1991,6.01991
2022-10-22,TJS,10,59.8996,5.98996
2022-10-25,TJS,10,59.8703,5.98703
2022-10-26,TJS,10,60.0388,6.00388
2022-10-27,TJS,10,60.133,6.0133
2022-10-28,TJS,10,60.0657,6.00657
2022-10-29,TJS,10,60.2374,6.02374
2022-11-01,TJS,10,60.3271,6.03271
2022-11-02,TJS,10,60.1358,6.01358
2022-11-03,TJS,10,60.3236,6.03236
2022-11-04,TJS,10,60.7915,6.07915
2022-11-08,TJS,10,59.9596,5.99596
2022-11-09,TJS,10,59.7057,5.97057
2022-11-10,TJS,10,59.79,5.979
2022-11-11,TJS,10,59.9714,5.99714
2022-11-12,TJS,10,58.9672,5.89672
2022-11-15,TJS,10,59.1461,5.91461
2022-11-16,TJS,10,59.0642,5.90642
2022-11-17,TJS,10,59.1025,5.91025
2022-11-18,TJS,10,59.1427,5.91427
2022-11-19,TJS,10,59.1277,5.91277
2022-11-22,TJS,10,59.4886,5.94886
2022-11-23,TJS,10,59.409,5.9409
2022-11-24,TJS,10,59.2598,5.92598
2022-11-25,TJS,10,59.1446,5.91446
2022-11-26,TJS,10,59.2357,5.92357
2022-11-29,TJS,10,59.5024,5.95024
2022-11-30,TJS,10,59.818,5.9818
2022-12-01,TJS,10,59.6281,5.96281
2022-12-02,TJS,10,59.8902,5.98902
2022-12-03,TJS,10,60.5043,6.05043
2022-12-06,TJS,10,60.9059,6.09059
2022-12-07,TJS,10,61.6164,6.16164
2022-12-08,TJS,10,61.6638,6.16638
2022-12-09,TJS,10,61.308,6.1308
2022-12-10,TJS,10,61.118,6.1118
2022-12-13,TJS,10,61.4933,6.14933
2022-12-14,TJS,10,61.9307,6.19307
2022-12-15,TJS,10,62.0759,6.20759
2022-12-16,TJS,10,63.0129,6.30129
2022-12-17,TJS,10,63.3149,6.33149
2022-12-20,TJS,10,65.0197,6.50197
2022-12-21,TJS,10,67.603,6.7603
2022-12-22,TJS,10,69.0852,6.90852
2022-12-23,TJS,10,70.6512,7.06512
2022-12-24,TJS,10,67.278,6.7278
2022-12-27,TJS,10,67.0711,6.70711
2022-12-28,TJS,10,68.558,6.8558
2022-12-29,TJS,10,69.8645,6.98645
2022-12-30,TJS,10,70.5582,7.05582
2022-12-31,TJS,10,68.9421,6.89421
2023-01-10,TJS,10,68.8179,6.88179
2023-01-11,TJS,10,68.075,6.8075
2023-01-12,TJS,10,67.4671,6.74671
2023-01-13,TJS,10,66.2122,6.62122
2023-01-14,TJS,10,65.9874,6.59874
2023-01-17,TJS,10,66.6789,6.66789
2023-01-18,TJS,10,66.9707,6.69707
2023-01-19,TJS,10,67.1196,6.71196
2023-01-20,TJS,10,67.0942,6.70942
2023-01-21,TJS,10,66.9021,6.69021
2023-01-24,TJS,10,66.8486,6.68486
2023-01-25,TJS,10,66.9376,6.69376
2023-01-26,TJS,10,67.1366,6.71366
2023-01-27,TJS,10,67.2415,6.72415
2023-01-28,TJS,10,67.429,6.7429
2023-01-31,TJS,10,67.6616,6.76616
2023-02-01,TJS,10,68.5167,6.85167
2023-02-02,TJS,10,68.076,6.8076
2023-02-03,TJS,10,67.967,6.7967
2023-02-04,TJS,10,68.2651,6.82651
2023-02-07,TJS,10,68.4425,6.84425
2023-02-08,TJS,10,68.6722,6.86722
2023-02-09,TJS,10,69.2515,6.92515
2023-02-10,TJS,10,70.3388,7.03388
2023-02-11,TJS,10,70.1194,7.01194
2023-02-14,TJS,10,70.8376,7.08376
2023-02-15,TJS,10,70.9185,7.09185
2023-02-16,TJS,10,71.1224,7.11224
2023-02-17,TJS,10,71.4179,7.14179
2023-02-18,TJS,10,71.0662,7.10662
2023-02-21,TJS,10,69.8119,6.98119
2023-02-22,TJS,10,70.0683,7.00683
2023-02-23,TJS,10,69.2908,6.92908
2023-02-28,TJS,10,69.1551,6.91551
2023-03-01,TJS,10,68.6093,6.86093
2023-03-02,TJS,10,68.943,6.8943
2023-03-03,TJS,10,69.1492,6.91492
2023-03-04,TJS,10,69.1379,6.91379
2023-03-07,TJS,10,69.1523,6.91523
2023-03-08,TJS,10,69.1397,6.91397
2023-03-10,TJS,10,69.5526,6.95526
2023-03-11,TJS,10,69.5841,6.95841
2023-03-14,TJS,10,69.1464,6.91464
2023-03-15,TJS,10,68.8975,6.88975
2023-03-16,TJS,10,69.4081,6.94081
2023-03-17,TJS,10,70.0176,7.00176
2023-03-18,TJS,10,70.1975,7.01975
2023-03-21,TJS,10,70.7787,7.07787
2023-03-22,TJS,10,70.4077,7.04077
2023-03-23,TJS,10,70.5165,7.05165
2023-03-24,TJS,10,69.92,6.992
2023-03-25,TJS,10,70.0489,7.00489
2023-03-28,TJS,10,70.156,7.0156
2023-03-29,TJS,10,70.1834,7.01834
2023-03-30,TJS,10,70.536,7.0536
2023-03-31,TJS,10,70.6332,7.06332
2023-04-01,TJS,10,70.8504,7.08504
2023-04-04,TJS,10,71.4236,7.14236
2023-04-05,TJS,10,72.7119,7.27119
2023-04-06,TJS,10,72.84,7.284
2023-04-07,TJS,10,73.9161,7.39161
2023-04-08,TJS,10,75.4969,7.54969
2023-04-11,TJS,10,74.8991,7.48991
2023-04-12,TJS,10,75.2998,7.52998
2023-04-13,TJS,10,75.2198,7.52198
2023-04-14,TJS,10,74.8365,7.48365
2023-04-15,TJS,10,74.6809,7.46809
2023-04-18,TJS,10,74.794,7.4794
2023-04-19,TJS,10,74.7696,7.47696
2023-04-20,TJS,10,74.8173,7.48173
2023-04-21,TJS,10,74.7815,7.47815
2023-04-22,TJS,10,74.6588,7.46588
2023-04-25,TJS,10,74.4647,7.44647
2023-04-26,TJS,10,74.717,7.4717
2023-04-27,TJS,10,74.7894,7.47894
2023-04-28,TJS,10,74.7271,7.47271
2023-04-29,TJS,10,73.7629,7.37629
2023-05-03,TJS,10,73.2632,7.32632
2023-05-04,TJS,10,72.6621,7.26621
2023-05-05,TJS,10,72.0283,7.20283
2023-05-06,TJS,10,70.3886,7.03886
2023-05-11,TJS,10,70.2734,7.02734
2023-05-12,TJS,10,69.5315,6.95315
2023-05-13,TJS,10,70.7425,7.07425
2023-05-16,TJS,10,72.4774,7.24774
2023-05-17,TJS,10,73.2859,7.32859
2023-05-18,TJS,10,74.0012,7.40012
2023-05-19,TJS,10,73.3346,7.33346
2023-05-20,TJS,10,73.2146,7.32146
2023-05-23,TJS,10,73.2448,7.32448
2023-05-24,TJS,10,73.4549,7.34549
2023-05-25,TJS,10,73.272,7.3272
2023-05-26,TJS,10,73.2865,7.32865
2023-05-27,TJS,10,73.2685,7.32685
2023-05-30,TJS,10,73.3478,7.33478
2023-05-31,TJS,10,73.9293,7.39293
2023-06-01,TJS,10,74.2133,7.42133
2023-06-02,TJS,10,74.1879,7.41879
2023-06-03,TJS,10,74.1053,7.41053
2023-06-06,TJS,10,74.5252,7.45252
2023-06-07,TJS,10,74.452,7.4452
2023-06-08,TJS,10,74.6425,7.46425
2023-06-09,TJS,10,75.2263,7.52263
2023-06-10,TJS,10,75.7312,7.57312
2023-06-14,TJS,10,76.636,7.6636
2023-06-15,TJS,10,77.2631,7.72631
2023-06-16,TJS,10,76.9332,7.69332
2023-06-17,TJS,10,76.648,7.6648
2023-06-20,TJS,10,76.9587,7.69587
2023-06-21,TJS,10,77.1836,7.71836
2023-06-22,TJS,10,77.1942,7.71942
2023-06-23,TJS,10,76.6087,7.66087
2023-06-24,TJS,10,77.043,7.7043
2023-06-27,TJS,10,77.5761,7.75761
2023-06-28,TJS,10,77.9299,7.79299
2023-06-29,TJS,10,78.4511,7.84511
2023-06-30,TJS,10,79.7476,7.97476
2023-07-01,TJS,10,80.9826,8.09826
2023-07-04,TJS,10,81.8486,8.18486
2023-07-05,TJS,10,82.0122,8.20122
2023-07-06,TJS,10,82.7286,8.27286
2023-07-07,TJS,10,84.7628,8.47628
2023-07-08,TJS,10,83.9594,8.39594
2023-07-11,TJS,10,83.7849,8.37849
2023-07-12,TJS,10,82.8682,8.28682
2023-07-13,TJS,10,82.975,8.2975
2023-07-14,TJS,10,82.5709,8.25709
2023-07-15,TJS,10,82.5152,8.25152
2023-07-18,TJS,10,82.8038,8.28038
2023-07-19,TJS,10,83.0348,8.30348
2023-07-20,TJS,10,83.5092,8.35092
2023-07-21,TJS,10,83.1887,8.31887
2023-07-22,TJS,10,82.7774,8.27774
2023-07-25,TJS,10,82.8692,8.28692
2023-07-26,TJS,10,82.5003,8.25003
2023-07-27,TJS,10,82.4604,8.24604
2023-07-28,TJS,10,82.442,8.2442
2023-07-29,TJS,10,83.315,8.3315
2023-08-01,TJS,10,83.8788,8.38788
2023-08-02,TJS,10,84.0127,8.40127
2023-08-03,TJS,10,84.9881,8.49881
2023-08-04,TJS,10,85.821,8.5821
2023-08-05,TJS,10,86.7502,8.67502
2023-08-08,TJS,10,88.3454,8.83454
2023-08-09,TJS,10,87.8742,8.78742
2023-08-10,TJS,10,89.053,8.9053
2023-08-11,TJS,10,88.9241,8.89241
2023-08-12,TJS,10,89.747,8.9747
2023-08-15,TJS,10,92.2638,9.22638
2023-08-16,TJS,10,88.8811,8.88811
2023-08-17,TJS,10,88.23,8.823
2023-08-18,TJS,10,85.5347,8.55347
2023-08-19,TJS,10,85.2264,8.52264
2023-08-22,TJS,10,85.8964,8.58964
2023-08-23,TJS,10,85.8722,8.58722
2023-08-24,TJS,10,86.1745,8.61745
2023-08-25,TJS,10,86.1297,8.61297
2023-08-26,TJS,10,86.4079,8.64079
2023-08-29,TJS,10,87.0989,8.70989
2023-08-30,TJS,10,87.3112,8.73112
2023-08-31,TJS,10,87.5186,8.75186
2023-09-01,TJS,10,87.8771,8.78771
2023-09-02,TJS,10,87.8848,8.78848
2023-09-05,TJS,10,88.1295,8.81295
2023-09-06,TJS,10,88.9721,8.89721
2023-09-07,TJS,10,89.2598,8.92598
2023-09-08,TJS,10,89.5909,8.95909
2023-09-09,TJS,10,89.3362,8.93362
2023-09-12,TJS,10,88.0526,8.80526
2023-09-13,TJS,10,86.4059,8.64059
2023-09-14,TJS,10,87.5541,8.75541
2023-09-15,TJS,10,87.7292,8.77292
2023-09-16,TJS,10,88.1655,8.81655
2023-09-19,TJS,10,88.1737,8.81737
2023-09-20,TJS,10,87.7904,8.77904
2023-09-21,TJS,10,88.1455,8.81455
2023-09-22,TJS,10,87.652,8.7652
2023-09-23,TJS,10,87.6255,8.76255
2023-09-26,TJS,10,87.7177,8.77177
2023-09-27,TJS,10,87.8002,8.78002
2023-09-28,TJS,10,88.0482,8.80482
2023-09-29,TJS,10,88.5182,8.85182
2023-09-30,TJS,10,88.9072,8.89072
2023-10-03,TJS,10,89.8674,8.98674
2023-10-04,TJS,10,90.5645,9.05645
2023-10-05,TJS,10,90.7267,9.07267
2023-10-06,TJS,10,90.9247,9.09247
2023-10-07,TJS,10,91.6446,9.16446
2023-10-10,TJS,10,92.447,9.2447
2023-10-11,TJS,10,91.095,9.1095
2023-10-12,TJS,10,91.2042,9.12042
2023-10-13,TJS,10,88.4957,8.84957
2023-10-14,TJS,10,88.781,8.8781
2023-10-17,TJS,10,88.7602,8.87602
2023-10-18,TJS,10,88.7892,8.87892
2023-10-19,TJS,10,88.8475,8.88475
2023-10-20,TJS,10,88.7898,8.87898
2023-10-21,TJS,10,87.5056,8.75056
2023-10-24,TJS,10,86.3849,8.63849
2023-10-25,TJS,10,85.3369,8.53369
2023-10-26,TJS,10,85.0171,8.50171
2023-10-27,TJS,10,85.3781,8.53781
2023-10-28,TJS,10,85.064,8.5064
2023-10-31,TJS,10,85.1018,8.51018
2023-11-01,TJS,10,83.9898,8.39898
2023-11-02,TJS,10,85.1663,8.51663
2023-11-03,TJS,10,85.0514,8.50514
2023-11-04,TJS,10,84.9256,8.49256
2023-11-08,TJS,10,84.3719,8.43719
2023-11-09,TJS,10,84.1731,8.41731
2023-11-10,TJS,10,83.9175,8.39175
2023-11-11,TJS,10,84.0334,8.40334
2023-11-14,TJS,10,84.1096,8.41096
2023-11-15,TJS,10,83.2979,8.32979
2023-11-16,TJS,10,81.6686,8.16686
2023-11-17,TJS,10,81.1957,8.11957
2023-11-18,TJS,10,81.3729,8.13729
2023-11-21,TJS,10,80.803,8.0803
2023-11-22,TJS,10,80.2357,8.02357
2023-11-23,TJS,10,80.5099,8.05099
2023-11-24,TJS,10,80.4563,8.04563
2023-11-25,TJS,10,81.0769,8.10769
2023-11-28,TJS,10,80.9821,8.09821
2023-11-29,TJS,10,80.9041,8.09041
2023-11-30,TJS,10,81.1608,8.11608
2023-12-01,TJS,10,80.8834,8.08834
2023-12-02,TJS,10,81.9631,8.19631
2023-12-05,TJS,10,82.7934,8.27934
2023-12-06,TJS,10,83.5841,8.35841
2023-12-07,TJS,10,84.6425,8.46425
2023-12-08,TJS,10,84.4444,8.44444
2023-12-09,TJS,10,83.5859,8.35859
2023-12-12,TJS,10,83.0417,8.30417
2023-12-13,TJS,10,82.2724,8.22724
2023-12-14,TJS,10,81.9934,8.19934
2023-12-15,TJS,10,81.7941,8.17941
2023-12-16,TJS,10,81.8811,8.18811
2023-12-19,TJS,10,82.4875,8.24875
2023-12-20,TJS,10,82.2007,8.22007
2023-12-21,TJS,10,82.5253,8.25253
2023-12-22,TJS,10,83.7125,8.37125
2023-12-23,TJS,10,83.9111,8.39111
2023-12-26,TJS,10,83.9217,8.39217
2023-12-27,TJS,10,83.6826,8.36826
2023-12-28,TJS,10,83.6664,8.36664
2023-12-29,TJS,10,82.4326,8.24326
2023-12-30,TJS,10,81.8712,8.18712
2024-01-10,TJS,10,82.4914,8.24914
2024-01-11,TJS,10,81.6174,8.16174
2024-01-12,TJS,10,81.0497,8.10497
2024-01-13,TJS,10,80.4759,8.04759
2024-01-16,TJS,10,80.0603,8.00603
2024-01-17,TJS,10,80.0352,8.00352
2024-01-18,TJS,10,80.6849,8.06849
2024-01-19,TJS,10,80.9689,8.09689
2024-01-20,TJS,10,80.8653,8.08653
2024-01-23,TJS,10,80.302,8.0302
2024-01-24,TJS,10,80.2716,8.02716
2024-01-25,TJS,10,80.5972,8.05972
2024-01-26,TJS,10,80.9557,8.09557
2024-01-27,TJS,10,81.7407,8.17407
2024-01-30,TJS,10,81.7862,8.17862
2024-01-31,TJS,10,81.5117,8.15117
2024-02-01,TJS,10,81.8197,8.18197
2024-02-02,TJS,10,82.3408,8.23408
2024-02-03,TJS,10,82.7478,8.27478
2024-02-06,TJS,10,83.2596,8.32596
2024-02-07,TJS,10,82.7894,8.27894
2024-02-08,TJS,10,83.1962,8.31962
2024-02-09,TJS,10,83.2796,8.32796
2024-02-10,TJS,10,82.932,8.2932
2024-02-13,TJS,10,83.1378,8.31378
2024-02-14,TJS,10,83.2351,8.32351
2024-02-15,TJS,10,83.4481,8.34481
2024-02-16,TJS,10,83.8282,8.38282
2024-02-17,TJS,10,84.4905,8.44905
2024-02-20,TJS,10,84.3513,8.43513
2024-02-21,TJS,10,84.2931,8.42931
2024-02-22,TJS,10,84.3596,8.43596
2024-02-23,TJS,10,84.6323,8.46323
2024-02-27,TJS,10,84.5407,8.45407
2024-02-28,TJS,10,83.9819,8.39819
2024-02-29,TJS,10,83.8391,8.38391
2024-03-01,TJS,10,82.9247,8.29247
2024-03-02,TJS,10,83.3541,8.33541
2024-03-05,TJS,10,83.3524,8.33524
2024-03-06,TJS,10,83.1786,8.31786
2024-03-07,TJS,10,82.4409,8.24409
2024-03-08,TJS,10,82.811,8.2811
2024-03-12,TJS,10,82.7235,8.27235
2024-03-13,TJS,10,82.9577,8.29577
2024-03-14,TJS,10,83.5584,8.35584
2024-03-15,TJS,10,83.6415,8.36415
2024-03-16,TJS,10,83.8819,8.38819
2024-03-19,TJS,10,83.9704,8.39704
2024-03-20,TJS,10,84.167,8.4167
2024-03-21,TJS,10,84.6132,8.46132
2024-03-22,TJS,10,83.915,8.3915
2024-03-23,TJS,10,84.5191,8.45191
2024-03-26,TJS,10,84.6551,8.46551
2024-03-27,TJS,10,84.482,8.4482
2024-03-28,TJS,10,84.4979,8.44979
2024-03-29,TJS,10,84.2229,8.42229
2024-03-30,TJS,10,84.344,8.4344
2024-04-02,TJS,10,84.2759,8.42759
2024-04-03,TJS,10,84.4426,8.44426
2024-04-04,TJS,10,84.3252,8.43252
2024-04-05,TJS,10,84.2675,8.42675
2024-04-06,TJS,10,84.3615,8.43615
2024-04-09,TJS,10,84.5427,8.45427
2024-04-10,TJS,10,84.7478,8.47478
2024-04-11,TJS,10,85.1805,8.51805
2024-04-12,TJS,10,85.6372,8.56372
2024-04-13,TJS,10,85.4412,8.54412
2024-04-16,TJS,10,85.6659,8.56659
2024-04-17,TJS,10,86.1257,8.61257
2024-04-18,TJS,10,86.3458,8.63458
2024-04-19,TJS,10,86.1358,8.61358
2024-04-20,TJS,10,85.531,8.5531
2024-04-23,TJS,10,85.358,8.5358
2024-04-24,TJS,10,85.3406,8.53406
2024-04-25,TJS,10,84.6216,8.46216
2024-04-26,TJS,10,84.2444,8.42444
2024-04-27,TJS,10,84.1365,8.41365
2024-04-28,TJS,10,83.9753,8.39753
2024-05-03,TJS,10,84.3092,8.43092
2024-05-04,TJS,10,83.9776,8.39776
2024-05-07,TJS,10,83.6968,8.36968
2024-05-08,TJS,10,83.4453,8.34453
2024-05-09,TJS,10,84.1487,8.41487
2024-05-14,TJS,10,84.0138,8.40138
2024-05-15,TJS,10,83.8257,8.38257
2024-05-16,TJS,10,83.7361,8.37361
2024-05-17,TJS,10,83.4241,8.34241
2024-05-18,TJS,10,83.6388,8.36388
2024-05-21,TJS,10,83.4318,8.34318
2024-05-22,TJS,10,83.3155,8.33155
2024-05-23,TJS,10,83.1807,8.31807
2024-05-24,TJS,10,83.3967,8.33967
2024-05-25,TJS,10,82.9535,8.29535
2024-05-28,TJS,10,82.0127,8.20127
2024-05-29,TJS,10,81.8934,8.18934
2024-05-30,TJS,10,82.7544,8.27544
2024-05-31,TJS,10,83.3459,8.33459
2024-06-01,TJS,10,83.8102,8.38102
2024-06-04,TJS,10,83.0357,8.30357
2024-06-05,TJS,10,82.4576,8.24576
2024-06-06,TJS,10,82.4732,8.24732
2024-06-07,TJS,10,82.6424,8.26424
2024-06-08,TJS,10,82.6687,8.26687
2024-06-11,TJS,10,82.8865,8.28865
2024-06-12,TJS,10,82.9518,8.29518
2024-06-14,TJS,10,82.2169,8.22169
2024-06-15,TJS,10,82.7988,8.27988
2024-06-18,TJS,10,82.8086,8.28086
2024-06-19,TJS,10,80.9353,8.09353
2024-06-20,TJS,10,77.0613,7.70613
2024-06-21,TJS,10,80.1832,8.01832
2024-06-22,TJS,10,82.6858,8.26858
2024-06-25,TJS,10,82.0103,8.20103
2024-06-26,TJS,10,81.8296,8.18296
2024-06-27,TJS,10,82.326,8.2326
2024-06-28,TJS,10,79.567,7.9567
2024-06-29,TJS,10,80.4104,8.04104
2024-07-02,TJS,10,81.8631,8.18631
2024-07-03,TJS,10,82.48,8.248
2024-07-04,TJS,10,82.4411,8.24411
2024-07-05,TJS,10,82.6801,8.26801
2024-07-06,TJS,10,82.6936,8.26936
2024-07-09,TJS,10,82.579,8.2579
2024-07-10,TJS,10,82.5646,8.25646
2024-07-11,TJS,10,82.4257,8.24257
2024-07-12,TJS,10,82.497,8.2497
2024-07-13,TJS,10,82.3141,8.23141
2024-07-16,TJS,10,82.3751,8.23751
2024-07-17,TJS,10,82.7125,8.27125
2024-07-18,TJS,10,82.6194,8.26194
2024-07-19,TJS,10,82.4455,8.24455
2024-07-20,TJS,10,82.5818,8.25818
2024-07-23,TJS,10,82.3364,8.23364
2024-07-24,TJS,10,81.864,8.1864
2024-07-25,TJS,10,81.203,8.1203
2024-07-26,TJS,10,80.1332,8.01332
2024-07-27,TJS,10,80.5393,8.05393
2024-07-30,TJS,10,81.3162,8.13162
2024-07-31,TJS,10,81.2602,8.12602
2024-08-01,TJS,10,81.1722,8.11722
2024-08-02,TJS,10,80.8651,8.08651
2024-08-03,TJS,10,80.8025,8.08025
2024-08-06,TJS,10,80.1206,8.01206
2024-08-07,TJS,10,80.344,8.0344
2024-08-08,TJS,10,81.1471,8.11471
2024-08-09,TJS,10,81.7588,8.17588
2024-08-10,TJS,10,83.1046,8.31046
2024-08-13,TJS,10,84.9218,8.49218
2024-08-14,TJS,10,87.4589,8.74589
2024-08-15,TJS,10,84.5996,8.45996
2024-08-16,TJS,10,83.328,8.3328
2024-08-17,TJS,10,83.4017,8.34017
2024-08-20,TJS,10,83.9989,8.39989
2024-08-21,TJS,10,85.0106,8.50106
2024-08-22,TJS,10,85.9402,8.59402
2024-08-23,TJS,10,85.5775,8.55775
2024-08-24,TJS,10,85.834,8.5834
2024-08-27,TJS,10,86.0117,8.60117
2024-08-28,TJS,10,85.7364,8.57364
2024-08-29,TJS,10,85.7494,8.57494
2024-08-30,TJS,10,85.6655,8.56655
2024-08-31,TJS,10,85.5307,8.55307
2024-09-03,TJS,10,84.3017,8.43017
2024-09-04,TJS,10,82.9807,8.29807
2024-09-05,TJS,10,83.4088,8.34088
2024-09-06,TJS,10,84.1363,8.41363
2024-09-07,TJS,10,84.2723,8.42723
2024-09-10,TJS,10,84.8163,8.48163
2024-09-11,TJS,10,85.4988,8.54988
2024-09-12,TJS,10,85.5939,8.55939
2024-09-13,TJS,10,85.447,8.5447
2024-09-14,TJS,10,85.2828,8.52828
2024-09-17,TJS,10,85.5066,8.55066
2024-09-18,TJS,10,85.7604,8.57604
2024-09-19,TJS,10,86.0488,8.60488
2024-09-20,TJS,10,87.0109,8.70109
2024-09-21,TJS,10,86.9227,8.69227
2024-09-24,TJS,10,87.2062,8.72062
2024-09-25,TJS,10,87.152,8.7152
2024-09-26,TJS,10,86.7346,8.67346
2024-09-27,TJS,10,86.8001,8.68001
2024-09-28,TJS,10,87.0492,8.70492
2024-10-01,TJS,10,87.5276,8.75276
2024-10-02,TJS,10,87.7352,8.77352
2024-10-03,TJS,10,88.7083,8.87083
2024-10-04,TJS,10,89.1972,8.91972
2024-10-05,TJS,10,89.1317,8.91317
2024-10-08,TJS,10,90.2543,9.02543
2024-10-09,TJS,10,90.2117,9.02117
2024-10-10,TJS,10,90.9937,9.09937
2024-10-11,TJS,10,91.2995,9.12995
2024-10-12,TJS,10,90.1004,9.01004
2024-10-15,TJS,10,90.1681,9.01681
2024-10-16,TJS,10,91.0168,9.10168
2024-10-17,TJS,10,91.2464,9.12464
2024-10-18,TJS,10,91.2129,9.12129
2024-10-19,TJS,10,90.4655,9.04655
2024-10-22,TJS,10,90.1176,9.01176
2024-10-23,TJS,10,90.5817,9.05817
2024-10-24,TJS,10,90.5689,9.05689
2024-10-25,TJS,10,90.6648,9.06648
2024-10-26,TJS,10,90.7106,9.07106
2024-10-29,TJS,10,91.2392,9.12392
2024-10-30,TJS,10,91.3226,9.13226
2024-10-31,TJS,10,91.0877,9.10877
2024-11-01,TJS,10,91.0591,9.10591
2024-11-02,TJS,10,91.5095,9.15095
2024-11-03,TJS,10,91.6125,9.16125
2024-11-06,TJS,10,92.0681,9.20681
2024-11-07,TJS,10,92.2253,9.22253
2024-11-08,TJS,10,92.0835,9.20835
2024-11-09,TJS,10,91.7995,9.17995
2024-11-12,TJS,10,91.9377,9.19377
2024-11-13,TJS,10,91.9385,9.19385
2024-11-14,TJS,10,92.311,9.2311
2024-11-15,TJS,10,92.9406,9.29406
2024-11-16,TJS,10,93.8358,9.38358
2024-11-19,TJS,10,93.727,9.3727
2024-11-20,TJS,10,93.829,9.3829
2024-11-21,TJS,10,94.0002,9.40002
2024-11-22,TJS,10,94.4322,9.44322
2024-11-23,TJS,10,96.1612,9.61612
2024-11-26,TJS,10,97.2771,9.72771
2024-11-27,TJS,10,98.4025,9.84025
2024-11-28,TJS,10,101.0983,10.10983
2024-11-29,TJS,10,102.4622,10.24622
2024-11-30,TJS,10,99.1697,9.91697
2024-12-03,TJS,10,98.3463,9.83463
2024-12-04,TJS,10,97.2995,9.72995
2024-12-05,TJS,10,95.5164,9.55164
2024-12-06,TJS,10,94.6494,9.46494
2024-12-07,TJS,10,91.0537,9.10537
2024-12-10,TJS,10,91.2291,9.12291
2024-12-11,TJS,10,91.8318,9.18318
2024-12-12,TJS,10,94.4682,9.44682
2024-12-13,TJS,10,95.0652,9.50652
2024-12-14,TJS,10,94.5841,9.45841
2024-12-17,TJS,10,94.2094,9.42094
2024-12-18,TJS,10,94.3101,9.43101
2024-12-19,TJS,10,94.2366,9.42366
2024-12-20,TJS,10,94.8274,9.48274
2024-12-21,TJS,10,93.6871,9.36871
2024-12-24,TJS,10,93.0014,9.30014
2024-12-25,TJS,10,91.3825,9.13825
2024-12-26,TJS,10,91.1443,9.11443
2024-12-27,TJS,10,90.7914,9.07914
2024-12-28,TJS,10,91.9854,9.19854
2024-12-29,TJS,10,93.0026,9.30026
2025-01-10,TJS,10,93.5036,9.35036
2025-01-11,TJS,10,93.0854,9.30854
2025-01-14,TJS,10,93.8419,9.38419
2025-01-15,TJS,10,94.5088,9.45088
2025-01-16,TJS,10,93.9167,9.39167
2025-01-17,TJS,10,93.5224,9.35224
2025-01-18,TJS,10,93.5242,9.35242
2025-01-21,TJS,10,93.188,9.3188
2025-01-22,TJS,10,91.2895,9.12895
2025-01-23,TJS,10,89.7841,8.97841
2025-01-24,TJS,10,90.5251,9.05251
2025-01-25,TJS,10,89.763,8.9763
2025-01-28,TJS,10,88.7147,8.87147
2025-01-29,TJS,10,89.4763,8.94763
2025-01-30,TJS,10,89.7272,8.97272
2025-01-31,TJS,10,89.8678,8.98678
2025-02-01,TJS,10,89.5358,8.95358
2025-02-04,TJS,10,91.4796,9.14796
2025-02-05,TJS,10,90.0566,9.00566
2025-02-06,TJS,10,89.6238,8.96238
2025-02-07,TJS,10,88.5455,8.85455
2025-02-08,TJS,10,88.8992,8.88992
2025-02-11,TJS,10,88.4598,8.84598
2025-02-12,TJS,10,87.5315,8.75315
2025-02-13,TJS,10,85.9196,8.59196
2025-02-14,TJS,10,83.1959,8.31959
2025-02-15,TJS,10,82.5366,8.25366
2025-02-18,TJS,10,83.5615,8.35615
2025-02-19,TJS,10,83.4519,8.34519
2025-02-20,TJS,10,82.5717,8.25717
2025-02-21,TJS,10,80.8217,8.08217
2025-02-22,TJS,10,80.4992,8.04992
2025-02-25,TJS,10,80.6349,8.06349
2025-02-26,TJS,10,79.1954,7.91954
2025-02-27,TJS,10,78.5138,7.85138
2025-02-28,TJS,10,80.1505,8.01505
2025-03-01,TJS,10,80.8442,8.08442
2025-03-04,TJS,10,81.7238,8.17238
2025-03-05,TJS,10,81.5527,8.15527
2025-03-06,TJS,10,82.091,8.2091
2025-03-07,TJS,10,81.894,8.1894
2025-03-08,TJS,10,81.5452,8.15452
2025-03-11,TJS,10,80.7255,8.07255
2025-03-12,TJS,10,79.063,7.9063
2025-03-13,TJS,10,79.1654,7.91654
2025-03-14,TJS,10,79.1641,7.91641
2025-03-15,TJS,10,78.2807,7.82807
2025-03-18,TJS,10,77.0712,7.70712
2025-03-19,TJS,10,74.5725,7.45725
2025-03-20,TJS,10,75.8049,7.58049
2025-03-21,TJS,10,77.2251,7.72251
2025-03-22,TJS,10,77.4489,7.74489
2025-03-25,TJS,10,76.7477,7.67477
2025-03-26,TJS,10,77.0398,7.70398
2025-03-27,TJS,10,77.0522,7.70522
2025-03-28,TJS,10,76.712,7.6712
2025-03-29,TJS,10,76.7423,7.67423
2025-04-01,TJS,10,78.4068,7.84068
2025-04-02,TJS,10,77.833,7.7833
2025-04-03,TJS,10,77.5011,7.75011
2025-04-04,TJS,10,77.5843,7.75843
2025-04-05,TJS,10,77.4872,7.74872
2025-04-08,TJS,10,79.1016,7.91016
2025-04-09,TJS,10,78.4643,7.84643
2025-04-10,TJS,10,79.0846,7.90846
2025-04-11,TJS,10,78.1303,7.81303
2025-04-12,TJS,10,77.0827,7.70827
2025-04-15,TJS,10,76.0105,7.60105
2025-04-16,TJS,10,75.6631,7.56631
2025-04-17,TJS,10,75.9287,7.59287
2025-04-18,TJS,10,75.5242,7.55242
2025-04-19,TJS,10,75.0234,7.50234
2025-04-22,TJS,10,75.3904,7.53904
2025-04-23,TJS,10,76.2453,7.62453
2025-04-24,TJS,10,77.3085,7.73085
2025-04-25,TJS,10,77.894,7.7894
2025-04-26,TJS,10,77.7051,7.77051
2025-04-29,TJS,10,77.7539,7.77539
2025-04-30,TJS,10,76.95,7.695
2025-05-01,TJS,10,77.012,7.7012
2025-05-06,TJS,10,78.8534,7.88534
2025-05-07,TJS,10,77.7495,7.77495
2025-05-08,TJS,10,77.5915,7.75915
2025-05-13,TJS,10,77.66,7.766
2025-05-14,TJS,10,77.3352,7.73352
2025-05-15,TJS,10,77.1552,7.71552
2025-05-16,TJS,10,77.2415,7.72415
2025-05-17,TJS,10,77.7761,7.77761
2025-05-20,TJS,10,77.502,7.7502
2025-05-21,TJS,10,77.7736,7.77736
2025-05-22,TJS,10,77.3287,7.73287
2025-05-23,TJS,10,77.4088,7.74088
2025-05-24,TJS,10,77.5752,7.75752
2025-05-27,TJS,10,77.9021,7.79021
2025-05-28,TJS,10,78.2575,7.82575
2025-05-29,TJS,10,78.6404,7.86404
2025-05-30,TJS,10,78.4029,7.84029
2025-05-31,TJS,10,78.736,7.8736
2025-06-03,TJS,10,79.6125,7.96125
2025-06-04,TJS,10,79.7231,7.97231
2025-06-05,TJS,10,79.3668,7.93668
2025-06-06,TJS,10,80.0445,8.00445
2025-06-07,TJS,10,80.0881,8.00881
2025-06-10,TJS,10,79.8965,7.98965
2025-06-11,TJS,10,79.1528,7.91528
2025-06-12,TJS,10,79.5581,7.95581
2025-06-17,TJS,10,77.4274,7.74274
2025-06-18,TJS,10,77.7532,7.77532
2025-06-19,TJS,10,78.0431,7.80431
2025-06-20,TJS,10,79.1855,7.91855
2025-06-21,TJS,10,79.2017,7.92017
2025-06-24,TJS,10,79.0831,7.90831
2025-06-25,TJS,10,79.1418,7.91418
2025-06-26,TJS,10,78.9467,7.89467
2025-06-27,TJS,10,79.0001,7.90001
2025-06-28,TJS,10,79.2595,7.92595
2025-07-01,TJS,10,79.32,7.932
2025-07-02,TJS,10,79.5848,7.95848
2025-07-03,TJS,10,79.7684,7.97684
2025-07-04,TJS,10,80.6039,8.06039
2025-07-05,TJS,10,80.6575,8.06575
2025-07-08,TJS,10,80.8779,8.08779
2025-07-09,TJS,10,80.9773,8.09773
2025-07-10,TJS,10,80.982,8.0982
2025-07-11,TJS,10,80.5948,8.05948
2025-07-12,TJS,10,80.4004,8.04004
2025-07-15,TJS,10,80.9028,8.09028
2025-07-16,TJS,10,81.2439,8.12439
2025-07-17,TJS,10,81.244,8.1244
2025-07-18,TJS,10,81.5759,8.15759
2025-07-19,TJS,10,81.5674,8.15674
2025-07-22,TJS,10,81.7511,8.17511
2025-07-23,TJS,10,81.5015,8.15015
2025-07-24,TJS,10,81.857,8.1857
2025-07-25,TJS,10,82.2897,8.22897
2025-07-26,TJS,10,83.4026,8.34026
2025-07-29,TJS,10,83.3917,8.33917
2025-07-30,TJS,10,86.1598,8.61598
2025-07-31,TJS,10,85.8959,8.58959
2025-08-01,TJS,10,84.3021,8.43021
2025-08-02,TJS,10,84.5425,8.45425
2025-08-05,TJS,10,83.9712,8.39712
2025-08-06,TJS,10,84.6828,8.46828
2025-08-07,TJS,10,85.4254,8.54254
2025-08-08,TJS,10,84.5661,8.45661
2025-08-09,TJS,10,85.0629,8.50629
2025-08-12,TJS,10,85.0015,8.50015
2025-08-13,TJS,10,85.3136,8.53136
2025-08-14,TJS,10,85.1025,8.51025
2025-08-15,TJS,10,85.2795,8.52795
2025-08-16,TJS,10,85.6111,8.56111
2025-08-19,TJS,10,85.9661,8.59661
2025-08-20,TJS,10,85.8817,8.58817
2025-08-21,TJS,10,85.5077,8.55077
2025-08-22,TJS,10,85.3067,8.53067
2025-08-23,TJS,10,85.8328,8.58328
2025-08-26,TJS,10,84.4427,8.44427
2025-08-27,TJS,10,83.8524,8.38524
2025-08-28,TJS,10,83.7529,8.37529
2025-08-29,TJS,10,83.6678,8.36678
2025-08-30,TJS,10,84.0465,8.40465
2025-09-02,TJS,10,85.0161,8.50161
2025-09-03,TJS,10,85.5824,8.55824
2025-09-04,TJS,10,85.9536,8.59536
2025-09-05,TJS,10,85.903,8.5903
2025-09-06,TJS,10,86.1755,8.61755
2025-09-09,TJS,10,86.981,8.6981
2025-09-10,TJS,10,87.9347,8.79347
2025-09-11,TJS,10,89.7079,8.97079
2025-09-12,TJS,10,90.0407,9.00407
2025-09-13,TJS,10,88.6901,8.86901
2025-09-16,TJS,10,87.3089,8.73089
2025-09-17,TJS,10,87.4895,8.74895
2025-09-18,TJS,10,87.6614,8.76614
2025-09-19,TJS,10,88.1307,8.81307
2025-09-20,TJS,10,88.6177,8.86177
2025-09-23,TJS,10,89.1198,8.91198
2025-09-24,TJS,10,88.4403,8.84403
2025-09-25,TJS,10,89.2036,8.92036
2025-09-26,TJS,10,88.9085,8.89085
2025-09-27,TJS,10,88.9137,8.89137
2025-09-30,TJS,10,88.173,8.8173
2025-10-01,TJS,10,87.8972,8.78972
2025-10-02,TJS,10,86.8363,8.68363
2025-10-03,TJS,10,86.4128,8.64128
2025-10-04,TJS,10,87.9043,8.79043
2025-10-07,TJS,10,89.1036,8.91036
2025-10-08,TJS,10,87.9602,8.79602
2025-10-09,TJS,10,87.5239,8.75239
2025-10-10,TJS,10,87.4017,8.74017
2025-10-11,TJS,10,87.3798,8.73798
2025-10-14,TJS,10,87.2653,8.72653
2025-10-15,TJS,10,86.4383,8.64383
2025-10-16,TJS,10,85.2452,8.52452
2025-10-17,TJS,10,85.6693,8.56693
2025-10-18,TJS,10,87.7945,8.77945
2025-10-21,TJS,10,88.2831,8.82831
2025-10-22,TJS,10,88.3127,8.83127
2025-10-23,TJS,10,88.6464,8.86464
2025-10-24,TJS,10,87.8669,8.78669
2025-10-25,TJS,10,87.5451,8.75451
2025-10-28,TJS,10,84.7804,8.47804
2025-10-29,TJS,10,85.8676,8.58676
2025-10-30,TJS,10,85.4762,8.54762
2025-10-31,TJS,10,86.6983,8.66983
2025-11-01,TJS,10,87.2375,8.72375
2025-11-02,TJS,10,87.2774,8.72774
2025-11-06,TJS,10,87.5461,8.75461
2025-11-07,TJS,10,87.7318,8.77318
2025-11-08,TJS,10,87.5692,8.75692
2025-11-11,TJS,10,87.3401,8.73401
2025-11-12,TJS,10,87.6693,8.76693
2025-11-13,TJS,10,87.5928,8.75928
2025-11-14,TJS,10,86.8601,8.68601
2025-11-15,TJS,10,87.4276,8.74276
2025-11-18,TJS,10,87.4389,8.74389
2025-11-19,TJS,10,87.3208,8.73208
2025-11-20,TJS,10,87.2043,8.72043
2025-11-21,TJS,10,86.9686,8.69686
2025-11-22,TJS,10,85.0559,8.50559
2025-11-25,TJS,10,84.9381,8.49381
2025-11-26,TJS,10,84.9798,8.49798
2025-11-27,TJS,10,84.5844,8.45844
2025-11-28,TJS,10,84.2661,8.42661
2025-11-29,TJS,10,84.2425,8.42425
2025-12-02,TJS,10,83.8244,8.38244
2025-12-03,TJS,10,83.5659,8.35659
2025-12-04,TJS,10,84.2262,8.42262
2025-12-05,TJS,10,83.2072,8.32072
2025-12-06,TJS,10,82.2937,8.22937
2025-12-09,TJS,10,83.5694,8.35694
2025-12-10,TJS,10,83.2251,8.32251
2025-12-11,TJS,10,84.3967,8.43967
2025-12-12,TJS,10,85.9968,8.59968
2025-12-13,TJS,10,86.3136,8.63136
2025-12-16,TJS,10,86.0104,8.60104
2025-12-17,TJS,10,86.1536,8.61536
2025-12-18,TJS,10,86.9996,8.69996
2025-12-19,TJS,10,86.6286,8.66286
2025-12-20,TJS,10,87.3643,8.73643
2025-12-23,TJS,10,85.8411,8.58411
2025-12-24,TJS,10,85.0515,8.50515
2025-12-25,TJS,10,84.8507,8.48507
2025-12-26,TJS,10,84.2066,8.42066
2025-12-27,TJS,10,84.0162,8.40162
2025-12-30,TJS,10,83.7505,8.37505
2025-12-31,TJS,10,84.5593,8.45593
2026-01-13,TJS,10,84.3554,8.43554
2026-01-14,TJS,10,84.3868,8.43868
2026-01-15,TJS,10,84.08,8.408
2026-01-16,TJS,10,84.0492,8.40492
2026-01-17,TJS,10,83.4315,8.34315
2026-01-20,TJS,10,83.3515,8.33515
2026-01-21,TJS,10,83.4465,8.34465
2026-01-22,TJS,10,83.0068,8.30068
2026-01-23,TJS,10,81.3556,8.13556
2026-01-24,TJS,10,81.155,8.1155
2026-01-27,TJS,10,81.2456,8.12456
2026-01-28,TJS,10,81.8151,8.18151
2026-01-29,TJS,10,81.5524,8.15524
2026-01-30,TJS,10,81.0701,8.10701
2026-01-31,TJS,10,80.8152,8.08152
2026-02-03,TJS,10,82.1913,8.21913
2026-02-04,TJS,10,82.2419,8.22419
2026-02-05,TJS,10,82.1655,8.21655
2026-02-06,TJS,10,81.6358,8.16358
2026-02-07,TJS,10,82.1471,8.21471
2026-02-10,TJS,10,82.8278,8.28278
2026-02-11,TJS,10,82.1951,8.21951
2026-02-12,TJS,10,82.355,8.2355
2026-02-13,TJS,10,81.9066,8.19066
2026-02-14,TJS,10,81.7201,8.17201
2026-02-17,TJS,10,81.1121,8.11121
2026-02-18,TJS,10,81.1554,8.11554
2026-02-19,TJS,10,80.576,8.0576
2026-02-20,TJS,10,81.0316,8.10316
2026-02-21,TJS,10,81.1537,8.11537
2026-02-25,TJS,10,80.9736,8.09736
2026-02-26,TJS,10,80.6827,8.06827
2026-02-27,TJS,10,81.2167,8.12167
2026-02-28,TJS,10,81.2474,8.12474
2026-03-03,TJS,10,80.9998,8.09998
2026-03-04,TJS,10,81.3285,8.13285
2026-03-05,TJS,10,81.4047,8.14047
2026-03-06,TJS,10,81.6614,8.16614
2026-03-07,TJS,10,82.664,8.2664
2026-03-11,TJS,10,82.0119,8.20119
2026-03-12,TJS,10,82.3651,8.23651
2026-03-13,TJS,10,82.2673,8.22673
2026-03-14,TJS,10,83.4542,8.34542
2026-03-17,TJS,10,84.3691,8.43691
2026-03-18,TJS,10,85.2327,8.52327
2026-03-19,TJS,10,86.5174,8.65174
2026-03-20,TJS,10,88.2992,8.82992
2026-03-21,TJS,10,88.0604,8.80604
2026-03-24,TJS,10,88.0604,8.80604
2026-03-25,TJS,10,84.8757,8.48757
2026-03-26,TJS,10,84.6229,8.46229
2026-03-27,TJS,10,86.1033,8.61033
2026-03-28,TJS,10,85.0685,8.50685
2026-03-31,TJS,10,84.6996,8.46996
2026-04-01,TJS,10,84.6526,8.46526
2026-04-02,TJS,10,84.2187,8.42187
2026-04-03,TJS,10,83.8,8.38
2026-04-04,TJS,10,83.2786,8.32786
2026-04-07,TJS,10,82.2213,8.22213
2026-04-08,TJS,10,82.443,8.2443
2026-04-09,TJS,10,81.9769,8.19769
2026-04-10,TJS,10,81.5906,8.15906
2026-04-11,TJS,10,80.8169,8.08169
2026-04-14,TJS,10,80.1903,8.01903
2026-04-15,TJS,10,79.843,7.9843
2026-04-16,TJS,10,79.3405,7.93405
2026-04-17,TJS,10,80.2384,8.02384
2026-04-18,TJS,10,80.3473,8.03473
2026-04-21,TJS,10,79.5519,7.95519
2026-04-22,TJS,10,78.915,7.8915
2026-04-23,TJS,10,79.4091,7.94091
2026-04-24,TJS,10,79.3053,7.93053
2026-04-25,TJS,10,80.0866,8.00866
2026-04-28,TJS,10,79.3939,7.93939
2026-04-29,TJS,10,79.2735,7.92735
2026-04-30,TJS,10,79.5384,7.95384
2026-05-01,TJS,10,79.5683,7.95683
2026-05-05,TJS,10,80.3327,8.03327
2026-05-06,TJS,10,80.3438,8.03438
2026-05-07,TJS,10,80.1985,8.01985
2026-05-08,TJS,10,79.6058,7.96058
2026-05-09,TJS,10,79.3162,7.93162
2026-05-13,TJS,10,78.855,7.8855
2026-05-14,TJS,10,78.3845,7.83845
2026-05-15,TJS,10,78.2063,7.82063
2026-05-16,TJS,10,78.2531,7.82531
2026-05-19,TJS,10,77.4208,7.74208
2026-05-20,TJS,10,76.422,7.6422
2026-05-21,TJS,10,76.1455,7.61455
2026-05-22,TJS,10,76.2119,7.62119
2026-05-23,TJS,10,76.7396,7.67396
2026-05-26,TJS,10,77.1028,7.71028
2026-05-27,TJS,10,77.4622,7.74622
2026-05-28,TJS,10,76.6334,7.66334
2026-05-29,TJS,10,77.1309,7.71309
2026-05-30,TJS,10,76.7536,7.67536
2026-06-02,TJS,10,77.3849,7.73849
2026-06-03,TJS,10,78.4429,7.84429
2026-06-04,TJS,10,79.1167,7.91167
2026-06-05,TJS,10,80.0591,8.00591
2026-06-06,TJS,10,79.1682,7.91682
2026-06-09,TJS,10,78.3535,7.83535
2026-06-10,TJS,10,76.6882,7.66882
2026-06-11,TJS,10,76.8128,7.68128
2026-06-12,TJS,10,77.1269,7.71269
2026-06-16,TJS,10,77.7533,7.77533
2026-06-17,TJS,10,77.587,7.7587
2026-06-18,TJS,10,78.3373,7.83373
2026-06-19,TJS,10,78.785,7.8785
2026-06-20,TJS,10,78.8649,7.88649
2026-06-23,TJS,10,79.3983,7.93983
2026-06-24,TJS,10,80.3065,8.03065
2026-06-25,TJS,10,80.4287,8.04287
2026-06-26,TJS,10,81.4555,8.14555
2026-06-27,TJS,10,83.1529,8.31529
2026-06-30,TJS,10,83.9004,8.39004
2026-07-01,TJS,10,84.4105,8.44105
2026-07-02,TJS,10,84.3411,8.43411
2026-07-03,TJS,10,83.962,8.3962
2026-07-04,TJS,10,83.2002,8.32002
2026-07-07,TJS,10,84.037,8.4037
2026-07-08,TJS,10,82.0498,8.20498
2026-07-09,TJS,10,82.3828,8.23828
2026-07-10,TJS,10,82.1415,8.21415
2026-07-11,TJS,10,82.8387,8.28387
2026-07-14,TJS,10,82.7918,8.27918
2026-07-15,TJS,10,83.7344,8.37344
2026-07-16,TJS,10,84.2376,8.42376
2026-07-17,TJS,10,84.6234,8.46234
2026-07-18,TJS,10,84.7554,8.47554
2026-07-21,TJS,10,84.6228,8.46228
2026-07-22,TJS,10,84.8801,8.48801
2026-07-23,TJS,10,84.8238,8.48238
2026-07-24,TJS,10,84.7648,8.47648
2026-07-25,TJS,10,84.2301,8.42301
2026-07-28,TJS,10,84.3101,8.43101
2026-07-29,TJS,10,85.1268,8.51268
2026-07-30,TJS,10,85.8517,8.58517
2026-07-31,TJS,10,86.3089,8.63089
2026-08-01,TJS,10,85.9216,8.59216
2026-08-04,TJS,10,86.5757,8.65757
2026-08-05,TJS,10,87.7043,8.77043
2026-08-06,TJS,10,87.6114,8.76114
2026-08-07,TJS,10,88.0312,8.80312
2026-08-08,TJS,10,88.8517,8.88517
2026-08-11,TJS,10,89.271,8.9271
2026-08-12,TJS,10,89.0205,8.90205
2026-08-13,TJS,10,89.6991,8.96991
2026-08-14,TJS,10,90.4757,9.04757
2026-08-15,TJS,10,91.2736,9.12736
2026-08-18,TJS,10,91.8143,9.18143
2026-08-19,TJS,10,91.9991,9.19991
2026-08-20,TJS,10,91.9611,9.19611
2026-08-21,TJS,10,90.0931,9.00931
2026-08-22,TJS,10,89.7026,8.97026
2026-08-25,TJS,10,90.0214,9.00214
2026-08-26,TJS,10,91.2922,9.12922
2026-08-27,TJS,10,91.1265,9.11265
2026-08-28,TJS,10,92.9284,9.29284
2026-08-29,TJS,10,92.5493,9.25493
2026-09-01,TJS,10,93.3084,9.33084
2026-09-02,TJS,10,93.8073,9.38073
