date,iso,nominal,rate,rate_per_unit
2000-01-01,CNY,10,32.61,3.261
2000-02-01,CNY,10,34.49,3.4490000000000003
2000-03-01,CNY,10,34.62,3.4619999999999997
2000-04-01,CNY,10,34.38,3.438
2000-05-01,CNY,10,34.34,3.434
2000-06-01,CNY,10,34.13,3.4130000000000003
2000-07-01,CNY,10,33.91,3.3909999999999996
2000-08-01,CNY,10,33.58,3.3579999999999997
2000-09-01,CNY,10,33.51,3.351
2000-10-01,CNY,10,33.52,3.3520000000000003
2000-11-01,CNY,10,33.62,3.3619999999999997
2000-12-01,CNY,10,33.64,3.364
2001-01-01,CNY,10,34.02,3.402
2001-02-01,CNY,10,34.27,3.4270000000000005
2001-03-01,CNY,10,34.7,3.47
2001-04-01,CNY,10,34.74,3.474
2001-05-01,CNY,10,34.83,3.4829999999999997
2001-06-01,CNY,10,35.15,3.5149999999999997
2001-07-01,CNY,10,35.17,3.5170000000000003
2001-08-01,CNY,10,35.36,3.536
2001-09-01,CNY,10,35.48,3.5479999999999996
2001-10-01,CNY,10,35.52,3.5520000000000005
2001-11-01,CNY,10,35.88,3.588
2001-12-01,CNY,10,36.12,3.6119999999999997
2002-01-01,CNY,10,36.4117,3.6411700000000002
2002-02-01,CNY,10,37.0744,3.7074399999999996
2002-03-01,CNY,10,37.3673,3.73673
2002-04-01,CNY,10,37.5361,3.7536099999999997
2002-05-01,CNY,10,37.6903,3.76903
2002-06-01,CNY,10,37.8265,3.7826500000000003
2002-07-01,CNY,10,37.9827,3.79827
2002-08-01,CNY,10,37.9863,3.79863
2002-09-01,CNY,10,38.1485,3.81485
2002-10-01,CNY,10,38.2204,3.82204
2002-11-01,CNY,10,38.3473,3.8347299999999995
2002-12-01,CNY,10,38.4671,3.8467100000000003
2003-01-01,CNY,10,38.399,3.8399
2003-02-01,CNY,10,38.4484,3.84484
2003-03-01,CNY,10,38.1475,3.81475
2003-04-01,CNY,10,37.9111,3.7911099999999998
2003-05-01,CNY,10,37.574,3.7573999999999996
2003-06-01,CNY,10,37.0543,3.70543
2003-07-01,CNY,10,36.6649,3.6664900000000005
2003-08-01,CNY,10,36.5569,3.65569
2003-09-01,CNY,10,36.8534,3.68534
2003-10-01,CNY,10,36.9838,3.6983800000000002
2003-11-01,CNY,10,36.0748,3.6074800000000002
2003-12-01,CNY,10,35.9267,3.5926699999999996
2004-01-01,CNY,10,35.586,3.5585999999999998
2004-02-01,CNY,10,34.4222,3.44222
2004-03-01,CNY,10,34.4461,3.44461
2004-04-01,CNY,10,34.4146,3.44146
2004-05-01,CNY,10,34.8968,3.48968
2004-06-01,CNY,10,35.0196,3.5019599999999995
2004-07-01,CNY,10,35.0204,3.50204
2004-08-01,CNY,10,35.1453,3.5145299999999997
2004-09-01,CNY,10,35.3338,3.5333799999999997
2004-10-01,CNY,10,35.3008,3.5300800000000003
2004-11-01,CNY,10,34.7711,3.4771099999999997
2004-12-01,CNY,10,34.1167,3.41167
2005-01-01,CNY,10,33.5271,3.3527099999999996
2005-02-01,CNY,10,33.9328,3.39328
2005-03-01,CNY,10,33.5574,3.35574
2005-04-01,CNY,10,33.62,3.3619999999999997
2005-05-01,CNY,10,33.5818,3.35818
2005-06-01,CNY,10,33.9418,3.39418
2005-07-01,CNY,10,34.6428,3.46428
2005-08-01,CNY,10,35.3536,3.53536
2005-09-01,CNY,10,35.2608,3.5260800000000003
2005-10-01,CNY,10,35.223,3.5223
2005-11-01,CNY,10,35.1591,3.5159100000000003
2005-12-01,CNY,10,35.5602,3.55602
2006-01-01,CNY,10,35.6705,3.5670499999999996
2006-02-01,CNY,10,34.8823,3.48823
2006-03-01,CNY,10,34.9749,3.49749
2006-04-01,CNY,10,34.5951,3.4595100000000003
2006-05-01,CNY,10,34.1258,3.4125799999999997
2006-05-11,CNY,10,33.7674,3.37674
2006-05-12,CNY,10,33.8253,3.38253
2006-05-13,CNY,10,33.6536,3.36536
2006-05-16,CNY,10,33.616,3.3616
2006-05-17,CNY,10,33.7024,3.37024
2006-05-18,CNY,10,33.6793,3.36793
2006-05-19,CNY,10,33.7927,3.37927
2006-05-20,CNY,10,33.6873,3.36873
2006-05-23,CNY,10,33.7756,3.37756
2006-05-24,CNY,10,33.6428,3.36428
2006-05-25,CNY,10,33.6763,3.36763
2006-05-26,CNY,10,33.6818,3.36818
2006-05-27,CNY,10,33.6821,3.36821
2006-05-30,CNY,10,33.7274,3.37274
2006-05-31,CNY,10,33.6098,3.36098
2006-06-01,CNY,10,33.5545,3.35545
2006-06-02,CNY,10,33.6934,3.36934
2006-06-03,CNY,10,33.518,3.3518
2006-06-06,CNY,10,33.3403,3.33403
2006-06-07,CNY,10,33.3451,3.33451
2006-06-08,CNY,10,33.4661,3.34661
2006-06-09,CNY,10,33.4934,3.34934
2006-06-10,CNY,10,33.6946,3.36946
2006-06-14,CNY,10,33.8291,3.38291
2006-06-15,CNY,10,33.8441,3.38441
2006-06-16,CNY,10,33.7919,3.37919
2006-06-17,CNY,10,33.7307,3.37307
2006-06-20,CNY,10,33.7775,3.37775
2006-06-21,CNY,10,33.783,3.3783
2006-06-22,CNY,10,33.7649,3.37649
2006-06-23,CNY,10,33.7299,3.37299
2006-06-24,CNY,10,33.8071,3.38071
2006-06-27,CNY,10,33.8573,3.38573
2006-06-28,CNY,10,33.7956,3.37956
2006-06-29,CNY,10,33.8314,3.38314
2006-06-30,CNY,10,33.8461,3.38461
2006-07-01,CNY,10,33.6989,3.36989
2006-07-04,CNY,10,33.6129,3.36129
2006-07-05,CNY,10,33.5534,3.35534
2006-07-06,CNY,10,33.5787,3.35787
2006-07-07,CNY,10,33.6528,3.36528
2006-07-08,CNY,10,33.627,3.3627
2006-07-11,CNY,10,33.6055,3.36055
2006-07-12,CNY,10,33.6756,3.36756
2006-07-13,CNY,10,33.6153,3.36153
2006-07-14,CNY,10,33.6714,3.36714
2006-07-15,CNY,10,33.7165,3.37165
2006-07-18,CNY,10,33.6689,3.36689
2006-07-19,CNY,10,33.7489,3.37489
2006-07-20,CNY,10,33.8023,3.38023
2006-07-21,CNY,10,33.7261,3.37261
2006-07-22,CNY,10,33.676,3.3676
2006-07-25,CNY,10,33.7148,3.37148
2006-07-26,CNY,10,33.6762,3.36762
2006-07-27,CNY,10,33.7761,3.37761
2006-07-28,CNY,10,33.6498,3.36498
2006-07-29,CNY,10,33.6938,3.36938
2006-08-01,CNY,10,33.6572,3.36572
2006-08-02,CNY,10,33.639,3.3639
2006-08-03,CNY,10,33.5374,3.35374
2006-08-04,CNY,10,33.6016,3.36016
2006-08-05,CNY,10,33.556,3.3556
2006-08-08,CNY,10,33.5038,3.35038
2006-08-09,CNY,10,33.5233,3.35233
2006-08-10,CNY,10,33.5152,3.35152
2006-08-11,CNY,10,33.4736,3.34736
2006-08-12,CNY,10,33.5773,3.35773
2006-08-15,CNY,10,33.5668,3.35668
2006-08-16,CNY,10,33.5673,3.35673
2006-08-17,CNY,10,33.5615,3.35615
2006-08-18,CNY,10,33.491,3.3491
2006-08-19,CNY,10,33.5211,3.35211
2006-08-22,CNY,10,33.5044,3.35044
2006-08-23,CNY,10,33.5079,3.35079
2006-08-24,CNY,10,33.5739,3.35739
2006-08-25,CNY,10,33.5984,3.35984
2006-08-26,CNY,10,33.6069,3.36069
2006-08-29,CNY,10,33.571,3.3571
2006-08-30,CNY,10,33.5692,3.35692
2006-08-31,CNY,10,33.5945,3.35945
2006-09-01,CNY,10,33.5882,3.35882
2006-09-02,CNY,10,33.6235,3.36235
2006-09-05,CNY,10,33.6298,3.36298
2006-09-06,CNY,10,33.5524,3.35524
2006-09-07,CNY,10,33.5447,3.35447
2006-09-08,CNY,10,33.5482,3.35482
2006-09-09,CNY,10,33.6381,3.36381
2006-09-12,CNY,10,33.6766,3.36766
2006-09-13,CNY,10,33.6789,3.36789
2006-09-14,CNY,10,33.7061,3.37061
2006-09-15,CNY,10,33.7295,3.37295
2006-09-16,CNY,10,33.6921,3.36921
2006-09-19,CNY,10,33.7231,3.37231
2006-09-20,CNY,10,33.7236,3.37236
2006-09-21,CNY,10,33.7924,3.37924
2006-09-22,CNY,10,33.7759,3.37759
2006-09-23,CNY,10,33.6885,3.36885
2006-09-26,CNY,10,33.6694,3.36694
2006-09-27,CNY,10,33.7539,3.37539
2006-09-28,CNY,10,33.8912,3.38912
2006-09-29,CNY,10,33.8734,3.38734
2006-09-30,CNY,10,33.8686,3.38686
2006-10-03,CNY,10,33.8784,3.38784
2006-10-04,CNY,10,33.8009,3.38009
2006-10-05,CNY,10,33.8434,3.38434
2006-10-06,CNY,10,33.8601,3.38601
2006-10-07,CNY,10,33.8979,3.38979
2006-10-10,CNY,10,34.0163,3.40163
2006-10-11,CNY,10,34.0152,3.40152
2006-10-12,CNY,10,34.041,3.4041
2006-10-13,CNY,10,34.046,3.4046
2006-10-14,CNY,10,34.0731,3.40731
2006-10-17,CNY,10,34.0991,3.40991
2006-10-18,CNY,10,34.0677,3.40677
2006-10-19,CNY,10,34.0526,3.40526
2006-10-20,CNY,10,34.052,3.4052
2006-10-21,CNY,10,33.9671,3.39671
2006-10-24,CNY,10,34.0306,3.40306
2006-10-25,CNY,10,34.0679,3.40679
2006-10-26,CNY,10,34.0542,3.40542
2006-10-27,CNY,10,33.9842,3.39842
2006-10-28,CNY,10,33.9549,3.39549
2006-10-31,CNY,10,33.9528,3.39528
2006-11-01,CNY,10,33.9905,3.39905
2006-11-02,CNY,10,33.9431,3.39431
2006-11-03,CNY,10,33.9322,3.39322
2006-11-04,CNY,10,33.9207,3.39207
2006-11-08,CNY,10,33.9066,3.39066
2006-11-09,CNY,10,33.9362,3.39362
2006-11-10,CNY,10,33.9344,3.39344
2006-11-11,CNY,10,33.8459,3.38459
2006-11-14,CNY,10,33.8411,3.38411
2006-11-15,CNY,10,33.8613,3.38613
2006-11-16,CNY,10,33.8766,3.38766
2006-11-17,CNY,10,33.8697,3.38697
2006-11-18,CNY,10,33.8871,3.38871
2006-11-21,CNY,10,33.8546,3.38546
2006-11-22,CNY,10,33.853,3.3853
2006-11-23,CNY,10,33.8384,3.38384
2006-11-24,CNY,10,33.782,3.3782
2006-11-25,CNY,10,33.7627,3.37627
2006-11-28,CNY,10,33.6201,3.36201
2006-11-29,CNY,10,33.5788,3.35788
2006-11-30,CNY,10,33.5724,3.35724
2006-12-01,CNY,10,33.5242,3.35242
2006-12-02,CNY,10,33.4995,3.34995
2006-12-05,CNY,10,33.4473,3.34473
2006-12-06,CNY,10,33.4197,3.34197
2006-12-07,CNY,10,33.4743,3.34743
2006-12-08,CNY,10,33.4483,3.34483
2006-12-09,CNY,10,33.4856,3.34856
2006-12-12,CNY,10,33.5558,3.35558
2006-12-13,CNY,10,33.5303,3.35303
2006-12-14,CNY,10,33.5197,3.35197
2006-12-15,CNY,10,33.57,3.357
2006-12-16,CNY,10,33.6354,3.36354
2006-12-19,CNY,10,33.6806,3.36806
2006-12-20,CNY,10,33.6737,3.36737
2006-12-21,CNY,10,33.5949,3.35949
2006-12-22,CNY,10,33.6139,3.36139
2006-12-23,CNY,10,33.6242,3.36242
2006-12-26,CNY,10,33.6958,3.36958
2006-12-27,CNY,10,33.705,3.3705
2006-12-28,CNY,10,33.6737,3.36737
2006-12-29,CNY,10,33.7598,3.37598
2006-12-30,CNY,10,33.7155,3.37155
2007-01-10,CNY,10,33.8255,3.38255
2007-01-11,CNY,10,33.9243,3.39243
2007-01-12,CNY,10,34.035,3.4035
2007-01-13,CNY,10,34.0334,3.40334
2007-01-16,CNY,10,34.082,3.4082
2007-01-17,CNY,10,34.0841,3.40841
2007-01-18,CNY,10,34.1447,3.41447
2007-01-19,CNY,10,34.1365,3.41365
2007-01-20,CNY,10,34.0801,3.40801
2007-01-23,CNY,10,34.1024,3.41024
2007-01-24,CNY,10,34.0987,3.40987
2007-01-25,CNY,10,34.0702,3.40702
2007-01-26,CNY,10,34.0991,3.40991
2007-01-27,CNY,10,34.1444,3.41444
2007-01-30,CNY,10,34.1687,3.41687
2007-01-31,CNY,10,34.1196,3.41196
2007-02-01,CNY,10,34.1459,3.41459
2007-02-02,CNY,10,34.1365,3.41365
2007-02-03,CNY,10,34.1391,3.41391
2007-02-06,CNY,10,34.191,3.4191
2007-02-07,CNY,10,34.2318,3.42318
2007-02-08,CNY,10,34.2031,3.42031
2007-02-09,CNY,10,34.0667,3.40667
2007-02-10,CNY,10,33.9834,3.39834
2007-02-13,CNY,10,33.956,3.3956
2007-02-14,CNY,10,33.9922,3.39922
2007-02-15,CNY,10,33.9025,3.39025
2007-02-16,CNY,10,33.8313,3.38313
2007-02-17,CNY,10,33.85,3.385
2007-02-20,CNY,10,33.8207,3.38207
2007-02-21,CNY,10,33.7992,3.37992
2007-02-22,CNY,10,33.7996,3.37996
2007-02-23,CNY,10,33.865,3.3865
2007-02-27,CNY,10,33.7847,3.37847
2007-02-28,CNY,10,33.7591,3.37591
2007-03-01,CNY,10,33.7896,3.37896
2007-03-02,CNY,10,33.7508,3.37508
2007-03-03,CNY,10,33.7956,3.37956
2007-03-06,CNY,10,33.8494,3.38494
2007-03-07,CNY,10,33.8775,3.38775
2007-03-08,CNY,10,33.8943,3.38943
2007-03-10,CNY,10,33.8438,3.38438
2007-03-13,CNY,10,33.8511,3.38511
2007-03-14,CNY,10,33.8045,3.38045
2007-03-15,CNY,10,33.7713,3.37713
2007-03-16,CNY,10,33.7475,3.37475
2007-03-17,CNY,10,33.6428,3.36428
2007-03-20,CNY,10,33.6654,3.36654
2007-03-21,CNY,10,33.6378,3.36378
2007-03-22,CNY,10,33.6394,3.36394
2007-03-23,CNY,10,33.591,3.3591
2007-03-24,CNY,10,33.6345,3.36345
2007-03-27,CNY,10,33.7086,3.37086
2007-03-28,CNY,10,33.6345,3.36345
2007-03-29,CNY,10,33.6338,3.36338
2007-03-30,CNY,10,33.6638,3.36638
2007-03-31,CNY,10,33.6455,3.36455
2007-04-03,CNY,10,33.6283,3.36283
2007-04-04,CNY,10,33.6144,3.36144
2007-04-05,CNY,10,33.6256,3.36256
2007-04-06,CNY,10,33.6185,3.36185
2007-04-07,CNY,10,33.5645,3.35645
2007-04-10,CNY,10,33.6218,3.36218
2007-04-11,CNY,10,33.5308,3.35308
2007-04-12,CNY,10,33.5314,3.35314
2007-04-13,CNY,10,33.4736,3.34736
2007-04-14,CNY,10,33.4433,3.34433
2007-04-17,CNY,10,33.3958,3.33958
2007-04-18,CNY,10,33.3683,3.33683
2007-04-19,CNY,10,33.338,3.3338
2007-04-20,CNY,10,33.3826,3.33826
2007-04-21,CNY,10,33.3126,3.33126
2007-04-24,CNY,10,33.3463,3.33463
2007-04-25,CNY,10,33.3562,3.33562
2007-04-26,CNY,10,33.2834,3.32834
2007-04-27,CNY,10,33.2838,3.32838
2007-04-28,CNY,10,33.3587,3.33587
2007-04-29,CNY,10,33.2618,3.32618
2007-05-03,CNY,10,33.4238,3.34238
2007-05-04,CNY,10,33.388,3.3388
2007-05-05,CNY,10,33.4403,3.34403
2007-05-08,CNY,10,33.3962,3.33962
2007-05-09,CNY,10,33.4374,3.34374
2007-05-11,CNY,10,33.4959,3.34959
2007-05-12,CNY,10,33.6448,3.36448
2007-05-15,CNY,10,33.602,3.3602
2007-05-16,CNY,10,33.5384,3.35384
2007-05-17,CNY,10,33.4994,3.34994
2007-05-18,CNY,10,33.6099,3.36099
2007-05-19,CNY,10,33.6903,3.36903
2007-05-22,CNY,10,33.7119,3.37119
2007-05-23,CNY,10,33.8164,3.38164
2007-05-24,CNY,10,33.8232,3.38232
2007-05-25,CNY,10,33.8432,3.38432
2007-05-26,CNY,10,33.8632,3.38632
2007-05-29,CNY,10,33.8428,3.38428
2007-05-30,CNY,10,33.86,3.386
2007-05-31,CNY,10,33.8722,3.38722
2007-06-01,CNY,10,33.8707,3.38707
2007-06-02,CNY,10,33.8699,3.38699
2007-06-05,CNY,10,33.8512,3.38512
2007-06-06,CNY,10,33.8187,3.38187
2007-06-07,CNY,10,33.7998,3.37998
2007-06-08,CNY,10,33.8013,3.38013
2007-06-09,CNY,10,33.842,3.3842
2007-06-10,CNY,10,33.9378,3.39378
2007-06-14,CNY,10,34.14,3.414
2007-06-15,CNY,10,34.1347,3.41347
2007-06-16,CNY,10,34.1318,3.41318
2007-06-19,CNY,10,34.0359,3.40359
2007-06-20,CNY,10,34.0126,3.40126
2007-06-21,CNY,10,34.0482,3.40482
2007-06-22,CNY,10,34.0803,3.40803
2007-06-23,CNY,10,34.0273,3.40273
2007-06-26,CNY,10,33.9922,3.39922
2007-06-27,CNY,10,33.8273,3.38273
2007-06-28,CNY,10,33.9286,3.39286
2007-06-29,CNY,10,33.8688,3.38688
2007-06-30,CNY,10,33.8973,3.38973
2007-07-03,CNY,10,33.8203,3.38203
2007-07-04,CNY,10,33.7775,3.37775
2007-07-05,CNY,10,33.7736,3.37736
2007-07-06,CNY,10,33.7876,3.37876
2007-07-07,CNY,10,33.8337,3.38337
2007-07-10,CNY,10,33.8001,3.38001
2007-07-11,CNY,10,33.8281,3.38281
2007-07-12,CNY,10,33.7492,3.37492
2007-07-13,CNY,10,33.729,3.3729
2007-07-14,CNY,10,33.6816,3.36816
2007-07-17,CNY,10,33.6608,3.36608
2007-07-18,CNY,10,33.655,3.3655
2007-07-19,CNY,10,33.6331,3.36331
2007-07-20,CNY,10,33.6042,3.36042
2007-07-21,CNY,10,33.608,3.3608
2007-07-24,CNY,10,33.5607,3.35607
2007-07-25,CNY,10,33.5754,3.35754
2007-07-26,CNY,10,33.6309,3.36309
2007-07-27,CNY,10,33.6886,3.36886
2007-07-28,CNY,10,33.7097,3.37097
2007-07-31,CNY,10,33.8198,3.38198
2007-08-01,CNY,10,33.7582,3.37582
2007-08-02,CNY,10,33.8299,3.38299
2007-08-03,CNY,10,33.7792,3.37792
2007-08-04,CNY,10,33.7387,3.37387
2007-08-07,CNY,10,33.6555,3.36555
2007-08-08,CNY,10,33.6578,3.36578
2007-08-09,CNY,10,33.6418,3.36418
2007-08-10,CNY,10,33.511,3.3511
2007-08-11,CNY,10,33.6659,3.36659
2007-08-14,CNY,10,33.5809,3.35809
2007-08-15,CNY,10,33.6699,3.36699
2007-08-16,CNY,10,33.8014,3.38014
2007-08-17,CNY,10,33.8746,3.38746
2007-08-18,CNY,10,33.8967,3.38967
2007-08-21,CNY,10,33.8886,3.38886
2007-08-22,CNY,10,34.0374,3.40374
2007-08-23,CNY,10,34.0096,3.40096
2007-08-24,CNY,10,33.8943,3.38943
2007-08-25,CNY,10,34.0437,3.40437
2007-08-28,CNY,10,33.9187,3.39187
2007-08-29,CNY,10,33.9805,3.39805
2007-08-30,CNY,10,34.1051,3.41051
2007-08-31,CNY,10,33.9682,3.39682
2007-09-01,CNY,10,33.9555,3.39555
2007-09-04,CNY,10,33.9151,3.39151
2007-09-05,CNY,10,33.9027,3.39027
2007-09-06,CNY,10,34.029,3.4029
2007-09-07,CNY,10,34.0199,3.40199
2007-09-08,CNY,10,34.0184,3.40184
2007-09-11,CNY,10,33.9766,3.39766
2007-09-12,CNY,10,33.9143,3.39143
2007-09-13,CNY,10,33.7692,3.37692
2007-09-14,CNY,10,33.7608,3.37608
2007-09-15,CNY,10,33.7293,3.37293
2007-09-18,CNY,10,33.657,3.3657
2007-09-19,CNY,10,33.6801,3.36801
2007-09-20,CNY,10,33.513,3.3513
2007-09-21,CNY,10,33.4297,3.34297
2007-09-22,CNY,10,33.3786,3.33786
2007-09-25,CNY,10,33.3092,3.33092
2007-09-26,CNY,10,33.3176,3.33176
2007-09-27,CNY,10,33.243,3.3243
2007-09-28,CNY,10,33.2161,3.32161
2007-09-29,CNY,10,33.1949,3.31949
2007-10-02,CNY,10,33.1381,3.31381
2007-10-03,CNY,10,33.1792,3.31792
2007-10-04,CNY,10,33.2064,3.32064
2007-10-05,CNY,10,33.3148,3.33148
2007-10-06,CNY,10,33.2753,3.32753
2007-10-09,CNY,10,33.2885,3.32885
2007-10-10,CNY,10,33.3263,3.33263
2007-10-11,CNY,10,33.2502,3.32502
2007-10-12,CNY,10,33.1956,3.31956
2007-10-13,CNY,10,33.2022,3.32022
2007-10-16,CNY,10,33.1233,3.31233
2007-10-17,CNY,10,33.1243,3.31243
2007-10-18,CNY,10,33.1659,3.31659
2007-10-19,CNY,10,33.0937,3.30937
2007-10-20,CNY,10,33.0884,3.30884
2007-10-23,CNY,10,33.0213,3.30213
2007-10-24,CNY,10,33.2012,3.32012
2007-10-25,CNY,10,33.214,3.3214
2007-10-26,CNY,10,33.1986,3.31986
2007-10-27,CNY,10,33.0803,3.30803
2007-10-30,CNY,10,33.0412,3.30412
2007-10-31,CNY,10,33.0753,3.30753
2007-11-01,CNY,10,33.053,3.3053
2007-11-02,CNY,10,33.116,3.3116
2007-11-03,CNY,10,33.0729,3.30729
2007-11-07,CNY,10,33.0247,3.30247
2007-11-08,CNY,10,32.9329,3.29329
2007-11-09,CNY,10,32.9795,3.29795
2007-11-10,CNY,10,32.9792,3.29792
2007-11-13,CNY,10,33.0405,3.30405
2007-11-14,CNY,10,33.0214,3.30214
2007-11-15,CNY,10,32.919,3.2919
2007-11-16,CNY,10,32.9344,3.29344
2007-11-17,CNY,10,33.0172,3.30172
2007-11-20,CNY,10,32.9893,3.29893
2007-11-21,CNY,10,32.8995,3.28995
2007-11-22,CNY,10,32.8241,3.28241
2007-11-23,CNY,10,32.8104,3.28104
2007-11-24,CNY,10,32.7944,3.27944
2007-11-27,CNY,10,32.8563,3.28563
2007-11-28,CNY,10,32.9049,3.29049
2007-11-29,CNY,10,32.9375,3.29375
2007-11-30,CNY,10,32.9842,3.29842
2007-12-01,CNY,10,33.0756,3.30756
2007-12-04,CNY,10,33.0219,3.30219
2007-12-05,CNY,10,33.0631,3.30631
2007-12-06,CNY,10,33.0607,3.30607
2007-12-07,CNY,10,33.1317,3.31317
2007-12-08,CNY,10,33.139,3.3139
2007-12-11,CNY,10,33.1255,3.31255
2007-12-12,CNY,10,33.0814,3.30814
2007-12-13,CNY,10,33.1433,3.31433
2007-12-14,CNY,10,33.1348,3.31348
2007-12-15,CNY,10,33.2486,3.32486
2007-12-18,CNY,10,33.4838,3.34838
2007-12-19,CNY,10,33.4872,3.34872
2007-12-20,CNY,10,33.4865,3.34865
2007-12-21,CNY,10,33.5929,3.35929
2007-12-22,CNY,10,33.5757,3.35757
2007-12-25,CNY,10,33.5924,3.35924
2007-12-26,CNY,10,33.6779,3.36779
2007-12-27,CNY,10,33.6928,3.36928
2007-12-28,CNY,10,33.6603,3.36603
2007-12-29,CNY,10,33.5886,3.35886
2007-12-30,CNY,10,33.6038,3.36038
2008-01-10,CNY,10,33.632,3.3632
2008-01-11,CNY,10,33.6767,3.36767
2008-01-12,CNY,10,33.5409,3.35409
2008-01-15,CNY,10,33.4914,3.34914
2008-01-16,CNY,10,33.5203,3.35203
2008-01-17,CNY,10,33.6361,3.36361
2008-01-18,CNY,10,33.8014,3.38014
2008-01-19,CNY,10,33.8106,3.38106
2008-01-22,CNY,10,34.0315,3.40315
2008-01-23,CNY,10,34.3856,3.43856
2008-01-24,CNY,10,34.0557,3.40557
2008-01-25,CNY,10,34.0934,3.40934
2008-01-26,CNY,10,33.887,3.3887
2008-01-29,CNY,10,34.1576,3.41576
2008-01-30,CNY,10,34.0143,3.40143
2008-01-31,CNY,10,34.0163,3.40163
2008-02-01,CNY,10,34.0008,3.40008
2008-02-02,CNY,10,33.9886,3.39886
2008-02-05,CNY,10,34.0376,3.40376
2008-02-06,CNY,10,34.1206,3.41206
2008-02-07,CNY,10,34.3071,3.43071
2008-02-08,CNY,10,34.2738,3.42738
2008-02-09,CNY,10,34.4611,3.44611
2008-02-12,CNY,10,34.2969,3.42969
2008-02-13,CNY,10,34.2817,3.42817
2008-02-14,CNY,10,34.3043,3.43043
2008-02-15,CNY,10,34.2711,3.42711
2008-02-16,CNY,10,34.2215,3.42215
2008-02-19,CNY,10,34.2939,3.42939
2008-02-20,CNY,10,34.273,3.4273
2008-02-21,CNY,10,34.3169,3.43169
2008-02-22,CNY,10,34.3196,3.43196
2008-02-23,CNY,10,34.2402,3.42402
2008-02-27,CNY,10,34.1776,3.41776
2008-02-28,CNY,10,33.8532,3.38532
2008-02-29,CNY,10,33.8825,3.38825
2008-03-01,CNY,10,33.7443,3.37443
2008-03-04,CNY,10,33.7764,3.37764
2008-03-05,CNY,10,33.8333,3.38333
2008-03-06,CNY,10,33.8285,3.38285
2008-03-07,CNY,10,33.6448,3.36448
2008-03-08,CNY,10,33.5307,3.35307
2008-03-12,CNY,10,33.5683,3.35683
2008-03-13,CNY,10,33.5506,3.35506
2008-03-14,CNY,10,33.3672,3.33672
2008-03-15,CNY,10,33.3672,3.33672
2008-03-18,CNY,10,33.1907,3.31907
2008-03-19,CNY,10,33.2122,3.32122
2008-03-20,CNY,10,33.3354,3.33354
2008-03-21,CNY,10,33.5631,3.35631
2008-03-22,CNY,10,33.6946,3.36946
2008-03-25,CNY,10,33.7847,3.37847
2008-03-26,CNY,10,33.627,3.3627
2008-03-27,CNY,10,33.6619,3.36619
2008-03-28,CNY,10,33.5097,3.35097
2008-03-29,CNY,10,33.5291,3.35291
2008-04-01,CNY,10,33.5044,3.35044
2008-04-02,CNY,10,33.6183,3.36183
2008-04-03,CNY,10,33.715,3.3715
2008-04-04,CNY,10,33.6535,3.36535
2008-04-05,CNY,10,33.6157,3.36157
2008-04-08,CNY,10,33.7029,3.37029
2008-04-09,CNY,10,33.6138,3.36138
2008-04-10,CNY,10,33.6218,3.36218
2008-04-11,CNY,10,33.5542,3.35542
2008-04-12,CNY,10,33.5536,3.35536
2008-04-15,CNY,10,33.6009,3.36009
2008-04-16,CNY,10,33.5214,3.35214
2008-04-17,CNY,10,33.5118,3.35118
2008-04-18,CNY,10,33.4483,3.34483
2008-04-19,CNY,10,33.4138,3.34138
2008-04-22,CNY,10,33.5244,3.35244
2008-04-23,CNY,10,33.512,3.3512
2008-04-24,CNY,10,33.4252,3.34252
2008-04-25,CNY,10,33.5467,3.35467
2008-04-26,CNY,10,33.6912,3.36912
2008-04-29,CNY,10,33.7051,3.37051
2008-04-30,CNY,10,33.8347,3.38347
2008-05-01,CNY,10,33.791,3.3791
2008-05-05,CNY,10,34.0399,3.40399
2008-05-06,CNY,10,33.9748,3.39748
2008-05-07,CNY,10,33.9951,3.39951
2008-05-08,CNY,10,34.0033,3.40033
2008-05-09,CNY,10,34.1107,3.41107
2008-05-13,CNY,10,34.1297,3.41297
2008-05-14,CNY,10,33.9292,3.39292
2008-05-15,CNY,10,34.0861,3.40861
2008-05-16,CNY,10,34.062,3.4062
2008-05-17,CNY,10,34.1021,3.41021
2008-05-20,CNY,10,33.998,3.3998
2008-05-21,CNY,10,34.0057,3.40057
2008-05-22,CNY,10,34.0326,3.40326
2008-05-23,CNY,10,33.9464,3.39464
2008-05-24,CNY,10,33.9823,3.39823
2008-05-27,CNY,10,33.945,3.3945
2008-05-28,CNY,10,33.938,3.3938
2008-05-29,CNY,10,33.9363,3.39363
2008-05-30,CNY,10,34.1155,3.41155
2008-05-31,CNY,10,34.1973,3.41973
2008-06-03,CNY,10,34.2358,3.42358
2008-06-04,CNY,10,34.2113,3.42113
2008-06-05,CNY,10,34.311,3.4311
2008-06-06,CNY,10,34.2953,3.42953
2008-06-07,CNY,10,34.2032,3.42032
2008-06-08,CNY,10,34.0374,3.40374
2008-06-10,CNY,10,33.9737,3.39737
2008-06-11,CNY,10,34.1011,3.41011
2008-06-12,CNY,10,34.1929,3.41929
2008-06-17,CNY,10,34.4496,3.44496
2008-06-18,CNY,10,34.3019,3.43019
2008-06-19,CNY,10,34.3725,3.43725
2008-06-20,CNY,10,34.3217,3.43217
2008-06-21,CNY,10,34.3427,3.43427
2008-06-24,CNY,10,34.3334,3.43334
2008-06-25,CNY,10,34.3692,3.43692
2008-06-26,CNY,10,34.3857,3.43857
2008-06-27,CNY,10,34.2788,3.42788
2008-06-28,CNY,10,34.1819,3.41819
2008-07-01,CNY,10,34.1331,3.41331
2008-07-02,CNY,10,34.2232,3.42232
2008-07-03,CNY,10,34.1367,3.41367
2008-07-04,CNY,10,34.1095,3.41095
2008-07-05,CNY,10,34.2663,3.42663
2008-07-08,CNY,10,34.3529,3.43529
2008-07-09,CNY,10,34.2865,3.42865
2008-07-10,CNY,10,34.1198,3.41198
2008-07-11,CNY,10,34.2376,3.42376
2008-07-12,CNY,10,34.1926,3.41926
2008-07-15,CNY,10,33.9709,3.39709
2008-07-16,CNY,10,33.8761,3.38761
2008-07-17,CNY,10,34.0014,3.40014
2008-07-18,CNY,10,34.0054,3.40054
2008-07-19,CNY,10,34.0163,3.40163
2008-07-22,CNY,10,33.9829,3.39829
2008-07-23,CNY,10,34.0092,3.40092
2008-07-24,CNY,10,34.1489,3.41489
2008-07-25,CNY,10,34.2317,3.42317
2008-07-26,CNY,10,34.233,3.4233
2008-07-29,CNY,10,34.202,3.4202
2008-07-30,CNY,10,34.1539,3.41539
2008-07-31,CNY,10,34.3068,3.43068
2008-08-01,CNY,10,34.2818,3.42818
2008-08-02,CNY,10,34.2909,3.42909
2008-08-05,CNY,10,34.1329,3.41329
2008-08-06,CNY,10,34.2043,3.42043
2008-08-07,CNY,10,34.3293,3.43293
2008-08-08,CNY,10,34.3785,3.43785
2008-08-09,CNY,10,34.7825,3.47825
2008-08-12,CNY,10,35.8008,3.58008
2008-08-13,CNY,10,35.467,3.5467
2008-08-14,CNY,10,35.223,3.5223
2008-08-15,CNY,10,35.4011,3.54011
2008-08-16,CNY,10,35.667,3.5667
2008-08-19,CNY,10,35.6288,3.56288
2008-08-20,CNY,10,35.7813,3.57813
2008-08-21,CNY,10,35.6458,3.56458
2008-08-22,CNY,10,35.5085,3.55085
2008-08-23,CNY,10,35.5353,3.55353
2008-08-26,CNY,10,35.709,3.5709
2008-08-27,CNY,10,35.8695,3.58695
2008-08-28,CNY,10,35.9509,3.59509
2008-08-29,CNY,10,35.9511,3.59511
2008-08-30,CNY,10,35.9212,3.59212
2008-09-02,CNY,10,36.1183,3.61183
2008-09-03,CNY,10,36.1153,3.61153
2008-09-04,CNY,10,36.3234,3.63234
2008-09-05,CNY,10,36.8815,3.68815
2008-09-06,CNY,10,37.225,3.7225
2008-09-09,CNY,10,36.9304,3.69304
2008-09-10,CNY,10,37.3997,3.73997
2008-09-11,CNY,10,37.3843,3.73843
2008-09-12,CNY,10,37.6714,3.76714
2008-09-13,CNY,10,37.5371,3.75371
2008-09-16,CNY,10,37.139,3.7139
2008-09-17,CNY,10,37.319,3.7319
2008-09-18,CNY,10,37.3242,3.73242
2008-09-19,CNY,10,37.1663,3.71663
2008-09-20,CNY,10,37.2961,3.72961
2008-09-23,CNY,10,37.0101,3.70101
2008-09-24,CNY,10,36.6273,3.66273
2008-09-25,CNY,10,36.7578,3.67578
2008-09-26,CNY,10,36.5071,3.65071
2008-09-27,CNY,10,36.5366,3.65366
2008-09-30,CNY,10,36.8824,3.68824
2008-10-01,CNY,10,37.0656,3.70656
2008-10-02,CNY,10,37.4024,3.74024
2008-10-03,CNY,10,37.7223,3.77223
2008-10-04,CNY,10,37.8363,3.78363
2008-10-07,CNY,10,38.1999,3.81999
2008-10-08,CNY,10,38.3369,3.83369
2008-10-09,CNY,10,38.3772,3.83772
2008-10-10,CNY,10,38.201,3.8201
2008-10-11,CNY,10,38.3455,3.83455
2008-10-14,CNY,10,38.2468,3.82468
2008-10-15,CNY,10,38.1614,3.81614
2008-10-16,CNY,10,38.2405,3.82405
2008-10-17,CNY,10,38.5744,3.85744
2008-10-18,CNY,10,38.4246,3.84246
2008-10-21,CNY,10,38.1489,3.81489
2008-10-22,CNY,10,38.6931,3.86931
2008-10-23,CNY,10,39.3664,3.93664
2008-10-24,CNY,10,39.4746,3.94746
2008-10-25,CNY,10,39.5215,3.95215
2008-10-28,CNY,10,39.9228,3.99228
2008-10-29,CNY,10,39.9056,3.99056
2008-10-30,CNY,10,39.5873,3.95873
2008-10-31,CNY,10,38.8101,3.88101
2008-11-01,CNY,10,39.6136,3.96136
2008-11-02,CNY,10,39.5925,3.95925
2008-11-06,CNY,10,39.3966,3.93966
2008-11-07,CNY,10,39.4416,3.94416
2008-11-08,CNY,10,39.5676,3.95676
2008-11-11,CNY,10,39.4989,3.94989
2008-11-12,CNY,10,40.0579,4.00579
2008-11-13,CNY,10,40.229,4.0229
2008-11-14,CNY,10,40.5071,4.05071
2008-11-15,CNY,10,40.0542,4.00542
2008-11-18,CNY,10,40.189,4.0189
2008-11-19,CNY,10,40.1783,4.01783
2008-11-20,CNY,10,40.1841,4.01841
2008-11-21,CNY,10,40.347,4.0347
2008-11-22,CNY,10,40.3485,4.03485
2008-11-25,CNY,10,40.5086,4.05086
2008-11-26,CNY,10,40.1291,4.01291
2008-11-27,CNY,10,40.0661,4.00661
2008-11-28,CNY,10,40.1564,4.01564
2008-11-29,CNY,10,40.4034,4.04034
2008-12-02,CNY,10,40.597,4.0597
2008-12-03,CNY,10,40.6922,4.06922
2008-12-04,CNY,10,40.5578,4.05578
2008-12-05,CNY,10,40.6124,4.06124
2008-12-06,CNY,10,40.8284,4.08284
2008-12-09,CNY,10,40.7282,4.07282
2008-12-10,CNY,10,40.725,4.0725
2008-12-11,CNY,10,40.6131,4.06131
2008-12-12,CNY,10,40.7597,4.07597
2008-12-13,CNY,10,40.6136,4.06136
2008-12-16,CNY,10,40.6061,4.06061
2008-12-17,CNY,10,40.3186,4.03186
2008-12-18,CNY,10,40.2502,4.02502
2008-12-19,CNY,10,40.4162,4.04162
2008-12-20,CNY,10,40.5543,4.05543
2008-12-23,CNY,10,41.2759,4.12759
2008-12-24,CNY,10,41.3548,4.13548
2008-12-25,CNY,10,41.796,4.1796
2008-12-26,CNY,10,42.0118,4.20118
2008-12-27,CNY,10,42.4142,4.24142
2008-12-30,CNY,10,42.6852,4.26852
2008-12-31,CNY,10,42.9676,4.29676
2009-01-01,CNY,10,43.0867,4.30867
2009-01-12,CNY,10,44.6684,4.46684
2009-01-13,CNY,10,45.3361,4.53361
2009-01-14,CNY,10,45.6684,4.56684
2009-01-15,CNY,10,46.1906,4.61906
2009-01-16,CNY,10,47.1281,4.71281
2009-01-17,CNY,10,47.644,4.7644
2009-01-20,CNY,10,48.1421,4.81421
2009-01-21,CNY,10,48.8615,4.88615
2009-01-22,CNY,10,47.7265,4.77265
2009-01-23,CNY,10,47.98,4.798
2009-01-24,CNY,10,48.01,4.801
2009-01-27,CNY,10,48.1042,4.81042
2009-01-28,CNY,10,48.2447,4.82447
2009-01-29,CNY,10,48.5628,4.85628
2009-01-30,CNY,10,50.7108,5.07108
2009-01-31,CNY,10,51.778,5.1778
2009-02-03,CNY,10,52.8505,5.28505
2009-02-04,CNY,10,52.8341,5.28341
2009-02-05,CNY,10,52.7168,5.27168
2009-02-06,CNY,10,53.1276,5.31276
2009-02-07,CNY,10,53.2195,5.32195
2009-02-10,CNY,10,52.8619,5.28619
2009-02-11,CNY,10,52.5839,5.25839
2009-02-12,CNY,10,52.4286,5.24286
2009-02-13,CNY,10,50.929,5.0929
2009-02-14,CNY,10,50.5645,5.05645
2009-02-17,CNY,10,50.8907,5.08907
2009-02-18,CNY,10,52.1056,5.21056
2009-02-19,CNY,10,53.2741,5.32741
2009-02-20,CNY,10,52.7916,5.27916
2009-02-21,CNY,10,52.7712,5.27712
2009-02-25,CNY,10,52.681,5.2681
2009-02-26,CNY,10,52.2805,5.22805
2009-02-27,CNY,10,52.2233,5.22233
2009-02-28,CNY,10,52.2222,5.22222
2009-03-03,CNY,10,52.8503,5.28503
2009-03-04,CNY,10,52.9218,5.29218
2009-03-05,CNY,10,52.9431,5.29431
2009-03-06,CNY,10,52.4675,5.24675
2009-03-07,CNY,10,52.2614,5.22614
2009-03-11,CNY,10,51.8309,5.18309
2009-03-12,CNY,10,51.3218,5.13218
2009-03-13,CNY,10,51.6106,5.16106
2009-03-14,CNY,10,50.9413,5.09413
2009-03-17,CNY,10,50.9466,5.09466
2009-03-18,CNY,10,50.5087,5.05087
2009-03-19,CNY,10,50.3537,5.03537
2009-03-20,CNY,10,49.5317,4.95317
2009-03-21,CNY,10,48.9571,4.89571
2009-03-24,CNY,10,48.7355,4.87355
2009-03-25,CNY,10,48.7189,4.87189
2009-03-26,CNY,10,49.3674,4.93674
2009-03-27,CNY,10,48.9854,4.89854
2009-03-28,CNY,10,48.9085,4.89085
2009-03-31,CNY,10,49.757,4.9757
2009-04-01,CNY,10,49.5936,4.95936
2009-04-02,CNY,10,49.6709,4.96709
2009-04-03,CNY,10,49.414,4.9414
2009-04-04,CNY,10,48.88,4.888
2009-04-07,CNY,10,48.5373,4.85373
2009-04-08,CNY,10,48.8377,4.88377
2009-04-09,CNY,10,49.407,4.9407
2009-04-10,CNY,10,49.0591,4.90591
2009-04-11,CNY,10,49.2148,4.92148
2009-04-14,CNY,10,49.011,4.9011
2009-04-15,CNY,10,48.8761,4.88761
2009-04-16,CNY,10,48.9475,4.89475
2009-04-17,CNY,10,48.9124,4.89124
2009-04-18,CNY,10,48.9931,4.89931
2009-04-21,CNY,10,49.0746,4.90746
2009-04-22,CNY,10,49.9104,4.99104
2009-04-23,CNY,10,49.8736,4.98736
2009-04-24,CNY,10,49.4624,4.94624
2009-04-25,CNY,10,48.9064,4.89064
2009-04-28,CNY,10,48.9136,4.89136
2009-04-29,CNY,10,49.1436,4.91436
2009-04-30,CNY,10,48.7138,4.87138
2009-05-01,CNY,10,48.3178,4.83178
2009-05-05,CNY,10,48.3355,4.83355
2009-05-06,CNY,10,48.1145,4.81145
2009-05-07,CNY,10,48.2021,4.82021
2009-05-08,CNY,10,48.0659,4.80659
2009-05-09,CNY,10,47.7204,4.77204
2009-05-13,CNY,10,47.3131,4.73131
2009-05-14,CNY,10,46.8851,4.68851
2009-05-15,CNY,10,47.1335,4.71335
2009-05-16,CNY,10,46.9977,4.69977
2009-05-19,CNY,10,47.3044,4.73044
2009-05-20,CNY,10,46.815,4.6815
2009-05-21,CNY,10,46.594,4.6594
2009-05-22,CNY,10,46.0972,4.60972
2009-05-23,CNY,10,45.7153,4.57153
2009-05-26,CNY,10,45.5075,4.55075
2009-05-27,CNY,10,45.6032,4.56032
2009-05-28,CNY,10,45.6556,4.56556
2009-05-29,CNY,10,45.8766,4.58766
2009-05-30,CNY,10,45.3763,4.53763
2009-06-02,CNY,10,45.0331,4.50331
2009-06-03,CNY,10,44.9892,4.49892
2009-06-04,CNY,10,44.6849,4.46849
2009-06-05,CNY,10,45.1863,4.51863
2009-06-06,CNY,10,44.9172,4.49172
2009-06-09,CNY,10,45.4527,4.54527
2009-06-10,CNY,10,45.7419,4.57419
2009-06-11,CNY,10,45.2623,4.52623
2009-06-12,CNY,10,45.2266,4.52266
2009-06-16,CNY,10,45.55,4.555
2009-06-17,CNY,10,45.8315,4.58315
2009-06-18,CNY,10,45.5266,4.55266
2009-06-19,CNY,10,45.5055,4.55055
2009-06-20,CNY,10,45.5689,4.55689
2009-06-23,CNY,10,45.7017,4.57017
2009-06-24,CNY,10,46.1942,4.61942
2009-06-25,CNY,10,45.5618,4.55618
2009-06-26,CNY,10,45.6568,4.56568
2009-06-27,CNY,10,45.5313,4.55313
2009-06-30,CNY,10,45.7884,4.57884
2009-07-01,CNY,10,45.4324,4.54324
2009-07-02,CNY,10,45.6467,4.56467
2009-07-03,CNY,10,45.556,4.5556
2009-07-04,CNY,10,45.7325,4.57325
2009-07-07,CNY,10,45.9623,4.59623
2009-07-08,CNY,10,46.0505,4.60505
2009-07-09,CNY,10,46.5022,4.65022
2009-07-10,CNY,10,46.6673,4.66673
2009-07-11,CNY,10,46.886,4.6886
2009-07-14,CNY,10,48.3803,4.83803
2009-07-15,CNY,10,47.5731,4.75731
2009-07-16,CNY,10,46.901,4.6901
2009-07-17,CNY,10,46.3937,4.63937
2009-07-18,CNY,10,46.517,4.6517
2009-07-21,CNY,10,45.9251,4.59251
2009-07-22,CNY,10,45.6355,4.56355
2009-07-23,CNY,10,45.4916,4.54916
2009-07-24,CNY,10,45.4879,4.54879
2009-07-25,CNY,10,45.5795,4.55795
2009-07-28,CNY,10,45.0064,4.50064
2009-07-29,CNY,10,44.8602,4.48602
2009-07-30,CNY,10,45.9873,4.59873
2009-07-31,CNY,10,46.4724,4.64724
2009-08-01,CNY,10,45.5938,4.55938
2009-08-04,CNY,10,45.7282,4.57282
2009-08-05,CNY,10,45.4569,4.54569
2009-08-06,CNY,10,45.5701,4.55701
2009-08-07,CNY,10,45.6482,4.56482
2009-08-08,CNY,10,46.1758,4.61758
2009-08-11,CNY,10,46.3049,4.63049
2009-08-12,CNY,10,46.4508,4.64508
2009-08-13,CNY,10,47.8277,4.78277
2009-08-14,CNY,10,47.0407,4.70407
2009-08-15,CNY,10,46.414,4.6414
2009-08-18,CNY,10,47.2411,4.72411
2009-08-19,CNY,10,46.7071,4.67071
2009-08-20,CNY,10,46.7009,4.67009
2009-08-21,CNY,10,46.2566,4.62566
2009-08-22,CNY,10,46.761,4.6761
2009-08-25,CNY,10,46.1896,4.61896
2009-08-26,CNY,10,46.1739,4.61739
2009-08-27,CNY,10,45.9646,4.59646
2009-08-28,CNY,10,46.3129,4.63129
2009-08-29,CNY,10,46.2118,4.62118
2009-09-01,CNY,10,46.6092,4.66092
2009-09-02,CNY,10,46.5176,4.65176
2009-09-03,CNY,10,46.8057,4.68057
2009-09-04,CNY,10,46.5082,4.65082
2009-09-05,CNY,10,46.2722,4.62722
2009-09-08,CNY,10,46.0247,4.60247
2009-09-09,CNY,10,45.9518,4.59518
2009-09-10,CNY,10,45.6099,4.56099
2009-09-11,CNY,10,45.229,4.5229
2009-09-12,CNY,10,45.0006,4.50006
2009-09-15,CNY,10,45.1941,4.51941
2009-09-16,CNY,10,45.3806,4.53806
2009-09-17,CNY,10,44.8391,4.48391
2009-09-18,CNY,10,44.5169,4.45169
2009-09-19,CNY,10,44.4851,4.44851
2009-09-22,CNY,10,44.475,4.4475
2009-09-23,CNY,10,44.2958,4.42958
2009-09-24,CNY,10,43.945,4.3945
2009-09-25,CNY,10,44.0418,4.40418
2009-09-26,CNY,10,44.1348,4.41348
2009-09-29,CNY,10,44.2313,4.42313
2009-09-30,CNY,10,44.0737,4.40737
2009-10-01,CNY,10,43.954,4.3954
2009-10-02,CNY,10,44.0374,4.40374
2009-10-03,CNY,10,44.1287,4.41287
2009-10-06,CNY,10,44.062,4.4062
2009-10-07,CNY,10,43.7012,4.37012
2009-10-08,CNY,10,43.6269,4.36269
2009-10-09,CNY,10,43.4184,4.34184
2009-10-10,CNY,10,43.3787,4.33787
2009-10-13,CNY,10,43.3606,4.33606
2009-10-14,CNY,10,43.2259,4.32259
2009-10-15,CNY,10,43.1698,4.31698
2009-10-16,CNY,10,42.948,4.2948
2009-10-17,CNY,10,42.9615,4.29615
2009-10-20,CNY,10,43.0026,4.30026
2009-10-21,CNY,10,42.7614,4.27614
2009-10-22,CNY,10,42.7181,4.27181
2009-10-23,CNY,10,42.5972,4.25972
2009-10-24,CNY,10,42.4745,4.24745
2009-10-27,CNY,10,42.3872,4.23872
2009-10-28,CNY,10,42.4811,4.24811
2009-10-29,CNY,10,42.7296,4.27296
2009-10-30,CNY,10,42.9698,4.29698
2009-10-31,CNY,10,42.5387,4.25387
2009-11-03,CNY,10,42.7581,4.27581
2009-11-04,CNY,10,42.8144,4.28144
2009-11-06,CNY,10,42.6707,4.26707
2009-11-07,CNY,10,42.4988,4.24988
2009-11-10,CNY,10,42.2595,4.22595
2009-11-11,CNY,10,42.095,4.2095
2009-11-12,CNY,10,42.0474,4.20474
2009-11-13,CNY,10,41.9976,4.19976
2009-11-14,CNY,10,42.2403,4.22403
2009-11-17,CNY,10,41.997,4.1997
2009-11-18,CNY,10,42.0068,4.20068
2009-11-19,CNY,10,42.0647,4.20647
2009-11-20,CNY,10,42.0963,4.20963
2009-11-21,CNY,10,42.2629,4.22629
2009-11-24,CNY,10,42.1679,4.21679
2009-11-25,CNY,10,42.2472,4.22472
2009-11-26,CNY,10,42.1684,4.21684
2009-11-27,CNY,10,42.2979,4.22979
2009-11-28,CNY,10,43.6611,4.36611
2009-12-01,CNY,10,42.5759,4.25759
2009-12-02,CNY,10,42.7409,4.27409
2009-12-03,CNY,10,42.5567,4.25567
2009-12-04,CNY,10,42.8295,4.28295
2009-12-05,CNY,10,42.7676,4.27676
2009-12-08,CNY,10,43.2299,4.32299
2009-12-09,CNY,10,44.2093,4.42093
2009-12-10,CNY,10,45.0469,4.50469
2009-12-11,CNY,10,44.8633,4.48633
2009-12-12,CNY,10,44.2486,4.42486
2009-12-15,CNY,10,44.0007,4.40007
2009-12-16,CNY,10,44.036,4.4036
2009-12-17,CNY,10,44.2264,4.42264
2009-12-18,CNY,10,44.576,4.4576
2009-12-19,CNY,10,44.9906,4.49906
2009-12-22,CNY,10,44.7465,4.47465
2009-12-23,CNY,10,44.5829,4.45829
2009-12-24,CNY,10,44.6687,4.46687
2009-12-25,CNY,10,43.8318,4.38318
2009-12-26,CNY,10,43.102,4.3102
2009-12-29,CNY,10,43.3394,4.33394
2009-12-30,CNY,10,43.7106,4.37106
2009-12-31,CNY,10,44.3002,4.43002
2010-01-01,CNY,10,44.2149,4.42149
2010-01-12,CNY,10,43.1095,4.31095
2010-01-13,CNY,10,43.0331,4.30331
2010-01-14,CNY,10,43.4184,4.34184
2010-01-15,CNY,10,43.1075,4.31075
2010-01-16,CNY,10,43.3004,4.33004
2010-01-19,CNY,10,43.3537,4.33537
2010-01-20,CNY,10,43.2377,4.32377
2010-01-21,CNY,10,43.4925,4.34925
2010-01-22,CNY,10,43.5762,4.35762
2010-01-23,CNY,10,43.5715,4.35715
2010-01-26,CNY,10,44.083,4.4083
2010-01-27,CNY,10,44.4032,4.44032
2010-01-28,CNY,10,44.3717,4.43717
2010-01-29,CNY,10,44.475,4.4475
2010-01-30,CNY,10,44.5767,4.45767
2010-02-02,CNY,10,44.5285,4.45285
2010-02-03,CNY,10,44.2099,4.42099
2010-02-04,CNY,10,43.7662,4.37662
2010-02-05,CNY,10,43.964,4.3964
2010-02-06,CNY,10,44.624,4.4624
2010-02-09,CNY,10,44.7007,4.47007
2010-02-10,CNY,10,44.4903,4.44903
2010-02-11,CNY,10,44.2954,4.42954
2010-02-12,CNY,10,44.0874,4.40874
2010-02-13,CNY,10,44.1464,4.41464
2010-02-16,CNY,10,44.225,4.4225
2010-02-17,CNY,10,44.0741,4.40741
2010-02-18,CNY,10,43.867,4.3867
2010-02-19,CNY,10,44.0685,4.40685
2010-02-20,CNY,10,44.1508,4.41508
2010-02-25,CNY,10,43.9871,4.39871
2010-02-26,CNY,10,44.0208,4.40208
2010-02-27,CNY,10,44.0064,4.40064
2010-02-28,CNY,10,43.8734,4.38734
2010-03-02,CNY,10,43.8451,4.38451
2010-03-03,CNY,10,43.9114,4.39114
2010-03-04,CNY,10,43.6778,4.36778
2010-03-05,CNY,10,43.6865,4.36865
2010-03-06,CNY,10,43.7064,4.37064
2010-03-10,CNY,10,43.5819,4.35819
2010-03-11,CNY,10,43.5396,4.35396
2010-03-12,CNY,10,43.2406,4.32406
2010-03-13,CNY,10,43.0587,4.30587
2010-03-16,CNY,10,42.9752,4.29752
2010-03-17,CNY,10,43.1054,4.31054
2010-03-18,CNY,10,42.7675,4.27675
2010-03-19,CNY,10,42.8084,4.28084
2010-03-20,CNY,10,42.8604,4.28604
2010-03-23,CNY,10,42.9704,4.29704
2010-03-24,CNY,10,43.171,4.3171
2010-03-25,CNY,10,43.3252,4.33252
2010-03-26,CNY,10,43.4321,4.34321
2010-03-27,CNY,10,43.229,4.3229
2010-03-30,CNY,10,43.407,4.3407
2010-03-31,CNY,10,43.0182,4.30182
2010-04-01,CNY,10,43.2107,4.32107
2010-04-02,CNY,10,43.1245,4.31245
2010-04-03,CNY,10,42.8079,4.28079
2010-04-06,CNY,10,42.7956,4.27956
2010-04-07,CNY,10,42.8392,4.28392
2010-04-08,CNY,10,42.9197,4.29197
2010-04-09,CNY,10,43.0742,4.30742
2010-04-10,CNY,10,42.9694,4.29694
2010-04-13,CNY,10,42.4089,4.24089
2010-04-14,CNY,10,42.5264,4.25264
2010-04-15,CNY,10,42.5503,4.25503
2010-04-16,CNY,10,42.3854,4.23854
2010-04-17,CNY,10,42.5353,4.25353
2010-04-20,CNY,10,42.7731,4.27731
2010-04-21,CNY,10,42.6907,4.26907
2010-04-22,CNY,10,42.6092,4.26092
2010-04-23,CNY,10,42.6733,4.26733
2010-04-24,CNY,10,42.8726,4.28726
2010-04-27,CNY,10,42.607,4.2607
2010-04-28,CNY,10,42.5753,4.25753
2010-04-29,CNY,10,43.0408,4.30408
2010-04-30,CNY,10,42.9074,4.29074
2010-05-01,CNY,10,42.7098,4.27098
2010-05-05,CNY,10,42.9208,4.29208
2010-05-06,CNY,10,43.4787,4.34787
2010-05-07,CNY,10,44.3816,4.43816
2010-05-08,CNY,10,44.9994,4.49994
2010-05-12,CNY,10,44.4646,4.44646
2010-05-13,CNY,10,44.2393,4.42393
2010-05-14,CNY,10,43.7274,4.37274
2010-05-15,CNY,10,44.0306,4.40306
2010-05-18,CNY,10,44.9592,4.49592
2010-05-19,CNY,10,44.5205,4.45205
2010-05-20,CNY,10,44.9577,4.49577
2010-05-21,CNY,10,45.0412,4.50412
2010-05-22,CNY,10,45.4896,4.54896
2010-05-25,CNY,10,45.2215,4.52215
2010-05-26,CNY,10,46.0186,4.60186
2010-05-27,CNY,10,45.8966,4.58966
2010-05-28,CNY,10,45.1997,4.51997
2010-05-29,CNY,10,44.6423,4.46423
2010-06-01,CNY,10,45.0165,4.50165
2010-06-02,CNY,10,45.4954,4.54954
2010-06-03,CNY,10,45.6622,4.56622
2010-06-04,CNY,10,45.2418,4.52418
2010-06-05,CNY,10,45.4949,4.54949
2010-06-08,CNY,10,46.5284,4.65284
2010-06-09,CNY,10,46.2849,4.62849
2010-06-10,CNY,10,46.4659,4.64659
2010-06-11,CNY,10,46.2273,4.62273
2010-06-12,CNY,10,46.0338,4.60338
2010-06-16,CNY,10,46.0385,4.60385
2010-06-17,CNY,10,45.5952,4.55952
2010-06-18,CNY,10,45.6541,4.56541
2010-06-19,CNY,10,45.2347,4.52347
2010-06-22,CNY,10,45.1777,4.51777
2010-06-23,CNY,10,45.3406,4.53406
2010-06-24,CNY,10,45.4737,4.54737
2010-06-25,CNY,10,45.5325,4.55325
2010-06-26,CNY,10,45.7452,4.57452
2010-06-29,CNY,10,45.6126,4.56126
2010-06-30,CNY,10,45.908,4.5908
2010-07-01,CNY,10,46.0369,4.60369
2010-07-02,CNY,10,46.2464,4.62464
2010-07-03,CNY,10,46.0519,4.60519
2010-07-06,CNY,10,45.9508,4.59508
2010-07-07,CNY,10,45.9203,4.59203
2010-07-08,CNY,10,45.8641,4.58641
2010-07-09,CNY,10,45.6708,4.56708
2010-07-10,CNY,10,45.4644,4.54644
2010-07-13,CNY,10,45.6029,4.56029
2010-07-14,CNY,10,45.5367,4.55367
2010-07-15,CNY,10,45.094,4.5094
2010-07-16,CNY,10,45.1091,4.51091
2010-07-17,CNY,10,44.959,4.4959
2010-07-20,CNY,10,45.1109,4.51109
2010-07-21,CNY,10,44.8655,4.48655
2010-07-22,CNY,10,44.8623,4.48623
2010-07-23,CNY,10,45.0248,4.50248
2010-07-24,CNY,10,44.8259,4.48259
2010-07-27,CNY,10,44.6872,4.46872
2010-07-28,CNY,10,44.6123,4.46123
2010-07-29,CNY,10,44.5525,4.45525
2010-07-30,CNY,10,44.592,4.4592
2010-07-31,CNY,10,44.5682,4.45682
2010-08-03,CNY,10,44.5624,4.45624
2010-08-04,CNY,10,44.2432,4.42432
2010-08-05,CNY,10,43.9933,4.39933
2010-08-06,CNY,10,44.0917,4.40917
2010-08-07,CNY,10,44.0723,4.40723
2010-08-10,CNY,10,44.0706,4.40706
2010-08-11,CNY,10,44.3327,4.43327
2010-08-12,CNY,10,44.5857,4.45857
2010-08-13,CNY,10,44.884,4.4884
2010-08-14,CNY,10,44.7806,4.47806
2010-08-17,CNY,10,44.869,4.4869
2010-08-18,CNY,10,44.8138,4.48138
2010-08-19,CNY,10,44.8036,4.48036
2010-08-20,CNY,10,44.872,4.4872
2010-08-21,CNY,10,44.9455,4.49455
2010-08-24,CNY,10,45.0133,4.50133
2010-08-25,CNY,10,45.2346,4.52346
2010-08-26,CNY,10,45.4403,4.54403
2010-08-27,CNY,10,45.3322,4.53322
2010-08-28,CNY,10,45.1518,4.51518
2010-08-31,CNY,10,45.0471,4.50471
2010-09-01,CNY,10,45.3325,4.53325
2010-09-02,CNY,10,45.2165,4.52165
2010-09-03,CNY,10,45.0421,4.50421
2010-09-04,CNY,10,45.117,4.5117
2010-09-07,CNY,10,45.0438,4.50438
2010-09-08,CNY,10,45.2739,4.52739
2010-09-09,CNY,10,45.4472,4.54472
2010-09-10,CNY,10,45.5049,4.55049
2010-09-11,CNY,10,45.644,4.5644
2010-09-14,CNY,10,45.3724,4.53724
2010-09-15,CNY,10,45.5285,4.55285
2010-09-16,CNY,10,45.6269,4.56269
2010-09-17,CNY,10,46.0914,4.60914
2010-09-18,CNY,10,46.2133,4.62133
2010-09-21,CNY,10,46.1705,4.61705
2010-09-22,CNY,10,46.3811,4.63811
2010-09-23,CNY,10,46.2151,4.62151
2010-09-24,CNY,10,46.2457,4.62457
2010-09-25,CNY,10,46.1635,4.61635
2010-09-28,CNY,10,45.7338,4.57338
2010-09-29,CNY,10,45.7084,4.57084
2010-09-30,CNY,10,45.4781,4.54781
2010-10-01,CNY,10,45.6079,4.56079
2010-10-02,CNY,10,45.6045,4.56045
2010-10-05,CNY,10,45.5722,4.55722
2010-10-06,CNY,10,45.4948,4.54948
2010-10-07,CNY,10,44.6709,4.46709
2010-10-08,CNY,10,44.2951,4.42951
2010-10-09,CNY,10,44.8311,4.48311
2010-10-12,CNY,10,44.7198,4.47198
2010-10-13,CNY,10,45.0845,4.50845
2010-10-14,CNY,10,45.161,4.5161
2010-10-15,CNY,10,44.9956,4.49956
2010-10-16,CNY,10,45.3454,4.53454
2010-10-19,CNY,10,45.9438,4.59438
2010-10-20,CNY,10,45.7556,4.57556
2010-10-21,CNY,10,46.2964,4.62964
2010-10-22,CNY,10,46.2421,4.62421
2010-10-23,CNY,10,45.8137,4.58137
2010-10-26,CNY,10,45.4202,4.54202
2010-10-27,CNY,10,45.6141,4.56141
2010-10-28,CNY,10,45.7259,4.57259
2010-10-29,CNY,10,45.8691,4.58691
2010-10-30,CNY,10,46.11,4.611
2010-11-02,CNY,10,46.0596,4.60596
2010-11-03,CNY,10,46.1231,4.61231
2010-11-04,CNY,10,46.1257,4.61257
2010-11-09,CNY,10,46.0949,4.60949
2010-11-10,CNY,10,46.3277,4.63277
2010-11-11,CNY,10,46.262,4.6262
2010-11-12,CNY,10,46.0692,4.60692
2010-11-13,CNY,10,46.3507,4.63507
2010-11-14,CNY,10,46.4682,4.64682
2010-11-16,CNY,10,46.4269,4.64269
2010-11-17,CNY,10,46.7986,4.67986
2010-11-18,CNY,10,47.1522,4.71522
2010-11-19,CNY,10,47.0175,4.70175
2010-11-20,CNY,10,46.6254,4.66254
2010-11-23,CNY,10,46.6827,4.66827
2010-11-24,CNY,10,47.052,4.7052
2010-11-25,CNY,10,47.0421,4.70421
2010-11-26,CNY,10,47.051,4.7051
2010-11-27,CNY,10,47.0581,4.70581
2010-11-30,CNY,10,46.973,4.6973
2010-12-01,CNY,10,47.0212,4.70212
2010-12-02,CNY,10,47.2163,4.72163
2010-12-03,CNY,10,47.0515,4.70515
2010-12-04,CNY,10,46.9332,4.69332
2010-12-07,CNY,10,47.0604,4.70604
2010-12-08,CNY,10,46.982,4.6982
2010-12-09,CNY,10,46.941,4.6941
2010-12-10,CNY,10,46.5512,4.65512
2010-12-11,CNY,10,46.3724,4.63724
2010-12-14,CNY,10,46.3528,4.63528
2010-12-15,CNY,10,46.1868,4.61868
2010-12-16,CNY,10,46.1613,4.61613
2010-12-17,CNY,10,46.1484,4.61484
2010-12-18,CNY,10,46.0726,4.60726
2010-12-21,CNY,10,46.0918,4.60918
2010-12-22,CNY,10,46.1347,4.61347
2010-12-23,CNY,10,46.2206,4.62206
2010-12-24,CNY,10,46.0462,4.60462
2010-12-25,CNY,10,46.1454,4.61454
2010-12-28,CNY,10,45.9151,4.59151
2010-12-29,CNY,10,45.6908,4.56908
2010-12-30,CNY,10,45.8564,4.58564
2010-12-31,CNY,10,46.1701,4.61701
2011-01-01,CNY,10,46.0638,4.60638
2011-01-12,CNY,10,46.263,4.6263
2011-01-13,CNY,10,46.0358,4.60358
2011-01-14,CNY,10,45.5555,4.55555
2011-01-15,CNY,10,45.4599,4.54599
2011-01-18,CNY,10,45.5824,4.55824
2011-01-19,CNY,10,45.3999,4.53999
2011-01-20,CNY,10,45.3085,4.53085
2011-01-21,CNY,10,45.423,4.5423
2011-01-22,CNY,10,45.5829,4.55829
2011-01-25,CNY,10,45.3575,4.53575
2011-01-26,CNY,10,45.263,4.5263
2011-01-27,CNY,10,45.2418,4.52418
2011-01-28,CNY,10,45.0826,4.50826
2011-01-29,CNY,10,45.047,4.5047
2011-02-01,CNY,10,45.1201,4.51201
2011-02-02,CNY,10,44.9574,4.49574
2011-02-03,CNY,10,44.8607,4.48607
2011-02-04,CNY,10,44.7494,4.47494
2011-02-05,CNY,10,44.8481,4.48481
2011-02-08,CNY,10,44.7697,4.47697
2011-02-09,CNY,10,44.6437,4.46437
2011-02-10,CNY,10,44.4628,4.44628
2011-02-11,CNY,10,44.5695,4.45695
2011-02-12,CNY,10,44.4768,4.44768
2011-02-15,CNY,10,44.3523,4.43523
2011-02-16,CNY,10,44.4419,4.44419
2011-02-17,CNY,10,44.4278,4.44278
2011-02-18,CNY,10,44.4124,4.44124
2011-02-19,CNY,10,44.5077,4.45077
2011-02-22,CNY,10,44.392,4.4392
2011-02-23,CNY,10,44.5068,4.45068
2011-02-25,CNY,10,44.3205,4.43205
2011-02-26,CNY,10,44.0153,4.40153
2011-03-01,CNY,10,43.9954,4.39954
2011-03-02,CNY,10,43.768,4.3768
2011-03-03,CNY,10,43.5568,4.35568
2011-03-04,CNY,10,43.0949,4.30949
2011-03-05,CNY,10,42.9204,4.29204
2011-03-06,CNY,10,42.8956,4.28956
2011-03-10,CNY,10,43.0498,4.30498
2011-03-11,CNY,10,43.2579,4.32579
2011-03-12,CNY,10,43.5483,4.35483
2011-03-15,CNY,10,43.628,4.3628
2011-03-16,CNY,10,43.7108,4.37108
2011-03-17,CNY,10,43.6092,4.36092
2011-03-18,CNY,10,43.7037,4.37037
2011-03-19,CNY,10,43.3456,4.33456
2011-03-22,CNY,10,43.2326,4.32326
2011-03-23,CNY,10,42.9471,4.29471
2011-03-24,CNY,10,43.0991,4.30991
2011-03-25,CNY,10,43.2917,4.32917
2011-03-26,CNY,10,43.0423,4.30423
2011-03-29,CNY,10,43.2916,4.32916
2011-03-30,CNY,10,43.2001,4.32001
2011-03-31,CNY,10,43.3442,4.33442
2011-04-01,CNY,10,43.5408,4.35408
2011-04-02,CNY,10,43.3198,4.33198
2011-04-05,CNY,10,43.1715,4.31715
2011-04-06,CNY,10,43.2775,4.32775
2011-04-07,CNY,10,43.1114,4.31114
2011-04-08,CNY,10,43.1333,4.31333
2011-04-09,CNY,10,43.0236,4.30236
2011-04-12,CNY,10,42.7935,4.27935
2011-04-13,CNY,10,43.0164,4.30164
2011-04-14,CNY,10,43.0306,4.30306
2011-04-15,CNY,10,43.1612,4.31612
2011-04-16,CNY,10,43.2204,4.32204
2011-04-19,CNY,10,43.1395,4.31395
2011-04-20,CNY,10,43.5082,4.35082
2011-04-21,CNY,10,43.1305,4.31305
2011-04-22,CNY,10,42.861,4.2861
2011-04-23,CNY,10,42.9081,4.29081
2011-04-26,CNY,10,42.9542,4.29542
2011-04-27,CNY,10,42.7374,4.27374
2011-04-28,CNY,10,42.5564,4.25564
2011-04-29,CNY,10,42.2937,4.22937
2011-04-30,CNY,10,42.3678,4.23678
2011-05-04,CNY,10,42.0723,4.20723
2011-05-05,CNY,10,42.1473,4.21473
2011-05-06,CNY,10,41.9772,4.19772
2011-05-07,CNY,10,42.5723,4.25723
2011-05-11,CNY,10,42.9127,4.29127
2011-05-12,CNY,10,42.5517,4.25517
2011-05-13,CNY,10,42.9825,4.29825
2011-05-14,CNY,10,42.8661,4.28661
2011-05-17,CNY,10,43.2021,4.32021
2011-05-18,CNY,10,43.2148,4.32148
2011-05-19,CNY,10,43.1234,4.31234
2011-05-20,CNY,10,42.9776,4.29776
2011-05-21,CNY,10,42.9857,4.29857
2011-05-24,CNY,10,43.5894,4.35894
2011-05-25,CNY,10,43.7519,4.37519
2011-05-26,CNY,10,43.8482,4.38482
2011-05-27,CNY,10,43.4859,4.34859
2011-05-28,CNY,10,43.3103,4.33103
2011-05-31,CNY,10,43.2955,4.32955
2011-06-01,CNY,10,43.1844,4.31844
2011-06-02,CNY,10,43.1701,4.31701
2011-06-03,CNY,10,43.2565,4.32565
2011-06-04,CNY,10,43.0178,4.30178
2011-06-07,CNY,10,42.8676,4.28676
2011-06-08,CNY,10,42.8778,4.28778
2011-06-09,CNY,10,42.7537,4.27537
2011-06-10,CNY,10,42.7744,4.27744
2011-06-11,CNY,10,42.8723,4.28723
2011-06-15,CNY,10,43.0684,4.30684
2011-06-16,CNY,10,43.0363,4.30363
2011-06-17,CNY,10,43.5091,4.35091
2011-06-18,CNY,10,43.542,4.3542
2011-06-21,CNY,10,43.5287,4.35287
2011-06-22,CNY,10,43.3224,4.33224
2011-06-23,CNY,10,43.1539,4.31539
2011-06-24,CNY,10,43.3591,4.33591
2011-06-25,CNY,10,43.4948,4.34948
2011-06-28,CNY,10,43.7655,4.37655
2011-06-29,CNY,10,43.6375,4.36375
2011-06-30,CNY,10,43.4294,4.34294
2011-07-01,CNY,10,43.1231,4.31231
2011-07-02,CNY,10,43.0777,4.30777
2011-07-05,CNY,10,43.0291,4.30291
2011-07-06,CNY,10,43.0857,4.30857
2011-07-07,CNY,10,43.1297,4.31297
2011-07-08,CNY,10,43.2713,4.32713
2011-07-09,CNY,10,43.1376,4.31376
2011-07-12,CNY,10,43.4271,4.34271
2011-07-13,CNY,10,43.8508,4.38508
2011-07-14,CNY,10,43.6847,4.36847
2011-07-15,CNY,10,43.4522,4.34522
2011-07-16,CNY,10,43.5157,4.35157
2011-07-19,CNY,10,43.5604,4.35604
2011-07-20,CNY,10,43.5254,4.35254
2011-07-21,CNY,10,43.4346,4.34346
2011-07-22,CNY,10,43.2575,4.32575
2011-07-23,CNY,10,42.9933,4.29933
2011-07-26,CNY,10,43.0304,4.30304
2011-07-27,CNY,10,42.7733,4.27733
2011-07-28,CNY,10,42.6035,4.26035
2011-07-29,CNY,10,42.8101,4.28101
2011-07-30,CNY,10,42.9687,4.29687
2011-08-02,CNY,10,42.7601,4.27601
2011-08-03,CNY,10,43.1963,4.31963
2011-08-04,CNY,10,43.3372,4.33372
2011-08-05,CNY,10,43.2469,4.32469
2011-08-06,CNY,10,44.002,4.4002
2011-08-09,CNY,10,44.3658,4.43658
2011-08-10,CNY,10,45.7241,4.57241
2011-08-11,CNY,10,45.6601,4.56601
2011-08-12,CNY,10,46.0209,4.60209
2011-08-13,CNY,10,46.0448,4.60448
2011-08-16,CNY,10,45.1486,4.51486
2011-08-17,CNY,10,44.9471,4.49471
2011-08-18,CNY,10,44.9625,4.49625
2011-08-19,CNY,10,45.2605,4.52605
2011-08-20,CNY,10,45.7651,4.57651
2011-08-23,CNY,10,45.7353,4.57353
2011-08-24,CNY,10,45.2361,4.52361
2011-08-25,CNY,10,45.2235,4.52235
2011-08-26,CNY,10,45.1762,4.51762
2011-08-27,CNY,10,45.1869,4.51869
2011-08-30,CNY,10,44.9942,4.49942
2011-08-31,CNY,10,45.2288,4.52288
2011-09-01,CNY,10,45.3506,4.53506
2011-09-02,CNY,10,45.2846,4.52846
2011-09-03,CNY,10,45.5078,4.55078
2011-09-06,CNY,10,45.9434,4.59434
2011-09-07,CNY,10,46.3391,4.63391
2011-09-08,CNY,10,46.1416,4.61416
2011-09-09,CNY,10,46.1979,4.61979
2011-09-10,CNY,10,46.482,4.6482
2011-09-13,CNY,10,47.4343,4.74343
2011-09-14,CNY,10,47.1874,4.71874
2011-09-15,CNY,10,47.4828,4.74828
2011-09-16,CNY,10,47.7464,4.77464
2011-09-17,CNY,10,47.8158,4.78158
2011-09-20,CNY,10,48.334,4.8334
2011-09-21,CNY,10,49.3204,4.93204
2011-09-22,CNY,10,49.247,4.9247
2011-09-23,CNY,10,49.9344,4.99344
2011-09-24,CNY,10,50.2674,5.02674
2011-09-27,CNY,10,50.8059,5.08059
2011-09-28,CNY,10,50.3557,5.03557
2011-09-29,CNY,10,49.7732,4.97732
2011-09-30,CNY,10,49.8235,4.98235
2011-10-01,CNY,10,50.3142,5.03142
2011-10-04,CNY,10,51.12,5.112
2011-10-05,CNY,10,51.2626,5.12626
2011-10-06,CNY,10,51.1959,5.11959
2011-10-07,CNY,10,50.9937,5.09937
2011-10-08,CNY,10,50.5106,5.05106
2011-10-11,CNY,10,50.4009,5.04009
2011-10-12,CNY,10,49.3189,4.93189
2011-10-13,CNY,10,49.3149,4.93149
2011-10-14,CNY,10,48.9257,4.89257
2011-10-15,CNY,10,48.5805,4.85805
2011-10-18,CNY,10,48.2414,4.82414
2011-10-19,CNY,10,48.5627,4.85627
2011-10-20,CNY,10,48.4752,4.84752
2011-10-21,CNY,10,49.1584,4.91584
2011-10-22,CNY,10,49.0938,4.90938
2011-10-25,CNY,10,48.3507,4.83507
2011-10-26,CNY,10,47.9454,4.79454
2011-10-27,CNY,10,48.1339,4.81339
2011-10-28,CNY,10,47.5699,4.75699
2011-10-29,CNY,10,47.0837,4.70837
2011-11-01,CNY,10,47.4066,4.74066
2011-11-02,CNY,10,48.2413,4.82413
2011-11-03,CNY,10,48.2862,4.82862
2011-11-04,CNY,10,48.563,4.8563
2011-11-08,CNY,10,48.1635,4.81635
2011-11-09,CNY,10,48.0685,4.80685
2011-11-10,CNY,10,47.483,4.7483
2011-11-11,CNY,10,48.5946,4.85946
2011-11-12,CNY,10,48.1297,4.81297
2011-11-15,CNY,10,47.6913,4.76913
2011-11-16,CNY,10,48.2972,4.82972
2011-11-17,CNY,10,48.575,4.8575
2011-11-18,CNY,10,48.3965,4.83965
2011-11-19,CNY,10,48.627,4.8627
2011-11-22,CNY,10,48.7368,4.87368
2011-11-23,CNY,10,48.8338,4.88338
2011-11-24,CNY,10,49.1138,4.91138
2011-11-25,CNY,10,49.4463,4.94463
2011-11-26,CNY,10,49.5626,4.95626
2011-11-29,CNY,10,49.2316,4.92316
2011-11-30,CNY,10,49.0973,4.90973
2011-12-01,CNY,10,49.2844,4.92844
2011-12-02,CNY,10,48.4546,4.84546
2011-12-03,CNY,10,48.425,4.8425
2011-12-06,CNY,10,48.5689,4.85689
2011-12-07,CNY,10,48.8643,4.88643
2011-12-08,CNY,10,49.0285,4.90285
2011-12-09,CNY,10,49.0857,4.90857
2011-12-10,CNY,10,49.5917,4.95917
2011-12-13,CNY,10,49.3867,4.93867
2011-12-14,CNY,10,49.7423,4.97423
2011-12-15,CNY,10,49.8595,4.98595
2011-12-16,CNY,10,50.0419,5.00419
2011-12-17,CNY,10,50.0711,5.00711
2011-12-20,CNY,10,50.4001,5.04001
2011-12-21,CNY,10,50.516,5.0516
2011-12-22,CNY,10,50.1025,5.01025
2011-12-23,CNY,10,49.783,4.9783
2011-12-24,CNY,10,49.3036,4.93036
2011-12-27,CNY,10,49.4303,4.94303
2011-12-28,CNY,10,49.138,4.9138
2011-12-29,CNY,10,49.9222,4.99222
2011-12-30,CNY,10,50.6729,5.06729
2011-12-31,CNY,10,51.1106,5.11106
2012-01-11,CNY,10,50.4805,5.04805
2012-01-12,CNY,10,50.1576,5.01576
2012-01-13,CNY,10,50.1467,5.01467
2012-01-14,CNY,10,50.0507,5.00507
2012-01-17,CNY,10,50.5843,5.05843
2012-01-18,CNY,10,49.9794,4.99794
2012-01-19,CNY,10,49.9823,4.99823
2012-01-20,CNY,10,49.8254,4.98254
2012-01-21,CNY,10,49.4514,4.94514
2012-01-24,CNY,10,49.4672,4.94672
2012-01-25,CNY,10,48.7452,4.87452
2012-01-26,CNY,10,48.4165,4.84165
2012-01-27,CNY,10,47.9318,4.79318
2012-01-28,CNY,10,47.9359,4.79359
2012-01-31,CNY,10,48.0219,4.80219
2012-02-01,CNY,10,48.0109,4.80109
2012-02-02,CNY,10,48.211,4.8211
2012-02-03,CNY,10,47.9181,4.79181
2012-02-04,CNY,10,47.9611,4.79611
2012-02-07,CNY,10,47.8914,4.78914
2012-02-08,CNY,10,47.7111,4.77111
2012-02-09,CNY,10,47.1564,4.71564
2012-02-10,CNY,10,47.15,4.715
2012-02-11,CNY,10,47.4699,4.74699
2012-02-14,CNY,10,47.4575,4.74575
2012-02-15,CNY,10,47.7546,4.77546
2012-02-16,CNY,10,47.5362,4.75362
2012-02-17,CNY,10,47.9308,4.79308
2012-02-18,CNY,10,47.6283,4.76283
2012-02-21,CNY,10,47.2811,4.72811
2012-02-22,CNY,10,47.288,4.7288
2012-02-23,CNY,10,47.2835,4.72835
2012-02-25,CNY,10,46.763,4.6763
2012-02-28,CNY,10,46.2302,4.62302
2012-02-29,CNY,10,45.9456,4.59456
2012-03-01,CNY,10,46.1129,4.61129
2012-03-02,CNY,10,46.4977,4.64977
2012-03-03,CNY,10,46.5193,4.65193
2012-03-06,CNY,10,46.4502,4.64502
2012-03-07,CNY,10,46.6895,4.66895
2012-03-08,CNY,10,46.991,4.6991
2012-03-12,CNY,10,46.8103,4.68103
2012-03-13,CNY,10,46.9178,4.69178
2012-03-14,CNY,10,46.6554,4.66554
2012-03-15,CNY,10,46.5717,4.65717
2012-03-16,CNY,10,46.7429,4.67429
2012-03-17,CNY,10,46.4177,4.64177
2012-03-20,CNY,10,46.2468,4.62468
2012-03-21,CNY,10,46.1205,4.61205
2012-03-22,CNY,10,46.169,4.6169
2012-03-23,CNY,10,46.3532,4.63532
2012-03-24,CNY,10,46.6386,4.66386
2012-03-27,CNY,10,46.3361,4.63361
2012-03-28,CNY,10,45.8527,4.58527
2012-03-29,CNY,10,46.1176,4.61176
2012-03-30,CNY,10,46.4183,4.64183
2012-03-31,CNY,10,46.563,4.6563
2012-04-03,CNY,10,46.5951,4.65951
2012-04-04,CNY,10,46.5138,4.65138
2012-04-05,CNY,10,46.7267,4.67267
2012-04-06,CNY,10,46.6378,4.66378
2012-04-07,CNY,10,46.7043,4.67043
2012-04-10,CNY,10,46.9768,4.69768
2012-04-11,CNY,10,46.9532,4.69532
2012-04-12,CNY,10,47.2378,4.72378
2012-04-13,CNY,10,46.8784,4.68784
2012-04-14,CNY,10,46.7832,4.67832
2012-04-17,CNY,10,47.1378,4.71378
2012-04-18,CNY,10,47.0664,4.70664
2012-04-19,CNY,10,46.7915,4.67915
2012-04-20,CNY,10,46.8106,4.68106
2012-04-21,CNY,10,46.7888,4.67888
2012-04-24,CNY,10,46.7351,4.67351
2012-04-25,CNY,10,46.6893,4.66893
2012-04-26,CNY,10,46.4665,4.64665
2012-04-27,CNY,10,46.4464,4.64464
2012-04-28,CNY,10,46.6446,4.66446
2012-04-29,CNY,10,46.5343,4.65343
2012-05-03,CNY,10,46.5996,4.65996
2012-05-04,CNY,10,46.7118,4.67118
2012-05-05,CNY,10,46.9332,4.69332
2012-05-06,CNY,10,47.2685,4.72685
2012-05-11,CNY,10,47.8266,4.78266
2012-05-12,CNY,10,47.8605,4.78605
2012-05-13,CNY,10,47.8262,4.78262
2012-05-15,CNY,10,47.8986,4.78986
2012-05-16,CNY,10,48.0086,4.80086
2012-05-17,CNY,10,48.9829,4.89829
2012-05-18,CNY,10,48.9499,4.89499
2012-05-19,CNY,10,49.6161,4.96161
2012-05-22,CNY,10,49.2519,4.92519
2012-05-23,CNY,10,49.1486,4.91486
2012-05-24,CNY,10,49.5692,4.95692
2012-05-25,CNY,10,49.8734,4.98734
2012-05-26,CNY,10,50.0366,5.00366
2012-05-29,CNY,10,50.1742,5.01742
2012-05-30,CNY,10,50.5546,5.05546
2012-05-31,CNY,10,51.0636,5.10636
2012-06-01,CNY,10,51.6625,5.16625
2012-06-02,CNY,10,52.9562,5.29562
2012-06-05,CNY,10,53.4657,5.34657
2012-06-06,CNY,10,52.1735,5.21735
2012-06-07,CNY,10,51.5079,5.15079
2012-06-08,CNY,10,50.623,5.0623
2012-06-09,CNY,10,51.3946,5.13946
2012-06-10,CNY,10,51.1541,5.11541
2012-06-14,CNY,10,51.3791,5.13791
2012-06-15,CNY,10,51.1543,5.11543
2012-06-16,CNY,10,50.8891,5.08891
2012-06-19,CNY,10,50.5546,5.05546
2012-06-20,CNY,10,51.1759,5.11759
2012-06-21,CNY,10,51.1444,5.11444
2012-06-22,CNY,10,51.721,5.1721
2012-06-23,CNY,10,52.6624,5.26624
2012-06-26,CNY,10,52.1137,5.21137
2012-06-27,CNY,10,52.1288,5.21288
2012-06-28,CNY,10,51.5889,5.15889
2012-06-29,CNY,10,51.8106,5.18106
2012-06-30,CNY,10,51.6436,5.16436
2012-07-03,CNY,10,51.2384,5.12384
2012-07-04,CNY,10,51.1261,5.11261
2012-07-05,CNY,10,50.7429,5.07429
2012-07-06,CNY,10,51.1107,5.11107
2012-07-07,CNY,10,51.2497,5.12497
2012-07-10,CNY,10,51.7891,5.17891
2012-07-11,CNY,10,51.7887,5.17887
2012-07-12,CNY,10,51.5761,5.15761
2012-07-13,CNY,10,51.3638,5.13638
2012-07-14,CNY,10,51.1945,5.11945
2012-07-17,CNY,10,51.1554,5.11554
2012-07-18,CNY,10,50.9845,5.09845
2012-07-19,CNY,10,50.8786,5.08786
2012-07-20,CNY,10,50.3483,5.03483
2012-07-21,CNY,10,50.1364,5.01364
2012-07-24,CNY,10,50.6794,5.06794
2012-07-25,CNY,10,51.1143,5.11143
2012-07-26,CNY,10,51.5871,5.15871
2012-07-27,CNY,10,51.1091,5.11091
2012-07-28,CNY,10,50.5098,5.05098
2012-07-31,CNY,10,50.4634,5.04634
2012-08-01,CNY,10,50.5316,5.05316
2012-08-02,CNY,10,50.7689,5.07689
2012-08-03,CNY,10,50.9534,5.09534
2012-08-04,CNY,10,51.0418,5.10418
2012-08-07,CNY,10,50.1375,5.01375
2012-08-08,CNY,10,49.7188,4.97188
2012-08-09,CNY,10,49.771,4.9771
2012-08-10,CNY,10,49.558,4.9558
2012-08-11,CNY,10,50.1421,5.01421
2012-08-14,CNY,10,50.112,5.0112
2012-08-15,CNY,10,49.9621,4.99621
2012-08-16,CNY,10,50.0734,5.00734
2012-08-17,CNY,10,50.1015,5.01015
2012-08-18,CNY,10,50.0627,5.00627
2012-08-21,CNY,10,50.338,5.0338
2012-08-22,CNY,10,50.2762,5.02762
2012-08-23,CNY,10,50.0647,5.00647
2012-08-24,CNY,10,49.8882,4.98882
2012-08-25,CNY,10,50.0478,5.00478
2012-08-28,CNY,10,50.1365,5.01365
2012-08-29,CNY,10,50.3638,5.03638
2012-08-30,CNY,10,50.5572,5.05572
2012-08-31,CNY,10,50.8461,5.08461
2012-09-01,CNY,10,51.2978,5.12978
2012-09-04,CNY,10,51.1254,5.11254
2012-09-05,CNY,10,50.7694,5.07694
2012-09-06,CNY,10,51.0928,5.10928
2012-09-07,CNY,10,50.7523,5.07523
2012-09-08,CNY,10,50.4892,5.04892
2012-09-11,CNY,10,50.0585,5.00585
2012-09-12,CNY,10,50.1964,5.01964
2012-09-13,CNY,10,49.7684,4.97684
2012-09-14,CNY,10,49.6242,4.96242
2012-09-15,CNY,10,48.7674,4.87674
2012-09-18,CNY,10,48.4227,4.84227
2012-09-19,CNY,10,48.8708,4.88708
2012-09-20,CNY,10,48.9072,4.89072
2012-09-21,CNY,10,50.1203,5.01203
2012-09-22,CNY,10,49.4153,4.94153
2012-09-25,CNY,10,49.5549,4.95549
2012-09-26,CNY,10,49.4012,4.94012
2012-09-27,CNY,10,49.5329,4.95329
2012-09-28,CNY,10,49.4815,4.94815
2012-09-29,CNY,10,49.1634,4.91634
2012-10-02,CNY,10,49.7316,4.97316
2012-10-03,CNY,10,49.5425,4.95425
2012-10-04,CNY,10,49.637,4.9637
2012-10-05,CNY,10,49.5202,4.95202
2012-10-06,CNY,10,49.287,4.9287
2012-10-09,CNY,10,49.4498,4.94498
2012-10-10,CNY,10,49.4788,4.94788
2012-10-11,CNY,10,49.6179,4.96179
2012-10-12,CNY,10,49.6388,4.96388
2012-10-13,CNY,10,49.4363,4.94363
2012-10-16,CNY,10,49.6123,4.96123
2012-10-17,CNY,10,49.4082,4.94082
2012-10-18,CNY,10,49.2545,4.92545
2012-10-19,CNY,10,49.0954,4.90954
2012-10-20,CNY,10,49.2525,4.92525
2012-10-23,CNY,10,49.4131,4.94131
2012-10-24,CNY,10,49.7985,4.97985
2012-10-25,CNY,10,50.0894,5.00894
2012-10-26,CNY,10,50.0623,5.00623
2012-10-27,CNY,10,50.4617,5.04617
2012-10-30,CNY,10,50.3666,5.03666
2012-10-31,CNY,10,50.5074,5.05074
2012-11-01,CNY,10,50.2914,5.02914
2012-11-02,CNY,10,50.2742,5.02742
2012-11-03,CNY,10,50.2735,5.02735
2012-11-07,CNY,10,50.474,5.0474
2012-11-08,CNY,10,50.1358,5.01358
2012-11-09,CNY,10,50.4807,5.04807
2012-11-10,CNY,10,50.486,5.0486
2012-11-13,CNY,10,50.7381,5.07381
2012-11-14,CNY,10,50.9329,5.09329
2012-11-15,CNY,10,50.9641,5.09641
2012-11-16,CNY,10,50.8886,5.08886
2012-11-17,CNY,10,50.8617,5.08617
2012-11-20,CNY,10,50.7927,5.07927
2012-11-21,CNY,10,50.4451,5.04451
2012-11-22,CNY,10,50.4282,5.04282
2012-11-23,CNY,10,50.0112,5.00112
2012-11-24,CNY,10,49.9904,4.99904
2012-11-27,CNY,10,49.8267,4.98267
2012-11-28,CNY,10,49.7252,4.97252
2012-11-29,CNY,10,50.0061,5.00061
2012-11-30,CNY,10,49.8643,4.98643
2012-12-01,CNY,10,49.4845,4.94845
2012-12-04,CNY,10,49.5111,4.95111
2012-12-05,CNY,10,49.784,4.9784
2012-12-06,CNY,10,49.522,4.9522
2012-12-07,CNY,10,49.6302,4.96302
2012-12-08,CNY,10,49.7055,4.97055
2012-12-11,CNY,10,49.7135,4.97135
2012-12-12,CNY,10,49.1781,4.91781
2012-12-13,CNY,10,49.2099,4.92099
2012-12-14,CNY,10,49.0675,4.90675
2012-12-15,CNY,10,49.2264,4.92264
2012-12-18,CNY,10,49.3577,4.93577
2012-12-19,CNY,10,49.727,4.9727
2012-12-20,CNY,10,49.3829,4.93829
2012-12-21,CNY,10,49.3767,4.93767
2012-12-22,CNY,10,49.3152,4.93152
2012-12-25,CNY,10,49.4258,4.94258
2012-12-26,CNY,10,49.0801,4.90801
2012-12-27,CNY,10,49.0948,4.90948
2012-12-28,CNY,10,48.8843,4.88843
2012-12-29,CNY,10,48.7406,4.87406
2012-12-30,CNY,10,48.7406,4.87406
2013-01-10,CNY,10,48.8817,4.88817
2013-01-11,CNY,10,48.7909,4.87909
2013-01-12,CNY,10,48.6832,4.86832
2013-01-15,CNY,10,48.6624,4.86624
2013-01-16,CNY,10,48.6824,4.86824
2013-01-17,CNY,10,48.8109,4.88109
2013-01-18,CNY,10,48.8051,4.88051
2013-01-19,CNY,10,48.601,4.8601
2013-01-22,CNY,10,48.7168,4.87168
2013-01-23,CNY,10,48.5435,4.85435
2013-01-24,CNY,10,48.6149,4.86149
2013-01-25,CNY,10,48.5082,4.85082
2013-01-26,CNY,10,48.3017,4.83017
2013-01-29,CNY,10,48.3339,4.83339
2013-01-30,CNY,10,48.4397,4.84397
2013-01-31,CNY,10,48.2729,4.82729
2013-02-01,CNY,10,48.2628,4.82628
2013-02-02,CNY,10,48.1842,4.81842
2013-02-05,CNY,10,48.0339,4.80339
2013-02-06,CNY,10,48.3688,4.83688
2013-02-07,CNY,10,48.0726,4.80726
2013-02-08,CNY,10,48.2035,4.82035
2013-02-09,CNY,10,48.3805,4.83805
2013-02-12,CNY,10,48.3899,4.83899
2013-02-13,CNY,10,48.4096,4.84096
2013-02-14,CNY,10,48.2458,4.82458
2013-02-15,CNY,10,48.2588,4.82588
2013-02-16,CNY,10,48.3113,4.83113
2013-02-19,CNY,10,48.2963,4.82963
2013-02-20,CNY,10,48.2537,4.82537
2013-02-21,CNY,10,48.1543,4.81543
2013-02-22,CNY,10,48.4445,4.84445
2013-02-23,CNY,10,48.7063,4.87063
2013-02-26,CNY,10,48.6588,4.86588
2013-02-27,CNY,10,49.1001,4.91001
2013-02-28,CNY,10,49.1725,4.91725
2013-03-01,CNY,10,49.0427,4.90427
2013-03-02,CNY,10,49.2384,4.92384
2013-03-05,CNY,10,49.4356,4.94356
2013-03-06,CNY,10,49.3367,4.93367
2013-03-07,CNY,10,49.2559,4.92559
2013-03-08,CNY,10,49.4475,4.94475
2013-03-12,CNY,10,49.463,4.9463
2013-03-13,CNY,10,49.4721,4.94721
2013-03-14,CNY,10,49.4366,4.94366
2013-03-15,CNY,10,49.5148,4.95148
2013-03-16,CNY,10,49.4361,4.94361
2013-03-19,CNY,10,49.7028,4.97028
2013-03-20,CNY,10,49.5946,4.95946
2013-03-21,CNY,10,49.8118,4.98118
2013-03-22,CNY,10,49.7244,4.97244
2013-03-23,CNY,10,49.7883,4.97883
2013-03-26,CNY,10,49.529,4.9529
2013-03-27,CNY,10,49.7004,4.97004
2013-03-28,CNY,10,49.6781,4.96781
2013-03-29,CNY,10,49.8764,4.98764
2013-03-30,CNY,10,50.0594,5.00594
2013-04-02,CNY,10,50.1132,5.01132
2013-04-03,CNY,10,50.1851,5.01851
2013-04-04,CNY,10,50.6164,5.06164
2013-04-05,CNY,10,51.1535,5.11535
2013-04-06,CNY,10,50.9888,5.09888
2013-04-09,CNY,10,50.9507,5.09507
2013-04-10,CNY,10,50.3154,5.03154
2013-04-11,CNY,10,50.0615,5.00615
2013-04-12,CNY,10,49.8344,4.98344
2013-04-13,CNY,10,49.9569,4.99569
2013-04-16,CNY,10,50.5998,5.05998
2013-04-17,CNY,10,50.8746,5.08746
2013-04-18,CNY,10,50.5953,5.05953
2013-04-19,CNY,10,51.3131,5.13131
2013-04-20,CNY,10,50.9144,5.09144
2013-04-23,CNY,10,51.0709,5.10709
2013-04-24,CNY,10,51.2204,5.12204
2013-04-25,CNY,10,51.1416,5.11416
2013-04-26,CNY,10,50.751,5.0751
2013-04-27,CNY,10,50.6343,5.06343
2013-04-30,CNY,10,50.6989,5.06989
2013-05-01,CNY,10,50.3541,5.03541
2013-05-07,CNY,10,50.3824,5.03824
2013-05-08,CNY,10,50.4798,5.04798
2013-05-09,CNY,10,50.6096,5.06096
2013-05-14,CNY,10,51.0489,5.10489
2013-05-15,CNY,10,50.9211,5.09211
2013-05-16,CNY,10,51.1375,5.11375
2013-05-17,CNY,10,51.0897,5.10897
2013-05-18,CNY,10,51.1163,5.11163
2013-05-21,CNY,10,51.0383,5.10383
2013-05-22,CNY,10,50.8531,5.08531
2013-05-23,CNY,10,50.9279,5.09279
2013-05-24,CNY,10,51.3001,5.13001
2013-05-25,CNY,10,51.0854,5.10854
2013-05-28,CNY,10,51.1253,5.11253
2013-05-29,CNY,10,51.2434,5.12434
2013-05-30,CNY,10,51.4382,5.14382
2013-05-31,CNY,10,51.5247,5.15247
2013-06-01,CNY,10,51.8312,5.18312
2013-06-04,CNY,10,52.2587,5.22587
2013-06-05,CNY,10,51.9516,5.19516
2013-06-06,CNY,10,52.1842,5.21842
2013-06-07,CNY,10,52.406,5.2406
2013-06-08,CNY,10,52.5342,5.25342
2013-06-11,CNY,10,52.7017,5.27017
2013-06-12,CNY,10,52.8167,5.28167
2013-06-14,CNY,10,52.6682,5.26682
2013-06-15,CNY,10,51.8672,5.18672
2013-06-18,CNY,10,51.7301,5.17301
2013-06-19,CNY,10,52.0359,5.20359
2013-06-20,CNY,10,52.4153,5.24153
2013-06-21,CNY,10,53.3901,5.33901
2013-06-22,CNY,10,53.3948,5.33948
2013-06-25,CNY,10,53.6093,5.36093
2013-06-26,CNY,10,53.229,5.3229
2013-06-27,CNY,10,53.5019,5.35019
2013-06-28,CNY,10,53.4518,5.34518
2013-06-29,CNY,10,53.259,5.3259
2013-07-02,CNY,10,53.5786,5.35786
2013-07-03,CNY,10,53.7401,5.37401
2013-07-04,CNY,10,54.1772,5.41772
2013-07-05,CNY,10,54.1219,5.41219
2013-07-06,CNY,10,54.1896,5.41896
2013-07-09,CNY,10,54.29,5.429
2013-07-10,CNY,10,53.9859,5.39859
2013-07-11,CNY,10,53.6494,5.36494
2013-07-12,CNY,10,53.1117,5.31117
2013-07-13,CNY,10,53.1773,5.31773
2013-07-16,CNY,10,53.1537,5.31537
2013-07-17,CNY,10,53.0358,5.30358
2013-07-18,CNY,10,52.9173,5.29173
2013-07-19,CNY,10,52.7701,5.27701
2013-07-20,CNY,10,52.8328,5.28328
2013-07-23,CNY,10,52.6649,5.26649
2013-07-24,CNY,10,52.6446,5.26446
2013-07-25,CNY,10,52.7017,5.27017
2013-07-26,CNY,10,53.0205,5.30205
2013-07-27,CNY,10,53.226,5.3226
2013-07-30,CNY,10,53.5771,5.35771
2013-07-31,CNY,10,53.6351,5.36351
2013-08-01,CNY,10,53.8857,5.38857
2013-08-02,CNY,10,53.8107,5.38107
2013-08-03,CNY,10,53.9791,5.39791
2013-08-06,CNY,10,53.6852,5.36852
2013-08-07,CNY,10,53.799,5.3799
2013-08-08,CNY,10,53.9029,5.39029
2013-08-09,CNY,10,53.8615,5.38615
2013-08-10,CNY,10,53.7043,5.37043
2013-08-13,CNY,10,53.7321,5.37321
2013-08-14,CNY,10,53.9594,5.39594
2013-08-15,CNY,10,54.1944,5.41944
2013-08-16,CNY,10,53.954,5.3954
2013-08-17,CNY,10,53.8939,5.38939
2013-08-20,CNY,10,53.7881,5.37881
2013-08-21,CNY,10,53.89,5.389
2013-08-22,CNY,10,53.839,5.3839
2013-08-23,CNY,10,54.2121,5.42121
2013-08-24,CNY,10,53.9968,5.39968
2013-08-27,CNY,10,53.8477,5.38477
2013-08-28,CNY,10,54.1083,5.41083
2013-08-29,CNY,10,54.2003,5.42003
2013-08-30,CNY,10,54.2041,5.42041
2013-08-31,CNY,10,54.3276,5.43276
2013-09-03,CNY,10,54.3603,5.43603
2013-09-04,CNY,10,54.5223,5.45223
2013-09-05,CNY,10,54.6886,5.46886
2013-09-06,CNY,10,54.5581,5.45581
2013-09-07,CNY,10,54.6322,5.46322
2013-09-10,CNY,10,54.463,5.4463
2013-09-11,CNY,10,54.0205,5.40205
2013-09-12,CNY,10,53.868,5.3868
2013-09-13,CNY,10,53.4005,5.34005
2013-09-14,CNY,10,53.5239,5.35239
2013-09-17,CNY,10,52.7505,5.27505
2013-09-18,CNY,10,52.8139,5.28139
2013-09-19,CNY,10,52.6802,5.26802
2013-09-20,CNY,10,51.6062,5.16062
2013-09-21,CNY,10,51.8413,5.18413
2013-09-24,CNY,10,52.1551,5.21551
2013-09-25,CNY,10,51.9898,5.19898
2013-09-26,CNY,10,52.1691,5.21691
2013-09-27,CNY,10,52.5816,5.25816
2013-09-28,CNY,10,52.8549,5.28549
2013-10-01,CNY,10,53.0869,5.30869
2013-10-02,CNY,10,52.7548,5.27548
2013-10-03,CNY,10,52.7571,5.27571
2013-10-04,CNY,10,52.479,5.2479
2013-10-05,CNY,10,52.4389,5.24389
2013-10-08,CNY,10,52.7536,5.27536
2013-10-09,CNY,10,52.7803,5.27803
2013-10-10,CNY,10,52.8798,5.28798
2013-10-11,CNY,10,52.876,5.2876
2013-10-12,CNY,10,52.6499,5.26499
2013-10-15,CNY,10,52.79,5.279
2013-10-16,CNY,10,52.87,5.287
2013-10-17,CNY,10,52.8971,5.28971
2013-10-18,CNY,10,52.6282,5.26282
2013-10-19,CNY,10,52.2554,5.22554
2013-10-22,CNY,10,52.3496,5.23496
2013-10-23,CNY,10,52.4085,5.24085
2013-10-24,CNY,10,52.1552,5.21552
2013-10-25,CNY,10,52.0633,5.20633
2013-10-26,CNY,10,52.0814,5.20814
2013-10-29,CNY,10,52.2758,5.22758
2013-10-30,CNY,10,52.4618,5.24618
2013-10-31,CNY,10,52.6294,5.26294
2013-11-01,CNY,10,52.6351,5.26351
2013-11-02,CNY,10,52.7814,5.27814
2013-11-06,CNY,10,53.0551,5.30551
2013-11-07,CNY,10,53.2387,5.32387
2013-11-08,CNY,10,53.1208,5.31208
2013-11-09,CNY,10,53.4308,5.34308
2013-11-12,CNY,10,53.6202,5.36202
2013-11-13,CNY,10,53.8492,5.38492
2013-11-14,CNY,10,53.8784,5.38784
2013-11-15,CNY,10,53.6563,5.36563
2013-11-16,CNY,10,53.6418,5.36418
2013-11-19,CNY,10,53.4575,5.34575
2013-11-20,CNY,10,53.5306,5.35306
2013-11-21,CNY,10,53.7454,5.37454
2013-11-22,CNY,10,54.1918,5.41918
2013-11-23,CNY,10,54.0107,5.40107
2013-11-26,CNY,10,53.7937,5.37937
2013-11-27,CNY,10,54.1451,5.41451
2013-11-28,CNY,10,54.1717,5.41717
2013-11-29,CNY,10,54.3836,5.43836
2013-11-30,CNY,10,54.4705,5.44705
2013-12-03,CNY,10,54.4002,5.44002
2013-12-04,CNY,10,54.5687,5.45687
2013-12-05,CNY,10,54.605,5.4605
2013-12-06,CNY,10,54.361,5.4361
2013-12-07,CNY,10,54.1732,5.41732
2013-12-10,CNY,10,53.9683,5.39683
2013-12-11,CNY,10,53.9996,5.39996
2013-12-12,CNY,10,53.9118,5.39118
2013-12-13,CNY,10,53.9337,5.39337
2013-12-14,CNY,10,54.1276,5.41276
2013-12-17,CNY,10,54.1232,5.41232
2013-12-18,CNY,10,54.132,5.4132
2013-12-19,CNY,10,54.2577,5.42577
2013-12-20,CNY,10,54.2681,5.42681
2013-12-21,CNY,10,54.3199,5.43199
2013-12-24,CNY,10,54.2683,5.42683
2013-12-25,CNY,10,53.7403,5.37403
2013-12-26,CNY,10,53.7781,5.37781
2013-12-27,CNY,10,53.8087,5.38087
2013-12-28,CNY,10,53.7594,5.37594
2013-12-31,CNY,10,53.9934,5.39934
2014-01-01,CNY,10,53.9608,5.39608
2014-01-10,CNY,10,54.7577,5.47577
2014-01-11,CNY,10,54.8645,5.48645
2014-01-14,CNY,10,54.7934,5.47934
2014-01-15,CNY,10,55.019,5.5019
2014-01-16,CNY,10,55.1743,5.51743
2014-01-17,CNY,10,55.1805,5.51805
2014-01-18,CNY,10,55.266,5.5266
2014-01-21,CNY,10,55.5971,5.55971
2014-01-22,CNY,10,55.8962,5.58962
2014-01-23,CNY,10,55.9722,5.59722
2014-01-24,CNY,10,56.2275,5.62275
2014-01-25,CNY,10,56.644,5.6644
2014-01-28,CNY,10,57.3888,5.73888
2014-01-29,CNY,10,57.2342,5.72342
2014-01-30,CNY,10,57.0907,5.70907
2014-01-31,CNY,10,58.202,5.8202
2014-02-01,CNY,10,58.0432,5.80432
2014-02-04,CNY,10,58.1335,5.81335
2014-02-05,CNY,10,58.489,5.8489
2014-02-06,CNY,10,57.6789,5.76789
2014-02-07,CNY,10,57.2986,5.72986
2014-02-08,CNY,10,57.0813,5.70813
2014-02-11,CNY,10,57.3609,5.73609
2014-02-12,CNY,10,57.4113,5.74113
2014-02-13,CNY,10,57.3409,5.73409
2014-02-14,CNY,10,57.4754,5.74754
2014-02-15,CNY,10,58.1435,5.81435
2014-02-18,CNY,10,57.8844,5.78844
2014-02-19,CNY,10,58.0872,5.80872
2014-02-20,CNY,10,58.5734,5.85734
2014-02-21,CNY,10,58.7935,5.87935
2014-02-22,CNY,10,58.5924,5.85924
2014-02-25,CNY,10,58.2743,5.82743
2014-02-26,CNY,10,58.1529,5.81529
2014-02-27,CNY,10,58.4386,5.84386
2014-02-28,CNY,10,58.8141,5.88141
2014-03-01,CNY,10,58.8254,5.88254
2014-03-04,CNY,10,59.2019,5.92019
2014-03-05,CNY,10,59.0909,5.90909
2014-03-06,CNY,10,58.8411,5.88411
2014-03-07,CNY,10,59.0617,5.90617
2014-03-08,CNY,10,59.2697,5.92697
2014-03-12,CNY,10,59.3177,5.93177
2014-03-13,CNY,10,59.3778,5.93778
2014-03-14,CNY,10,59.3843,5.93843
2014-03-15,CNY,10,59.5758,5.95758
2014-03-18,CNY,10,59.4368,5.94368
2014-03-19,CNY,10,58.9451,5.89451
2014-03-20,CNY,10,58.3993,5.83993
2014-03-21,CNY,10,58.0246,5.80246
2014-03-22,CNY,10,58.4615,5.84615
2014-03-25,CNY,10,58.1966,5.81966
2014-03-26,CNY,10,58.0225,5.80225
2014-03-27,CNY,10,57.1516,5.71516
2014-03-28,CNY,10,57.2797,5.72797
2014-03-29,CNY,10,57.4847,5.74847
2014-04-01,CNY,10,57.2488,5.72488
2014-04-02,CNY,10,56.4375,5.64375
2014-04-03,CNY,10,56.8063,5.68063
2014-04-04,CNY,10,57.2312,5.72312
2014-04-05,CNY,10,57.1123,5.71123
2014-04-08,CNY,10,57.093,5.7093
2014-04-09,CNY,10,57.3171,5.73171
2014-04-10,CNY,10,57.6555,5.76555
2014-04-11,CNY,10,57.2982,5.72982
2014-04-12,CNY,10,57.3746,5.73746
2014-04-15,CNY,10,57.944,5.7944
2014-04-16,CNY,10,57.7848,5.77848
2014-04-17,CNY,10,57.9638,5.79638
2014-04-18,CNY,10,57.7734,5.77734
2014-04-19,CNY,10,57.1218,5.71218
2014-04-22,CNY,10,57.2312,5.72312
2014-04-23,CNY,10,57.2073,5.72073
2014-04-24,CNY,10,57.1331,5.71331
2014-04-25,CNY,10,57.1715,5.71715
2014-04-26,CNY,10,57.4724,5.74724
2014-04-29,CNY,10,57.6549,5.76549
2014-04-30,CNY,10,57.0625,5.70625
2014-05-01,CNY,10,57.0186,5.70186
2014-05-06,CNY,10,57.4043,5.74043
2014-05-07,CNY,10,57.2449,5.72449
2014-05-08,CNY,10,56.9923,5.69923
2014-05-09,CNY,10,56.2204,5.62204
2014-05-13,CNY,10,56.4619,5.64619
2014-05-14,CNY,10,55.9235,5.59235
2014-05-15,CNY,10,55.7261,5.57261
2014-05-16,CNY,10,55.7268,5.57268
2014-05-17,CNY,10,55.7818,5.57818
2014-05-20,CNY,10,55.6694,5.56694
2014-05-21,CNY,10,55.4596,5.54596
2014-05-22,CNY,10,55.3364,5.53364
2014-05-23,CNY,10,54.9829,5.49829
2014-05-24,CNY,10,55.0105,5.50105
2014-05-27,CNY,10,54.6484,5.46484
2014-05-28,CNY,10,54.8438,5.48438
2014-05-29,CNY,10,55.1285,5.51285
2014-05-30,CNY,10,55.4662,5.54662
2014-05-31,CNY,10,55.6288,5.56288
2014-06-03,CNY,10,55.8407,5.58407
2014-06-04,CNY,10,56.0103,5.60103
2014-06-05,CNY,10,56.2102,5.62102
2014-06-06,CNY,10,55.8496,5.58496
2014-06-07,CNY,10,55.4472,5.54472
2014-06-10,CNY,10,55.0306,5.50306
2014-06-11,CNY,10,55.2045,5.52045
2014-06-12,CNY,10,55.1077,5.51077
2014-06-17,CNY,10,55.5857,5.55857
2014-06-18,CNY,10,55.8821,5.58821
2014-06-19,CNY,10,55.8906,5.58906
2014-06-20,CNY,10,55.0575,5.50575
2014-06-21,CNY,10,55.2436,5.52436
2014-06-24,CNY,10,55.0581,5.50581
2014-06-25,CNY,10,54.5585,5.45585
2014-06-26,CNY,10,54.3817,5.43817
2014-06-27,CNY,10,54.1807,5.41807
2014-06-28,CNY,10,54.0876,5.40876
2014-07-01,CNY,10,54.5474,5.45474
2014-07-02,CNY,10,55.1701,5.51701
2014-07-03,CNY,10,55.1621,5.51621
2014-07-04,CNY,10,55.0279,5.50279
2014-07-05,CNY,10,55.3241,5.53241
2014-07-08,CNY,10,55.7467,5.57467
2014-07-09,CNY,10,55.4986,5.54986
2014-07-10,CNY,10,54.9814,5.49814
2014-07-11,CNY,10,54.5854,5.45854
2014-07-12,CNY,10,54.8759,5.48759
2014-07-15,CNY,10,55.2971,5.52971
2014-07-16,CNY,10,55.3642,5.53642
2014-07-17,CNY,10,55.4039,5.54039
2014-07-18,CNY,10,56.1097,5.61097
2014-07-19,CNY,10,56.6903,5.66903
2014-07-22,CNY,10,56.5275,5.65275
2014-07-23,CNY,10,56.4685,5.64685
2014-07-24,CNY,10,56.1272,5.61272
2014-07-25,CNY,10,56.6506,5.66506
2014-07-26,CNY,10,56.6055,5.66055
2014-07-29,CNY,10,57.1161,5.71161
2014-07-30,CNY,10,57.6507,5.76507
2014-07-31,CNY,10,57.8352,5.78352
2014-08-01,CNY,10,57.4296,5.74296
2014-08-02,CNY,10,57.8381,5.78381
2014-08-05,CNY,10,57.7068,5.77068
2014-08-06,CNY,10,57.9905,5.79905
2014-08-07,CNY,10,58.5596,5.85596
2014-08-08,CNY,10,58.8324,5.88324
2014-08-09,CNY,10,59.1898,5.91898
2014-08-12,CNY,10,58.5748,5.85748
2014-08-13,CNY,10,58.6146,5.86146
2014-08-14,CNY,10,58.7899,5.87899
2014-08-15,CNY,10,58.5618,5.85618
2014-08-16,CNY,10,58.5512,5.85512
2014-08-19,CNY,10,58.6349,5.86349
2014-08-20,CNY,10,58.8149,5.88149
2014-08-21,CNY,10,58.9747,5.89747
2014-08-22,CNY,10,59.0635,5.90635
2014-08-23,CNY,10,58.4982,5.84982
2014-08-26,CNY,10,58.7128,5.87128
2014-08-27,CNY,10,58.7259,5.87259
2014-08-28,CNY,10,58.7991,5.87991
2014-08-29,CNY,10,59.1137,5.91137
2014-08-30,CNY,10,60.1002,6.01002
2014-09-02,CNY,10,60.7511,6.07511
2014-09-03,CNY,10,60.7769,6.07769
2014-09-04,CNY,10,60.7493,6.07493
2014-09-05,CNY,10,59.9664,5.99664
2014-09-06,CNY,10,60.1383,6.01383
2014-09-09,CNY,10,60.3967,6.03967
2014-09-10,CNY,10,60.3562,6.03562
2014-09-11,CNY,10,60.6469,6.06469
2014-09-12,CNY,10,60.96,6.096
2014-09-13,CNY,10,61.3985,6.13985
2014-09-16,CNY,10,61.8445,6.18445
2014-09-17,CNY,10,62.9393,6.29393
2014-09-18,CNY,10,62.4886,6.24886
2014-09-19,CNY,10,62.5391,6.25391
2014-09-20,CNY,10,62.5809,6.25809
2014-09-23,CNY,10,62.8494,6.28494
2014-09-24,CNY,10,62.981,6.2981
2014-09-25,CNY,10,62.5568,6.25568
2014-09-26,CNY,10,62.4054,6.24054
2014-09-27,CNY,10,63.1306,6.31306
2014-09-30,CNY,10,64.1267,6.41267
2014-10-01,CNY,10,64.0957,6.40957
2014-10-02,CNY,10,64.6093,6.46093
2014-10-03,CNY,10,64.4252,6.44252
2014-10-04,CNY,10,64.6653,6.46653
2014-10-07,CNY,10,65.1279,6.51279
2014-10-08,CNY,10,64.7364,6.47364
2014-10-09,CNY,10,65.1373,6.51373
2014-10-10,CNY,10,65.1968,6.51968
2014-10-11,CNY,10,65.5845,6.55845
2014-10-14,CNY,10,65.8133,6.58133
2014-10-15,CNY,10,66.1818,6.61818
2014-10-16,CNY,10,66.8391,6.68391
2014-10-17,CNY,10,66.5377,6.65377
2014-10-18,CNY,10,66.998,6.6998
2014-10-21,CNY,10,66.7704,6.67704
2014-10-22,CNY,10,67.0633,6.70633
2014-10-23,CNY,10,66.9627,6.69627
2014-10-24,CNY,10,67.8102,6.78102
2014-10-25,CNY,10,68.3339,6.83339
2014-10-28,CNY,10,68.58,6.858
2014-10-29,CNY,10,69.3428,6.93428
2014-10-30,CNY,10,69.7986,6.97986
2014-10-31,CNY,10,70.9567,7.09567
2014-11-01,CNY,10,68.645,6.8645
2014-11-06,CNY,10,72.6108,7.26108
2014-11-07,CNY,10,73.9278,7.39278
2014-11-08,CNY,10,78.194,7.8194
2014-11-11,CNY,10,74.9842,7.49842
2014-11-12,CNY,10,75.0249,7.50249
2014-11-13,CNY,10,75.6352,7.56352
2014-11-14,CNY,10,75.3021,7.53021
2014-11-15,CNY,10,77.3154,7.73154
2014-11-18,CNY,10,77.287,7.7287
2014-11-19,CNY,10,76.7467,7.67467
2014-11-20,CNY,10,76.8429,7.68429
2014-11-21,CNY,10,76.2625,7.62625
2014-11-22,CNY,10,74.761,7.4761
2014-11-25,CNY,10,72.908,7.2908
2014-11-26,CNY,10,73.2911,7.32911
2014-11-27,CNY,10,75.6258,7.56258
2014-11-28,CNY,10,77.6383,7.76383
2014-11-29,CNY,10,80.2832,8.02832
2014-12-02,CNY,10,84.2223,8.42223
2014-12-03,CNY,10,82.5466,8.25466
2014-12-04,CNY,10,88.4219,8.84219
2014-12-05,CNY,10,85.609,8.5609
2014-12-06,CNY,10,86.3516,8.63516
2014-12-09,CNY,10,86.3621,8.63621
2014-12-10,CNY,10,87.6445,8.76445
2014-12-11,CNY,10,87.8761,8.78761
2014-12-12,CNY,10,88.5332,8.85332
2014-12-13,CNY,10,91.9554,9.19554
2014-12-16,CNY,10,94.2449,9.42449
2014-12-17,CNY,10,98.7919,9.87919
2014-12-18,CNY,1,10.9384,10.9384
2014-12-19,CNY,10,95.894,9.5894
2014-12-20,CNY,10,97.5493,9.75493
2014-12-23,CNY,10,90.7855,9.07855
2014-12-24,CNY,10,87.6423,8.76423
2014-12-25,CNY,10,87.6616,8.76616
2014-12-26,CNY,10,84.8767,8.48767
2014-12-27,CNY,10,83.7669,8.37669
2014-12-30,CNY,10,91.0787,9.10787
2014-12-31,CNY,10,90.7072,9.07072
2015-01-01,CNY,10,90.6167,9.06167
2015-01-13,CNY,1,10.1132,10.1132
2015-01-14,CNY,1,10.462,10.462
2015-01-15,CNY,1,10.6679,10.6679
2015-01-16,CNY,1,10.477,10.477
2015-01-17,CNY,1,10.4995,10.4995
2015-01-20,CNY,1,10.4447,10.4447
2015-01-21,CNY,1,10.4584,10.4584
2015-01-22,CNY,1,10.5538,10.5538
2015-01-23,CNY,1,10.5334,10.5334
2015-01-24,CNY,1,10.1782,10.1782
2015-01-27,CNY,1,10.4876,10.4876
2015-01-28,CNY,1,10.8617,10.8617
2015-01-29,CNY,1,10.7481,10.7481
2015-01-30,CNY,1,11.0025,11.0025
2015-01-31,CNY,1,11.0264,11.0264
2015-02-03,CNY,1,11.1288,11.1288
2015-02-04,CNY,1,10.8298,10.8298
2015-02-05,CNY,1,10.4754,10.4754
2015-02-06,CNY,1,10.9752,10.9752
2015-02-07,CNY,1,10.576,10.576
2015-02-10,CNY,1,10.5298,10.5298
2015-02-11,CNY,1,10.4856,10.4856
2015-02-12,CNY,1,10.5821,10.5821
2015-02-13,CNY,1,10.5835,10.5835
2015-02-14,CNY,1,10.43,10.43
2015-02-17,CNY,1,10.0272,10.0272
2015-02-18,CNY,1,10.0459,10.0459
2015-02-19,CNY,10,99.7588,9.97588
2015-02-20,CNY,10,99.3281,9.93281
2015-02-21,CNY,10,98.6771,9.86771
2015-02-25,CNY,1,10.153,10.153
2015-02-26,CNY,10,99.9866,9.99866
2015-02-27,CNY,10,96.9916,9.69916
2015-02-28,CNY,10,97.7284,9.77284
2015-03-03,CNY,10,99.1962,9.91962
2015-03-04,CNY,10,99.3942,9.93942
2015-03-05,CNY,10,98.6708,9.86708
2015-03-06,CNY,10,98.6973,9.86973
2015-03-07,CNY,10,95.7908,9.57908
2015-03-11,CNY,10,96.8794,9.68794
2015-03-12,CNY,1,10.0094,10.0094
2015-03-13,CNY,10,97.3405,9.73405
2015-03-14,CNY,10,97.9672,9.79672
2015-03-17,CNY,10,99.2458,9.92458
2015-03-18,CNY,10,98.8063,9.88063
2015-03-19,CNY,10,98.4819,9.84819
2015-03-20,CNY,10,96.5651,9.65651
2015-03-21,CNY,10,96.7558,9.67558
2015-03-24,CNY,10,95.6556,9.56556
2015-03-25,CNY,10,94.7064,9.47064
2015-03-26,CNY,10,92.3675,9.23675
2015-03-27,CNY,10,90.8444,9.08444
2015-03-28,CNY,10,92.8728,9.28728
2015-03-31,CNY,10,94.1788,9.41788
2015-04-01,CNY,10,92.9884,9.29884
2015-04-02,CNY,10,94.1445,9.41445
2015-04-03,CNY,10,91.9642,9.19642
2015-04-04,CNY,10,91.6205,9.16205
2015-04-07,CNY,10,91.2507,9.12507
2015-04-08,CNY,10,89.2738,8.92738
2015-04-09,CNY,10,87.0982,8.70982
2015-04-10,CNY,10,84.6652,8.46652
2015-04-11,CNY,10,82.252,8.2252
2015-04-14,CNY,10,84.3299,8.43299
2015-04-15,CNY,10,83.6726,8.36726
2015-04-16,CNY,10,81.3887,8.13887
2015-04-17,CNY,10,80.1635,8.01635
2015-04-18,CNY,10,81.5308,8.15308
2015-04-21,CNY,10,83.0818,8.30818
2015-04-22,CNY,10,87.0304,8.70304
2015-04-23,CNY,10,86.611,8.6611
2015-04-24,CNY,10,83.2531,8.32531
2015-04-25,CNY,10,81.1121,8.11121
2015-04-28,CNY,10,82.7476,8.27476
2015-04-29,CNY,10,84.288,8.4288
2015-04-30,CNY,10,83.4012,8.34012
2015-05-01,CNY,10,82.4394,8.24394
2015-05-06,CNY,10,83.3963,8.33963
2015-05-07,CNY,10,80.609,8.0609
2015-05-08,CNY,10,81.1366,8.11366
2015-05-09,CNY,10,81.7353,8.17353
2015-05-13,CNY,10,81.999,8.1999
2015-05-14,CNY,10,79.8398,7.98398
2015-05-15,CNY,10,80.7505,8.07505
2015-05-16,CNY,10,80.5805,8.05805
2015-05-19,CNY,10,79.328,7.9328
2015-05-20,CNY,10,79.2307,7.92307
2015-05-21,CNY,10,80.2603,8.02603
2015-05-22,CNY,10,80.5584,8.05584
2015-05-23,CNY,10,80.3442,8.03442
2015-05-26,CNY,10,80.3968,8.03968
2015-05-27,CNY,10,81.1166,8.11166
2015-05-28,CNY,10,82.2695,8.22695
2015-05-29,CNY,10,84.3181,8.43181
2015-05-30,CNY,10,85.4629,8.54629
2015-06-02,CNY,10,85.2011,8.52011
2015-06-03,CNY,10,86.2207,8.62207
2015-06-04,CNY,10,85.608,8.5608
2015-06-05,CNY,10,88.6877,8.86877
2015-06-06,CNY,10,90.6803,9.06803
2015-06-09,CNY,10,90.3097,9.03097
2015-06-10,CNY,10,90.096,9.0096
2015-06-11,CNY,10,88.3412,8.83412
2015-06-12,CNY,10,87.8543,8.78543
2015-06-16,CNY,10,89.0111,8.90111
2015-06-17,CNY,10,87.042,8.7042
2015-06-18,CNY,10,86.8023,8.68023
2015-06-19,CNY,10,85.9027,8.59027
2015-06-20,CNY,10,86.6438,8.66438
2015-06-23,CNY,10,86.2499,8.62499
2015-06-24,CNY,10,87.3366,8.73366
2015-06-25,CNY,10,87.1159,8.71159
2015-06-26,CNY,10,87.9382,8.79382
2015-06-27,CNY,10,88.2793,8.82793
2015-06-30,CNY,10,89.4279,8.94279
2015-07-01,CNY,10,90.055,9.0055
2015-07-02,CNY,10,89.4566,8.94566
2015-07-03,CNY,10,89.7018,8.97018
2015-07-04,CNY,10,89.6058,8.96058
2015-07-07,CNY,10,90.851,9.0851
2015-07-08,CNY,10,92.1419,9.21419
2015-07-09,CNY,10,92.1494,9.21494
2015-07-10,CNY,10,91.7735,9.17735
2015-07-11,CNY,10,91.2654,9.12654
2015-07-14,CNY,10,91.1795,9.11795
2015-07-15,CNY,10,91.7673,9.17673
2015-07-16,CNY,10,91.2585,9.12585
2015-07-17,CNY,10,91.715,9.1715
2015-07-18,CNY,10,91.5423,9.15423
2015-07-21,CNY,10,91.5239,9.15239
2015-07-22,CNY,10,91.7989,9.17989
2015-07-23,CNY,10,91.8322,9.18322
2015-07-24,CNY,10,92.3681,9.23681
2015-07-25,CNY,10,93.464,9.3464
2015-07-28,CNY,10,94.6625,9.46625
2015-07-29,CNY,10,96.987,9.6987
2015-07-30,CNY,10,96.2579,9.62579
2015-07-31,CNY,10,94.9975,9.49975
2015-08-01,CNY,10,97.1815,9.71815
2015-08-04,CNY,1,10.0597,10.0597
2015-08-05,CNY,1,10.1322,10.1322
2015-08-06,CNY,1,10.0999,10.0999
2015-08-07,CNY,1,10.2846,10.2846
2015-08-08,CNY,1,10.2807,10.2807
2015-08-11,CNY,1,10.3866,10.3866
2015-08-12,CNY,10,99.9238,9.99238
2015-08-13,CNY,1,10.1861,10.1861
2015-08-14,CNY,1,10.0025,10.0025
2015-08-15,CNY,1,10.1595,10.1595
2015-08-18,CNY,1,10.2429,10.2429
2015-08-19,CNY,1,10.2962,10.2962
2015-08-20,CNY,1,10.2762,10.2762
2015-08-21,CNY,1,10.4805,10.4805
2015-08-22,CNY,1,10.6625,10.6625
2015-08-25,CNY,1,11.0459,11.0459
2015-08-26,CNY,1,10.9061,10.9061
2015-08-27,CNY,1,10.8134,10.8134
2015-08-28,CNY,1,10.5298,10.5298
2015-08-29,CNY,1,10.4042,10.4042
2015-09-01,CNY,1,10.4586,10.4586
2015-09-02,CNY,1,10.2681,10.2681
2015-09-03,CNY,1,10.4872,10.4872
2015-09-04,CNY,1,10.543,10.543
2015-09-05,CNY,1,10.6492,10.6492
2015-09-08,CNY,1,10.7583,10.7583
2015-09-09,CNY,1,10.8038,10.8038
2015-09-10,CNY,1,10.6019,10.6019
2015-09-11,CNY,1,10.7369,10.7369
2015-09-12,CNY,1,10.6685,10.6685
2015-09-15,CNY,1,10.6717,10.6717
2015-09-16,CNY,1,10.5429,10.5429
2015-09-17,CNY,1,10.3484,10.3484
2015-09-18,CNY,1,10.2677,10.2677
2015-09-19,CNY,1,10.3147,10.3147
2015-09-22,CNY,1,10.3852,10.3852
2015-09-23,CNY,1,10.3784,10.3784
2015-09-24,CNY,1,10.3449,10.3449
2015-09-25,CNY,1,10.4208,10.4208
2015-09-26,CNY,1,10.3024,10.3024
2015-09-29,CNY,1,10.2911,10.2911
2015-09-30,CNY,1,10.4082,10.4082
2015-10-01,CNY,1,10.3424,10.3424
2015-10-02,CNY,1,10.2317,10.2317
2015-10-03,CNY,1,10.3745,10.3745
2015-10-06,CNY,1,10.3247,10.3247
2015-10-07,CNY,1,10.2415,10.2415
2015-10-08,CNY,10,98.655,9.8655
2015-10-09,CNY,10,98.0625,9.80625
2015-10-10,CNY,10,96.6033,9.66033
2015-10-13,CNY,10,96.7007,9.67007
2015-10-14,CNY,10,98.1369,9.81369
2015-10-15,CNY,10,99.4358,9.94358
2015-10-16,CNY,10,98.0781,9.80781
2015-10-17,CNY,10,96.5792,9.65792
2015-10-20,CNY,10,96.6007,9.66007
2015-10-21,CNY,10,97.9207,9.79207
2015-10-22,CNY,10,98.6391,9.86391
2015-10-23,CNY,10,98.754,9.8754
2015-10-24,CNY,10,97.5146,9.75146
2015-10-27,CNY,10,98.394,9.8394
2015-10-28,CNY,10,99.9628,9.99628
2015-10-29,CNY,1,10.2722,10.2722
2015-10-30,CNY,1,10.0951,10.0951
2015-10-31,CNY,1,10.189,10.189
2015-11-03,CNY,1,10.0671,10.0671
2015-11-04,CNY,1,10.0773,10.0773
2015-11-06,CNY,10,99.8804,9.98804
2015-11-07,CNY,1,10.0236,10.0236
2015-11-10,CNY,1,10.162,10.162
2015-11-11,CNY,1,10.1199,10.1199
2015-11-12,CNY,1,10.142,10.142
2015-11-13,CNY,1,10.277,10.277
2015-11-14,CNY,1,10.4546,10.4546
2015-11-17,CNY,1,10.4339,10.4339
2015-11-18,CNY,1,10.2662,10.2662
2015-11-19,CNY,1,10.1461,10.1461
2015-11-20,CNY,1,10.1705,10.1705
2015-11-21,CNY,1,10.16,10.16
2015-11-24,CNY,1,10.2667,10.2667
2015-11-25,CNY,1,10.2706,10.2706
2015-11-26,CNY,1,10.2481,10.2481
2015-11-27,CNY,1,10.2799,10.2799
2015-11-28,CNY,1,10.359,10.359
2015-12-01,CNY,1,10.4306,10.4306
2015-12-02,CNY,1,10.355,10.355
2015-12-03,CNY,1,10.4301,10.4301
2015-12-04,CNY,1,10.5922,10.5922
2015-12-05,CNY,1,10.5693,10.5693
2015-12-08,CNY,1,10.6915,10.6915
2015-12-09,CNY,1,10.7983,10.7983
2015-12-10,CNY,1,10.7652,10.7652
2015-12-11,CNY,1,10.7504,10.7504
2015-12-12,CNY,1,10.7161,10.7161
2015-12-15,CNY,1,10.8717,10.8717
2015-12-16,CNY,1,10.9609,10.9609
2015-12-17,CNY,1,10.8771,10.8771
2015-12-18,CNY,1,10.8857,10.8857
2015-12-19,CNY,1,11.0044,11.0044
2015-12-22,CNY,1,10.9957,10.9957
2015-12-23,CNY,1,10.9779,10.9779
2015-12-24,CNY,1,10.9506,10.9506
2015-12-25,CNY,1,10.7333,10.7333
2015-12-26,CNY,1,10.8503,10.8503
2015-12-29,CNY,1,10.9112,10.9112
2015-12-30,CNY,1,11.1801,11.1801
2015-12-31,CNY,1,11.2298,11.2298
2016-01-01,CNY,1,11.2304,11.2304
2016-01-12,CNY,1,11.5399,11.5399
2016-01-13,CNY,1,11.6506,11.6506
2016-01-14,CNY,1,11.6218,11.6218
2016-01-15,CNY,1,11.615,11.615
2016-01-16,CNY,1,11.6237,11.6237
2016-01-19,CNY,1,11.9569,11.9569
2016-01-20,CNY,1,11.9305,11.9305
2016-01-21,CNY,1,12.0769,12.0769
2016-01-22,CNY,1,12.705,12.705
2016-01-23,CNY,1,12.2456,12.2456
2016-01-26,CNY,1,11.8241,11.8241
2016-01-27,CNY,1,12.438,12.438
2016-01-28,CNY,1,12.0107,12.0107
2016-01-29,CNY,1,11.766,11.766
2016-01-30,CNY,1,11.4277,11.4277
2016-02-02,CNY,1,11.6015,11.6015
2016-02-03,CNY,1,11.8438,11.8438
2016-02-04,CNY,1,12.0464,12.0464
2016-02-05,CNY,1,11.6234,11.6234
2016-02-06,CNY,1,11.7727,11.7727
2016-02-09,CNY,1,11.6919,11.6919
2016-02-10,CNY,1,11.9686,11.9686
2016-02-11,CNY,1,12.0277,12.0277
2016-02-12,CNY,1,12.0346,12.0346
2016-02-13,CNY,1,12.0925,12.0925
2016-02-16,CNY,1,11.9769,11.9769
2016-02-17,CNY,1,11.7037,11.7037
2016-02-18,CNY,1,11.9298,11.9298
2016-02-19,CNY,1,11.5766,11.5766
2016-02-20,CNY,1,11.7124,11.7124
2016-02-21,CNY,1,11.8258,11.8258
2016-02-25,CNY,1,11.6936,11.6936
2016-02-26,CNY,1,11.6916,11.6916
2016-02-27,CNY,1,11.487,11.487
2016-03-01,CNY,1,11.5928,11.5928
2016-03-02,CNY,1,11.3111,11.3111
2016-03-03,CNY,1,11.238,11.238
2016-03-04,CNY,1,11.2821,11.2821
2016-03-05,CNY,1,11.2232,11.2232
2016-03-10,CNY,1,11.1095,11.1095
2016-03-11,CNY,1,10.9103,10.9103
2016-03-12,CNY,1,10.8182,10.8182
2016-03-15,CNY,1,10.8011,10.8011
2016-03-16,CNY,1,10.8348,10.8348
2016-03-17,CNY,1,10.8918,10.8918
2016-03-18,CNY,1,10.5589,10.5589
2016-03-19,CNY,1,10.5656,10.5656
2016-03-22,CNY,1,10.6099,10.6099
2016-03-23,CNY,1,10.4363,10.4363
2016-03-24,CNY,1,10.4108,10.4108
2016-03-25,CNY,1,10.5806,10.5806
2016-03-26,CNY,1,10.5043,10.5043
2016-03-29,CNY,1,10.4024,10.4024
2016-03-30,CNY,1,10.5587,10.5587
2016-03-31,CNY,1,10.4368,10.4368
2016-04-01,CNY,1,10.4916,10.4916
2016-04-02,CNY,1,10.3856,10.3856
2016-04-05,CNY,1,10.6003,10.6003
2016-04-06,CNY,1,10.642,10.642
2016-04-07,CNY,1,10.5719,10.5719
2016-04-08,CNY,1,10.473,10.473
2016-04-09,CNY,1,10.4195,10.4195
2016-04-12,CNY,1,10.3745,10.3745
2016-04-13,CNY,1,10.2691,10.2691
2016-04-14,CNY,1,10.1689,10.1689
2016-04-15,CNY,1,10.2491,10.2491
2016-04-16,CNY,1,10.1893,10.1893
2016-04-19,CNY,1,10.5357,10.5357
2016-04-20,CNY,1,10.1422,10.1422
2016-04-21,CNY,1,10.2084,10.2084
2016-04-22,CNY,1,10.0356,10.0356
2016-04-23,CNY,1,10.1985,10.1985
2016-04-26,CNY,1,10.2531,10.2531
2016-04-27,CNY,1,10.2348,10.2348
2016-04-28,CNY,1,10.0362,10.0362
2016-04-29,CNY,1,10.0468,10.0468
2016-04-30,CNY,10,99.2263,9.92263
2016-05-05,CNY,1,10.1812,10.1812
2016-05-06,CNY,1,10.1285,10.1285
2016-05-07,CNY,1,10.1794,10.1794
2016-05-11,CNY,1,10.1806,10.1806
2016-05-12,CNY,1,10.1721,10.1721
2016-05-13,CNY,10,99.7355,9.97355
2016-05-14,CNY,10,99.5792,9.95792
2016-05-17,CNY,10,99.5055,9.95055
2016-05-18,CNY,10,98.9142,9.89142
2016-05-19,CNY,10,99.5564,9.95564
2016-05-20,CNY,1,10.1177,10.1177
2016-05-21,CNY,1,10.1425,10.1425
2016-05-24,CNY,1,10.2333,10.2333
2016-05-25,CNY,1,10.227,10.227
2016-05-26,CNY,1,10.0405,10.0405
2016-05-27,CNY,10,99.3785,9.93785
2016-05-28,CNY,1,10.0677,10.0677
2016-05-31,CNY,1,10.0394,10.0394
2016-06-01,CNY,1,10.0228,10.0228
2016-06-02,CNY,1,10.1187,10.1187
2016-06-03,CNY,1,10.145,10.145
2016-06-04,CNY,1,10.1517,10.1517
2016-06-07,CNY,1,10.0212,10.0212
2016-06-08,CNY,10,99.2223,9.92223
2016-06-09,CNY,10,98.438,9.8438
2016-06-10,CNY,10,97.1353,9.71353
2016-06-11,CNY,10,98.6097,9.86097
2016-06-15,CNY,1,10.0189,10.0189
2016-06-16,CNY,1,10.0059,10.0059
2016-06-17,CNY,1,10.003,10.003
2016-06-18,CNY,10,99.2941,9.92941
2016-06-21,CNY,10,97.5056,9.75056
2016-06-22,CNY,10,97.5545,9.75545
2016-06-23,CNY,10,96.814,9.6814
2016-06-24,CNY,10,97.7764,9.77764
2016-06-25,CNY,10,99.0802,9.90802
2016-06-28,CNY,10,98.0023,9.80023
2016-06-29,CNY,10,97.4843,9.74843
2016-06-30,CNY,10,96.6947,9.66947
2016-07-01,CNY,10,96.5975,9.65975
2016-07-02,CNY,10,96.144,9.6144
2016-07-05,CNY,10,95.5691,9.55691
2016-07-06,CNY,10,96.3633,9.63633
2016-07-07,CNY,10,96.606,9.6606
2016-07-08,CNY,10,95.833,9.5833
2016-07-09,CNY,10,96.0615,9.60615
2016-07-12,CNY,10,95.9993,9.59993
2016-07-13,CNY,10,95.5972,9.55972
2016-07-14,CNY,10,95.4128,9.54128
2016-07-15,CNY,10,95.0717,9.50717
2016-07-16,CNY,10,94.5598,9.45598
2016-07-19,CNY,10,94.2176,9.42176
2016-07-20,CNY,10,94.1597,9.41597
2016-07-21,CNY,10,94.9717,9.49717
2016-07-22,CNY,10,95.4537,9.54537
2016-07-23,CNY,10,96.8906,9.68906
2016-07-26,CNY,10,97.192,9.7192
2016-07-27,CNY,10,98.4674,9.84674
2016-07-28,CNY,10,98.8795,9.88795
2016-07-29,CNY,10,99.3113,9.93113
2016-07-30,CNY,1,10.0753,10.0753
2016-08-02,CNY,10,99.3422,9.93422
2016-08-03,CNY,1,10.0737,10.0737
2016-08-04,CNY,1,10.0656,10.0656
2016-08-05,CNY,1,10.0009,10.0009
2016-08-06,CNY,10,98.6558,9.86558
2016-08-09,CNY,10,97.6838,9.76838
2016-08-10,CNY,10,97.2467,9.72467
2016-08-11,CNY,10,97.5669,9.75669
2016-08-12,CNY,10,97.8011,9.78011
2016-08-13,CNY,10,96.8163,9.68163
2016-08-16,CNY,10,96.6851,9.66851
2016-08-17,CNY,10,96.5013,9.65013
2016-08-18,CNY,10,96.5107,9.65107
2016-08-19,CNY,10,95.8083,9.58083
2016-08-20,CNY,10,96.1447,9.61447
2016-08-23,CNY,10,96.4487,9.64487
2016-08-24,CNY,10,97.509,9.7509
2016-08-25,CNY,10,97.4441,9.74441
2016-08-26,CNY,10,97.6072,9.76072
2016-08-27,CNY,10,97.089,9.7089
2016-08-30,CNY,10,97.4369,9.74369
2016-08-31,CNY,10,97.1694,9.71694
2016-09-01,CNY,10,97.7127,9.77127
2016-09-02,CNY,10,97.691,9.7691
2016-09-03,CNY,10,98.6069,9.86069
2016-09-06,CNY,10,97.0239,9.70239
2016-09-07,CNY,10,97.0474,9.70474
2016-09-08,CNY,10,96.6034,9.66034
2016-09-09,CNY,10,96.0022,9.60022
2016-09-10,CNY,10,96.0533,9.60533
2016-09-13,CNY,10,97.389,9.7389
2016-09-14,CNY,10,97.0198,9.70198
2016-09-15,CNY,10,97.3972,9.73972
2016-09-16,CNY,10,97.7268,9.77268
2016-09-17,CNY,10,97.3926,9.73926
2016-09-20,CNY,10,97.3156,9.73156
2016-09-21,CNY,10,97.0595,9.70595
2016-09-22,CNY,10,96.5965,9.65965
2016-09-23,CNY,10,95.6521,9.56521
2016-09-24,CNY,10,95.7499,9.57499
2016-09-27,CNY,10,96.1793,9.61793
2016-09-28,CNY,10,95.5133,9.55133
2016-09-29,CNY,10,95.8583,9.58583
2016-09-30,CNY,10,94.6983,9.46983
2016-10-01,CNY,10,95.0422,9.50422
2016-10-04,CNY,10,93.7522,9.37522
2016-10-05,CNY,10,93.5792,9.35792
2016-10-06,CNY,10,93.6182,9.36182
2016-10-07,CNY,10,93.5158,9.35158
2016-10-08,CNY,10,93.3855,9.33855
2016-10-11,CNY,10,93.0809,9.30809
2016-10-12,CNY,10,92.6218,9.26218
2016-10-13,CNY,10,93.2247,9.32247
2016-10-14,CNY,10,94.1339,9.41339
2016-10-15,CNY,10,93.6691,9.36691
2016-10-18,CNY,10,93.7014,9.37014
2016-10-19,CNY,10,93.3197,9.33197
2016-10-20,CNY,10,92.8671,9.28671
2016-10-21,CNY,10,92.6186,9.26186
2016-10-22,CNY,10,92.3856,9.23856
2016-10-25,CNY,10,91.9017,9.19017
2016-10-26,CNY,10,91.5486,9.15486
2016-10-27,CNY,10,91.9791,9.19791
2016-10-28,CNY,10,93.0094,9.30094
2016-10-29,CNY,10,92.7824,9.27824
2016-11-01,CNY,10,93.3705,9.33705
2016-11-02,CNY,10,93.292,9.3292
2016-11-03,CNY,10,93.7977,9.37977
2016-11-04,CNY,10,93.9288,9.39288
2016-11-08,CNY,10,94.3199,9.43199
2016-11-09,CNY,10,94.0079,9.40079
2016-11-10,CNY,10,94.3401,9.43401
2016-11-11,CNY,10,93.3647,9.33647
2016-11-12,CNY,10,95.6874,9.56874
2016-11-15,CNY,10,96.2768,9.62768
2016-11-16,CNY,10,95.6711,9.56711
2016-11-17,CNY,10,93.9539,9.39539
2016-11-18,CNY,10,94.4884,9.44884
2016-11-19,CNY,10,94.4716,9.44716
2016-11-22,CNY,10,93.3347,9.33347
2016-11-23,CNY,10,92.3728,9.23728
2016-11-24,CNY,10,92.8658,9.28658
2016-11-25,CNY,10,93.4145,9.34145
2016-11-26,CNY,10,93.4453,9.34453
2016-11-29,CNY,10,94.0502,9.40502
2016-11-30,CNY,10,94.2419,9.42419
2016-12-01,CNY,10,94.7321,9.47321
2016-12-02,CNY,10,92.3618,9.23618
2016-12-03,CNY,10,93.2155,9.32155
2016-12-06,CNY,10,92.8362,9.28362
2016-12-07,CNY,10,92.8902,9.28902
2016-12-08,CNY,10,92.8297,9.28297
2016-12-09,CNY,10,92.1421,9.21421
2016-12-10,CNY,10,91.7379,9.17379
2016-12-13,CNY,10,89.0521,8.90521
2016-12-14,CNY,10,88.4853,8.84853
2016-12-15,CNY,10,88.061,8.8061
2016-12-16,CNY,10,88.8702,8.88702
2016-12-17,CNY,10,88.7961,8.87961
2016-12-20,CNY,10,88.9737,8.89737
2016-12-21,CNY,10,88.9072,8.89072
2016-12-22,CNY,10,87.9092,8.79092
2016-12-23,CNY,10,87.6158,8.76158
2016-12-24,CNY,10,87.563,8.7563
2016-12-27,CNY,10,87.643,8.7643
2016-12-28,CNY,10,87.5703,8.75703
2016-12-29,CNY,10,87.2315,8.72315
2016-12-30,CNY,10,86.6689,8.66689
2016-12-31,CNY,10,87.2824,8.72824
2017-01-10,CNY,10,86.3716,8.63716
2017-01-11,CNY,10,86.5939,8.65939
2017-01-12,CNY,10,86.8556,8.68556
2017-01-13,CNY,10,86.215,8.6215
2017-01-14,CNY,10,86.0647,8.60647
2017-01-17,CNY,10,86.4153,8.64153
2017-01-18,CNY,10,86.4386,8.64386
2017-01-19,CNY,10,86.6249,8.66249
2017-01-20,CNY,10,86.3178,8.63178
2017-01-21,CNY,10,86.762,8.6762
2017-01-24,CNY,10,86.7827,8.67827
2017-01-25,CNY,10,86.3483,8.63483
2017-01-26,CNY,10,85.976,8.5976
2017-01-27,CNY,10,86.6897,8.66897
2017-01-28,CNY,10,87.6522,8.76522
2017-01-31,CNY,10,87.4229,8.74229
2017-02-01,CNY,10,87.3114,8.73114
2017-02-02,CNY,10,87.6381,8.76381
2017-02-03,CNY,10,87.1671,8.71671
2017-02-04,CNY,10,86.3021,8.63021
2017-02-07,CNY,10,85.5363,8.55363
2017-02-08,CNY,10,86.0393,8.60393
2017-02-09,CNY,10,86.5089,8.65089
2017-02-10,CNY,10,85.9499,8.59499
2017-02-11,CNY,10,85.503,8.5503
2017-02-14,CNY,10,84.4107,8.44107
2017-02-15,CNY,10,84.0877,8.40877
2017-02-16,CNY,10,82.6639,8.26639
2017-02-17,CNY,10,83.3222,8.33222
2017-02-18,CNY,10,83.8889,8.38889
2017-02-21,CNY,10,84.4601,8.44601
2017-02-22,CNY,10,84.062,8.4062
2017-02-23,CNY,10,83.5629,8.35629
2017-02-28,CNY,10,84.3175,8.43175
2017-03-01,CNY,10,84.3879,8.43879
2017-03-02,CNY,10,84.8573,8.48573
2017-03-03,CNY,10,84.8676,8.48676
2017-03-04,CNY,10,85.4027,8.54027
2017-03-07,CNY,10,84.6384,8.46384
2017-03-08,CNY,10,84.4575,8.44575
2017-03-10,CNY,10,85.1475,8.51475
2017-03-11,CNY,10,85.625,8.5625
2017-03-14,CNY,10,85.5842,8.55842
2017-03-15,CNY,10,85.2774,8.52774
2017-03-16,CNY,10,85.5294,8.55294
2017-03-17,CNY,10,84.4442,8.44442
2017-03-18,CNY,10,83.8632,8.38632
2017-03-21,CNY,10,82.972,8.2972
2017-03-22,CNY,10,82.979,8.2979
2017-03-23,CNY,10,83.693,8.3693
2017-03-24,CNY,10,83.525,8.3525
2017-03-25,CNY,10,83.3704,8.33704
2017-03-28,CNY,10,82.9249,8.29249
2017-03-29,CNY,10,82.6891,8.26891
2017-03-30,CNY,10,82.76,8.276
2017-03-31,CNY,10,81.8233,8.18233
2017-04-01,CNY,10,81.2035,8.12035
2017-04-04,CNY,10,81.5141,8.15141
2017-04-05,CNY,10,82.1177,8.21177
2017-04-06,CNY,10,81.0504,8.10504
2017-04-07,CNY,10,81.7879,8.17879
2017-04-08,CNY,10,82.5025,8.25025
2017-04-11,CNY,10,83.1071,8.31071
2017-04-12,CNY,10,82.5091,8.25091
2017-04-13,CNY,10,82.3452,8.23452
2017-04-14,CNY,10,82.2367,8.22367
2017-04-15,CNY,10,81.7474,8.17474
2017-04-18,CNY,10,81.6704,8.16704
2017-04-19,CNY,10,81.305,8.1305
2017-04-20,CNY,10,81.5648,8.15648
2017-04-21,CNY,10,81.9567,8.19567
2017-04-22,CNY,10,81.6879,8.16879
2017-04-25,CNY,10,81.4386,8.14386
2017-04-26,CNY,10,81.1009,8.11009
2017-04-27,CNY,10,81.7233,8.17233
2017-04-28,CNY,10,82.6597,8.26597
2017-04-29,CNY,10,82.614,8.2614
2017-05-03,CNY,10,82.5759,8.25759
2017-05-04,CNY,10,82.8415,8.28415
2017-05-05,CNY,10,83.4755,8.34755
2017-05-06,CNY,10,84.8392,8.48392
2017-05-11,CNY,10,84.1347,8.41347
2017-05-12,CNY,10,82.729,8.2729
2017-05-13,CNY,10,82.8092,8.28092
2017-05-16,CNY,10,81.9488,8.19488
2017-05-17,CNY,10,81.6538,8.16538
2017-05-18,CNY,10,82.3332,8.23332
2017-05-19,CNY,10,83.4059,8.34059
2017-05-20,CNY,10,82.931,8.2931
2017-05-23,CNY,10,81.9738,8.19738
2017-05-24,CNY,10,82.0854,8.20854
2017-05-25,CNY,10,81.667,8.1667
2017-05-26,CNY,10,81.6468,8.16468
2017-05-27,CNY,10,82.7202,8.27202
2017-05-30,CNY,10,82.7216,8.27216
2017-05-31,CNY,10,82.4389,8.24389
2017-06-01,CNY,10,83.1038,8.31038
2017-06-02,CNY,10,83.0747,8.30747
2017-06-03,CNY,10,83.1672,8.31672
2017-06-06,CNY,10,83.2442,8.32442
2017-06-07,CNY,10,83.3893,8.33893
2017-06-08,CNY,10,83.2908,8.32908
2017-06-09,CNY,10,83.8802,8.38802
2017-06-10,CNY,10,83.8388,8.38388
2017-06-14,CNY,10,83.7115,8.37115
2017-06-15,CNY,10,83.9026,8.39026
2017-06-16,CNY,10,84.5071,8.45071
2017-06-17,CNY,10,84.7435,8.47435
2017-06-20,CNY,10,85.018,8.5018
2017-06-21,CNY,10,85.8081,8.58081
2017-06-22,CNY,10,87.858,8.7858
2017-06-23,CNY,10,88.0518,8.80518
2017-06-24,CNY,10,87.2323,8.72323
2017-06-27,CNY,10,86.2871,8.62871
2017-06-28,CNY,10,86.4649,8.64649
2017-06-29,CNY,10,87.5739,8.75739
2017-06-30,CNY,10,87.1712,8.71712
2017-07-01,CNY,10,87.5954,8.75954
2017-07-04,CNY,10,86.8476,8.68476
2017-07-05,CNY,10,87.1073,8.71073
2017-07-06,CNY,10,87.6273,8.76273
2017-07-07,CNY,10,88.5439,8.85439
2017-07-08,CNY,10,88.7942,8.87942
2017-07-11,CNY,10,88.6551,8.86551
2017-07-12,CNY,10,89.3191,8.93191
2017-07-13,CNY,10,89.3178,8.93178
2017-07-14,CNY,10,88.7494,8.87494
2017-07-15,CNY,10,88.27,8.827
2017-07-18,CNY,10,87.2488,8.72488
2017-07-19,CNY,10,87.8483,8.78483
2017-07-20,CNY,10,87.6929,8.76929
2017-07-21,CNY,10,87.2991,8.72991
2017-07-22,CNY,10,87.0816,8.70816
2017-07-25,CNY,10,88.3745,8.83745
2017-07-26,CNY,10,88.6056,8.86056
2017-07-27,CNY,10,88.6928,8.86928
2017-07-28,CNY,10,88.1732,8.81732
2017-07-29,CNY,10,88.2951,8.82951
2017-08-01,CNY,10,89.259,8.9259
2017-08-02,CNY,10,89.0663,8.90663
2017-08-03,CNY,10,90.1007,9.01007
2017-08-04,CNY,10,90.3552,9.03552
2017-08-05,CNY,10,89.8007,8.98007
2017-08-08,CNY,10,89.3984,8.93984
2017-08-09,CNY,10,89.4858,8.94858
2017-08-10,CNY,10,89.7783,8.97783
2017-08-11,CNY,10,89.9725,8.99725
2017-08-12,CNY,10,90.2751,9.02751
2017-08-15,CNY,10,89.6685,8.96685
2017-08-16,CNY,10,89.7427,8.97427
2017-08-17,CNY,10,89.0955,8.90955
2017-08-18,CNY,10,88.7878,8.87878
2017-08-19,CNY,10,88.876,8.8876
2017-08-22,CNY,10,88.6657,8.86657
2017-08-23,CNY,10,88.6494,8.86494
2017-08-24,CNY,10,88.7323,8.87323
2017-08-25,CNY,10,88.793,8.8793
2017-08-26,CNY,10,88.7489,8.87489
2017-08-29,CNY,10,88.2741,8.82741
2017-08-30,CNY,10,88.7467,8.87467
2017-08-31,CNY,10,89.0802,8.90802
2017-09-01,CNY,10,88.7428,8.87428
2017-09-02,CNY,10,88.3837,8.83837
2017-09-05,CNY,10,88.6236,8.86236
2017-09-06,CNY,10,88.3035,8.83035
2017-09-07,CNY,10,87.866,8.7866
2017-09-08,CNY,10,87.9297,8.79297
2017-09-09,CNY,10,88.1918,8.81918
2017-09-12,CNY,10,87.62,8.762
2017-09-13,CNY,10,87.6344,8.76344
2017-09-14,CNY,10,88.3001,8.83001
2017-09-15,CNY,10,88.1294,8.81294
2017-09-16,CNY,10,87.9208,8.79208
2017-09-19,CNY,10,87.807,8.7807
2017-09-20,CNY,10,88.219,8.8219
2017-09-21,CNY,10,88.4118,8.84118
2017-09-22,CNY,10,88.288,8.8288
2017-09-23,CNY,10,87.4533,8.74533
2017-09-26,CNY,10,86.9564,8.69564
2017-09-27,CNY,10,86.738,8.6738
2017-09-28,CNY,10,87.4161,8.74161
2017-09-29,CNY,10,87.6194,8.76194
2017-09-30,CNY,10,87.3656,8.73656
2017-10-03,CNY,10,86.893,8.6893
2017-10-04,CNY,10,87.0795,8.70795
2017-10-05,CNY,10,86.8476,8.68476
2017-10-06,CNY,10,86.5439,8.65439
2017-10-07,CNY,10,86.8146,8.68146
2017-10-10,CNY,10,87.963,8.7963
2017-10-11,CNY,10,88.1913,8.81913
2017-10-12,CNY,10,87.967,8.7967
2017-10-13,CNY,10,87.5503,8.75503
2017-10-14,CNY,10,87.4681,8.74681
2017-10-17,CNY,10,86.6043,8.66043
2017-10-18,CNY,10,86.6753,8.66753
2017-10-19,CNY,10,86.5085,8.65085
2017-10-20,CNY,10,86.8531,8.68531
2017-10-21,CNY,10,86.8837,8.68837
2017-10-24,CNY,10,86.5717,8.65717
2017-10-25,CNY,10,86.8123,8.68123
2017-10-26,CNY,10,86.7668,8.67668
2017-10-27,CNY,10,87.0547,8.70547
2017-10-28,CNY,10,87.3026,8.73026
2017-10-31,CNY,10,87.0629,8.70629
2017-11-01,CNY,10,87.6881,8.76881
2017-11-02,CNY,10,87.9056,8.79056
2017-11-03,CNY,10,87.9212,8.79212
2017-11-04,CNY,10,88.1451,8.81451
2017-11-08,CNY,10,88.1432,8.81432
2017-11-09,CNY,10,89.3056,8.93056
2017-11-10,CNY,10,89.2602,8.92602
2017-11-11,CNY,10,89.2823,8.92823
2017-11-14,CNY,10,89.0924,8.90924
2017-11-15,CNY,10,89.747,8.9747
2017-11-16,CNY,10,90.8733,9.08733
2017-11-17,CNY,10,90.4455,9.04455
2017-11-18,CNY,10,89.8702,8.98702
2017-11-21,CNY,10,89.4036,8.94036
2017-11-22,CNY,10,89.6298,8.96298
2017-11-23,CNY,10,89.1829,8.91829
2017-11-24,CNY,10,88.8024,8.88024
2017-11-25,CNY,10,88.6349,8.86349
2017-11-28,CNY,10,88.3311,8.83311
2017-11-29,CNY,10,88.5749,8.85749
2017-11-30,CNY,10,88.4072,8.84072
2017-12-01,CNY,10,88.6174,8.86174
2017-12-02,CNY,10,88.578,8.8578
2017-12-05,CNY,10,89.1293,8.91293
2017-12-06,CNY,10,88.7531,8.87531
2017-12-07,CNY,10,89.0839,8.90839
2017-12-08,CNY,10,89.6382,8.96382
2017-12-09,CNY,10,89.5783,8.95783
2017-12-12,CNY,10,89.5191,8.95191
2017-12-13,CNY,10,88.8615,8.88615
2017-12-14,CNY,10,89.3423,8.93423
2017-12-15,CNY,10,88.8361,8.88361
2017-12-16,CNY,10,89.1324,8.91324
2017-12-19,CNY,10,88.7193,8.87193
2017-12-20,CNY,10,88.7061,8.87061
2017-12-21,CNY,10,89.2451,8.92451
2017-12-22,CNY,10,88.9153,8.89153
2017-12-23,CNY,10,88.7652,8.87652
2017-12-26,CNY,10,88.9987,8.89987
2017-12-27,CNY,10,88.241,8.8241
2017-12-28,CNY,10,87.6324,8.76324
2017-12-29,CNY,10,88.1826,8.81826
2017-12-30,CNY,10,88.4497,8.84497
2018-01-10,CNY,10,87.489,8.7489
2018-01-11,CNY,10,87.2653,8.72653
2018-01-12,CNY,10,87.5739,8.75739
2018-01-13,CNY,10,87.5134,8.75134
2018-01-16,CNY,10,87.4931,8.74931
2018-01-17,CNY,10,87.6131,8.76131
2018-01-18,CNY,10,87.979,8.7979
2018-01-19,CNY,10,88.3488,8.83488
2018-01-20,CNY,10,88.3682,8.83682
2018-01-23,CNY,10,88.4424,8.84424
2018-01-24,CNY,10,88.1003,8.81003
2018-01-25,CNY,10,88.273,8.8273
2018-01-26,CNY,10,88.344,8.8344
2018-01-27,CNY,10,88.3381,8.83381
2018-01-30,CNY,10,88.9692,8.89692
2018-01-31,CNY,10,88.7555,8.87555
2018-02-01,CNY,10,89.3654,8.93654
2018-02-02,CNY,10,89.3817,8.93817
2018-02-03,CNY,10,89.2526,8.92526
2018-02-06,CNY,10,89.9811,8.99811
2018-02-07,CNY,10,91.1663,9.11663
2018-02-08,CNY,10,90.9739,9.09739
2018-02-09,CNY,10,91.1519,9.11519
2018-02-10,CNY,10,92.3245,9.23245
2018-02-13,CNY,10,91.6643,9.16643
2018-02-14,CNY,10,91.0812,9.10812
2018-02-15,CNY,10,90.8086,9.08086
2018-02-16,CNY,10,89.1462,8.91462
2018-02-17,CNY,10,88.7738,8.87738
2018-02-20,CNY,10,88.7556,8.87556
2018-02-21,CNY,10,89.0333,8.90333
2018-02-22,CNY,10,89.2437,8.92437
2018-02-23,CNY,10,89.2325,8.92325
2018-02-27,CNY,10,88.6506,8.86506
2018-02-28,CNY,10,88.2725,8.82725
2018-03-01,CNY,10,89.025,8.9025
2018-03-02,CNY,10,88.9682,8.89682
2018-03-03,CNY,10,89.2899,8.92899
2018-03-06,CNY,10,90.046,9.0046
2018-03-07,CNY,10,89.1119,8.91119
2018-03-08,CNY,10,89.8339,8.98339
2018-03-13,CNY,10,89.5239,8.95239
2018-03-14,CNY,10,89.9589,8.99589
2018-03-15,CNY,10,90.1433,9.01433
2018-03-16,CNY,10,90.1939,9.01939
2018-03-17,CNY,10,90.8985,9.08985
2018-03-20,CNY,10,90.8952,9.08952
2018-03-21,CNY,10,91.1585,9.11585
2018-03-22,CNY,10,90.8128,9.08128
2018-03-23,CNY,10,89.9111,8.99111
2018-03-24,CNY,10,90.3009,9.03009
2018-03-27,CNY,10,90.6608,9.06608
2018-03-28,CNY,10,91.1383,9.11383
2018-03-29,CNY,10,91.5275,9.15275
2018-03-30,CNY,10,91.8003,9.18003
2018-03-31,CNY,10,91.2719,9.12719
2018-04-03,CNY,10,91.2196,9.12196
2018-04-04,CNY,10,91.5517,9.15517
2018-04-05,CNY,10,91.6971,9.16971
2018-04-06,CNY,10,91.3208,9.13208
2018-04-07,CNY,10,91.723,9.1723
2018-04-10,CNY,10,92.8084,9.28084
2018-04-11,CNY,10,99.0612,9.90612
2018-04-12,CNY,1,10.1915,10.1915
2018-04-13,CNY,10,98.8027,9.88027
2018-04-14,CNY,10,97.7844,9.77844
2018-04-17,CNY,10,99.1426,9.91426
2018-04-18,CNY,10,97.4087,9.74087
2018-04-19,CNY,10,97.93,9.793
2018-04-20,CNY,10,96.9282,9.69282
2018-04-21,CNY,10,97.5024,9.75024
2018-04-24,CNY,10,97.9783,9.79783
2018-04-25,CNY,10,97.7311,9.77311
2018-04-26,CNY,10,97.7264,9.77264
2018-04-27,CNY,10,98.8875,9.88875
2018-04-28,CNY,10,98.8605,9.88605
2018-04-29,CNY,10,97.8948,9.78948
2018-05-04,CNY,10,99.9197,9.99197
2018-05-05,CNY,10,99.3761,9.93761
2018-05-08,CNY,10,98.5338,9.85338
2018-05-09,CNY,10,98.9379,9.89379
2018-05-11,CNY,10,98.2586,9.82586
2018-05-12,CNY,10,97.4636,9.74636
2018-05-15,CNY,10,97.4695,9.74695
2018-05-16,CNY,10,97.4402,9.74402
2018-05-17,CNY,10,97.8273,9.78273
2018-05-18,CNY,10,97.0952,9.70952
2018-05-19,CNY,10,97.1498,9.71498
2018-05-22,CNY,10,97.8694,9.78694
2018-05-23,CNY,10,96.1621,9.61621
2018-05-24,CNY,10,96.4705,9.64705
2018-05-25,CNY,10,96.186,9.6186
2018-05-26,CNY,10,96.5128,9.65128
2018-05-29,CNY,10,97.3943,9.73943
2018-05-30,CNY,10,97.5945,9.75945
2018-05-31,CNY,10,97.4236,9.74236
2018-06-01,CNY,10,96.8862,9.68862
2018-06-02,CNY,10,96.9433,9.69433
2018-06-05,CNY,10,96.5785,9.65785
2018-06-06,CNY,10,96.8169,9.68169
2018-06-07,CNY,10,96.9486,9.69486
2018-06-08,CNY,10,96.6621,9.66621
2018-06-09,CNY,10,97.7645,9.77645
2018-06-10,CNY,10,97.3092,9.73092
2018-06-14,CNY,10,98.5362,9.85362
2018-06-15,CNY,10,97.3799,9.73799
2018-06-16,CNY,10,97.689,9.7689
2018-06-19,CNY,10,98.5865,9.85865
2018-06-20,CNY,10,98.9655,9.89655
2018-06-21,CNY,10,98.3163,9.83163
2018-06-22,CNY,10,98.2325,9.82325
2018-06-23,CNY,10,97.3681,9.73681
2018-06-26,CNY,10,96.4658,9.64658
2018-06-27,CNY,10,95.7761,9.57761
2018-06-28,CNY,10,95.6257,9.56257
2018-06-29,CNY,10,95.45,9.545
2018-06-30,CNY,10,94.7511,9.47511
2018-07-03,CNY,10,94.8737,9.48737
2018-07-04,CNY,10,94.8045,9.48045
2018-07-05,CNY,10,95.4956,9.54956
2018-07-06,CNY,10,95.3004,9.53004
2018-07-07,CNY,10,94.9511,9.49511
2018-07-10,CNY,10,94.961,9.4961
2018-07-11,CNY,10,94.291,9.4291
2018-07-12,CNY,10,93.1451,9.31451
2018-07-13,CNY,10,93.306,9.3306
2018-07-14,CNY,10,93.0989,9.30989
2018-07-17,CNY,10,93.1315,9.31315
2018-07-18,CNY,10,93.4687,9.34687
2018-07-19,CNY,10,93.6718,9.36718
2018-07-20,CNY,10,93.4356,9.34356
2018-07-21,CNY,10,93.6565,9.36565
2018-07-24,CNY,10,93.1829,9.31829
2018-07-25,CNY,10,92.3268,9.23268
2018-07-26,CNY,10,93.0739,9.30739
2018-07-27,CNY,10,92.8095,9.28095
2018-07-28,CNY,10,92.3433,9.23433
2018-07-31,CNY,10,91.9726,9.19726
2018-08-01,CNY,10,91.3442,9.13442
2018-08-02,CNY,10,92.0676,9.20676
2018-08-03,CNY,10,92.4606,9.24606
2018-08-04,CNY,10,92.5026,9.25026
2018-08-07,CNY,10,92.8,9.28
2018-08-08,CNY,10,92.9718,9.29718
2018-08-09,CNY,10,93.0813,9.30813
2018-08-10,CNY,10,97.0777,9.70777
2018-08-11,CNY,10,97.5598,9.75598
2018-08-14,CNY,10,99.221,9.9221
2018-08-15,CNY,10,96.9888,9.69888
2018-08-16,CNY,10,96.1334,9.61334
2018-08-17,CNY,10,96.9959,9.69959
2018-08-18,CNY,10,97.1875,9.71875
2018-08-21,CNY,10,98.0454,9.80454
2018-08-22,CNY,10,98.145,9.8145
2018-08-23,CNY,10,98.7676,9.87676
2018-08-24,CNY,10,99.6871,9.96871
2018-08-25,CNY,10,98.5536,9.85536
2018-08-28,CNY,10,98.865,9.8865
2018-08-29,CNY,10,98.9968,9.89968
2018-08-30,CNY,10,99.8887,9.98887
2018-08-31,CNY,10,99.6037,9.96037
2018-09-01,CNY,10,99.6466,9.96466
2018-09-04,CNY,10,99.3493,9.93493
2018-09-05,CNY,10,99.9147,9.99147
2018-09-06,CNY,1,10.0087,10.0087
2018-09-07,CNY,10,99.9231,9.99231
2018-09-08,CNY,1,10.0944,10.0944
2018-09-11,CNY,1,10.1775,10.1775
2018-09-12,CNY,1,10.1946,10.1946
2018-09-13,CNY,1,10.1304,10.1304
2018-09-14,CNY,1,10.0225,10.0225
2018-09-15,CNY,10,99.655,9.9655
2018-09-18,CNY,10,99.2733,9.92733
2018-09-19,CNY,10,98.6932,9.86932
2018-09-20,CNY,10,97.776,9.7776
2018-09-21,CNY,10,96.9962,9.69962
2018-09-22,CNY,10,96.8563,9.68563
2018-09-25,CNY,10,96.4831,9.64831
2018-09-26,CNY,10,95.7126,9.57126
2018-09-27,CNY,10,95.664,9.5664
2018-09-28,CNY,10,95.7273,9.57273
2018-09-29,CNY,10,95.3227,9.53227
2018-10-02,CNY,10,95.4658,9.54658
2018-10-03,CNY,10,94.9528,9.49528
2018-10-04,CNY,10,95.2473,9.52473
2018-10-05,CNY,10,96.3932,9.63932
2018-10-06,CNY,10,96.9981,9.69981
2018-10-09,CNY,10,96.8635,9.68635
2018-10-10,CNY,10,95.8836,9.58836
2018-10-11,CNY,10,95.6501,9.56501
2018-10-12,CNY,10,96.3976,9.63976
2018-10-13,CNY,10,95.2957,9.52957
2018-10-16,CNY,10,94.9196,9.49196
2018-10-17,CNY,10,94.7137,9.47137
2018-10-18,CNY,10,94.4469,9.44469
2018-10-19,CNY,10,94.6892,9.46892
2018-10-20,CNY,10,94.9368,9.49368
2018-10-23,CNY,10,94.1464,9.41464
2018-10-24,CNY,10,94.1461,9.41461
2018-10-25,CNY,10,94.5649,9.45649
2018-10-26,CNY,10,94.6049,9.46049
2018-10-27,CNY,10,94.4612,9.44612
2018-10-30,CNY,10,94.6172,9.46172
2018-10-31,CNY,10,94.4869,9.44869
2018-11-01,CNY,10,94.0623,9.40623
2018-11-02,CNY,10,94.4534,9.44534
2018-11-03,CNY,10,95.1771,9.51771
2018-11-07,CNY,10,95.3961,9.53961
2018-11-08,CNY,10,95.4298,9.54298
2018-11-09,CNY,10,95.5629,9.55629
2018-11-10,CNY,10,96.2642,9.62642
2018-11-13,CNY,10,96.9195,9.69195
2018-11-14,CNY,10,97.3382,9.73382
2018-11-15,CNY,10,97.8241,9.78241
2018-11-16,CNY,10,96.0465,9.60465
2018-11-17,CNY,10,94.9869,9.49869
2018-11-20,CNY,10,95.0701,9.50701
2018-11-21,CNY,10,94.5195,9.45195
2018-11-22,CNY,10,95.0335,9.50335
2018-11-23,CNY,10,94.5969,9.45969
2018-11-24,CNY,10,94.5956,9.45956
2018-11-27,CNY,10,95.8966,9.58966
2018-11-28,CNY,10,96.1057,9.61057
2018-11-29,CNY,10,96.2331,9.62331
2018-11-30,CNY,10,95.9373,9.59373
2018-12-01,CNY,10,95.8158,9.58158
2018-12-04,CNY,10,96.2373,9.62373
2018-12-05,CNY,10,97.0946,9.70946
2018-12-06,CNY,10,97.3319,9.73319
2018-12-07,CNY,10,96.9419,9.69419
2018-12-08,CNY,10,97.27,9.727
2018-12-11,CNY,10,95.8079,9.58079
2018-12-12,CNY,10,96.394,9.6394
2018-12-13,CNY,10,96.4182,9.64182
2018-12-14,CNY,10,96.4537,9.64537
2018-12-15,CNY,10,96.3198,9.63198
2018-12-18,CNY,10,96.5379,9.65379
2018-12-19,CNY,10,96.7886,9.67886
2018-12-20,CNY,10,97.326,9.7326
2018-12-21,CNY,10,97.6745,9.76745
2018-12-22,CNY,10,98.5331,9.85331
2018-12-25,CNY,10,99.1942,9.91942
2018-12-26,CNY,10,99.8284,9.98284
2018-12-27,CNY,1,10.0092,10.0092
2018-12-28,CNY,1,10.0211,10.0211
2018-12-29,CNY,1,10.1277,10.1277
2018-12-30,CNY,1,10.0997,10.0997
2019-01-10,CNY,10,98.1498,9.81498
2019-01-11,CNY,10,98.6216,9.86216
2019-01-12,CNY,10,99.1491,9.91491
2019-01-15,CNY,10,99.4318,9.94318
2019-01-16,CNY,10,99.3292,9.93292
2019-01-17,CNY,10,98.8257,9.88257
2019-01-18,CNY,10,98.0937,9.80937
2019-01-19,CNY,10,97.9734,9.79734
2019-01-22,CNY,10,97.7355,9.77355
2019-01-23,CNY,10,97.7166,9.77166
2019-01-24,CNY,10,97.7135,9.77135
2019-01-25,CNY,10,97.1397,9.71397
2019-01-26,CNY,10,97.4642,9.74642
2019-01-29,CNY,10,97.8262,9.78262
2019-01-30,CNY,10,98.5592,9.85592
2019-01-31,CNY,10,98.4681,9.84681
2019-02-01,CNY,10,97.4819,9.74819
2019-02-02,CNY,10,97.4663,9.74663
2019-02-05,CNY,10,97.2392,9.72392
2019-02-06,CNY,10,97.2143,9.72143
2019-02-07,CNY,10,97.3618,9.73618
2019-02-08,CNY,10,97.8827,9.78827
2019-02-09,CNY,10,97.9463,9.79463
2019-02-12,CNY,10,96.83,9.683
2019-02-13,CNY,10,96.9343,9.69343
2019-02-14,CNY,10,97.1687,9.71687
2019-02-15,CNY,10,98.2879,9.82879
2019-02-16,CNY,10,98.3855,9.83855
2019-02-19,CNY,10,97.8899,9.78899
2019-02-20,CNY,10,97.8194,9.78194
2019-02-21,CNY,10,97.9516,9.79516
2019-02-22,CNY,10,97.6636,9.76636
2019-02-23,CNY,10,97.5127,9.75127
2019-02-26,CNY,10,97.4847,9.74847
2019-02-27,CNY,10,97.9947,9.79947
2019-02-28,CNY,10,98.3959,9.83959
2019-03-01,CNY,10,98.544,9.8544
2019-03-02,CNY,10,98.1134,9.81134
2019-03-05,CNY,10,98.217,9.8217
2019-03-06,CNY,10,98.1451,9.81451
2019-03-07,CNY,10,98.1106,9.81106
2019-03-08,CNY,10,98.3519,9.83519
2019-03-12,CNY,10,98.2416,9.82416
2019-03-13,CNY,10,97.9892,9.79892
2019-03-14,CNY,10,97.7583,9.77583
2019-03-15,CNY,10,97.3666,9.73666
2019-03-16,CNY,10,97.4558,9.74558
2019-03-19,CNY,10,96.3504,9.63504
2019-03-20,CNY,10,95.7792,9.57792
2019-03-21,CNY,10,95.9422,9.59422
2019-03-22,CNY,10,95.3137,9.53137
2019-03-23,CNY,10,95.0989,9.50989
2019-03-26,CNY,10,96.0998,9.60998
2019-03-27,CNY,10,95.5995,9.55995
2019-03-28,CNY,10,96.0998,9.60998
2019-03-29,CNY,10,96.3057,9.63057
2019-03-30,CNY,10,96.3214,9.63214
2019-04-02,CNY,10,97.4796,9.74796
2019-04-03,CNY,10,97.4092,9.74092
2019-04-04,CNY,10,97.145,9.7145
2019-04-05,CNY,10,97.239,9.7239
2019-04-06,CNY,10,97.3698,9.73698
2019-04-09,CNY,10,97.2438,9.72438
2019-04-10,CNY,10,96.4957,9.64957
2019-04-11,CNY,10,96.3783,9.63783
2019-04-12,CNY,10,95.8805,9.58805
2019-04-13,CNY,10,96.0734,9.60734
2019-04-16,CNY,10,95.8037,9.58037
2019-04-17,CNY,10,95.7738,9.57738
2019-04-18,CNY,10,95.633,9.5633
2019-04-19,CNY,10,95.5609,9.55609
2019-04-20,CNY,10,95.416,9.5416
2019-04-23,CNY,10,95.0229,9.50229
2019-04-24,CNY,10,94.9434,9.49434
2019-04-25,CNY,10,95.2406,9.52406
2019-04-26,CNY,10,95.9251,9.59251
2019-04-27,CNY,10,96.0261,9.60261
2019-04-30,CNY,10,96.0502,9.60502
2019-05-01,CNY,10,95.9293,9.59293
2019-05-07,CNY,10,96.5594,9.65594
2019-05-08,CNY,10,96.46,9.646
2019-05-09,CNY,10,96.3311,9.63311
2019-05-14,CNY,10,95.2642,9.52642
2019-05-15,CNY,10,94.8413,9.48413
2019-05-16,CNY,10,94.3614,9.43614
2019-05-17,CNY,10,93.8042,9.38042
2019-05-18,CNY,10,93.4917,9.34917
2019-05-21,CNY,10,93.2647,9.32647
2019-05-22,CNY,10,93.3036,9.33036
2019-05-23,CNY,10,93.3181,9.33181
2019-05-24,CNY,10,93.2171,9.32171
2019-05-25,CNY,10,93.5721,9.35721
2019-05-28,CNY,10,93.4716,9.34716
2019-05-29,CNY,10,93.3527,9.33527
2019-05-30,CNY,10,93.9381,9.39381
2019-05-31,CNY,10,94.2273,9.42273
2019-06-01,CNY,10,94.7215,9.47215
2019-06-04,CNY,10,94.8789,9.48789
2019-06-05,CNY,10,94.2565,9.42565
2019-06-06,CNY,10,94.2587,9.42587
2019-06-07,CNY,10,94.3165,9.43165
2019-06-08,CNY,10,94.1278,9.41278
2019-06-11,CNY,10,93.457,9.3457
2019-06-12,CNY,10,93.3118,9.33118
2019-06-14,CNY,10,93.3723,9.33723
2019-06-15,CNY,10,93.0596,9.30596
2019-06-18,CNY,10,92.8776,9.28776
2019-06-19,CNY,10,92.884,9.2884
2019-06-20,CNY,10,92.67,9.267
2019-06-21,CNY,10,92.5314,9.25314
2019-06-22,CNY,10,91.8301,9.18301
2019-06-25,CNY,10,91.4475,9.14475
2019-06-26,CNY,10,90.8684,9.08684
2019-06-27,CNY,10,91.2156,9.12156
2019-06-28,CNY,10,91.6768,9.16768
2019-06-29,CNY,10,91.8238,9.18238
2019-07-02,CNY,10,92.1211,9.21211
2019-07-03,CNY,10,91.8683,9.18683
2019-07-04,CNY,10,92.2358,9.22358
2019-07-05,CNY,10,92.2791,9.22791
2019-07-06,CNY,10,92.447,9.2447
2019-07-09,CNY,10,92.8355,9.28355
2019-07-10,CNY,10,92.6145,9.26145
2019-07-11,CNY,10,92.72,9.272
2019-07-12,CNY,10,91.7416,9.17416
2019-07-13,CNY,10,91.6194,9.16194
2019-07-16,CNY,10,91.3716,9.13716
2019-07-17,CNY,10,91.339,9.1339
2019-07-18,CNY,10,91.4926,9.14926
2019-07-19,CNY,10,91.391,9.1391
2019-07-20,CNY,10,91.4277,9.14277
2019-07-23,CNY,10,91.5359,9.15359
2019-07-24,CNY,10,91.7639,9.17639
2019-07-25,CNY,10,91.8081,9.18081
2019-07-26,CNY,10,91.8637,9.18637
2019-07-27,CNY,10,91.7545,9.17545
2019-07-30,CNY,10,92.1609,9.21609
2019-07-31,CNY,10,92.0632,9.20632
2019-08-01,CNY,10,92.1052,9.21052
2019-08-02,CNY,10,92.4876,9.24876
2019-08-03,CNY,10,93.1351,9.31351
2019-08-06,CNY,10,92.4662,9.24662
2019-08-07,CNY,10,92.7193,9.27193
2019-08-08,CNY,10,92.437,9.2437
2019-08-09,CNY,10,92.4523,9.24523
2019-08-10,CNY,10,92.5278,9.25278
2019-08-13,CNY,10,92.5769,9.25769
2019-08-14,CNY,10,92.8335,9.28335
2019-08-15,CNY,10,92.9231,9.29231
2019-08-16,CNY,10,93.7225,9.37225
2019-08-17,CNY,10,93.6806,9.36806
2019-08-20,CNY,10,94.5562,9.45562
2019-08-21,CNY,10,94.552,9.4552
2019-08-22,CNY,10,93.8118,9.38118
2019-08-23,CNY,10,92.6059,9.26059
2019-08-24,CNY,10,92.6318,9.26318
2019-08-27,CNY,10,92.2397,9.22397
2019-08-28,CNY,10,92.4488,9.24488
2019-08-29,CNY,10,92.7034,9.27034
2019-08-30,CNY,10,93.333,9.3333
2019-08-31,CNY,10,93.0446,9.30446
2019-09-03,CNY,10,92.8978,9.28978
2019-09-04,CNY,10,93.2063,9.32063
2019-09-05,CNY,10,92.9527,9.29527
2019-09-06,CNY,10,92.4423,9.24423
2019-09-07,CNY,10,92.6302,9.26302
2019-09-10,CNY,10,91.9697,9.19697
2019-09-11,CNY,10,92.1019,9.21019
2019-09-12,CNY,10,91.9339,9.19339
2019-09-13,CNY,10,91.9658,9.19658
2019-09-14,CNY,10,91.0686,9.10686
2019-09-17,CNY,10,90.3518,9.03518
2019-09-18,CNY,10,90.3919,9.03919
2019-09-19,CNY,10,90.8961,9.08961
2019-09-20,CNY,10,90.462,9.0462
2019-09-21,CNY,10,90.0546,9.00546
2019-09-24,CNY,10,89.7314,8.97314
2019-09-25,CNY,10,89.6296,8.96296
2019-09-26,CNY,10,90.0988,9.00988
2019-09-27,CNY,10,90.1413,9.01413
2019-09-28,CNY,10,90.4726,9.04726
2019-10-01,CNY,10,90.5484,9.05484
2019-10-02,CNY,10,91.0232,9.10232
2019-10-03,CNY,10,91.5448,9.15448
2019-10-04,CNY,10,91.113,9.1113
2019-10-05,CNY,10,90.9714,9.09714
2019-10-08,CNY,10,90.6859,9.06859
2019-10-09,CNY,10,90.9778,9.09778
2019-10-10,CNY,10,91.2549,9.12549
2019-10-11,CNY,10,90.8654,9.08654
2019-10-12,CNY,10,90.4432,9.04432
2019-10-15,CNY,10,91.0824,9.10824
2019-10-16,CNY,10,90.7772,9.07772
2019-10-17,CNY,10,90.5879,9.05879
2019-10-18,CNY,10,90.3673,9.03673
2019-10-19,CNY,10,90.2938,9.02938
2019-10-22,CNY,10,90.2039,9.02039
2019-10-23,CNY,10,89.8526,8.98526
2019-10-24,CNY,10,90.1839,9.01839
2019-10-25,CNY,10,90.3253,9.03253
2019-10-26,CNY,10,90.5006,9.05006
2019-10-29,CNY,10,90.4482,9.04482
2019-10-30,CNY,10,90.3637,9.03637
2019-10-31,CNY,10,90.4863,9.04863
2019-11-01,CNY,10,90.651,9.0651
2019-11-02,CNY,10,90.9811,9.09811
2019-11-06,CNY,10,90.3672,9.03672
2019-11-07,CNY,10,90.8517,9.08517
2019-11-08,CNY,10,91.1898,9.11898
2019-11-09,CNY,10,91.1959,9.11959
2019-11-12,CNY,10,91.2131,9.12131
2019-11-13,CNY,10,91.1756,9.11756
2019-11-14,CNY,10,91.5038,9.15038
2019-11-15,CNY,10,91.4674,9.14674
2019-11-16,CNY,10,91.1099,9.11099
2019-11-19,CNY,10,90.9164,9.09164
2019-11-20,CNY,10,90.7969,9.07969
2019-11-21,CNY,10,90.982,9.0982
2019-11-22,CNY,10,90.7183,9.07183
2019-11-23,CNY,10,90.5539,9.05539
2019-11-26,CNY,10,90.6739,9.06739
2019-11-27,CNY,10,90.9909,9.09909
2019-11-28,CNY,10,91.0468,9.10468
2019-11-29,CNY,10,91.1464,9.11464
2019-11-30,CNY,10,91.1948,9.11948
2019-12-03,CNY,10,91.4339,9.14339
2019-12-04,CNY,10,91.0215,9.10215
2019-12-05,CNY,10,90.8002,9.08002
2019-12-06,CNY,10,90.6081,9.06081
2019-12-07,CNY,10,90.5839,9.05839
2019-12-10,CNY,10,90.5099,9.05099
2019-12-11,CNY,10,90.3339,9.03339
2019-12-12,CNY,10,90.3057,9.03057
2019-12-13,CNY,10,89.8973,8.98973
2019-12-14,CNY,10,89.5605,8.95605
2019-12-17,CNY,10,89.6259,8.96259
2019-12-18,CNY,10,89.2978,8.92978
2019-12-19,CNY,10,89.407,8.9407
2019-12-20,CNY,10,89.228,8.9228
2019-12-21,CNY,10,89.003,8.9003
2019-12-24,CNY,10,88.7636,8.87636
2019-12-25,CNY,10,88.7116,8.87116
2019-12-26,CNY,10,88.3847,8.83847
2019-12-27,CNY,10,88.2558,8.82558
2019-12-28,CNY,10,88.624,8.8624
2019-12-31,CNY,10,88.5937,8.85937
2020-01-01,CNY,10,88.8696,8.88696
2020-01-10,CNY,10,88.3493,8.83493
2020-01-11,CNY,10,88.3978,8.83978
2020-01-14,CNY,10,88.4,8.84
2020-01-15,CNY,10,89.1971,8.91971
2020-01-16,CNY,10,89.2024,8.92024
2020-01-17,CNY,10,89.4215,8.94215
2020-01-18,CNY,10,89.7105,8.97105
2020-01-21,CNY,10,89.5866,8.95866
2020-01-22,CNY,10,89.5518,8.95518
2020-01-23,CNY,10,89.5838,8.95838
2020-01-24,CNY,10,89.3909,8.93909
2020-01-25,CNY,10,89.0958,8.90958
2020-01-28,CNY,10,89.8669,8.98669
2020-01-29,CNY,10,90.5761,9.05761
2020-01-30,CNY,10,89.9468,8.99468
2020-01-31,CNY,10,90.873,9.0873
2020-02-01,CNY,10,91.0209,9.10209
2020-02-04,CNY,10,90.9738,9.09738
2020-02-05,CNY,10,90.7447,9.07447
2020-02-06,CNY,10,90.2489,9.02489
2020-02-07,CNY,10,90.0958,9.00958
2020-02-08,CNY,10,90.8599,9.08599
2020-02-11,CNY,10,91.2994,9.12994
2020-02-12,CNY,10,91.6542,9.16542
2020-02-13,CNY,10,90.4185,9.04185
2020-02-14,CNY,10,91.1159,9.11159
2020-02-15,CNY,10,90.909,9.0909
2020-02-18,CNY,10,90.6947,9.06947
2020-02-19,CNY,10,91.0373,9.10373
2020-02-20,CNY,10,91.0625,9.10625
2020-02-21,CNY,10,90.8488,9.08488
2020-02-22,CNY,10,91.3571,9.13571
2020-02-26,CNY,10,92.5319,9.25319
2020-02-27,CNY,10,93.3593,9.33593
2020-02-28,CNY,10,93.5091,9.35091
2020-02-29,CNY,10,95.8341,9.58341
2020-03-03,CNY,10,95.3363,9.53363
2020-03-04,CNY,10,95.1779,9.51779
2020-03-05,CNY,10,95.3017,9.53017
2020-03-06,CNY,10,95.3392,9.53392
2020-03-07,CNY,10,97.2861,9.72861
2020-03-11,CNY,1,10.3666,10.3666
2020-03-12,CNY,1,10.2829,10.2829
2020-03-13,CNY,1,10.5985,10.5985
2020-03-14,CNY,1,10.4653,10.4653
2020-03-17,CNY,1,10.5928,10.5928
2020-03-18,CNY,1,10.5398,10.5398
2020-03-19,CNY,1,10.9906,10.9906
2020-03-20,CNY,1,11.3037,11.3037
2020-03-21,CNY,1,11.0463,11.0463
2020-03-24,CNY,1,11.3634,11.3634
2020-03-25,CNY,1,11.1405,11.1405
2020-03-26,CNY,1,10.956,10.956
2020-03-27,CNY,1,11.0961,11.0961
2020-03-28,CNY,1,10.9611,10.9611
2020-04-07,CNY,1,10.7725,10.7725
2020-04-08,CNY,1,10.696,10.696
2020-04-09,CNY,1,10.7178,10.7178
2020-04-10,CNY,1,10.5694,10.5694
2020-04-11,CNY,1,10.4826,10.4826
2020-04-14,CNY,1,10.4312,10.4312
2020-04-15,CNY,1,10.3834,10.3834
2020-04-16,CNY,1,10.438,10.438
2020-04-17,CNY,1,10.5615,10.5615
2020-04-18,CNY,1,10.4488,10.4488
2020-04-21,CNY,1,10.553,10.553
2020-04-22,CNY,1,10.758,10.758
2020-04-23,CNY,1,10.8759,10.8759
2020-04-24,CNY,1,10.6125,10.6125
2020-04-25,CNY,1,10.5493,10.5493
2020-04-28,CNY,1,10.5159,10.5159
2020-04-29,CNY,1,10.525,10.525
2020-04-30,CNY,1,10.4153,10.4153
2020-05-01,CNY,1,10.313,10.313
2020-05-07,CNY,1,10.4265,10.4265
2020-05-08,CNY,1,10.4508,10.4508
2020-05-09,CNY,1,10.4346,10.4346
2020-05-13,CNY,1,10.3576,10.3576
2020-05-14,CNY,1,10.372,10.372
2020-05-15,CNY,1,10.4206,10.4206
2020-05-16,CNY,1,10.3108,10.3108
2020-05-19,CNY,1,10.2583,10.2583
2020-05-20,CNY,1,10.1857,10.1857
2020-05-21,CNY,1,10.1791,10.1791
2020-05-22,CNY,10,99.8916,9.98916
2020-05-23,CNY,1,10.0636,10.0636
2020-05-26,CNY,1,10.028,10.028
2020-05-27,CNY,10,99.6942,9.96942
2020-05-28,CNY,10,99.3312,9.93312
2020-05-29,CNY,10,99.3089,9.93089
2020-05-30,CNY,10,99.0079,9.90079
2020-06-02,CNY,10,97.7322,9.77322
2020-06-03,CNY,10,97.0117,9.70117
2020-06-04,CNY,10,96.1038,9.61038
2020-06-05,CNY,10,96.9068,9.69068
2020-06-06,CNY,10,96.8447,9.68447
2020-06-09,CNY,10,96.549,9.6549
2020-06-10,CNY,10,96.8802,9.68802
2020-06-11,CNY,10,97.1023,9.71023
2020-06-12,CNY,10,97.7624,9.77624
2020-06-16,CNY,10,99.2248,9.92248
2020-06-17,CNY,10,98.4911,9.84911
2020-06-18,CNY,10,98.0639,9.80639
2020-06-19,CNY,10,98.3166,9.83166
2020-06-20,CNY,10,98.2898,9.82898
2020-06-23,CNY,10,98.178,9.8178
2020-06-24,CNY,10,97.4292,9.74292
2020-06-25,CNY,10,97.3025,9.73025
2020-06-26,CNY,10,98.1408,9.81408
2020-06-27,CNY,10,97.6638,9.76638
2020-06-30,CNY,10,98.8278,9.88278
2020-07-01,CNY,10,99.5806,9.95806
2020-07-02,CNY,10,99.7568,9.97568
2020-07-03,CNY,10,99.8016,9.98016
2020-07-04,CNY,10,99.7522,9.97522
2020-07-07,CNY,1,10.1424,10.1424
2020-07-08,CNY,1,10.2742,10.2742
2020-07-09,CNY,1,10.1505,10.1505
2020-07-10,CNY,1,10.1451,10.1451
2020-07-11,CNY,1,10.1664,10.1664
2020-07-14,CNY,1,10.1016,10.1016
2020-07-15,CNY,1,10.1334,10.1334
2020-07-16,CNY,1,10.1292,10.1292
2020-07-17,CNY,1,10.1789,10.1789
2020-07-18,CNY,1,10.2443,10.2443
2020-07-21,CNY,1,10.295,10.295
2020-07-22,CNY,1,10.1475,10.1475
2020-07-23,CNY,1,10.1055,10.1055
2020-07-24,CNY,1,10.1424,10.1424
2020-07-25,CNY,1,10.2033,10.2033
2020-07-28,CNY,1,10.2244,10.2244
2020-07-29,CNY,1,10.2631,10.2631
2020-07-30,CNY,1,10.3191,10.3191
2020-07-31,CNY,1,10.4724,10.4724
2020-08-01,CNY,1,10.5204,10.5204
2020-08-04,CNY,1,10.6278,10.6278
2020-08-05,CNY,1,10.5091,10.5091
2020-08-06,CNY,1,10.5396,10.5396
2020-08-07,CNY,1,10.5176,10.5176
2020-08-08,CNY,1,10.5798,10.5798
2020-08-11,CNY,1,10.5848,10.5848
2020-08-12,CNY,1,10.5234,10.5234
2020-08-13,CNY,1,10.5439,10.5439
2020-08-14,CNY,1,10.5994,10.5994
2020-08-15,CNY,1,10.534,10.534
2020-08-18,CNY,1,10.511,10.511
2020-08-19,CNY,1,10.6024,10.6024
2020-08-20,CNY,1,10.5982,10.5982
2020-08-21,CNY,1,10.657,10.657
2020-08-22,CNY,1,10.7174,10.7174
2020-08-25,CNY,1,10.7661,10.7661
2020-08-26,CNY,1,10.7808,10.7808
2020-08-27,CNY,1,10.9601,10.9601
2020-08-28,CNY,1,10.9355,10.9355
2020-08-29,CNY,1,10.8713,10.8713
2020-09-01,CNY,1,10.7682,10.7682
2020-09-02,CNY,1,10.7842,10.7842
2020-09-03,CNY,1,10.8205,10.8205
2020-09-04,CNY,1,11.0401,11.0401
2020-09-05,CNY,1,10.9922,10.9922
2020-09-08,CNY,1,11.0664,11.0664
2020-09-09,CNY,1,11.1183,11.1183
2020-09-10,CNY,1,11.1118,11.1118
2020-09-11,CNY,1,11.0427,11.0427
2020-09-12,CNY,1,10.9544,10.9544
2020-09-15,CNY,1,10.9498,10.9498
2020-09-16,CNY,1,11.0928,11.0928
2020-09-17,CNY,1,11.0812,11.0812
2020-09-18,CNY,1,11.113,11.113
2020-09-19,CNY,1,11.1007,11.1007
2020-09-22,CNY,1,11.2268,11.2268
2020-09-23,CNY,1,11.2348,11.2348
2020-09-24,CNY,1,11.2423,11.2423
2020-09-25,CNY,1,11.3091,11.3091
2020-09-26,CNY,1,11.265,11.265
2020-09-29,CNY,1,11.5345,11.5345
2020-09-30,CNY,1,11.6798,11.6798
2020-10-01,CNY,1,11.5671,11.5671
2020-10-02,CNY,1,11.3797,11.3797
2020-10-03,CNY,1,11.4996,11.4996
2020-10-06,CNY,1,11.505,11.505
2020-10-07,CNY,1,11.5615,11.5615
2020-10-08,CNY,1,11.4997,11.4997
2020-10-09,CNY,1,11.4737,11.4737
2020-10-10,CNY,1,11.4728,11.4728
2020-10-13,CNY,1,11.4304,11.4304
2020-10-14,CNY,1,11.4672,11.4672
2020-10-15,CNY,1,11.4675,11.4675
2020-10-16,CNY,1,11.5803,11.5803
2020-10-17,CNY,1,11.6398,11.6398
2020-10-20,CNY,1,11.6409,11.6409
2020-10-21,CNY,1,11.6424,11.6424
2020-10-22,CNY,1,11.57,11.57
2020-10-23,CNY,1,11.5577,11.5577
2020-10-24,CNY,1,11.4662,11.4662
2020-10-27,CNY,1,11.411,11.411
2020-10-28,CNY,1,11.3841,11.3841
2020-10-29,CNY,1,11.5515,11.5515
2020-10-30,CNY,1,11.7523,11.7523
2020-10-31,CNY,1,11.8403,11.8403
2020-11-03,CNY,1,12.0259,12.0259
2020-11-04,CNY,1,11.9623,11.9623
2020-11-06,CNY,1,11.8146,11.8146
2020-11-07,CNY,1,11.6589,11.6589
2020-11-10,CNY,1,11.711,11.711
2020-11-11,CNY,1,11.5689,11.5689
2020-11-12,CNY,1,11.5124,11.5124
2020-11-13,CNY,1,11.6307,11.6307
2020-11-14,CNY,1,11.6893,11.6893
2020-11-17,CNY,1,11.6937,11.6937
2020-11-18,CNY,1,11.6269,11.6269
2020-11-19,CNY,1,11.6037,11.6037
2020-11-20,CNY,1,11.5807,11.5807
2020-11-21,CNY,1,11.566,11.566
2020-11-24,CNY,1,11.5326,11.5326
2020-11-25,CNY,1,11.5257,11.5257
2020-11-26,CNY,1,11.4714,11.4714
2020-11-27,CNY,1,11.4803,11.4803
2020-11-28,CNY,1,11.5245,11.5245
2020-12-01,CNY,1,11.5754,11.5754
2020-12-02,CNY,1,11.6138,11.6138
2020-12-03,CNY,1,11.513,11.513
2020-12-04,CNY,1,11.4651,11.4651
2020-12-05,CNY,1,11.3698,11.3698
2020-12-08,CNY,1,11.3566,11.3566
2020-12-09,CNY,1,11.2752,11.2752
2020-12-10,CNY,1,11.2126,11.2126
2020-12-11,CNY,1,11.2578,11.2578
2020-12-12,CNY,1,11.1778,11.1778
2020-12-15,CNY,1,11.1557,11.1557
2020-12-16,CNY,1,11.2219,11.2219
2020-12-17,CNY,1,11.231,11.231
2020-12-18,CNY,1,11.1693,11.1693
2020-12-19,CNY,1,11.2069,11.2069
2020-12-22,CNY,1,11.4015,11.4015
2020-12-23,CNY,1,11.5075,11.5075
2020-12-24,CNY,1,11.541,11.541
2020-12-25,CNY,1,11.4582,11.4582
2020-12-26,CNY,1,11.2973,11.2973
2020-12-29,CNY,1,11.2742,11.2742
2020-12-30,CNY,1,11.2787,11.2787
2020-12-31,CNY,1,11.3119,11.3119
2021-01-01,CNY,1,11.2956,11.2956
2021-01-12,CNY,1,11.5082,11.5082
2021-01-13,CNY,1,11.483,11.483
2021-01-14,CNY,1,11.3728,11.3728
2021-01-15,CNY,1,11.4089,11.4089
2021-01-16,CNY,1,11.3569,11.3569
2021-01-19,CNY,1,11.3907,11.3907
2021-01-20,CNY,1,11.3628,11.3628
2021-01-21,CNY,1,11.3416,11.3416
2021-01-22,CNY,1,11.3496,11.3496
2021-01-23,CNY,1,11.4789,11.4789
2021-01-26,CNY,1,11.5575,11.5575
2021-01-27,CNY,1,11.6797,11.6797
2021-01-28,CNY,1,11.6044,11.6044
2021-01-29,CNY,1,11.7637,11.7637
2021-01-30,CNY,1,11.8024,11.8024
2021-02-02,CNY,1,11.6787,11.6787
2021-02-03,CNY,1,11.7498,11.7498
2021-02-04,CNY,1,11.7813,11.7813
2021-02-05,CNY,1,11.7165,11.7165
2021-02-06,CNY,1,11.5919,11.5919
2021-02-09,CNY,1,11.4981,11.4981
2021-02-10,CNY,1,11.4935,11.4935
2021-02-11,CNY,1,11.4712,11.4712
2021-02-12,CNY,1,11.4208,11.4208
2021-02-13,CNY,1,11.4487,11.4487
2021-02-16,CNY,1,11.3513,11.3513
2021-02-17,CNY,1,11.3483,11.3483
2021-02-18,CNY,1,11.4222,11.4222
2021-02-19,CNY,1,11.4004,11.4004
2021-02-20,CNY,1,11.4523,11.4523
2021-02-21,CNY,1,11.4566,11.4566
2021-02-25,CNY,1,11.4304,11.4304
2021-02-26,CNY,1,11.3911,11.3911
2021-02-27,CNY,1,11.5232,11.5232
2021-03-02,CNY,1,11.4599,11.4599
2021-03-03,CNY,1,11.5271,11.5271
2021-03-04,CNY,1,11.3771,11.3771
2021-03-05,CNY,1,11.4074,11.4074
2021-03-06,CNY,1,11.4909,11.4909
2021-03-10,CNY,1,11.3935,11.3935
2021-03-11,CNY,1,11.3691,11.3691
2021-03-12,CNY,1,11.32,11.32
2021-03-13,CNY,1,11.3015,11.3015
2021-03-16,CNY,1,11.2612,11.2612
2021-03-17,CNY,1,11.2253,11.2253
2021-03-18,CNY,1,11.2413,11.2413
2021-03-19,CNY,1,11.3282,11.3282
2021-03-20,CNY,1,11.3988,11.3988
2021-03-23,CNY,1,11.4599,11.4599
2021-03-24,CNY,1,11.5756,11.5756
2021-03-25,CNY,1,11.6737,11.6737
2021-03-26,CNY,1,11.6578,11.6578
2021-03-27,CNY,1,11.583,11.583
2021-03-30,CNY,1,11.5536,11.5536
2021-03-31,CNY,1,11.5268,11.5268
2021-04-01,CNY,1,11.5385,11.5385
2021-04-02,CNY,1,11.5328,11.5328
2021-04-03,CNY,1,11.595,11.595
2021-04-06,CNY,1,11.665,11.665
2021-04-07,CNY,1,11.6606,11.6606
2021-04-08,CNY,1,11.8814,11.8814
2021-04-09,CNY,1,11.7728,11.7728
2021-04-10,CNY,1,11.7647,11.7647
2021-04-13,CNY,1,11.8308,11.8308
2021-04-14,CNY,1,11.7969,11.7969
2021-04-15,CNY,1,11.5832,11.5832
2021-04-16,CNY,1,11.7834,11.7834
2021-04-17,CNY,1,11.5833,11.5833
2021-04-20,CNY,1,11.7106,11.7106
2021-04-21,CNY,1,11.7023,11.7023
2021-04-22,CNY,1,11.8264,11.8264
2021-04-23,CNY,1,11.7764,11.7764
2021-04-24,CNY,1,11.5627,11.5627
2021-04-27,CNY,1,11.524,11.524
2021-04-28,CNY,1,11.5569,11.5569
2021-04-29,CNY,1,11.5559,11.5559
2021-04-30,CNY,1,11.5036,11.5036
2021-05-01,CNY,1,11.5657,11.5657
2021-05-05,CNY,1,11.6253,11.6253
2021-05-06,CNY,1,11.5643,11.5643
2021-05-07,CNY,1,11.5196,11.5196
2021-05-08,CNY,1,11.478,11.478
2021-05-12,CNY,1,11.5381,11.5381
2021-05-13,CNY,1,11.4933,11.4933
2021-05-14,CNY,1,11.5198,11.5198
2021-05-15,CNY,1,11.4989,11.4989
2021-05-18,CNY,1,11.4639,11.4639
2021-05-19,CNY,1,11.4714,11.4714
2021-05-20,CNY,1,11.4449,11.4449
2021-05-21,CNY,1,11.4356,11.4356
2021-05-22,CNY,1,11.4358,11.4358
2021-05-25,CNY,1,11.4353,11.4353
2021-05-26,CNY,1,11.453,11.453
2021-05-27,CNY,1,11.4882,11.4882
2021-05-28,CNY,1,11.5208,11.5208
2021-05-29,CNY,1,11.5594,11.5594
2021-06-01,CNY,1,11.5219,11.5219
2021-06-02,CNY,1,11.4865,11.4865
2021-06-03,CNY,1,11.5074,11.5074
2021-06-04,CNY,1,11.4589,11.4589
2021-06-05,CNY,1,11.4318,11.4318
2021-06-08,CNY,1,11.4018,11.4018
2021-06-09,CNY,1,11.3831,11.3831
2021-06-10,CNY,1,11.2779,11.2779
2021-06-11,CNY,1,11.2976,11.2976
2021-06-12,CNY,1,11.2159,11.2159
2021-06-16,CNY,1,11.2192,11.2192
2021-06-17,CNY,1,11.2589,11.2589
2021-06-18,CNY,1,11.279,11.279
2021-06-19,CNY,1,11.2126,11.2126
2021-06-22,CNY,1,11.313,11.313
2021-06-23,CNY,1,11.3024,11.3024
2021-06-24,CNY,1,11.2134,11.2134
2021-06-25,CNY,1,11.1733,11.1733
2021-06-26,CNY,1,11.1806,11.1806
2021-06-29,CNY,1,11.1786,11.1786
2021-06-30,CNY,1,11.207,11.207
2021-07-01,CNY,1,11.2545,11.2545
2021-07-02,CNY,1,11.2787,11.2787
2021-07-03,CNY,1,11.3567,11.3567
2021-07-06,CNY,1,11.3535,11.3535
2021-07-07,CNY,1,11.3362,11.3362
2021-07-08,CNY,1,11.4575,11.4575
2021-07-09,CNY,1,11.6019,11.6019
2021-07-10,CNY,1,11.483,11.483
2021-07-13,CNY,1,11.5307,11.5307
2021-07-14,CNY,1,11.4552,11.4552
2021-07-15,CNY,1,11.4519,11.4519
2021-07-16,CNY,1,11.4859,11.4859
2021-07-17,CNY,1,11.4673,11.4673
2021-07-20,CNY,1,11.4674,11.4674
2021-07-21,CNY,1,11.4959,11.4959
2021-07-22,CNY,1,11.5057,11.5057
2021-07-23,CNY,1,11.3967,11.3967
2021-07-24,CNY,1,11.39,11.39
2021-07-27,CNY,1,11.4292,11.4292
2021-07-28,CNY,1,11.3527,11.3527
2021-07-29,CNY,1,11.3189,11.3189
2021-07-30,CNY,1,11.3249,11.3249
2021-07-31,CNY,1,11.329,11.329
2021-08-03,CNY,1,11.301,11.301
2021-08-04,CNY,1,11.2717,11.2717
2021-08-05,CNY,1,11.2631,11.2631
2021-08-06,CNY,1,11.324,11.324
2021-08-07,CNY,1,11.3061,11.3061
2021-08-10,CNY,1,11.3473,11.3473
2021-08-11,CNY,1,11.3555,11.3555
2021-08-12,CNY,1,11.4026,11.4026
2021-08-13,CNY,1,11.358,11.358
2021-08-14,CNY,1,11.3329,11.3329
2021-08-17,CNY,1,11.3343,11.3343
2021-08-18,CNY,1,11.3388,11.3388
2021-08-19,CNY,1,11.3366,11.3366
2021-08-20,CNY,1,11.4195,11.4195
2021-08-21,CNY,1,11.4403,11.4403
2021-08-24,CNY,1,11.4119,11.4119
2021-08-25,CNY,1,11.4157,11.4157
2021-08-26,CNY,1,11.3899,11.3899
2021-08-27,CNY,1,11.4116,11.4116
2021-08-28,CNY,1,11.4177,11.4177
2021-08-31,CNY,1,11.378,11.378
2021-09-01,CNY,1,11.3367,11.3367
2021-09-02,CNY,1,11.3211,11.3211
2021-09-03,CNY,1,11.2747,11.2747
2021-09-04,CNY,1,11.2837,11.2837
2021-09-07,CNY,1,11.304,11.304
2021-09-08,CNY,1,11.3285,11.3285
2021-09-09,CNY,1,11.3651,11.3651
2021-09-10,CNY,1,11.3248,11.3248
2021-09-11,CNY,1,11.2957,11.2957
2021-09-14,CNY,1,11.323,11.323
2021-09-15,CNY,1,11.2857,11.2857
2021-09-16,CNY,1,11.3198,11.3198
2021-09-17,CNY,1,11.2391,11.2391
2021-09-18,CNY,1,11.2456,11.2456
2021-09-21,CNY,1,11.3406,11.3406
2021-09-22,CNY,1,11.3213,11.3213
2021-09-23,CNY,1,11.267,11.267
2021-09-24,CNY,1,11.2584,11.2584
2021-09-25,CNY,1,11.294,11.294
2021-09-28,CNY,1,11.2449,11.2449
2021-09-29,CNY,1,11.2263,11.2263
2021-09-30,CNY,1,11.2494,11.2494
2021-10-01,CNY,1,11.2442,11.2442
2021-10-02,CNY,1,11.3114,11.3114
2021-10-05,CNY,1,11.3118,11.3118
2021-10-06,CNY,1,11.2567,11.2567
2021-10-07,CNY,1,11.2566,11.2566
2021-10-08,CNY,1,11.2128,11.2128
2021-10-09,CNY,1,11.1625,11.1625
2021-10-12,CNY,1,11.1281,11.1281
2021-10-13,CNY,1,11.1325,11.1325
2021-10-14,CNY,1,11.149,11.149
2021-10-15,CNY,1,11.1569,11.1569
2021-10-16,CNY,1,11.0802,11.0802
2021-10-19,CNY,1,11.0619,11.0619
2021-10-20,CNY,1,11.0871,11.0871
2021-10-21,CNY,1,11.1139,11.1139
2021-10-22,CNY,1,11.0947,11.0947
2021-10-23,CNY,1,11.089,11.089
2021-10-26,CNY,1,10.9908,10.9908
2021-10-27,CNY,1,10.8993,10.8993
2021-10-28,CNY,1,10.9188,10.9188
2021-10-29,CNY,1,11.0194,11.0194
2021-10-30,CNY,1,11.0188,11.0188
2021-11-02,CNY,1,11.101,11.101
2021-11-03,CNY,1,11.1704,11.1704
2021-11-04,CNY,1,11.1745,11.1745
2021-11-09,CNY,1,11.1595,11.1595
2021-11-10,CNY,1,11.1465,11.1465
2021-11-11,CNY,1,11.0601,11.0601
2021-11-12,CNY,1,11.1158,11.1158
2021-11-13,CNY,1,11.2369,11.2369
2021-11-16,CNY,1,11.3267,11.3267
2021-11-17,CNY,1,11.3768,11.3768
2021-11-18,CNY,1,11.4108,11.4108
2021-11-19,CNY,1,11.3773,11.3773
2021-11-20,CNY,1,11.4016,11.4016
2021-11-23,CNY,1,11.5175,11.5175
2021-11-24,CNY,1,11.7212,11.7212
2021-11-25,CNY,1,11.6427,11.6427
2021-11-26,CNY,1,11.6758,11.6758
2021-11-27,CNY,1,11.8266,11.8266
2021-11-30,CNY,1,11.7482,11.7482
2021-12-01,CNY,1,11.7547,11.7547
2021-12-02,CNY,1,11.6128,11.6128
2021-12-03,CNY,1,11.6213,11.6213
2021-12-04,CNY,1,11.578,11.578
2021-12-07,CNY,1,11.5622,11.5622
2021-12-08,CNY,1,11.6426,11.6426
2021-12-09,CNY,1,11.622,11.622
2021-12-10,CNY,1,11.6,11.6
2021-12-11,CNY,1,11.5542,11.5542
2021-12-14,CNY,1,11.536,11.536
2021-12-15,CNY,1,11.5466,11.5466
2021-12-16,CNY,1,11.6029,11.6029
2021-12-17,CNY,1,11.5525,11.5525
2021-12-18,CNY,1,11.5678,11.5678
2021-12-21,CNY,1,11.6482,11.6482
2021-12-22,CNY,1,11.5884,11.5884
2021-12-23,CNY,1,11.5796,11.5796
2021-12-24,CNY,1,11.5162,11.5162
2021-12-25,CNY,1,11.4907,11.4907
2021-12-28,CNY,1,11.4924,11.4924
2021-12-29,CNY,1,11.5353,11.5353
2021-12-30,CNY,1,11.5599,11.5599
2021-12-31,CNY,1,11.6503,11.6503
2022-01-11,CNY,1,11.7907,11.7907
2022-01-12,CNY,1,11.7446,11.7446
2022-01-13,CNY,1,11.7088,11.7088
2022-01-14,CNY,1,11.7246,11.7246
2022-01-15,CNY,1,11.9457,11.9457
2022-01-18,CNY,1,11.9798,11.9798
2022-01-19,CNY,1,12.018,12.018
2022-01-20,CNY,1,12.1011,12.1011
2022-01-21,CNY,1,12.052,12.052
2022-01-22,CNY,1,12.0972,12.0972
2022-01-25,CNY,1,12.219,12.219
2022-01-26,CNY,1,12.4324,12.4324
2022-01-27,CNY,1,12.4864,12.4864
2022-01-28,CNY,1,12.4054,12.4054
2022-01-29,CNY,1,12.2258,12.2258
2022-02-01,CNY,1,12.1789,12.1789
2022-02-02,CNY,1,12.1255,12.1255
2022-02-03,CNY,1,12.024,12.024
2022-02-04,CNY,1,12.05,12.05
2022-02-05,CNY,1,11.9558,11.9558
2022-02-08,CNY,1,11.9028,11.9028
2022-02-09,CNY,1,11.8243,11.8243
2022-02-10,CNY,1,11.7592,11.7592
2022-02-11,CNY,1,11.7502,11.7502
2022-02-12,CNY,1,11.7915,11.7915
2022-02-15,CNY,1,12.0416,12.0416
2022-02-16,CNY,1,11.9988,11.9988
2022-02-17,CNY,1,11.841,11.841
2022-02-18,CNY,1,11.9516,11.9516
2022-02-19,CNY,1,11.9751,11.9751
2022-02-22,CNY,1,12.1208,12.1208
2022-02-23,CNY,1,12.6927,12.6927
2022-02-25,CNY,1,13.7485,13.7485
2022-02-26,CNY,1,13.2325,13.2325
2022-03-01,CNY,1,14.8243,14.8243
2022-03-02,CNY,1,14.534,14.534
2022-03-03,CNY,1,16.3599,16.3599
2022-03-04,CNY,1,17.6869,17.6869
2022-03-05,CNY,1,16.7449,16.7449
2022-03-06,CNY,1,16.7425,16.7425
2022-03-10,CNY,1,18.3719,18.3719
2022-03-11,CNY,1,19.0415,19.0415
2022-03-12,CNY,1,18.4678,18.4678
2022-03-15,CNY,1,18.2218,18.2218
2022-03-16,CNY,1,17.4743,17.4743
2022-03-17,CNY,1,17.0155,17.0155
2022-03-18,CNY,1,16.5039,16.5039
2022-03-19,CNY,1,16.3332,16.3332
2022-03-22,CNY,1,16.4716,16.4716
2022-03-23,CNY,1,16.3582,16.3582
2022-03-24,CNY,1,16.1891,16.1891
2022-03-25,CNY,1,15.0771,15.0771
2022-03-26,CNY,1,15.031,15.031
2022-03-29,CNY,1,14.7104,14.7104
2022-03-30,CNY,1,13.555,13.555
2022-03-31,CNY,1,13.2388,13.2388
2022-04-01,CNY,1,13.1569,13.1569
2022-04-02,CNY,1,13.1111,13.1111
2022-04-05,CNY,1,13.1372,13.1372
2022-04-06,CNY,1,13.0993,13.0993
2022-04-07,CNY,1,12.9838,12.9838
2022-04-08,CNY,1,11.9862,11.9862
2022-04-09,CNY,1,11.7611,11.7611
2022-04-12,CNY,1,12.4234,12.4234
2022-04-13,CNY,1,12.5043,12.5043
2022-04-14,CNY,1,12.5374,12.5374
2022-04-15,CNY,1,12.7499,12.7499
2022-04-16,CNY,1,12.563,12.563
2022-04-19,CNY,1,12.4818,12.4818
2022-04-20,CNY,1,12.3602,12.3602
2022-04-21,CNY,1,12.0155,12.0155
2022-04-22,CNY,1,11.635,11.635
2022-04-23,CNY,1,11.3057,11.3057
2022-04-26,CNY,1,11.2289,11.2289
2022-04-27,CNY,1,11.1576,11.1576
2022-04-28,CNY,1,11.1223,11.1223
2022-04-29,CNY,1,10.9613,10.9613
2022-04-30,CNY,1,10.8518,10.8518
2022-05-05,CNY,1,10.4877,10.4877
2022-05-06,CNY,10,99.9646,9.99646
2022-05-07,CNY,1,10.0352,10.0352
2022-05-12,CNY,1,10.2029,10.2029
2022-05-13,CNY,10,96.905,9.6905
2022-05-14,CNY,10,93.6542,9.36542
2022-05-17,CNY,10,93.6231,9.36231
2022-05-18,CNY,10,94.4705,9.44705
2022-05-19,CNY,10,94.5947,9.45947
2022-05-20,CNY,10,92.395,9.2395
2022-05-21,CNY,10,88.8032,8.88032
2022-05-24,CNY,10,87.9854,8.79854
2022-05-25,CNY,10,87.0648,8.70648
2022-05-26,CNY,10,85.902,8.5902
2022-05-27,CNY,10,94.7641,9.47641
2022-05-28,CNY,1,10.0616,10.0616
2022-05-31,CNY,10,95.6025,9.56025
2022-06-01,CNY,10,94.0696,9.40696
2022-06-02,CNY,10,93.7092,9.37092
2022-06-03,CNY,10,93.5701,9.35701
2022-06-04,CNY,10,94.1664,9.41664
2022-06-07,CNY,10,93.0979,9.30979
2022-06-08,CNY,10,93.0036,9.30036
2022-06-09,CNY,10,92.6609,9.26609
2022-06-10,CNY,10,90.8111,9.08111
2022-06-11,CNY,10,88.9792,8.89792
2022-06-15,CNY,10,86.0514,8.60514
2022-06-16,CNY,10,85.4161,8.54161
2022-06-17,CNY,10,85.5449,8.55449
2022-06-18,CNY,10,85.5776,8.55776
2022-06-21,CNY,10,84.7402,8.47402
2022-06-22,CNY,10,82.6992,8.26992
2022-06-23,CNY,10,80.2259,8.02259
2022-06-24,CNY,10,80.0483,8.00483
2022-06-25,CNY,10,80.1826,8.01826
2022-06-28,CNY,10,80.4837,8.04837
2022-06-29,CNY,10,79.7616,7.97616
2022-06-30,CNY,10,76.9846,7.69846
2022-07-01,CNY,10,82.8897,8.28897
2022-07-02,CNY,10,85.9418,8.59418
2022-07-05,CNY,10,87.1399,8.71399
2022-07-06,CNY,10,89.4609,8.94609
2022-07-07,CNY,10,95.5793,9.55793
2022-07-08,CNY,10,95.9366,9.59366
2022-07-09,CNY,10,92.8268,9.28268
2022-07-12,CNY,10,92.1024,9.21024
2022-07-13,CNY,10,87.9476,8.79476
2022-07-14,CNY,10,87.2451,8.72451
2022-07-15,CNY,10,86.3954,8.63954
2022-07-16,CNY,10,85.7233,8.57233
2022-07-19,CNY,10,84.2641,8.42641
2022-07-20,CNY,10,82.5787,8.25787
2022-07-21,CNY,10,81.6011,8.16011
2022-07-22,CNY,10,83.9854,8.39854
2022-07-23,CNY,10,85.8282,8.58282
2022-07-26,CNY,10,86.3099,8.63099
2022-07-27,CNY,10,87.8717,8.78717
2022-07-28,CNY,10,90.4128,9.04128
2022-07-29,CNY,10,90.4549,9.04549
2022-07-30,CNY,10,92.1636,9.21636
2022-08-02,CNY,10,92.8229,9.28229
2022-08-03,CNY,10,89.5175,8.95175
2022-08-04,CNY,10,89.4465,8.94465
2022-08-05,CNY,10,89.3362,8.93362
2022-08-06,CNY,10,89.6876,8.96876
2022-08-09,CNY,10,89.613,8.9613
2022-08-10,CNY,10,89.5342,8.95342
2022-08-11,CNY,10,89.5251,8.95251
2022-08-12,CNY,10,90.0583,9.00583
2022-08-13,CNY,10,90.3978,9.03978
2022-08-16,CNY,10,90.4515,9.04515
2022-08-17,CNY,10,90.1556,9.01556
2022-08-18,CNY,10,89.5099,8.95099
2022-08-19,CNY,10,88.274,8.8274
2022-08-20,CNY,10,86.583,8.6583
2022-08-23,CNY,10,87.1277,8.71277
2022-08-24,CNY,10,87.1738,8.71738
2022-08-25,CNY,10,87.3526,8.73526
2022-08-26,CNY,10,87.1936,8.71936
2022-08-27,CNY,10,87.4478,8.74478
2022-08-30,CNY,10,87.2167,8.72167
2022-08-31,CNY,10,87.383,8.7383
2022-09-01,CNY,10,87.2611,8.72611
2022-09-02,CNY,10,87.2835,8.72835
2022-09-03,CNY,10,87.4365,8.74365
2022-09-06,CNY,10,87.8418,8.78418
2022-09-07,CNY,10,87.4706,8.74706
2022-09-08,CNY,10,87.565,8.7565
2022-09-09,CNY,10,87.3741,8.73741
2022-09-10,CNY,10,87.3512,8.73512
2022-09-13,CNY,10,87.2525,8.72525
2022-09-14,CNY,10,86.6164,8.66164
2022-09-15,CNY,10,85.6771,8.56771
2022-09-16,CNY,10,85.4232,8.54232
2022-09-17,CNY,10,85.4611,8.54611
2022-09-20,CNY,10,85.5472,8.55472
2022-09-21,CNY,10,85.4169,8.54169
2022-09-22,CNY,10,86.0242,8.60242
2022-09-23,CNY,10,84.3825,8.43825
2022-09-24,CNY,10,81.5329,8.15329
2022-09-27,CNY,10,80.9047,8.09047
2022-09-28,CNY,10,81.0556,8.10556
2022-09-29,CNY,10,80.72,8.072
2022-09-30,CNY,10,79.8495,7.98495
2022-10-01,CNY,10,81.5532,8.15532
2022-10-04,CNY,10,81.3315,8.13315
2022-10-05,CNY,10,81.823,8.1823
2022-10-06,CNY,10,83.637,8.3637
2022-10-07,CNY,10,85.9078,8.59078
2022-10-08,CNY,10,85.9359,8.59359
2022-10-11,CNY,10,86.1548,8.61548
2022-10-12,CNY,10,87.5241,8.75241
2022-10-13,CNY,10,86.698,8.6698
2022-10-14,CNY,10,87.0486,8.70486
2022-10-15,CNY,10,86.9152,8.69152
2022-10-18,CNY,10,85.2304,8.52304
2022-10-19,CNY,10,85.0975,8.50975
2022-10-20,CNY,10,84.5711,8.45711
2022-10-21,CNY,10,84.5185,8.45185
2022-10-22,CNY,10,83.732,8.3732
2022-10-25,CNY,10,83.2169,8.32169
2022-10-26,CNY,10,83.2416,8.32416
2022-10-27,CNY,10,84.7845,8.47845
2022-10-28,CNY,10,84.3967,8.43967
2022-10-29,CNY,10,84.3159,8.43159
2022-11-01,CNY,10,83.9469,8.39469
2022-11-02,CNY,10,84.0548,8.40548
2022-11-03,CNY,10,84.2847,8.42847
2022-11-04,CNY,10,84.3037,8.43037
2022-11-08,CNY,10,84.3154,8.43154
2022-11-09,CNY,10,83.6997,8.36997
2022-11-10,CNY,10,83.9724,8.39724
2022-11-11,CNY,10,84.0456,8.40456
2022-11-12,CNY,10,84.4637,8.44637
2022-11-15,CNY,10,85.4248,8.54248
2022-11-16,CNY,10,85.3691,8.53691
2022-11-17,CNY,10,85.0026,8.50026
2022-11-18,CNY,10,84.4679,8.44679
2022-11-19,CNY,10,84.7201,8.47201
2022-11-22,CNY,10,84.7557,8.47557
2022-11-23,CNY,10,84.7222,8.47222
2022-11-24,CNY,10,84.3616,8.43616
2022-11-25,CNY,10,84.38,8.438
2022-11-26,CNY,10,84.2448,8.42448
2022-11-29,CNY,10,84.1256,8.41256
2022-11-30,CNY,10,84.8798,8.48798
2022-12-01,CNY,10,85.3746,8.53746
2022-12-02,CNY,10,86.3709,8.63709
2022-12-03,CNY,10,87.8395,8.78395
2022-12-06,CNY,10,89.3117,8.93117
2022-12-07,CNY,10,89.6835,8.96835
2022-12-08,CNY,10,89.9043,8.99043
2022-12-09,CNY,10,89.7431,8.97431
2022-12-10,CNY,10,89.6236,8.96236
2022-12-13,CNY,10,89.8436,8.98436
2022-12-14,CNY,10,90.3731,9.03731
2022-12-15,CNY,10,91.0864,9.10864
2022-12-16,CNY,10,92.0786,9.20786
2022-12-17,CNY,10,92.4382,9.24382
2022-12-20,CNY,10,94.9964,9.49964
2022-12-21,CNY,10,98.7901,9.87901
2022-12-22,CNY,1,10.0836,10.0836
2022-12-23,CNY,1,10.26,10.26
2022-12-24,CNY,10,97.5884,9.75884
2022-12-27,CNY,10,97.3334,9.73334
2022-12-28,CNY,10,99.4575,9.94575
2022-12-29,CNY,1,10.1469,10.1469
2022-12-30,CNY,1,10.1306,10.1306
2022-12-31,CNY,10,98.9492,9.89492
2023-01-10,CNY,1,10.2867,10.2867
2023-01-11,CNY,1,10.22,10.22
2023-01-12,CNY,1,10.1396,10.1396
2023-01-13,CNY,1,10.0016,10.0016
2023-01-14,CNY,1,10.0307,10.0307
2023-01-17,CNY,1,10.1368,10.1368
2023-01-18,CNY,1,10.1146,10.1146
2023-01-19,CNY,1,10.1751,10.1751
2023-01-20,CNY,1,10.132,10.132
2023-01-21,CNY,1,10.1227,10.1227
2023-01-24,CNY,1,10.1125,10.1125
2023-01-25,CNY,1,10.111,10.111
2023-01-26,CNY,1,10.1479,10.1479
2023-01-27,CNY,1,10.2491,10.2491
2023-01-28,CNY,1,10.2525,10.2525
2023-01-31,CNY,1,10.3077,10.3077
2023-02-01,CNY,1,10.4259,10.4259
2023-02-02,CNY,1,10.3905,10.3905
2023-02-03,CNY,1,10.4037,10.4037
2023-02-04,CNY,1,10.4217,10.4217
2023-02-07,CNY,1,10.3815,10.3815
2023-02-08,CNY,1,10.4331,10.4331
2023-02-09,CNY,1,10.5391,10.5391
2023-02-10,CNY,1,10.7524,10.7524
2023-02-11,CNY,1,10.6916,10.6916
2023-02-14,CNY,1,10.7717,10.7717
2023-02-15,CNY,1,10.8227,10.8227
2023-02-16,CNY,1,10.8473,10.8473
2023-02-17,CNY,1,10.8855,10.8855
2023-02-18,CNY,1,10.8409,10.8409
2023-02-21,CNY,1,10.7797,10.7797
2023-02-22,CNY,1,10.8562,10.8562
2023-02-23,CNY,1,10.8398,10.8398
2023-02-28,CNY,1,10.7928,10.7928
2023-03-01,CNY,1,10.7467,10.7467
2023-03-02,CNY,1,10.9077,10.9077
2023-03-03,CNY,1,10.9089,10.9089
2023-03-04,CNY,1,10.9137,10.9137
2023-03-07,CNY,1,10.8754,10.8754
2023-03-08,CNY,1,10.8672,10.8672
2023-03-10,CNY,1,10.8623,10.8623
2023-03-11,CNY,1,10.8995,10.8995
2023-03-14,CNY,1,10.9313,10.9313
2023-03-15,CNY,1,10.9296,10.9296
2023-03-16,CNY,1,10.9704,10.9704
2023-03-17,CNY,1,11.0485,11.0485
2023-03-18,CNY,1,11.1226,11.1226
2023-03-21,CNY,1,11.2057,11.2057
2023-03-22,CNY,1,11.1652,11.1652
2023-03-23,CNY,1,11.1547,11.1547
2023-03-24,CNY,1,11.1662,11.1662
2023-03-25,CNY,1,11.1146,11.1146
2023-03-28,CNY,1,11.1098,11.1098
2023-03-29,CNY,1,11.1127,11.1127
2023-03-30,CNY,1,11.1622,11.1622
2023-03-31,CNY,1,11.1847,11.1847
2023-04-01,CNY,1,11.2411,11.2411
2023-04-04,CNY,1,11.3028,11.3028
2023-04-05,CNY,1,11.5308,11.5308
2023-04-06,CNY,1,11.5445,11.5445
2023-04-07,CNY,1,11.7039,11.7039
2023-04-08,CNY,1,11.9582,11.9582
2023-04-11,CNY,1,11.8746,11.8746
2023-04-12,CNY,1,11.9248,11.9248
2023-04-13,CNY,1,11.9142,11.9142
2023-04-14,CNY,1,11.8566,11.8566
2023-04-15,CNY,1,11.8803,11.8803
2023-04-18,CNY,1,11.852,11.852
2023-04-19,CNY,1,11.8482,11.8482
2023-04-20,CNY,1,11.8178,11.8178
2023-04-21,CNY,1,11.847,11.847
2023-04-22,CNY,1,11.8111,11.8111
2023-04-25,CNY,1,11.77,11.77
2023-04-26,CNY,1,11.7664,11.7664
2023-04-27,CNY,1,11.7626,11.7626
2023-04-28,CNY,1,11.7609,11.7609
2023-04-29,CNY,1,11.5659,11.5659
2023-05-03,CNY,1,11.4884,11.4884
2023-05-04,CNY,1,11.4456,11.4456
2023-05-05,CNY,1,11.3488,11.3488
2023-05-06,CNY,1,11.1158,11.1158
2023-05-11,CNY,1,11.039,11.039
2023-05-12,CNY,1,10.9119,10.9119
2023-05-13,CNY,1,11.0844,11.0844
2023-05-16,CNY,1,11.3467,11.3467
2023-05-17,CNY,1,11.464,11.464
2023-05-18,CNY,1,11.5124,11.5124
2023-05-19,CNY,1,11.3554,11.3554
2023-05-20,CNY,1,11.366,11.366
2023-05-23,CNY,1,11.3499,11.3499
2023-05-24,CNY,1,11.3504,11.3504
2023-05-25,CNY,1,11.3243,11.3243
2023-05-26,CNY,1,11.2816,11.2816
2023-05-27,CNY,1,11.3044,11.3044
2023-05-30,CNY,1,11.2901,11.2901
2023-05-31,CNY,1,11.3615,11.3615
2023-06-01,CNY,1,11.3697,11.3697
2023-06-02,CNY,1,11.3629,11.3629
2023-06-03,CNY,1,11.4139,11.4139
2023-06-06,CNY,1,11.415,11.415
2023-06-07,CNY,1,11.3892,11.3892
2023-06-08,CNY,1,11.4163,11.4163
2023-06-09,CNY,1,11.4896,11.4896
2023-06-10,CNY,1,11.5716,11.5716
2023-06-14,CNY,1,11.6681,11.6681
2023-06-15,CNY,1,11.7626,11.7626
2023-06-16,CNY,1,11.7356,11.7356
2023-06-17,CNY,1,11.733,11.733
2023-06-20,CNY,1,11.7153,11.7153
2023-06-21,CNY,1,11.7255,11.7255
2023-06-22,CNY,1,11.7059,11.7059
2023-06-23,CNY,1,11.6221,11.6221
2023-06-24,CNY,1,11.6455,11.6455
2023-06-27,CNY,1,11.6875,11.6875
2023-06-28,CNY,1,11.768,11.768
2023-06-29,CNY,1,11.7958,11.7958
2023-06-30,CNY,1,11.9894,11.9894
2023-07-01,CNY,1,12.1588,12.1588
2023-07-04,CNY,1,12.2923,12.2923
2023-07-05,CNY,1,12.3722,12.3722
2023-07-06,CNY,1,12.4484,12.4484
2023-07-07,CNY,1,12.7551,12.7551
2023-07-08,CNY,1,12.6377,12.6377
2023-07-11,CNY,1,12.6231,12.6231
2023-07-12,CNY,1,12.5491,12.5491
2023-07-13,CNY,1,12.5829,12.5829
2023-07-14,CNY,1,12.581,12.581
2023-07-15,CNY,1,12.6072,12.6072
2023-07-18,CNY,1,12.5927,12.5927
2023-07-19,CNY,1,12.6351,12.6351
2023-07-20,CNY,1,12.6303,12.6303
2023-07-21,CNY,1,12.6455,12.6455
2023-07-22,CNY,1,12.5784,12.5784
2023-07-25,CNY,1,12.5536,12.5536
2023-07-26,CNY,1,12.5988,12.5988
2023-07-27,CNY,1,12.5766,12.5766
2023-07-28,CNY,1,12.5897,12.5897
2023-07-29,CNY,1,12.6891,12.6891
2023-08-01,CNY,1,12.7949,12.7949
2023-08-02,CNY,1,12.7855,12.7855
2023-08-03,CNY,1,12.9223,12.9223
2023-08-04,CNY,1,13.0395,13.0395
2023-08-05,CNY,1,13.1755,13.1755
2023-08-08,CNY,1,13.41,13.41
2023-08-09,CNY,1,13.277,13.277
2023-08-10,CNY,1,13.4741,13.4741
2023-08-11,CNY,1,13.459,13.459
2023-08-12,CNY,1,13.5351,13.5351
2023-08-15,CNY,1,13.8741,13.8741
2023-08-16,CNY,1,13.3227,13.3227
2023-08-17,CNY,1,13.2065,13.2065
2023-08-18,CNY,1,12.7875,12.7875
2023-08-19,CNY,1,12.7545,12.7545
2023-08-22,CNY,1,12.862,12.862
2023-08-23,CNY,1,12.8734,12.8734
2023-08-24,CNY,1,12.9215,12.9215
2023-08-25,CNY,1,12.9407,12.9407
2023-08-26,CNY,1,12.972,12.972
2023-08-29,CNY,1,13.055,13.055
2023-08-30,CNY,1,13.1096,13.1096
2023-08-31,CNY,1,13.1311,13.1311
2023-09-01,CNY,1,13.1943,13.1943
2023-09-02,CNY,1,13.2479,13.2479
2023-09-05,CNY,1,13.2861,13.2861
2023-09-06,CNY,1,13.3402,13.3402
2023-09-07,CNY,1,13.3749,13.3749
2023-09-08,CNY,1,13.3787,13.3787
2023-09-09,CNY,1,13.3135,13.3135
2023-09-12,CNY,1,13.1975,13.1975
2023-09-13,CNY,1,12.9522,12.9522
2023-09-14,CNY,1,13.1735,13.1735
2023-09-15,CNY,1,13.1931,13.1931
2023-09-16,CNY,1,13.2672,13.2672
2023-09-19,CNY,1,13.2387,13.2387
2023-09-20,CNY,1,13.1695,13.1695
2023-09-21,CNY,1,13.2097,13.2097
2023-09-22,CNY,1,13.1335,13.1335
2023-09-23,CNY,1,13.1414,13.1414
2023-09-26,CNY,1,13.1394,13.1394
2023-09-27,CNY,1,13.1504,13.1504
2023-09-28,CNY,1,13.1852,13.1852
2023-09-29,CNY,1,13.2753,13.2753
2023-09-30,CNY,1,13.3587,13.3587
2023-10-03,CNY,1,13.4955,13.4955
2023-10-04,CNY,1,13.5556,13.5556
2023-10-05,CNY,1,13.5779,13.5779
2023-10-06,CNY,1,13.6183,13.6183
2023-10-07,CNY,1,13.7373,13.7373
2023-10-10,CNY,1,13.8926,13.8926
2023-10-11,CNY,1,13.6821,13.6821
2023-10-12,CNY,1,13.6982,13.6982
2023-10-13,CNY,1,13.284,13.284
2023-10-14,CNY,1,13.3026,13.3026
2023-10-17,CNY,1,13.2893,13.2893
2023-10-18,CNY,1,13.2855,13.2855
2023-10-19,CNY,1,13.2881,13.2881
2023-10-20,CNY,1,13.2533,13.2533
2023-10-21,CNY,1,13.0688,13.0688
2023-10-24,CNY,1,12.9219,12.9219
2023-10-25,CNY,1,12.766,12.766
2023-10-26,CNY,1,12.7084,12.7084
2023-10-27,CNY,1,12.7507,12.7507
2023-10-28,CNY,1,12.7122,12.7122
2023-10-31,CNY,1,12.7071,12.7071
2023-11-01,CNY,1,12.5339,12.5339
2023-11-02,CNY,1,12.7052,12.7052
2023-11-03,CNY,1,12.7042,12.7042
2023-11-04,CNY,1,12.6911,12.6911
2023-11-08,CNY,1,12.6656,12.6656
2023-11-09,CNY,1,12.663,12.663
2023-11-10,CNY,1,12.5998,12.5998
2023-11-11,CNY,1,12.5979,12.5979
2023-11-14,CNY,1,12.6122,12.6122
2023-11-15,CNY,1,12.4948,12.4948
2023-11-16,CNY,1,12.3348,12.3348
2023-11-17,CNY,1,12.2479,12.2479
2023-11-18,CNY,1,12.3104,12.3104
2023-11-21,CNY,1,12.323,12.323
2023-11-22,CNY,1,12.3009,12.3009
2023-11-23,CNY,1,12.3026,12.3026
2023-11-24,CNY,1,12.3225,12.3225
2023-11-25,CNY,1,12.3949,12.3949
2023-11-28,CNY,1,12.3842,12.3842
2023-11-29,CNY,1,12.3685,12.3685
2023-11-30,CNY,1,12.4527,12.4527
2023-12-01,CNY,1,12.3927,12.3927
2023-12-02,CNY,1,12.5479,12.5479
2023-12-05,CNY,1,12.6897,12.6897
2023-12-06,CNY,1,12.8073,12.8073
2023-12-07,CNY,1,12.9511,12.9511
2023-12-08,CNY,1,12.922,12.922
2023-12-09,CNY,1,12.7893,12.7893
2023-12-12,CNY,1,12.6503,12.6503
2023-12-13,CNY,1,12.5636,12.5636
2023-12-14,CNY,1,12.4993,12.4993
2023-12-15,CNY,1,12.5457,12.5457
2023-12-16,CNY,1,12.6091,12.6091
2023-12-19,CNY,1,12.6578,12.6578
2023-12-20,CNY,1,12.579,12.579
2023-12-21,CNY,1,12.6577,12.6577
2023-12-22,CNY,1,12.8124,12.8124
2023-12-23,CNY,1,12.8598,12.8598
2023-12-26,CNY,1,12.8379,12.8379
2023-12-27,CNY,1,12.7937,12.7937
2023-12-28,CNY,1,12.8011,12.8011
2023-12-29,CNY,1,12.6749,12.6749
2023-12-30,CNY,1,12.5762,12.5762
2024-01-10,CNY,1,12.5861,12.5861
2024-01-11,CNY,1,12.4305,12.4305
2024-01-12,CNY,1,12.363,12.363
2024-01-13,CNY,1,12.2428,12.2428
2024-01-16,CNY,1,12.152,12.152
2024-01-17,CNY,1,12.1217,12.1217
2024-01-18,CNY,1,12.1935,12.1935
2024-01-19,CNY,1,12.249,12.249
2024-01-20,CNY,1,12.2706,12.2706
2024-01-23,CNY,1,12.1803,12.1803
2024-01-24,CNY,1,12.2274,12.2274
2024-01-25,CNY,1,12.2887,12.2887
2024-01-26,CNY,1,12.327,12.327
2024-01-27,CNY,1,12.4375,12.4375
2024-01-30,CNY,1,12.449,12.449
2024-01-31,CNY,1,12.4066,12.4066
2024-02-01,CNY,1,12.458,12.458
2024-02-02,CNY,1,12.5357,12.5357
2024-02-03,CNY,1,12.6002,12.6002
2024-02-06,CNY,1,12.6335,12.6335
2024-02-07,CNY,1,12.5926,12.5926
2024-02-08,CNY,1,12.6484,12.6484
2024-02-09,CNY,1,12.6352,12.6352
2024-02-10,CNY,1,12.5407,12.5407
2024-02-13,CNY,1,12.5526,12.5526
2024-02-14,CNY,1,12.5814,12.5814
2024-02-15,CNY,1,12.5833,12.5833
2024-02-16,CNY,1,12.6566,12.6566
2024-02-17,CNY,1,12.7418,12.7418
2024-02-20,CNY,1,12.7662,12.7662
2024-02-21,CNY,1,12.797,12.797
2024-02-22,CNY,1,12.8039,12.8039
2024-02-23,CNY,1,12.7951,12.7951
2024-02-27,CNY,1,12.7809,12.7809
2024-02-28,CNY,1,12.7357,12.7357
2024-02-29,CNY,1,12.7085,12.7085
2024-03-01,CNY,1,12.5675,12.5675
2024-03-02,CNY,1,12.6316,12.6316
2024-03-05,CNY,1,12.6478,12.6478
2024-03-06,CNY,1,12.618,12.618
2024-03-07,CNY,1,12.5061,12.5061
2024-03-08,CNY,1,12.5756,12.5756
2024-03-12,CNY,1,12.5938,12.5938
2024-03-13,CNY,1,12.644,12.644
2024-03-14,CNY,1,12.7041,12.7041
2024-03-15,CNY,1,12.7151,12.7151
2024-03-16,CNY,1,12.7328,12.7328
2024-03-19,CNY,1,12.7501,12.7501
2024-03-20,CNY,1,12.7729,12.7729
2024-03-21,CNY,1,12.8337,12.8337
2024-03-22,CNY,1,12.7519,12.7519
2024-03-23,CNY,1,12.7445,12.7445
2024-03-26,CNY,1,12.7893,12.7893
2024-03-27,CNY,1,12.7844,12.7844
2024-03-28,CNY,1,12.7477,12.7477
2024-03-29,CNY,1,12.6979,12.6979
2024-03-30,CNY,1,12.671,12.671
2024-04-02,CNY,1,12.6872,12.6872
2024-04-03,CNY,1,12.7211,12.7211
2024-04-04,CNY,1,12.7145,12.7145
2024-04-05,CNY,1,12.7143,12.7143
2024-04-06,CNY,1,12.7602,12.7602
2024-04-09,CNY,1,12.7696,12.7696
2024-04-10,CNY,1,12.8004,12.8004
2024-04-11,CNY,1,12.873,12.873
2024-04-12,CNY,1,12.9119,12.9119
2024-04-13,CNY,1,12.8685,12.8685
2024-04-16,CNY,1,12.8844,12.8844
2024-04-17,CNY,1,12.9331,12.9331
2024-04-18,CNY,1,13.0,13.0
2024-04-19,CNY,1,12.976,12.976
2024-04-20,CNY,1,12.8816,12.8816
2024-04-23,CNY,1,12.8484,12.8484
2024-04-24,CNY,1,12.8396,12.8396
2024-04-25,CNY,1,12.7183,12.7183
2024-04-26,CNY,1,12.6716,12.6716
2024-04-27,CNY,1,12.6347,12.6347
2024-04-28,CNY,1,12.5657,12.5657
2024-05-03,CNY,1,12.6821,12.6821
2024-05-04,CNY,1,12.6972,12.6972
2024-05-07,CNY,1,12.6453,12.6453
2024-05-08,CNY,1,12.5962,12.5962
2024-05-09,CNY,1,12.6243,12.6243
2024-05-14,CNY,1,12.623,12.623
2024-05-15,CNY,1,12.6025,12.6025
2024-05-16,CNY,1,12.6113,12.6113
2024-05-17,CNY,1,12.5832,12.5832
2024-05-18,CNY,1,12.5753,12.5753
2024-05-21,CNY,1,12.51,12.51
2024-05-22,CNY,1,12.4613,12.4613
2024-05-23,CNY,1,12.4274,12.4274
2024-05-24,CNY,1,12.4266,12.4266
2024-05-25,CNY,1,12.33,12.33
2024-05-28,CNY,1,12.1903,12.1903
2024-05-29,CNY,1,12.1628,12.1628
2024-05-30,CNY,1,12.2752,12.2752
2024-05-31,CNY,1,12.365,12.365
2024-06-01,CNY,1,12.4028,12.4028
2024-06-04,CNY,1,12.3011,12.3011
2024-06-05,CNY,1,12.2248,12.2248
2024-06-06,CNY,1,12.2244,12.2244
2024-06-07,CNY,1,12.2251,12.2251
2024-06-08,CNY,1,12.229,12.229
2024-06-11,CNY,1,12.2213,12.2213
2024-06-12,CNY,1,12.231,12.231
2024-06-14,CNY,1,12.0408,12.0408
2024-06-15,CNY,1,12.1629,12.1629
2024-06-18,CNY,1,12.1267,12.1267
2024-06-19,CNY,1,11.7964,11.7964
2024-06-20,CNY,1,11.1652,11.1652
2024-06-21,CNY,1,11.5185,11.5185
2024-06-22,CNY,1,12.0455,12.0455
2024-06-25,CNY,1,11.8582,11.8582
2024-06-26,CNY,1,11.8105,11.8105
2024-06-27,CNY,1,11.8748,11.8748
2024-06-28,CNY,1,11.4753,11.4753
2024-06-29,CNY,1,11.5756,11.5756
2024-07-02,CNY,1,11.8019,11.8019
2024-07-03,CNY,1,11.9017,11.9017
2024-07-04,CNY,1,11.8936,11.8936
2024-07-05,CNY,1,11.9896,11.9896
2024-07-06,CNY,1,12.0058,12.0058
2024-07-09,CNY,1,11.9804,11.9804
2024-07-10,CNY,1,11.9469,11.9469
2024-07-11,CNY,1,11.9596,11.9596
2024-07-12,CNY,1,11.9987,11.9987
2024-07-13,CNY,1,11.9766,11.9766
2024-07-16,CNY,1,11.9791,11.9791
2024-07-17,CNY,1,12.0492,12.0492
2024-07-18,CNY,1,12.0537,12.0537
2024-07-19,CNY,1,12.0227,12.0227
2024-07-20,CNY,1,12.0335,12.0335
2024-07-23,CNY,1,11.974,11.974
2024-07-24,CNY,1,11.9062,11.9062
2024-07-25,CNY,1,11.8263,11.8263
2024-07-26,CNY,1,11.7408,11.7408
2024-07-27,CNY,1,11.7296,11.7296
2024-07-30,CNY,1,11.8567,11.8567
2024-07-31,CNY,1,11.8368,11.8368
2024-08-01,CNY,1,11.8747,11.8747
2024-08-02,CNY,1,11.7918,11.7918
2024-08-03,CNY,1,11.8307,11.8307
2024-08-06,CNY,1,11.8289,11.8289
2024-08-07,CNY,1,11.789,11.789
2024-08-08,CNY,1,11.8074,11.8074
2024-08-09,CNY,1,11.8664,11.8664
2024-08-10,CNY,1,11.8911,11.8911
2024-08-13,CNY,1,11.8576,11.8576
2024-08-14,CNY,1,12.0233,12.0233
2024-08-15,CNY,1,12.0672,12.0672
2024-08-16,CNY,1,11.9319,11.9319
2024-08-17,CNY,1,12.0542,12.0542
2024-08-20,CNY,1,12.1204,12.1204
2024-08-21,CNY,1,12.1161,12.1161
2024-08-22,CNY,1,12.2114,12.2114
2024-08-23,CNY,1,11.9567,11.9567
2024-08-24,CNY,1,11.7747,11.7747
2024-08-27,CNY,1,11.6863,11.6863
2024-08-28,CNY,1,11.7513,11.7513
2024-08-29,CNY,1,11.8357,11.8357
2024-08-30,CNY,1,11.9057,11.9057
2024-08-31,CNY,1,12.0151,12.0151
2024-09-03,CNY,1,12.0532,12.0532
2024-09-04,CNY,1,12.1106,12.1106
2024-09-05,CNY,1,12.5086,12.5086
2024-09-06,CNY,1,12.5054,12.5054
2024-09-07,CNY,1,12.5387,12.5387
2024-09-10,CNY,1,12.6262,12.6262
2024-09-11,CNY,1,12.6952,12.6952
2024-09-12,CNY,1,12.7173,12.7173
2024-09-13,CNY,1,12.7362,12.7362
2024-09-14,CNY,1,12.7178,12.7178
2024-09-17,CNY,1,12.7762,12.7762
2024-09-18,CNY,1,12.9226,12.9226
2024-09-19,CNY,1,12.9451,12.9451
2024-09-20,CNY,1,13.1028,13.1028
2024-09-21,CNY,1,13.0425,13.0425
2024-09-24,CNY,1,13.1134,13.1134
2024-09-25,CNY,1,13.216,13.216
2024-09-26,CNY,1,13.0939,13.0939
2024-09-27,CNY,1,13.1451,13.1451
2024-09-28,CNY,1,13.2163,13.2163
2024-10-01,CNY,1,13.2425,13.2425
2024-10-02,CNY,1,13.1959,13.1959
2024-10-03,CNY,1,13.3914,13.3914
2024-10-04,CNY,1,13.4808,13.4808
2024-10-05,CNY,1,13.4127,13.4127
2024-10-08,CNY,1,13.5537,13.5537
2024-10-09,CNY,1,13.581,13.581
2024-10-10,CNY,1,13.6869,13.6869
2024-10-11,CNY,1,13.6922,13.6922
2024-10-12,CNY,1,13.4752,13.4752
2024-10-15,CNY,1,13.4987,13.4987
2024-10-16,CNY,1,13.5683,13.5683
2024-10-17,CNY,1,13.5917,13.5917
2024-10-18,CNY,1,13.5487,13.5487
2024-10-19,CNY,1,13.4631,13.4631
2024-10-22,CNY,1,13.4733,13.4733
2024-10-23,CNY,1,13.5463,13.5463
2024-10-24,CNY,1,13.5192,13.5192
2024-10-25,CNY,1,13.5348,13.5348
2024-10-26,CNY,1,13.5007,13.5007
2024-10-29,CNY,1,13.6103,13.6103
2024-10-30,CNY,1,13.5954,13.5954
2024-10-31,CNY,1,13.5876,13.5876
2024-11-01,CNY,1,13.6068,13.6068
2024-11-02,CNY,1,13.6394,13.6394
2024-11-03,CNY,1,13.6731,13.6731
2024-11-06,CNY,1,13.7539,13.7539
2024-11-07,CNY,1,13.6395,13.6395
2024-11-08,CNY,1,13.624,13.624
2024-11-09,CNY,1,13.594,13.594
2024-11-12,CNY,1,13.552,13.552
2024-11-13,CNY,1,13.4951,13.4951
2024-11-14,CNY,1,13.598,13.598
2024-11-15,CNY,1,13.6596,13.6596
2024-11-16,CNY,1,13.7992,13.7992
2024-11-19,CNY,1,13.7597,13.7597
2024-11-20,CNY,1,13.7744,13.7744
2024-11-21,CNY,1,13.8224,13.8224
2024-11-22,CNY,1,13.8821,13.8821
2024-11-23,CNY,1,13.9427,13.9427
2024-11-26,CNY,1,14.2057,14.2057
2024-11-27,CNY,1,14.4449,14.4449
2024-11-28,CNY,1,14.8382,14.8382
2024-11-29,CNY,1,14.6653,14.6653
2024-11-30,CNY,1,14.7233,14.7233
2024-12-03,CNY,1,14.6258,14.6258
2024-12-04,CNY,1,14.5545,14.5545
2024-12-05,CNY,1,14.2565,14.2565
2024-12-06,CNY,1,14.1399,14.1399
2024-12-07,CNY,1,13.597,13.597
2024-12-10,CNY,1,13.524,13.524
2024-12-11,CNY,1,13.6566,13.6566
2024-12-12,CNY,1,13.8539,13.8539
2024-12-13,CNY,1,13.9594,13.9594
2024-12-14,CNY,1,14.0096,14.0096
2024-12-17,CNY,1,13.8603,13.8603
2024-12-18,CNY,1,13.9613,13.9613
2024-12-19,CNY,1,14.0761,14.0761
2024-12-20,CNY,1,14.186,14.186
2024-12-21,CNY,1,13.9897,13.9897
2024-12-24,CNY,1,13.8254,13.8254
2024-12-25,CNY,1,13.6624,13.6624
2024-12-26,CNY,1,13.6054,13.6054
2024-12-27,CNY,1,13.4716,13.4716
2024-12-28,CNY,1,13.4434,13.4434
2024-12-29,CNY,1,13.4272,13.4272
2025-01-10,CNY,1,13.6934,13.6934
2025-01-11,CNY,1,13.6866,13.6866
2025-01-14,CNY,1,13.8184,13.8184
2025-01-15,CNY,1,13.9486,13.9486
2025-01-16,CNY,1,13.9197,13.9197
2025-01-17,CNY,1,13.9143,13.9143
2025-01-18,CNY,1,13.9338,13.9338
2025-01-21,CNY,1,13.8302,13.8302
2025-01-22,CNY,1,13.737,13.737
2025-01-23,CNY,1,13.5443,13.5443
2025-01-24,CNY,1,13.5786,13.5786
2025-01-25,CNY,1,13.5101,13.5101
2025-01-28,CNY,1,13.3806,13.3806
2025-01-29,CNY,1,13.4568,13.4568
2025-01-30,CNY,1,13.3817,13.3817
2025-01-31,CNY,1,13.3729,13.3729
2025-02-01,CNY,1,13.2638,13.2638
2025-02-04,CNY,1,13.4095,13.4095
2025-02-05,CNY,1,13.2985,13.2985
2025-02-06,CNY,1,13.249,13.249
2025-02-07,CNY,1,13.0503,13.0503
2025-02-08,CNY,1,13.2365,13.2365
2025-02-11,CNY,1,13.2421,13.2421
2025-02-12,CNY,1,13.0258,13.0258
2025-02-13,CNY,1,12.7702,12.7702
2025-02-14,CNY,1,12.3356,12.3356
2025-02-15,CNY,1,12.3668,12.3668
2025-02-18,CNY,1,12.4935,12.4935
2025-02-19,CNY,1,12.4167,12.4167
2025-02-20,CNY,1,12.3608,12.3608
2025-02-21,CNY,1,12.1252,12.1252
2025-02-22,CNY,1,12.043,12.043
2025-02-25,CNY,1,12.0634,12.0634
2025-02-26,CNY,1,11.8002,11.8002
2025-02-27,CNY,1,11.737,11.737
2025-02-28,CNY,1,11.9563,11.9563
2025-03-01,CNY,1,12.0754,12.0754
2025-03-04,CNY,1,12.1658,12.1658
2025-03-05,CNY,1,12.1906,12.1906
2025-03-06,CNY,1,12.289,12.289
2025-03-07,CNY,1,12.2892,12.2892
2025-03-08,CNY,1,12.2387,12.2387
2025-03-11,CNY,1,12.0798,12.0798
2025-03-12,CNY,1,11.8458,11.8458
2025-03-13,CNY,1,11.9242,11.9242
2025-03-14,CNY,1,11.873,11.873
2025-03-15,CNY,1,11.8167,11.8167
2025-03-18,CNY,1,11.6,11.6
2025-03-19,CNY,1,11.2232,11.2232
2025-03-20,CNY,1,11.4337,11.4337
2025-03-21,CNY,1,11.6019,11.6019
2025-03-22,CNY,1,11.5779,11.5779
2025-03-25,CNY,1,11.461,11.461
2025-03-26,CNY,1,11.5572,11.5572
2025-03-27,CNY,1,11.5225,11.5225
2025-03-28,CNY,1,11.497,11.497
2025-03-29,CNY,1,11.4575,11.4575
2025-04-01,CNY,1,11.7136,11.7136
2025-04-02,CNY,1,11.6029,11.6029
2025-04-03,CNY,1,11.5258,11.5258
2025-04-04,CNY,1,11.4818,11.4818
2025-04-05,CNY,1,11.6044,11.6044
2025-04-08,CNY,1,11.7286,11.7286
2025-04-09,CNY,1,11.5664,11.5664
2025-04-10,CNY,1,11.6352,11.6352
2025-04-11,CNY,1,11.5336,11.5336
2025-04-12,CNY,1,11.4471,11.4471
2025-04-15,CNY,1,11.2274,11.2274
2025-04-16,CNY,1,11.164,11.164
2025-04-17,CNY,1,11.2812,11.2812
2025-04-18,CNY,1,11.1915,11.1915
2025-04-19,CNY,1,11.0889,11.0889
2025-04-22,CNY,1,11.0648,11.0648
2025-04-23,CNY,1,11.1123,11.1123
2025-04-24,CNY,1,11.3388,11.3388
2025-04-25,CNY,1,11.3979,11.3979
2025-04-26,CNY,1,11.3506,11.3506
2025-04-29,CNY,1,11.2761,11.2761
2025-04-30,CNY,1,11.2016,11.2016
2025-05-01,CNY,1,11.1713,11.1713
2025-05-06,CNY,1,11.3025,11.3025
2025-05-07,CNY,1,11.2155,11.2155
2025-05-08,CNY,1,11.1819,11.1819
2025-05-13,CNY,1,11.1789,11.1789
2025-05-14,CNY,1,11.1573,11.1573
2025-05-15,CNY,1,11.1128,11.1128
2025-05-16,CNY,1,11.1143,11.1143
2025-05-17,CNY,1,11.1593,11.1593
2025-05-20,CNY,1,11.1179,11.1179
2025-05-21,CNY,1,11.1625,11.1625
2025-05-22,CNY,1,11.0876,11.0876
2025-05-23,CNY,1,11.0101,11.0101
2025-05-24,CNY,1,11.0772,11.0772
2025-05-27,CNY,1,11.0802,11.0802
2025-05-28,CNY,1,11.1014,11.1014
2025-05-29,CNY,1,11.0504,11.0504
2025-05-30,CNY,1,10.894,10.894
2025-05-31,CNY,1,10.8897,10.8897
2025-06-03,CNY,1,10.9452,10.9452
2025-06-04,CNY,1,10.9128,10.9128
2025-06-05,CNY,1,10.8685,10.8685
2025-06-06,CNY,1,11.0208,11.0208
2025-06-07,CNY,1,11.011,11.011
2025-06-10,CNY,1,10.9784,10.9784
2025-06-11,CNY,1,10.9057,10.9057
2025-06-12,CNY,1,10.9317,10.9317
2025-06-17,CNY,1,10.8979,10.8979
2025-06-18,CNY,1,10.921,10.921
2025-06-19,CNY,1,10.8728,10.8728
2025-06-20,CNY,1,10.8605,10.8605
2025-06-21,CNY,1,10.9021,10.9021
2025-06-24,CNY,1,10.8691,10.8691
2025-06-25,CNY,1,10.9657,10.9657
2025-06-26,CNY,1,10.9069,10.9069
2025-06-27,CNY,1,10.9343,10.9343
2025-06-28,CNY,1,10.9433,10.9433
2025-07-01,CNY,1,10.9298,10.9298
2025-07-02,CNY,1,10.9384,10.9384
2025-07-03,CNY,1,10.9465,10.9465
2025-07-04,CNY,1,10.9852,10.9852
2025-07-05,CNY,1,10.9947,10.9947
2025-07-08,CNY,1,10.9808,10.9808
2025-07-09,CNY,1,10.8597,10.8597
2025-07-10,CNY,1,10.8494,10.8494
2025-07-11,CNY,1,10.8185,10.8185
2025-07-12,CNY,1,10.8435,10.8435
2025-07-15,CNY,1,10.8932,10.8932
2025-07-16,CNY,1,10.8353,10.8353
2025-07-17,CNY,1,10.8414,10.8414
2025-07-18,CNY,1,10.8787,10.8787
2025-07-19,CNY,1,10.8959,10.8959
2025-07-22,CNY,1,10.891,10.891
2025-07-23,CNY,1,10.8829,10.8829
2025-07-24,CNY,1,10.9593,10.9593
2025-07-25,CNY,1,11.0652,11.0652
2025-07-26,CNY,1,11.0659,11.0659
2025-07-29,CNY,1,11.1209,11.1209
2025-07-30,CNY,1,11.427,11.427
2025-07-31,CNY,1,11.3683,11.3683
2025-08-01,CNY,1,11.0928,11.0928
2025-08-02,CNY,1,11.0899,11.0899
2025-08-05,CNY,1,11.067,11.067
2025-08-06,CNY,1,11.1036,11.1036
2025-08-07,CNY,1,11.1165,11.1165
2025-08-08,CNY,1,11.017,11.017
2025-08-09,CNY,1,11.0665,11.0665
2025-08-12,CNY,1,11.0514,11.0514
2025-08-13,CNY,1,11.0609,11.0609
2025-08-14,CNY,1,11.0667,11.0667
2025-08-15,CNY,1,11.094,11.094
2025-08-16,CNY,1,11.1072,11.1072
2025-08-19,CNY,1,11.1547,11.1547
2025-08-20,CNY,1,11.1702,11.1702
2025-08-21,CNY,1,11.1451,11.1451
2025-08-22,CNY,1,11.1562,11.1562
2025-08-23,CNY,1,11.1982,11.1982
2025-08-26,CNY,1,11.2615,11.2615
2025-08-27,CNY,1,11.1844,11.1844
2025-08-28,CNY,1,11.2009,11.2009
2025-08-29,CNY,1,11.2382,11.2382
2025-08-30,CNY,1,11.2713,11.2713
2025-09-02,CNY,1,11.2618,11.2618
2025-09-03,CNY,1,11.2557,11.2557
2025-09-04,CNY,1,11.2981,11.2981
2025-09-05,CNY,1,11.3536,11.3536
2025-09-06,CNY,1,11.3884,11.3884
2025-09-09,CNY,1,11.4746,11.4746
2025-09-10,CNY,1,11.6934,11.6934
2025-09-11,CNY,1,11.8961,11.8961
2025-09-12,CNY,1,11.9373,11.9373
2025-09-13,CNY,1,11.8263,11.8263
2025-09-16,CNY,1,11.5949,11.5949
2025-09-17,CNY,1,11.6052,11.6052
2025-09-18,CNY,1,11.6623,11.6623
2025-09-19,CNY,1,11.6661,11.6661
2025-09-20,CNY,1,11.706,11.706
2025-09-23,CNY,1,11.7292,11.7292
2025-09-24,CNY,1,11.7014,11.7014
2025-09-25,CNY,1,11.7231,11.7231
2025-09-26,CNY,1,11.7064,11.7064
2025-09-27,CNY,1,11.6751,11.6751
2025-09-30,CNY,1,11.5978,11.5978
2025-10-01,CNY,1,11.5548,11.5548
2025-10-02,CNY,1,11.392,11.392
2025-10-03,CNY,1,11.3342,11.3342
2025-10-04,CNY,1,11.4165,11.4165
2025-10-07,CNY,1,11.5581,11.5581
2025-10-08,CNY,1,11.3685,11.3685
2025-10-09,CNY,1,11.3476,11.3476
2025-10-10,CNY,1,11.3642,11.3642
2025-10-11,CNY,1,11.3626,11.3626
2025-10-14,CNY,1,11.2816,11.2816
2025-10-15,CNY,1,11.119,11.119
2025-10-16,CNY,1,11.0216,11.0216
2025-10-17,CNY,1,11.0623,11.0623
2025-10-18,CNY,1,11.3435,11.3435
2025-10-21,CNY,1,11.354,11.354
2025-10-22,CNY,1,11.3645,11.3645
2025-10-23,CNY,1,11.4541,11.4541
2025-10-24,CNY,1,11.3733,11.3733
2025-10-25,CNY,1,11.3079,11.3079
2025-10-28,CNY,1,11.0648,11.0648
2025-10-29,CNY,1,11.1921,11.1921
2025-10-30,CNY,1,11.1707,11.1707
2025-10-31,CNY,1,11.2952,11.2952
2025-11-01,CNY,1,11.3408,11.3408
2025-11-02,CNY,1,11.2449,11.2449
2025-11-06,CNY,1,11.3362,11.3362
2025-11-07,CNY,1,11.3674,11.3674
2025-11-08,CNY,1,11.3561,11.3561
2025-11-11,CNY,1,11.3506,11.3506
2025-11-12,CNY,1,11.413,11.413
2025-11-13,CNY,1,11.3731,11.3731
2025-11-14,CNY,1,11.3214,11.3214
2025-11-15,CNY,1,11.4021,11.4021
2025-11-18,CNY,1,11.4002,11.4002
2025-11-19,CNY,1,11.381,11.381
2025-11-20,CNY,1,11.3434,11.3434
2025-11-21,CNY,1,11.2795,11.2795
2025-11-22,CNY,1,11.0576,11.0576
2025-11-25,CNY,1,11.0516,11.0516
2025-11-26,CNY,1,11.1052,11.1052
2025-11-27,CNY,1,11.079,11.079
2025-11-28,CNY,1,11.025,11.025
2025-11-29,CNY,1,11.0211,11.0211
2025-12-02,CNY,1,10.9581,10.9581
2025-12-03,CNY,1,10.9251,10.9251
2025-12-04,CNY,1,10.9762,10.9762
2025-12-05,CNY,1,10.8487,10.8487
2025-12-06,CNY,1,10.7328,10.7328
2025-12-09,CNY,1,10.8283,10.8283
2025-12-10,CNY,1,10.834,10.834
2025-12-11,CNY,1,10.9644,10.9644
2025-12-12,CNY,1,11.1867,11.1867
2025-12-13,CNY,1,11.2726,11.2726
2025-12-16,CNY,1,11.2151,11.2151
2025-12-17,CNY,1,11.2567,11.2567
2025-12-18,CNY,1,11.3698,11.3698
2025-12-19,CNY,1,11.3328,11.3328
2025-12-20,CNY,1,11.4463,11.4463
2025-12-23,CNY,1,11.2308,11.2308
2025-12-24,CNY,1,11.1497,11.1497
2025-12-25,CNY,1,11.1824,11.1824
2025-12-26,CNY,1,11.0773,11.0773
2025-12-27,CNY,1,11.0449,11.0449
2025-12-30,CNY,1,11.0501,11.0501
2025-12-31,CNY,1,11.1592,11.1592
2026-01-13,CNY,1,11.2856,11.2856
2026-01-14,CNY,1,11.2763,11.2763
2026-01-15,CNY,1,11.2419,11.2419
2026-01-16,CNY,1,11.2402,11.2402
2026-01-17,CNY,1,11.151,11.151
2026-01-20,CNY,1,11.1604,11.1604
2026-01-21,CNY,1,11.1691,11.1691
2026-01-22,CNY,1,11.111,11.111
2026-01-23,CNY,1,10.8646,10.8646
2026-01-24,CNY,1,10.8724,10.8724
2026-01-27,CNY,1,10.9315,10.9315
2026-01-28,CNY,1,10.9751,10.9751
2026-01-29,CNY,1,10.943,10.943
2026-01-30,CNY,1,10.9002,10.9002
2026-01-31,CNY,1,10.8689,10.8689
2026-02-03,CNY,1,11.0538,11.0538
2026-02-04,CNY,1,11.0638,11.0638
2026-02-05,CNY,1,11.0515,11.0515
2026-02-06,CNY,1,10.9931,10.9931
2026-02-07,CNY,1,11.1061,11.1061
2026-02-10,CNY,1,11.1677,11.1677
2026-02-11,CNY,1,11.1533,11.1533
2026-02-12,CNY,1,11.1681,11.1681
2026-02-13,CNY,1,11.1582,11.1582
2026-02-14,CNY,1,11.1523,11.1523
2026-02-17,CNY,1,11.0859,11.0859
2026-02-18,CNY,1,11.0934,11.0934
2026-02-19,CNY,1,11.0137,11.0137
2026-02-20,CNY,1,11.0747,11.0747
2026-02-21,CNY,1,11.0929,11.0929
2026-02-25,CNY,1,11.1172,11.1172
2026-02-26,CNY,1,11.1187,11.1187
2026-02-27,CNY,1,11.2487,11.2487
2026-02-28,CNY,1,11.2394,11.2394
2026-03-03,CNY,1,11.196,11.196
2026-03-04,CNY,1,11.221,11.221
2026-03-05,CNY,1,11.2488,11.2488
2026-03-06,CNY,1,11.3486,11.3486
2026-03-07,CNY,1,11.4368,11.4368
2026-03-11,CNY,1,11.4413,11.4413
2026-03-12,CNY,1,11.5051,11.5051
2026-03-13,CNY,1,11.5027,11.5027
2026-03-14,CNY,1,11.6504,11.6504
2026-03-17,CNY,1,11.7441,11.7441
2026-03-18,CNY,1,11.8865,11.8865
2026-03-19,CNY,1,12.1155,12.1155
2026-03-20,CNY,1,12.3824,12.3824
2026-03-21,CNY,1,12.2171,12.2171
2026-03-24,CNY,1,11.8709,11.8709
2026-03-25,CNY,1,11.7271,11.7271
2026-03-26,CNY,1,11.6947,11.6947
2026-03-27,CNY,1,11.9001,11.9001
2026-03-28,CNY,1,11.7301,11.7301
2026-03-31,CNY,1,11.7439,11.7439
2026-04-01,CNY,1,11.7804,11.7804
2026-04-02,CNY,1,11.707,11.707
2026-04-03,CNY,1,11.6278,11.6278
2026-04-04,CNY,1,11.5743,11.5743
2026-04-07,CNY,1,11.4481,11.4481
2026-04-08,CNY,1,11.4713,11.4713
2026-04-09,CNY,1,11.4581,11.4581
2026-04-10,CNY,1,11.3685,11.3685
2026-04-11,CNY,1,11.2521,11.2521
2026-04-14,CNY,1,11.1338,11.1338
2026-04-15,CNY,1,11.091,11.091
2026-04-16,CNY,1,11.0334,11.0334
2026-04-17,CNY,1,11.17,11.17
2026-04-18,CNY,1,11.1457,11.1457
2026-04-21,CNY,1,11.0418,11.0418
2026-04-22,CNY,1,10.9451,10.9451
2026-04-23,CNY,1,10.9931,10.9931
2026-04-24,CNY,1,10.9441,10.9441
2026-04-25,CNY,1,11.027,11.027
2026-04-28,CNY,1,10.9513,10.9513
2026-04-29,CNY,1,10.942,10.942
2026-04-30,CNY,1,10.9535,10.9535
2026-05-01,CNY,1,10.9593,10.9593
2026-05-05,CNY,1,11.0343,11.0343
2026-05-06,CNY,1,11.0247,11.0247
2026-05-07,CNY,1,10.9949,10.9949
2026-05-08,CNY,1,10.9709,10.9709
2026-05-09,CNY,1,10.9306,10.9306
2026-05-13,CNY,1,10.8522,10.8522
2026-05-14,CNY,1,10.7933,10.7933
2026-05-15,CNY,1,10.7855,10.7855
2026-05-16,CNY,1,10.7318,10.7318
2026-05-19,CNY,1,10.6279,10.6279
2026-05-20,CNY,1,10.4545,10.4545
2026-05-21,CNY,1,10.4161,10.4161
2026-05-22,CNY,1,10.398,10.398
2026-05-23,CNY,1,10.4823,10.4823
2026-05-26,CNY,1,10.5317,10.5317
2026-05-27,CNY,1,10.5505,10.5505
2026-05-28,CNY,1,10.4557,10.4557
2026-05-29,CNY,1,10.4487,10.4487
2026-05-30,CNY,1,10.4865,10.4865
2026-06-02,CNY,1,10.5762,10.5762
2026-06-03,CNY,1,10.7312,10.7312
2026-06-04,CNY,1,10.8262,10.8262
2026-06-05,CNY,1,10.9536,10.9536
2026-06-06,CNY,1,10.853,10.853
2026-06-09,CNY,1,10.7826,10.7826
2026-06-10,CNY,1,10.5831,10.5831
2026-06-11,CNY,1,10.5825,10.5825
2026-06-12,CNY,1,10.6064,10.6064
2026-06-16,CNY,1,10.7047,10.7047
2026-06-17,CNY,1,10.6624,10.6624
2026-06-18,CNY,1,10.7589,10.7589
2026-06-19,CNY,1,10.8284,10.8284
2026-06-20,CNY,1,10.806,10.806
2026-06-23,CNY,1,10.8847,10.8847
2026-06-24,CNY,1,10.9947,10.9947
2026-06-25,CNY,1,10.9713,10.9713
2026-06-26,CNY,1,11.044,11.044
2026-06-27,CNY,1,11.3359,11.3359
2026-06-30,CNY,1,11.4624,11.4624
2026-07-01,CNY,1,11.4932,11.4932
2026-07-02,CNY,1,11.4842,11.4842
2026-07-03,CNY,1,11.4693,11.4693
2026-07-04,CNY,1,11.3803,11.3803
2026-07-07,CNY,1,11.4555,11.4555
2026-07-08,CNY,1,11.2068,11.2068
2026-07-09,CNY,1,11.2219,11.2219
2026-07-10,CNY,1,11.1616,11.1616
2026-07-11,CNY,1,11.3037,11.3037
2026-07-14,CNY,1,11.2925,11.2925
2026-07-15,CNY,1,11.3775,11.3775
2026-07-16,CNY,1,11.5136,11.5136
2026-07-17,CNY,1,11.5139,11.5139
2026-07-18,CNY,1,11.5602,11.5602
2026-07-21,CNY,1,11.5698,11.5698
2026-07-22,CNY,1,11.6091,11.6091
2026-07-23,CNY,1,11.5782,11.5782
2026-07-24,CNY,1,11.5826,11.5826
2026-07-25,CNY,1,11.5025,11.5025
2026-07-28,CNY,1,11.5218,11.5218
2026-07-29,CNY,1,11.5911,11.5911
2026-07-30,CNY,1,11.7215,11.7215
2026-07-31,CNY,1,11.8194,11.8194
2026-08-01,CNY,1,11.7694,11.7694
2026-08-04,CNY,1,11.8342,11.8342
2026-08-05,CNY,1,11.9677,11.9677
2026-08-06,CNY,1,11.9684,11.9684
2026-08-07,CNY,1,12.0637,12.0637
2026-08-08,CNY,1,12.1655,12.1655
2026-08-11,CNY,1,12.2546,12.2546
2026-08-12,CNY,1,12.1819,12.1819
2026-08-13,CNY,1,12.278,12.278
2026-08-14,CNY,1,12.4175,12.4175
2026-08-15,CNY,1,12.4789,12.4789
2026-08-18,CNY,1,12.6275,12.6275
2026-08-19,CNY,1,12.624,12.624
2026-08-20,CNY,1,12.6301,12.6301
2026-08-21,CNY,1,12.4057,12.4057
2026-08-22,CNY,1,12.3343,12.3343
2026-08-25,CNY,1,12.3853,12.3853
2026-08-26,CNY,1,12.5659,12.5659
2026-08-27,CNY,1,12.5294,12.5294
2026-08-28,CNY,1,12.7691,12.7691
2026-08-29,CNY,1,12.7335,12.7335
2026-09-01,CNY,1,12.858,12.858
2026-09-02,CNY,1,12.897,12.897
