date,iso,nominal,rate,rate_per_unit
2000-01-01,AMD,1000,52.03,0.05203
2000-02-01,AMD,1000,53.77,0.053770000000000005
2000-03-01,AMD,1000,54.24,0.054240000000000003
2000-04-01,AMD,1000,53.94,0.053939999999999995
2000-05-01,AMD,1000,53.42,0.05342
2000-06-01,AMD,1000,52.73,0.05273
2000-07-01,AMD,1000,51.31,0.05131
2000-08-01,AMD,1000,50.77,0.05077
2000-09-01,AMD,1000,51.2,0.0512
2000-10-01,AMD,1000,51.58,0.05158
2000-11-01,AMD,1000,50.49,0.05049
2000-12-01,AMD,1000,50.27,0.05027
2001-01-01,AMD,1000,51.03,0.05103
2001-02-01,AMD,1000,51.07,0.05107
2001-03-01,AMD,1000,52.22,0.052219999999999996
2001-04-01,AMD,1000,52.74,0.05274
2001-05-01,AMD,1000,52.54,0.052539999999999996
2001-06-01,AMD,1000,52.44,0.05244
2001-07-01,AMD,1000,52.39,0.05239
2001-08-01,AMD,1000,52.81,0.05281
2001-09-01,AMD,1000,52.95,0.052950000000000004
2001-10-01,AMD,1000,53.06,0.05306
2001-11-01,AMD,1000,52.75,0.05275
2001-12-01,AMD,1000,52.8,0.0528
2002-01-01,AMD,1000,53.6058,0.0536058
2002-02-01,AMD,1000,54.3733,0.0543733
2002-03-01,AMD,1000,54.5495,0.0545495
2002-04-01,AMD,1000,53.9807,0.0539807
2002-05-01,AMD,1000,53.8062,0.0538062
2002-06-01,AMD,1000,53.7886,0.053788600000000006
2002-07-01,AMD,1000,54.3429,0.0543429
2002-08-01,AMD,1000,55.9482,0.0559482
2002-09-01,AMD,1000,56.6479,0.0566479
2002-10-01,AMD,1000,54.5276,0.0545276
2002-11-01,AMD,1000,54.5778,0.0545778
2002-12-01,AMD,1000,54.3651,0.0543651
2003-01-01,AMD,1000,54.5936,0.0545936
2003-02-01,AMD,1000,54.4686,0.0544686
2003-03-01,AMD,1000,53.6901,0.053690100000000004
2003-04-01,AMD,1000,53.1666,0.0531666
2003-05-01,AMD,1000,52.9659,0.052965899999999996
2003-06-01,AMD,1000,52.4536,0.0524536
2003-07-01,AMD,1000,51.8633,0.0518633
2003-08-01,AMD,1000,52.7171,0.0527171
2003-09-01,AMD,1000,52.4829,0.0524829
2003-10-01,AMD,1000,53.522,0.053522
2003-11-01,AMD,1000,53.4771,0.0534771
2003-12-01,AMD,1000,52.4831,0.0524831
2004-01-01,AMD,1000,52.0398,0.0520398
2004-02-01,AMD,1000,50.3163,0.0503163
2004-03-01,AMD,1000,50.4977,0.0504977
2004-04-01,AMD,1000,50.7262,0.0507262
2004-05-01,AMD,1000,52.7368,0.0527368
2004-06-01,AMD,1000,52.8538,0.0528538
2004-07-01,AMD,1000,54.0775,0.0540775
2004-08-01,AMD,1000,55.7401,0.0557401
2004-09-01,AMD,1000,56.7528,0.0567528
2004-10-01,AMD,1000,57.1238,0.0571238
2004-11-01,AMD,1000,56.2659,0.0562659
2004-12-01,AMD,1000,56.4723,0.056472299999999996
2005-01-01,AMD,1000,57.1467,0.0571467
2005-02-01,AMD,1000,57.6447,0.0576447
2005-03-01,AMD,1000,58.8104,0.0588104
2005-04-01,AMD,1000,60.7373,0.0607373
2005-05-01,AMD,1000,63.253,0.063253
2005-06-01,AMD,1000,63.0499,0.0630499
2005-07-01,AMD,1000,64.6671,0.0646671
2005-08-01,AMD,1000,65.0733,0.0650733
2005-09-01,AMD,1000,64.7631,0.06476309999999999
2005-10-01,AMD,1000,64.6585,0.06465850000000001
2005-11-01,AMD,1000,62.8,0.0628
2005-12-01,AMD,1000,63.0374,0.0630374
2006-01-01,AMD,1000,64.1903,0.06419029999999999
2006-02-01,AMD,1000,62.6157,0.0626157
2006-03-01,AMD,1000,62.3748,0.0623748
2006-04-01,AMD,1000,61.547,0.061547
2006-05-01,AMD,1000,61.2772,0.061277200000000004
2006-06-01,AMD,1000,62.8192,0.0628192
2006-07-01,AMD,1000,64.3337,0.0643337
2006-08-01,AMD,1000,64.5786,0.0645786
2006-08-31,AMD,1000,67.3567,0.0673567
2006-09-30,AMD,1000,70.0257,0.0700257
2006-10-31,AMD,1000,70.5577,0.0705577
2006-11-30,AMD,1000,71.1804,0.0711804
2006-12-30,AMD,1000,72.6331,0.07263309999999999
2007-01-31,AMD,1000,73.7531,0.0737531
2007-02-28,AMD,1000,74.004,0.074004
2007-03-31,AMD,1000,72.1746,0.07217459999999999
2007-04-30,AMD,1000,71.5764,0.07157640000000001
2007-05-31,AMD,1000,74.2097,0.0742097
2007-06-30,AMD,1000,75.5034,0.0755034
2007-07-31,AMD,1000,75.473,0.075473
2007-08-31,AMD,1000,76.2105,0.0762105
2007-09-30,AMD,1000,74.0929,0.0740929
2007-10-31,AMD,1000,76.1248,0.07612479999999999
2007-11-30,AMD,1000,80.0519,0.08005190000000001
2007-12-29,AMD,1000,80.9764,0.0809764
2008-01-31,AMD,1000,79.8271,0.0798271
2008-02-29,AMD,1000,78.8445,0.0788445
2008-03-31,AMD,1000,76.2527,0.0762527
2008-04-30,AMD,1000,76.3034,0.0763034
2008-05-31,AMD,1000,77.1253,0.0771253
2008-06-30,AMD,1000,77.8648,0.0778648
2008-07-31,AMD,1000,77.5796,0.0775796
2008-08-31,AMD,1000,81.4135,0.0814135
2008-09-30,AMD,1000,83.373,0.083373
2008-10-31,AMD,1000,89.0463,0.08904630000000001
2008-11-30,AMD,1000,90.0545,0.09005450000000001
2008-12-31,AMD,1000,94.9303,0.09493030000000001
2009-01-31,AMD,100,11.372,0.11372
2009-02-28,AMD,100,11.6965,0.116965
2009-03-31,AMD,1000,90.5841,0.0905841
2009-04-30,AMD,1000,89.5053,0.08950530000000001
2009-05-31,AMD,1000,83.8547,0.08385469999999999
2009-06-30,AMD,1000,86.4508,0.0864508
2009-07-31,AMD,1000,85.289,0.085289
2009-08-31,AMD,1000,83.7444,0.0837444
2009-09-30,AMD,1000,78.2852,0.0782852
2009-10-31,AMD,1000,76.021,0.076021
2009-11-30,AMD,1000,77.3737,0.0773737
2009-12-31,AMD,1000,79.2805,0.0792805
2010-01-12,AMD,1000,77.9042,0.0779042
2010-01-13,AMD,1000,77.8209,0.0778209
2010-01-14,AMD,1000,78.467,0.078467
2010-01-15,AMD,1000,77.96,0.07796
2010-01-16,AMD,1000,78.2536,0.0782536
2010-01-19,AMD,1000,78.5048,0.0785048
2010-01-20,AMD,1000,78.1944,0.0781944
2010-01-21,AMD,1000,78.7642,0.0787642
2010-01-22,AMD,1000,78.7782,0.0787782
2010-01-23,AMD,1000,78.7186,0.0787186
2010-01-26,AMD,1000,79.5627,0.0795627
2010-01-27,AMD,1000,80.1947,0.0801947
2010-01-28,AMD,1000,80.244,0.080244
2010-01-29,AMD,1000,80.5922,0.0805922
2010-01-30,AMD,1000,80.8266,0.0808266
2010-02-02,AMD,1000,80.7426,0.0807426
2010-02-03,AMD,1000,80.2206,0.0802206
2010-02-04,AMD,1000,79.0944,0.0790944
2010-02-05,AMD,1000,79.2222,0.0792222
2010-02-06,AMD,1000,80.5995,0.0805995
2010-02-09,AMD,1000,80.6763,0.0806763
2010-02-10,AMD,1000,80.1412,0.0801412
2010-02-11,AMD,1000,79.7001,0.0797001
2010-02-12,AMD,1000,79.1708,0.0791708
2010-02-13,AMD,1000,79.2108,0.0792108
2010-02-16,AMD,1000,79.2674,0.0792674
2010-02-17,AMD,1000,78.9452,0.0789452
2010-02-18,AMD,1000,78.5743,0.0785743
2010-02-19,AMD,1000,78.8836,0.0788836
2010-02-20,AMD,1000,78.981,0.078981
2010-02-25,AMD,1000,78.5122,0.0785122
2010-02-26,AMD,1000,78.3627,0.0783627
2010-02-27,AMD,1000,78.0736,0.0780736
2010-02-28,AMD,1000,77.9399,0.0779399
2010-03-02,AMD,1000,77.8414,0.0778414
2010-03-03,AMD,1000,77.7133,0.0777133
2010-03-04,AMD,1000,77.3887,0.0773887
2010-03-05,AMD,1000,77.1085,0.0771085
2010-03-06,AMD,1000,76.7501,0.0767501
2010-03-10,AMD,1000,76.3797,0.0763797
2010-03-11,AMD,1000,76.1201,0.0761201
2010-03-12,AMD,1000,75.3529,0.0753529
2010-03-13,AMD,1000,74.8782,0.0748782
2010-03-16,AMD,1000,74.1727,0.0741727
2010-03-17,AMD,1000,74.2567,0.0742567
2010-03-18,AMD,1000,72.9818,0.0729818
2010-03-19,AMD,1000,71.7993,0.0717993
2010-03-20,AMD,1000,72.5968,0.0725968
2010-03-23,AMD,1000,72.9823,0.0729823
2010-03-24,AMD,1000,74.047,0.074047
2010-03-25,AMD,1000,75.3539,0.0753539
2010-03-26,AMD,1000,75.6561,0.0756561
2010-03-27,AMD,1000,74.7195,0.0747195
2010-03-30,AMD,1000,74.6841,0.0746841
2010-03-31,AMD,1000,73.4554,0.0734554
2010-04-01,AMD,1000,73.281,0.073281
2010-04-02,AMD,1000,73.6906,0.0736906
2010-04-03,AMD,1000,72.6851,0.0726851
2010-04-06,AMD,1000,72.6609,0.0726609
2010-04-07,AMD,1000,72.9217,0.0729217
2010-04-08,AMD,1000,73.1893,0.0731893
2010-04-09,AMD,1000,73.7312,0.0737312
2010-04-10,AMD,1000,74.0018,0.0740018
2010-04-13,AMD,1000,72.9038,0.0729038
2010-04-14,AMD,1000,73.0299,0.0730299
2010-04-15,AMD,1000,73.3908,0.0733908
2010-04-16,AMD,1000,73.4289,0.0734289
2010-04-17,AMD,1000,73.9682,0.0739682
2010-04-20,AMD,1000,73.8694,0.0738694
2010-04-21,AMD,1000,73.7673,0.0737673
2010-04-22,AMD,1000,73.9748,0.0739748
2010-04-23,AMD,1000,74.6414,0.0746414
2010-04-24,AMD,1000,75.1105,0.0751105
2010-04-27,AMD,1000,74.5373,0.0745373
2010-04-28,AMD,1000,74.8064,0.0748064
2010-04-29,AMD,1000,76.1636,0.0761636
2010-04-30,AMD,1000,75.9264,0.0759264
2010-05-01,AMD,1000,75.8224,0.0758224
2010-05-05,AMD,1000,76.1487,0.0761487
2010-05-06,AMD,1000,76.9441,0.0769441
2010-05-07,AMD,1000,78.3377,0.0783377
2010-05-08,AMD,1000,79.1225,0.0791225
2010-05-12,AMD,1000,77.8485,0.0778485
2010-05-13,AMD,1000,77.4979,0.0774979
2010-05-14,AMD,1000,76.8095,0.0768095
2010-05-15,AMD,1000,77.8188,0.0778188
2010-05-18,AMD,1000,79.8403,0.0798403
2010-05-19,AMD,1000,79.2558,0.0792558
2010-05-20,AMD,1000,79.573,0.079573
2010-05-21,AMD,1000,79.6176,0.0796176
2010-05-22,AMD,1000,80.356,0.080356
2010-05-25,AMD,1000,80.1958,0.0801958
2010-05-26,AMD,1000,82.0073,0.0820073
2010-05-27,AMD,1000,82.4016,0.0824016
2010-05-28,AMD,1000,81.3665,0.0813665
2010-05-29,AMD,1000,80.4633,0.0804633
2010-06-01,AMD,1000,81.0547,0.0810547
2010-06-02,AMD,1000,82.0877,0.0820877
2010-06-03,AMD,1000,82.7321,0.0827321
2010-06-04,AMD,1000,81.8921,0.0818921
2010-06-05,AMD,1000,81.7592,0.0817592
2010-06-08,AMD,1000,84.4085,0.0844085
2010-06-09,AMD,1000,83.7616,0.0837616
2010-06-10,AMD,1000,84.165,0.084165
2010-06-11,AMD,1000,83.9181,0.0839181
2010-06-12,AMD,1000,84.027,0.084027
2010-06-16,AMD,1000,84.004,0.084004
2010-06-17,AMD,1000,82.9736,0.0829736
2010-06-18,AMD,1000,83.2165,0.0832165
2010-06-19,AMD,1000,83.0215,0.0830215
2010-06-22,AMD,1000,82.8213,0.0828213
2010-06-23,AMD,1000,83.5592,0.0835592
2010-06-24,AMD,1000,83.9279,0.0839279
2010-06-25,AMD,1000,83.8807,0.0838807
2010-06-26,AMD,1000,84.2171,0.0842171
2010-06-29,AMD,1000,84.0225,0.0840225
2010-06-30,AMD,1000,84.7701,0.0847701
2010-07-01,AMD,1000,85.2226,0.0852226
2010-07-02,AMD,1000,85.3614,0.0853614
2010-07-03,AMD,1000,84.4799,0.0844799
2010-07-06,AMD,1000,84.3154,0.0843154
2010-07-07,AMD,1000,84.2014,0.0842014
2010-07-08,AMD,1000,84.375,0.084375
2010-07-09,AMD,1000,84.212,0.084212
2010-07-10,AMD,1000,84.4864,0.0844864
2010-07-13,AMD,1000,84.5511,0.0845511
2010-07-14,AMD,1000,84.2438,0.0842438
2010-07-15,AMD,1000,83.4399,0.0834399
2010-07-16,AMD,1000,83.7312,0.0837312
2010-07-17,AMD,1000,83.916,0.083916
2010-07-20,AMD,1000,84.2837,0.0842837
2010-07-21,AMD,1000,83.5324,0.0835324
2010-07-22,AMD,1000,83.3038,0.0833038
2010-07-23,AMD,1000,83.4463,0.0834463
2010-07-24,AMD,1000,82.7899,0.0827899
2010-07-27,AMD,1000,82.3386,0.0823386
2010-07-28,AMD,1000,81.7273,0.0817273
2010-07-29,AMD,1000,81.5843,0.0815843
2010-07-30,AMD,1000,81.4482,0.0814482
2010-07-31,AMD,1000,81.4761,0.0814761
2010-08-03,AMD,1000,81.9718,0.0819718
2010-08-04,AMD,1000,81.5459,0.0815459
2010-08-05,AMD,1000,81.2428,0.0812428
2010-08-06,AMD,1000,81.4269,0.0814269
2010-08-07,AMD,1000,81.7853,0.0817853
2010-08-10,AMD,1000,81.8069,0.0818069
2010-08-11,AMD,1000,82.0886,0.0820886
2010-08-12,AMD,1000,82.0788,0.0820788
2010-08-13,AMD,1000,82.8552,0.0828552
2010-08-14,AMD,1000,82.719,0.082719
2010-08-17,AMD,1000,83.0473,0.0830473
2010-08-18,AMD,1000,82.861,0.082861
2010-08-19,AMD,1000,82.7347,0.0827347
2010-08-20,AMD,1000,82.9506,0.0829506
2010-08-21,AMD,1000,83.4174,0.0834174
2010-08-24,AMD,1000,83.9619,0.0839619
2010-08-25,AMD,1000,83.9752,0.0839752
2010-08-26,AMD,1000,84.0702,0.0840702
2010-08-27,AMD,1000,83.7573,0.0837573
2010-08-28,AMD,1000,83.9286,0.0839286
2010-08-31,AMD,1000,84.011,0.084011
2010-09-01,AMD,1000,84.9158,0.0849158
2010-09-02,AMD,1000,84.3261,0.0843261
2010-09-03,AMD,1000,83.8983,0.0838983
2010-09-04,AMD,1000,83.7441,0.0837441
2010-09-07,AMD,1000,83.6583,0.0836583
2010-09-08,AMD,1000,84.4283,0.0844283
2010-09-09,AMD,1000,84.6807,0.0846807
2010-09-10,AMD,1000,84.603,0.084603
2010-09-11,AMD,1000,84.9311,0.0849311
2010-09-14,AMD,1000,84.5264,0.0845264
2010-09-15,AMD,1000,84.5865,0.0845865
2010-09-16,AMD,1000,84.6268,0.0846268
2010-09-17,AMD,1000,85.3433,0.0853433
2010-09-18,AMD,1000,85.3332,0.0853332
2010-09-21,AMD,1000,85.2881,0.0852881
2010-09-22,AMD,1000,85.5648,0.0855648
2010-09-23,AMD,1000,85.2341,0.0852341
2010-09-24,AMD,1000,85.5258,0.0855258
2010-09-25,AMD,1000,85.3738,0.0853738
2010-09-28,AMD,1000,84.3884,0.0843884
2010-09-29,AMD,1000,84.3011,0.0843011
2010-09-30,AMD,1000,83.9862,0.0839862
2010-10-01,AMD,1000,84.6397,0.0846397
2010-10-02,AMD,1000,84.6308,0.0846308
2010-10-05,AMD,1000,84.6523,0.0846523
2010-10-06,AMD,1000,84.4858,0.0844858
2010-10-07,AMD,1000,83.0935,0.0830935
2010-10-08,AMD,1000,82.315,0.082315
2010-10-09,AMD,1000,83.0794,0.0830794
2010-10-12,AMD,1000,82.5791,0.0825791
2010-10-13,AMD,1000,83.2562,0.0832562
2010-10-14,AMD,1000,83.5119,0.0835119
2010-10-15,AMD,1000,82.9127,0.0829127
2010-10-16,AMD,1000,83.5626,0.0835626
2010-10-19,AMD,1000,84.7881,0.0847881
2010-10-20,AMD,1000,84.3692,0.0843692
2010-10-21,AMD,1000,85.428,0.085428
2010-10-22,AMD,1000,85.3744,0.0853744
2010-10-23,AMD,1000,84.7747,0.0847747
2010-10-26,AMD,1000,84.0773,0.0840773
2010-10-27,AMD,1000,84.5619,0.0845619
2010-10-28,AMD,1000,85.2669,0.0852669
2010-10-29,AMD,1000,85.5749,0.0855749
2010-10-30,AMD,1000,86.2244,0.0862244
2010-11-02,AMD,1000,86.2011,0.0862011
2010-11-03,AMD,1000,86.258,0.086258
2010-11-04,AMD,1000,86.193,0.086193
2010-11-09,AMD,1000,85.3857,0.0853857
2010-11-10,AMD,1000,85.5473,0.0855473
2010-11-11,AMD,1000,85.0797,0.0850797
2010-11-12,AMD,1000,83.5337,0.0835337
2010-11-13,AMD,1000,84.7136,0.0847136
2010-11-14,AMD,1000,85.0797,0.0850797
2010-11-16,AMD,1000,85.1399,0.0851399
2010-11-17,AMD,1000,85.9682,0.0859682
2010-11-18,AMD,1000,86.9589,0.0869589
2010-11-19,AMD,1000,86.7869,0.0867869
2010-11-20,AMD,1000,86.089,0.086089
2010-11-23,AMD,1000,85.9778,0.0859778
2010-11-24,AMD,1000,86.4846,0.0864846
2010-11-25,AMD,1000,86.564,0.086564
2010-11-26,AMD,1000,86.78,0.08678
2010-11-27,AMD,1000,87.4586,0.0874586
2010-11-30,AMD,1000,87.3252,0.0873252
2010-12-01,AMD,1000,87.4017,0.0874017
2010-12-02,AMD,1000,87.742,0.087742
2010-12-03,AMD,1000,87.4527,0.0874527
2010-12-04,AMD,1000,87.2081,0.0872081
2010-12-07,AMD,1000,87.2711,0.0872711
2010-12-08,AMD,1000,87.0957,0.0870957
2010-12-09,AMD,1000,87.1492,0.0871492
2010-12-10,AMD,1000,86.4243,0.0864243
2010-12-11,AMD,1000,86.082,0.086082
2010-12-14,AMD,1000,86.1941,0.0861941
2010-12-15,AMD,1000,85.7593,0.0857593
2010-12-16,AMD,1000,84.979,0.084979
2010-12-17,AMD,1000,84.9525,0.0849525
2010-12-18,AMD,1000,84.7188,0.0847188
2010-12-21,AMD,1000,85.485,0.085485
2010-12-22,AMD,1000,85.8067,0.0858067
2010-12-23,AMD,1000,85.7465,0.0857465
2010-12-24,AMD,1000,85.215,0.085215
2010-12-25,AMD,1000,85.1749,0.0851749
2010-12-28,AMD,1000,84.231,0.084231
2010-12-29,AMD,1000,83.74,0.08374
2010-12-30,AMD,1000,83.8073,0.0838073
2010-12-31,AMD,1000,84.1322,0.0841322
2011-01-01,AMD,1000,83.7833,0.0837833
2011-01-12,AMD,1000,84.2022,0.0842022
2011-01-13,AMD,1000,83.4559,0.0834559
2011-01-14,AMD,1000,82.5699,0.0825699
2011-01-15,AMD,1000,81.9591,0.0819591
2011-01-18,AMD,1000,82.2367,0.0822367
2011-01-19,AMD,1000,81.6838,0.0816838
2011-01-20,AMD,1000,81.0467,0.0810467
2011-01-21,AMD,1000,81.0213,0.0810213
2011-01-22,AMD,1000,81.6823,0.0816823
2011-01-25,AMD,1000,81.4505,0.0814505
2011-01-26,AMD,1000,81.7416,0.0817416
2011-01-27,AMD,1000,81.6933,0.0816933
2011-01-28,AMD,1000,82.0852,0.0820852
2011-01-29,AMD,1000,81.621,0.081621
2011-02-01,AMD,1000,81.9857,0.0819857
2011-02-02,AMD,1000,81.3329,0.0813329
2011-02-03,AMD,1000,80.4647,0.0804647
2011-02-04,AMD,1000,80.2211,0.0802211
2011-02-05,AMD,1000,80.6128,0.0806128
2011-02-08,AMD,1000,80.4958,0.0804958
2011-02-09,AMD,1000,80.3157,0.0803157
2011-02-10,AMD,1000,80.719,0.080719
2011-02-11,AMD,1000,80.7013,0.0807013
2011-02-12,AMD,1000,80.4942,0.0804942
2011-02-15,AMD,1000,80.3248,0.0803248
2011-02-16,AMD,1000,80.4865,0.0804865
2011-02-17,AMD,1000,80.4549,0.0804549
2011-02-18,AMD,1000,80.3757,0.0803757
2011-02-19,AMD,1000,80.4136,0.0804136
2011-02-22,AMD,1000,80.1289,0.0801289
2011-02-23,AMD,1000,80.4889,0.0804889
2011-02-25,AMD,1000,80.1459,0.0801459
2011-02-26,AMD,1000,79.5396,0.0795396
2011-03-01,AMD,1000,79.436,0.079436
2011-03-02,AMD,1000,78.4636,0.0784636
2011-03-03,AMD,1000,78.0578,0.0780578
2011-03-04,AMD,1000,77.2264,0.0772264
2011-03-05,AMD,1000,76.8589,0.0768589
2011-03-06,AMD,1000,77.0772,0.0770772
2011-03-10,AMD,1000,77.1493,0.0771493
2011-03-11,AMD,1000,77.534,0.077534
2011-03-12,AMD,1000,78.0687,0.0780687
2011-03-15,AMD,1000,78.1568,0.0781568
2011-03-16,AMD,1000,78.3267,0.0783267
2011-03-17,AMD,1000,77.6645,0.0776645
2011-03-18,AMD,1000,77.8921,0.0778921
2011-03-19,AMD,1000,77.1715,0.0771715
2011-03-22,AMD,1000,76.8767,0.0768767
2011-03-23,AMD,1000,76.3038,0.0763038
2011-03-24,AMD,1000,76.6125,0.0766125
2011-03-25,AMD,1000,77.178,0.077178
2011-03-26,AMD,1000,76.6428,0.0766428
2011-03-29,AMD,1000,77.1514,0.0771514
2011-03-30,AMD,1000,76.9684,0.0769684
2011-03-31,AMD,1000,77.2003,0.0772003
2011-04-01,AMD,1000,77.4371,0.0774371
2011-04-02,AMD,1000,77.0357,0.0770357
2011-04-05,AMD,1000,76.6536,0.0766536
2011-04-06,AMD,1000,76.8807,0.0768807
2011-04-07,AMD,1000,76.6229,0.0766229
2011-04-08,AMD,1000,76.6561,0.0766561
2011-04-09,AMD,1000,75.3917,0.0753917
2011-04-12,AMD,1000,75.9696,0.0759696
2011-04-13,AMD,1000,76.4307,0.0764307
2011-04-14,AMD,1000,76.3462,0.0763462
2011-04-15,AMD,1000,76.5475,0.0765475
2011-04-16,AMD,1000,76.636,0.076636
2011-04-19,AMD,1000,76.4796,0.0764796
2011-04-20,AMD,1000,77.1794,0.0771794
2011-04-21,AMD,1000,76.431,0.076431
2011-04-22,AMD,1000,75.8718,0.0758718
2011-04-23,AMD,1000,75.8713,0.0758713
2011-04-26,AMD,1000,76.0147,0.0760147
2011-04-27,AMD,1000,74.3408,0.0743408
2011-04-28,AMD,1000,73.8558,0.0738558
2011-04-29,AMD,1000,73.2783,0.0732783
2011-04-30,AMD,1000,73.2903,0.0732903
2011-05-04,AMD,1000,72.8442,0.0728442
2011-05-05,AMD,1000,72.9314,0.0729314
2011-05-06,AMD,1000,72.6516,0.0726516
2011-05-07,AMD,1000,73.7202,0.0737202
2011-05-11,AMD,1000,74.2558,0.0742558
2011-05-12,AMD,1000,73.6277,0.0736277
2011-05-13,AMD,1000,74.4762,0.0744762
2011-05-14,AMD,1000,74.2164,0.0742164
2011-05-17,AMD,1000,74.942,0.074942
2011-05-18,AMD,1000,74.9306,0.0749306
2011-05-19,AMD,1000,74.7411,0.0747411
2011-05-20,AMD,1000,74.5125,0.0745125
2011-05-21,AMD,1000,74.3891,0.0743891
2011-05-24,AMD,1000,75.5278,0.0755278
2011-05-25,AMD,1000,75.5801,0.0755801
2011-05-26,AMD,1000,75.8945,0.0758945
2011-05-27,AMD,1000,75.2245,0.0752245
2011-05-28,AMD,1000,74.9276,0.0749276
2011-05-31,AMD,1000,74.7995,0.0747995
2011-06-01,AMD,1000,74.565,0.074565
2011-06-02,AMD,1000,74.5322,0.0745322
2011-06-03,AMD,1000,74.7286,0.0747286
2011-06-04,AMD,1000,74.2841,0.0742841
2011-06-07,AMD,1000,74.0179,0.0740179
2011-06-08,AMD,1000,73.9359,0.0739359
2011-06-09,AMD,1000,73.6785,0.0736785
2011-06-10,AMD,1000,73.728,0.073728
2011-06-11,AMD,1000,73.7643,0.0737643
2011-06-15,AMD,1000,74.3214,0.0743214
2011-06-16,AMD,1000,74.3142,0.0743142
2011-06-17,AMD,1000,75.1233,0.0751233
2011-06-18,AMD,1000,75.0907,0.0750907
2011-06-21,AMD,1000,75.0921,0.0750921
2011-06-22,AMD,1000,74.8478,0.0748478
2011-06-23,AMD,1000,74.5384,0.0745384
2011-06-24,AMD,1000,74.9681,0.0749681
2011-06-25,AMD,1000,75.2585,0.0752585
2011-06-28,AMD,1000,76.4092,0.0764092
2011-06-29,AMD,1000,75.4448,0.0754448
2011-06-30,AMD,1000,75.0188,0.0750188
2011-07-01,AMD,1000,74.4759,0.0744759
2011-07-02,AMD,1000,74.4251,0.0744251
2011-07-05,AMD,1000,74.2918,0.0742918
2011-07-06,AMD,1000,74.4481,0.0744481
2011-07-07,AMD,1000,74.5242,0.0745242
2011-07-08,AMD,1000,74.777,0.074777
2011-07-09,AMD,1000,74.517,0.074517
2011-07-12,AMD,1000,75.0405,0.0750405
2011-07-13,AMD,1000,75.8429,0.0758429
2011-07-14,AMD,1000,75.4995,0.0754995
2011-07-15,AMD,1000,74.9793,0.0749793
2011-07-16,AMD,1000,75.1575,0.0751575
2011-07-19,AMD,1000,75.2906,0.0752906
2011-07-20,AMD,1000,75.2184,0.0752184
2011-07-21,AMD,1000,74.9408,0.0749408
2011-07-22,AMD,1000,74.5705,0.0745705
2011-07-23,AMD,1000,74.0599,0.0740599
2011-07-26,AMD,1000,74.1251,0.0741251
2011-07-27,AMD,1000,73.6032,0.0736032
2011-07-28,AMD,1000,73.3304,0.0733304
2011-07-29,AMD,1000,73.7226,0.0737226
2011-07-30,AMD,1000,73.9602,0.0739602
2011-08-02,AMD,1000,73.5348,0.0735348
2011-08-03,AMD,1000,74.323,0.074323
2011-08-04,AMD,1000,74.548,0.074548
2011-08-05,AMD,1000,74.3973,0.0743973
2011-08-06,AMD,1000,75.72,0.07572
2011-08-09,AMD,1000,76.2084,0.0762084
2011-08-10,AMD,1000,78.6015,0.0786015
2011-08-11,AMD,1000,78.3073,0.0783073
2011-08-12,AMD,1000,79.9918,0.0799918
2011-08-13,AMD,1000,80.0685,0.0800685
2011-08-16,AMD,1000,78.4707,0.0784707
2011-08-17,AMD,1000,78.0508,0.0780508
2011-08-18,AMD,1000,78.0984,0.0780984
2011-08-19,AMD,1000,78.9932,0.0789932
2011-08-20,AMD,1000,79.7572,0.0797572
2011-08-23,AMD,1000,79.7153,0.0797153
2011-08-24,AMD,1000,78.8956,0.0788956
2011-08-25,AMD,1000,78.7567,0.0787567
2011-08-26,AMD,1000,78.6989,0.0786989
2011-08-27,AMD,1000,78.6695,0.0786695
2011-08-30,AMD,1000,78.2311,0.0782311
2011-08-31,AMD,1000,78.6292,0.0786292
2011-09-01,AMD,1000,78.8223,0.0788223
2011-09-02,AMD,1000,78.7223,0.0787223
2011-09-03,AMD,1000,79.1837,0.0791837
2011-09-06,AMD,1000,79.9553,0.0799553
2011-09-07,AMD,1000,80.0289,0.0800289
2011-09-08,AMD,1000,79.7041,0.0797041
2011-09-09,AMD,1000,79.0925,0.0790925
2011-09-10,AMD,1000,79.5989,0.0795989
2011-09-13,AMD,1000,81.2424,0.0812424
2011-09-14,AMD,1000,80.9308,0.0809308
2011-09-15,AMD,1000,81.0796,0.0810796
2011-09-16,AMD,1000,81.4531,0.0814531
2011-09-17,AMD,1000,81.5295,0.0815295
2011-09-20,AMD,1000,82.5348,0.0825348
2011-09-21,AMD,1000,84.2139,0.0842139
2011-09-22,AMD,1000,83.9898,0.0839898
2011-09-23,AMD,1000,85.3225,0.0853225
2011-09-24,AMD,1000,85.8511,0.0858511
2011-09-27,AMD,1000,87.3806,0.0873806
2011-09-28,AMD,1000,86.7297,0.0867297
2011-09-29,AMD,1000,85.8785,0.0858785
2011-09-30,AMD,1000,85.6858,0.0856858
2011-10-01,AMD,1000,86.0858,0.0860858
2011-10-04,AMD,1000,87.1364,0.0871364
2011-10-05,AMD,1000,87.1464,0.0871464
2011-10-06,AMD,1000,87.0331,0.0870331
2011-10-07,AMD,1000,86.6893,0.0866893
2011-10-08,AMD,1000,85.868,0.085868
2011-10-11,AMD,1000,85.1319,0.0851319
2011-10-12,AMD,1000,83.8053,0.0838053
2011-10-13,AMD,1000,83.7736,0.0837736
2011-10-14,AMD,1000,83.2037,0.0832037
2011-10-15,AMD,1000,82.7959,0.0827959
2011-10-18,AMD,1000,81.9653,0.0819653
2011-10-19,AMD,1000,82.5851,0.0825851
2011-10-20,AMD,1000,82.4685,0.0824685
2011-10-21,AMD,1000,83.6768,0.0836768
2011-10-22,AMD,1000,83.5629,0.0835629
2011-10-25,AMD,1000,81.5921,0.0815921
2011-10-26,AMD,1000,81.3256,0.0813256
2011-10-27,AMD,1000,80.8815,0.0808815
2011-10-28,AMD,1000,80.6456,0.0806456
2011-10-29,AMD,1000,78.99,0.07899
2011-11-01,AMD,1000,79.5892,0.0795892
2011-11-02,AMD,1000,80.857,0.080857
2011-11-03,AMD,1000,81.0647,0.0810647
2011-11-04,AMD,1000,81.4896,0.0814896
2011-11-08,AMD,1000,80.5518,0.0805518
2011-11-09,AMD,1000,80.3726,0.0803726
2011-11-10,AMD,1000,79.3236,0.0793236
2011-11-11,AMD,1000,80.5363,0.0805363
2011-11-12,AMD,1000,79.5005,0.0795005
2011-11-15,AMD,1000,78.8857,0.0788857
2011-11-16,AMD,1000,79.6364,0.0796364
2011-11-17,AMD,1000,80.3169,0.0803169
2011-11-18,AMD,1000,80.0357,0.0800357
2011-11-19,AMD,1000,80.5182,0.0805182
2011-11-22,AMD,1000,80.6492,0.0806492
2011-11-23,AMD,1000,80.8885,0.0808885
2011-11-24,AMD,1000,81.2846,0.0812846
2011-11-25,AMD,1000,82.0796,0.0820796
2011-11-26,AMD,1000,82.2365,0.0822365
2011-11-29,AMD,1000,81.8013,0.0818013
2011-11-30,AMD,1000,81.7796,0.0817796
2011-12-01,AMD,1000,82.1992,0.0821992
2011-12-02,AMD,1000,80.9144,0.0809144
2011-12-03,AMD,1000,80.8129,0.0808129
2011-12-06,AMD,1000,81.067,0.081067
2011-12-07,AMD,1000,81.102,0.081102
2011-12-08,AMD,1000,81.0213,0.0810213
2011-12-09,AMD,1000,81.3302,0.0813302
2011-12-10,AMD,1000,82.2112,0.0822112
2011-12-13,AMD,1000,81.8057,0.0818057
2011-12-14,AMD,1000,82.9068,0.0829068
2011-12-15,AMD,1000,83.1558,0.0831558
2011-12-16,AMD,1000,83.4966,0.0834966
2011-12-17,AMD,1000,83.1678,0.0831678
2011-12-20,AMD,1000,83.8542,0.0838542
2011-12-21,AMD,1000,83.9055,0.0839055
2011-12-22,AMD,1000,83.2621,0.0832621
2011-12-23,AMD,1000,82.6267,0.0826267
2011-12-24,AMD,1000,81.8259,0.0818259
2011-12-27,AMD,1000,81.2135,0.0812135
2011-12-28,AMD,1000,80.8445,0.0808445
2011-12-29,AMD,1000,82.0892,0.0820892
2011-12-30,AMD,1000,83.2762,0.0832762
2011-12-31,AMD,1000,83.735,0.083735
2012-01-11,AMD,1000,82.8944,0.0828944
2012-01-12,AMD,1000,81.777,0.081777
2012-01-13,AMD,1000,81.5462,0.0815462
2012-01-14,AMD,1000,81.1902,0.0811902
2012-01-17,AMD,1000,82.0936,0.0820936
2012-01-18,AMD,1000,81.0913,0.0810913
2012-01-19,AMD,1000,81.4008,0.0814008
2012-01-20,AMD,1000,81.0237,0.0810237
2012-01-21,AMD,1000,80.5351,0.0805351
2012-01-24,AMD,1000,80.6499,0.0806499
2012-01-25,AMD,1000,79.4728,0.0794728
2012-01-26,AMD,1000,79.0896,0.0790896
2012-01-27,AMD,1000,78.1467,0.0781467
2012-01-28,AMD,1000,78.1534,0.0781534
2012-01-31,AMD,1000,78.1588,0.0781588
2012-02-01,AMD,1000,78.3284,0.0783284
2012-02-02,AMD,1000,78.2669,0.0782669
2012-02-03,AMD,1000,77.9987,0.0779987
2012-02-04,AMD,1000,77.834,0.077834
2012-02-07,AMD,1000,77.7682,0.0777682
2012-02-08,AMD,1000,77.4443,0.0774443
2012-02-09,AMD,1000,76.4299,0.0764299
2012-02-10,AMD,1000,76.3951,0.0763951
2012-02-11,AMD,1000,76.9429,0.0769429
2012-02-14,AMD,1000,76.93,0.07693
2012-02-15,AMD,1000,77.4435,0.0774435
2012-02-16,AMD,1000,76.9769,0.0769769
2012-02-17,AMD,1000,77.5605,0.0775605
2012-02-18,AMD,1000,77.1162,0.0771162
2012-02-21,AMD,1000,76.5566,0.0765566
2012-02-22,AMD,1000,76.5542,0.0765542
2012-02-23,AMD,1000,76.5275,0.0765275
2012-02-25,AMD,1000,75.7044,0.0757044
2012-02-28,AMD,1000,74.9714,0.0749714
2012-02-29,AMD,1000,74.4224,0.0744224
2012-03-01,AMD,1000,74.6152,0.0746152
2012-03-02,AMD,1000,75.2928,0.0752928
2012-03-03,AMD,1000,75.3111,0.0753111
2012-03-06,AMD,1000,75.2936,0.0752936
2012-03-07,AMD,1000,75.709,0.075709
2012-03-08,AMD,1000,76.2522,0.0762522
2012-03-12,AMD,1000,75.7451,0.0757451
2012-03-13,AMD,1000,76.0682,0.0760682
2012-03-14,AMD,1000,75.6644,0.0756644
2012-03-15,AMD,1000,75.6731,0.0756731
2012-03-16,AMD,1000,75.9735,0.0759735
2012-03-17,AMD,1000,75.4699,0.0754699
2012-03-20,AMD,1000,75.2185,0.0752185
2012-03-21,AMD,1000,75.0713,0.0750713
2012-03-22,AMD,1000,75.2781,0.0752781
2012-03-23,AMD,1000,75.3729,0.0753729
2012-03-24,AMD,1000,75.8808,0.0758808
2012-03-27,AMD,1000,75.2409,0.0752409
2012-03-28,AMD,1000,74.3178,0.0743178
2012-03-29,AMD,1000,74.5279,0.0745279
2012-03-30,AMD,1000,75.0424,0.0750424
2012-03-31,AMD,1000,75.0082,0.0750082
2012-04-03,AMD,1000,75.0106,0.0750106
2012-04-04,AMD,1000,74.8261,0.0748261
2012-04-05,AMD,1000,75.2647,0.0752647
2012-04-06,AMD,1000,75.2693,0.0752693
2012-04-07,AMD,1000,75.3468,0.0753468
2012-04-10,AMD,1000,75.6981,0.0756981
2012-04-11,AMD,1000,75.6983,0.0756983
2012-04-12,AMD,1000,76.0773,0.0760773
2012-04-13,AMD,1000,75.4311,0.0754311
2012-04-14,AMD,1000,75.1814,0.0751814
2012-04-17,AMD,1000,75.8252,0.0758252
2012-04-18,AMD,1000,75.5078,0.0755078
2012-04-19,AMD,1000,75.1536,0.0751536
2012-04-20,AMD,1000,74.9992,0.0749992
2012-04-21,AMD,1000,75.1181,0.0751181
2012-04-24,AMD,1000,75.1287,0.0751287
2012-04-25,AMD,1000,75.0443,0.0750443
2012-04-26,AMD,1000,74.64,0.07464
2012-04-27,AMD,1000,74.5436,0.0745436
2012-04-28,AMD,1000,75.0119,0.0750119
2012-04-29,AMD,1000,74.8094,0.0748094
2012-05-03,AMD,1000,74.9255,0.0749255
2012-05-04,AMD,1000,75.1607,0.0751607
2012-05-05,AMD,1000,75.4941,0.0754941
2012-05-06,AMD,1000,75.9911,0.0759911
2012-05-11,AMD,1000,76.7194,0.0767194
2012-05-12,AMD,1000,76.8249,0.0768249
2012-05-13,AMD,1000,76.6945,0.0766945
2012-05-15,AMD,1000,76.6208,0.0766208
2012-05-16,AMD,1000,76.4941,0.0764941
2012-05-17,AMD,1000,77.8042,0.0778042
2012-05-18,AMD,1000,77.9388,0.0779388
2012-05-19,AMD,1000,78.9242,0.0789242
2012-05-22,AMD,1000,77.8955,0.0778955
2012-05-23,AMD,1000,77.2746,0.0772746
2012-05-24,AMD,1000,78.1333,0.0781333
2012-05-25,AMD,1000,78.279,0.078279
2012-05-26,AMD,1000,77.8363,0.0778363
2012-05-29,AMD,1000,78.1031,0.0781031
2012-05-30,AMD,1000,78.7387,0.0787387
2012-05-31,AMD,1000,79.9776,0.0799776
2012-06-01,AMD,1000,81.127,0.081127
2012-06-02,AMD,1000,82.9973,0.0829973
2012-06-05,AMD,1000,83.8928,0.0838928
2012-06-06,AMD,1000,81.1243,0.0811243
2012-06-07,AMD,1000,79.1047,0.0791047
2012-06-08,AMD,1000,77.853,0.077853
2012-06-09,AMD,1000,79.3595,0.0793595
2012-06-10,AMD,1000,79.0448,0.0790448
2012-06-14,AMD,1000,79.353,0.079353
2012-06-15,AMD,1000,78.3091,0.0783091
2012-06-16,AMD,1000,77.8714,0.0778714
2012-06-19,AMD,1000,77.4253,0.0774253
2012-06-20,AMD,1000,78.2948,0.0782948
2012-06-21,AMD,1000,78.0711,0.0780711
2012-06-22,AMD,1000,78.7682,0.0787682
2012-06-23,AMD,1000,80.0456,0.0800456
2012-06-26,AMD,1000,79.163,0.079163
2012-06-27,AMD,1000,79.5044,0.0795044
2012-06-28,AMD,1000,78.7492,0.0787492
2012-06-29,AMD,1000,78.8067,0.0788067
2012-06-30,AMD,1000,78.5093,0.0785093
2012-07-03,AMD,1000,77.8199,0.0778199
2012-07-04,AMD,1000,77.5153,0.0775153
2012-07-05,AMD,1000,76.8652,0.0768652
2012-07-06,AMD,1000,77.5931,0.0775931
2012-07-07,AMD,1000,77.9546,0.0779546
2012-07-10,AMD,1000,78.7368,0.0787368
2012-07-11,AMD,1000,78.983,0.078983
2012-07-12,AMD,1000,79.1041,0.0791041
2012-07-13,AMD,1000,79.1238,0.0791238
2012-07-14,AMD,1000,79.4623,0.0794623
2012-07-17,AMD,1000,79.2729,0.0792729
2012-07-18,AMD,1000,78.9684,0.0789684
2012-07-19,AMD,1000,78.7463,0.0787463
2012-07-20,AMD,1000,77.8553,0.0778553
2012-07-21,AMD,1000,77.5037,0.0775037
2012-07-24,AMD,1000,78.678,0.078678
2012-07-25,AMD,1000,79.3011,0.0793011
2012-07-26,AMD,1000,80.6994,0.0806994
2012-07-27,AMD,1000,79.2768,0.0792768
2012-07-28,AMD,1000,78.2821,0.0782821
2012-07-31,AMD,1000,78.9892,0.0789892
2012-08-01,AMD,1000,79.0326,0.0790326
2012-08-02,AMD,1000,79.1486,0.0791486
2012-08-03,AMD,1000,79.3553,0.0793553
2012-08-04,AMD,1000,79.4532,0.0794532
2012-08-07,AMD,1000,77.5367,0.0775367
2012-08-08,AMD,1000,76.5765,0.0765765
2012-08-09,AMD,1000,76.3631,0.0763631
2012-08-10,AMD,1000,75.9028,0.0759028
2012-08-11,AMD,1000,76.9075,0.0769075
2012-08-14,AMD,1000,76.8432,0.0768432
2012-08-15,AMD,1000,77.1211,0.0771211
2012-08-16,AMD,1000,77.4075,0.0774075
2012-08-17,AMD,1000,77.6182,0.0776182
2012-08-18,AMD,1000,77.3922,0.0773922
2012-08-21,AMD,1000,77.899,0.077899
2012-08-22,AMD,1000,77.763,0.077763
2012-08-23,AMD,1000,77.4801,0.0774801
2012-08-24,AMD,1000,77.4172,0.0774172
2012-08-25,AMD,1000,77.7273,0.0777273
2012-08-28,AMD,1000,77.8274,0.0778274
2012-08-29,AMD,1000,78.1888,0.0781888
2012-08-30,AMD,1000,78.3741,0.0783741
2012-08-31,AMD,1000,78.8606,0.0788606
2012-09-01,AMD,1000,79.8208,0.0798208
2012-09-04,AMD,1000,79.3079,0.0793079
2012-09-05,AMD,1000,78.6793,0.0786793
2012-09-06,AMD,1000,79.3663,0.0793663
2012-09-07,AMD,1000,78.0601,0.0780601
2012-09-08,AMD,1000,77.6102,0.0776102
2012-09-11,AMD,1000,76.9021,0.0769021
2012-09-12,AMD,1000,77.1282,0.0771282
2012-09-13,AMD,1000,76.6821,0.0766821
2012-09-14,AMD,1000,76.7707,0.0767707
2012-09-15,AMD,1000,75.4421,0.0754421
2012-09-18,AMD,1000,74.9215,0.0749215
2012-09-19,AMD,1000,75.6387,0.0756387
2012-09-20,AMD,1000,75.5993,0.0755993
2012-09-21,AMD,1000,77.6295,0.0776295
2012-09-22,AMD,1000,76.4827,0.0764827
2012-09-25,AMD,1000,76.6903,0.0766903
2012-09-26,AMD,1000,76.4682,0.0764682
2012-09-27,AMD,1000,76.9965,0.0769965
2012-09-28,AMD,1000,76.93,0.07693
2012-09-29,AMD,1000,76.15,0.07615
2012-10-02,AMD,1000,77.0747,0.0770747
2012-10-03,AMD,1000,76.2645,0.0762645
2012-10-04,AMD,1000,76.3633,0.0763633
2012-10-05,AMD,1000,76.1836,0.0761836
2012-10-06,AMD,1000,75.8247,0.0758247
2012-10-09,AMD,1000,76.0776,0.0760776
2012-10-10,AMD,1000,76.1307,0.0761307
2012-10-11,AMD,1000,76.3812,0.0763812
2012-10-12,AMD,1000,76.6708,0.0766708
2012-10-13,AMD,1000,76.1027,0.0761027
2012-10-16,AMD,1000,76.081,0.076081
2012-10-17,AMD,1000,75.8097,0.0758097
2012-10-18,AMD,1000,75.7599,0.0757599
2012-10-19,AMD,1000,75.7571,0.0757571
2012-10-20,AMD,1000,75.912,0.075912
2012-10-23,AMD,1000,76.1291,0.0761291
2012-10-24,AMD,1000,76.6431,0.0766431
2012-10-25,AMD,1000,77.1983,0.0771983
2012-10-26,AMD,1000,77.1602,0.0771602
2012-10-27,AMD,1000,77.6755,0.0776755
2012-10-30,AMD,1000,77.4318,0.0774318
2012-10-31,AMD,1000,77.6483,0.0776483
2012-11-01,AMD,1000,77.2766,0.0772766
2012-11-02,AMD,1000,77.3529,0.0773529
2012-11-03,AMD,1000,77.2948,0.0772948
2012-11-07,AMD,1000,77.6342,0.0776342
2012-11-08,AMD,1000,77.1017,0.0771017
2012-11-09,AMD,1000,77.6222,0.0776222
2012-11-10,AMD,1000,77.5768,0.0775768
2012-11-13,AMD,1000,77.1802,0.0771802
2012-11-14,AMD,1000,77.3571,0.0773571
2012-11-15,AMD,1000,77.4767,0.0774767
2012-11-16,AMD,1000,77.7715,0.0777715
2012-11-17,AMD,1000,77.8366,0.0778366
2012-11-20,AMD,1000,77.8076,0.0778076
2012-11-21,AMD,1000,77.2145,0.0772145
2012-11-22,AMD,1000,77.1087,0.0771087
2012-11-23,AMD,1000,76.7303,0.0767303
2012-11-24,AMD,1000,76.681,0.076681
2012-11-27,AMD,1000,76.329,0.076329
2012-11-28,AMD,1000,76.2094,0.0762094
2012-11-29,AMD,1000,76.815,0.076815
2012-11-30,AMD,1000,76.7206,0.0767206
2012-12-01,AMD,1000,75.9546,0.0759546
2012-12-04,AMD,1000,76.1865,0.0761865
2012-12-05,AMD,1000,76.5662,0.0765662
2012-12-06,AMD,1000,76.1544,0.0761544
2012-12-07,AMD,1000,75.9663,0.0759663
2012-12-08,AMD,1000,76.1328,0.0761328
2012-12-11,AMD,1000,75.8815,0.0758815
2012-12-12,AMD,1000,75.545,0.075545
2012-12-13,AMD,1000,75.6948,0.0756948
2012-12-14,AMD,1000,75.3964,0.0753964
2012-12-15,AMD,1000,75.5892,0.0755892
2012-12-18,AMD,1000,75.7872,0.0757872
2012-12-19,AMD,1000,76.1091,0.0761091
2012-12-20,AMD,1000,75.6718,0.0756718
2012-12-21,AMD,1000,75.9018,0.0759018
2012-12-22,AMD,1000,75.9441,0.0759441
2012-12-25,AMD,1000,76.1548,0.0761548
2012-12-26,AMD,1000,75.9122,0.0759122
2012-12-27,AMD,1000,75.9206,0.0759206
2012-12-28,AMD,1000,75.5878,0.0755878
2012-12-29,AMD,1000,75.3665,0.0753665
2012-12-30,AMD,1000,75.3665,0.0753665
2013-01-10,AMD,1000,75.0222,0.0750222
2013-01-11,AMD,1000,74.4423,0.0744423
2013-01-12,AMD,1000,73.8706,0.0738706
2013-01-15,AMD,1000,73.8967,0.0738967
2013-01-16,AMD,1000,74.2469,0.0742469
2013-01-17,AMD,1000,74.6369,0.0746369
2013-01-18,AMD,1000,74.7367,0.0747367
2013-01-19,AMD,1000,74.2174,0.0742174
2013-01-22,AMD,1000,74.4398,0.0744398
2013-01-23,AMD,1000,74.2804,0.0742804
2013-01-24,AMD,1000,74.3646,0.0743646
2013-01-25,AMD,1000,74.5178,0.0745178
2013-01-26,AMD,1000,73.9481,0.0739481
2013-01-29,AMD,1000,74.0842,0.0740842
2013-01-30,AMD,1000,74.2643,0.0742643
2013-01-31,AMD,1000,73.6876,0.0736876
2013-02-01,AMD,1000,73.8403,0.0738403
2013-02-02,AMD,1000,73.7924,0.0737924
2013-02-05,AMD,1000,73.6165,0.0736165
2013-02-06,AMD,1000,74.1036,0.0741036
2013-02-07,AMD,1000,73.7018,0.0737018
2013-02-08,AMD,1000,74.0138,0.0740138
2013-02-09,AMD,1000,74.2796,0.0742796
2013-02-12,AMD,1000,74.2604,0.0742604
2013-02-13,AMD,1000,74.2221,0.0742221
2013-02-14,AMD,1000,73.971,0.073971
2013-02-15,AMD,1000,73.9682,0.0739682
2013-02-16,AMD,1000,74.0809,0.0740809
2013-02-19,AMD,1000,74.1102,0.0741102
2013-02-20,AMD,1000,74.0693,0.0740693
2013-02-21,AMD,1000,73.8334,0.0738334
2013-02-22,AMD,1000,74.2843,0.0742843
2013-02-23,AMD,1000,74.5478,0.0745478
2013-02-26,AMD,1000,74.1731,0.0741731
2013-02-27,AMD,1000,74.7895,0.0747895
2013-02-28,AMD,1000,74.866,0.074866
2013-03-01,AMD,1000,74.6024,0.0746024
2013-03-02,AMD,1000,74.9098,0.0749098
2013-03-05,AMD,1000,74.9531,0.0749531
2013-03-06,AMD,1000,74.6869,0.0746869
2013-03-07,AMD,1000,74.6863,0.0746863
2013-03-08,AMD,1000,74.9398,0.0749398
2013-03-12,AMD,1000,74.9272,0.0749272
2013-03-13,AMD,1000,74.9084,0.0749084
2013-03-14,AMD,1000,74.8378,0.0748378
2013-03-15,AMD,1000,74.2507,0.0742507
2013-03-16,AMD,1000,74.0231,0.0740231
2013-03-19,AMD,1000,74.503,0.074503
2013-03-20,AMD,1000,74.1292,0.0741292
2013-03-21,AMD,1000,74.0744,0.0740744
2013-03-22,AMD,1000,73.7286,0.0737286
2013-03-23,AMD,1000,73.8246,0.0738246
2013-03-26,AMD,1000,73.4093,0.0734093
2013-03-27,AMD,1000,73.6835,0.0736835
2013-03-28,AMD,1000,73.6763,0.0736763
2013-03-29,AMD,1000,73.9766,0.0739766
2013-03-30,AMD,1000,74.1847,0.0741847
2013-04-02,AMD,1000,74.2465,0.0742465
2013-04-03,AMD,1000,74.5337,0.0745337
2013-04-04,AMD,1000,75.1899,0.0751899
2013-04-05,AMD,1000,75.9768,0.0759768
2013-04-06,AMD,1000,75.7382,0.0757382
2013-04-09,AMD,1000,75.452,0.075452
2013-04-10,AMD,1000,74.7511,0.0747511
2013-04-11,AMD,1000,74.2601,0.0742601
2013-04-12,AMD,1000,73.9674,0.0739674
2013-04-13,AMD,1000,74.0414,0.0740414
2013-04-16,AMD,1000,74.9823,0.0749823
2013-04-17,AMD,1000,75.5358,0.0755358
2013-04-18,AMD,1000,74.8072,0.0748072
2013-04-19,AMD,1000,76.101,0.076101
2013-04-20,AMD,1000,75.3545,0.0753545
2013-04-23,AMD,1000,76.1324,0.0761324
2013-04-24,AMD,1000,76.5672,0.0765672
2013-04-25,AMD,1000,76.4932,0.0764932
2013-04-26,AMD,1000,75.8278,0.0758278
2013-04-27,AMD,1000,76.0295,0.0760295
2013-04-30,AMD,1000,75.6801,0.0756801
2013-05-01,AMD,1000,75.6231,0.0756231
2013-05-07,AMD,1000,74.8108,0.0748108
2013-05-08,AMD,1000,74.7988,0.0747988
2013-05-09,AMD,1000,74.8679,0.0748679
2013-05-14,AMD,1000,75.2914,0.0752914
2013-05-15,AMD,1000,75.0067,0.0750067
2013-05-16,AMD,1000,75.4124,0.0754124
2013-05-17,AMD,1000,75.3622,0.0753622
2013-05-18,AMD,1000,75.2381,0.0752381
2013-05-21,AMD,1000,75.1123,0.0751123
2013-05-22,AMD,1000,74.8547,0.0748547
2013-05-23,AMD,1000,74.9772,0.0749772
2013-05-24,AMD,1000,75.5609,0.0755609
2013-05-25,AMD,1000,75.1894,0.0751894
2013-05-28,AMD,1000,75.1561,0.0751561
2013-05-29,AMD,1000,75.3383,0.0753383
2013-05-30,AMD,1000,75.6109,0.0756109
2013-05-31,AMD,1000,75.8447,0.0758447
2013-06-01,AMD,1000,76.1854,0.0761854
2013-06-04,AMD,1000,76.9477,0.0769477
2013-06-05,AMD,1000,76.3873,0.0763873
2013-06-06,AMD,1000,76.9714,0.0769714
2013-06-07,AMD,1000,77.4888,0.0774888
2013-06-08,AMD,1000,78.015,0.078015
2013-06-11,AMD,1000,78.3864,0.0783864
2013-06-12,AMD,1000,78.7723,0.0787723
2013-06-14,AMD,1000,78.2266,0.0782266
2013-06-15,AMD,1000,76.865,0.076865
2013-06-18,AMD,1000,76.6119,0.0766119
2013-06-19,AMD,1000,77.455,0.077455
2013-06-20,AMD,1000,77.6786,0.0776786
2013-06-21,AMD,1000,79.7418,0.0797418
2013-06-22,AMD,1000,79.474,0.079474
2013-06-25,AMD,1000,79.975,0.079975
2013-06-26,AMD,1000,79.4994,0.0794994
2013-06-27,AMD,1000,79.9213,0.0799213
2013-06-28,AMD,1000,80.2358,0.0802358
2013-06-29,AMD,1000,79.778,0.079778
2013-07-02,AMD,1000,80.1261,0.0801261
2013-07-03,AMD,1000,80.0668,0.0800668
2013-07-04,AMD,1000,80.7536,0.0807536
2013-07-05,AMD,1000,80.4378,0.0804378
2013-07-06,AMD,1000,80.7405,0.0807405
2013-07-09,AMD,1000,80.9745,0.0809745
2013-07-10,AMD,1000,80.3249,0.0803249
2013-07-11,AMD,1000,79.9786,0.0799786
2013-07-12,AMD,1000,79.4555,0.0794555
2013-07-13,AMD,1000,79.6897,0.0796897
2013-07-16,AMD,1000,79.3723,0.0793723
2013-07-17,AMD,1000,79.2975,0.0792975
2013-07-18,AMD,1000,78.9601,0.0789601
2013-07-19,AMD,1000,78.8316,0.0788316
2013-07-20,AMD,1000,78.9022,0.0789022
2013-07-23,AMD,1000,78.6462,0.0786462
2013-07-24,AMD,1000,78.6146,0.0786146
2013-07-25,AMD,1000,78.7491,0.0787491
2013-07-26,AMD,1000,79.2633,0.0792633
2013-07-27,AMD,1000,79.409,0.079409
2013-07-30,AMD,1000,80.0868,0.0800868
2013-07-31,AMD,1000,80.2442,0.0802442
2013-08-01,AMD,1000,80.3723,0.0803723
2013-08-02,AMD,1000,80.229,0.080229
2013-08-03,AMD,1000,80.5299,0.0805299
2013-08-06,AMD,1000,79.9055,0.0799055
2013-08-07,AMD,1000,80.2646,0.0802646
2013-08-08,AMD,1000,80.5982,0.0805982
2013-08-09,AMD,1000,80.6861,0.0806861
2013-08-10,AMD,1000,80.8379,0.0808379
2013-08-13,AMD,1000,80.7141,0.0807141
2013-08-14,AMD,1000,81.2856,0.0812856
2013-08-15,AMD,1000,81.47,0.08147
2013-08-16,AMD,1000,81.1568,0.0811568
2013-08-17,AMD,1000,81.1632,0.0811632
2013-08-20,AMD,1000,80.8909,0.0808909
2013-08-21,AMD,1000,81.0826,0.0810826
2013-08-22,AMD,1000,81.0165,0.0810165
2013-08-23,AMD,1000,81.7759,0.0817759
2013-08-24,AMD,1000,81.3666,0.0813666
2013-08-27,AMD,1000,81.1734,0.0811734
2013-08-28,AMD,1000,81.6325,0.0816325
2013-08-29,AMD,1000,81.7236,0.0817236
2013-08-30,AMD,1000,81.72,0.08172
2013-08-31,AMD,1000,81.8901,0.0818901
2013-09-03,AMD,1000,81.902,0.081902
2013-09-04,AMD,1000,81.9885,0.0819885
2013-09-05,AMD,1000,81.6234,0.0816234
2013-09-06,AMD,1000,81.4393,0.0814393
2013-09-07,AMD,1000,81.0516,0.0810516
2013-09-10,AMD,1000,81.081,0.081081
2013-09-11,AMD,1000,80.6341,0.0806341
2013-09-12,AMD,1000,80.5447,0.0805447
2013-09-13,AMD,1000,79.7878,0.0797878
2013-09-14,AMD,1000,80.0015,0.0800015
2013-09-17,AMD,1000,78.9504,0.0789504
2013-09-18,AMD,1000,78.9346,0.0789346
2013-09-19,AMD,1000,78.9835,0.0789835
2013-09-20,AMD,1000,77.6147,0.0776147
2013-09-21,AMD,1000,78.1591,0.0781591
2013-09-24,AMD,1000,78.5492,0.0785492
2013-09-25,AMD,1000,78.5598,0.0785598
2013-09-26,AMD,1000,78.6559,0.0786559
2013-09-27,AMD,1000,79.1478,0.0791478
2013-09-28,AMD,1000,79.766,0.079766
2013-10-01,AMD,1000,80.0096,0.0800096
2013-10-02,AMD,1000,79.7838,0.0797838
2013-10-03,AMD,1000,79.6496,0.0796496
2013-10-04,AMD,1000,79.2232,0.0792232
2013-10-05,AMD,1000,79.1237,0.0791237
2013-10-08,AMD,1000,79.6377,0.0796377
2013-10-09,AMD,1000,79.6606,0.0796606
2013-10-10,AMD,1000,79.6601,0.0796601
2013-10-11,AMD,1000,79.451,0.079451
2013-10-12,AMD,1000,78.7997,0.0787997
2013-10-15,AMD,1000,78.8714,0.0788714
2013-10-16,AMD,1000,79.126,0.079126
2013-10-17,AMD,1000,79.2533,0.0792533
2013-10-18,AMD,1000,78.8633,0.0788633
2013-10-19,AMD,1000,78.2457,0.0782457
2013-10-22,AMD,1000,78.5746,0.0785746
2013-10-23,AMD,1000,78.7342,0.0787342
2013-10-24,AMD,1000,78.3049,0.0783049
2013-10-25,AMD,1000,78.0424,0.0780424
2013-10-26,AMD,1000,78.1196,0.0781196
2013-10-29,AMD,1000,78.3544,0.0783544
2013-10-30,AMD,1000,78.7004,0.0787004
2013-10-31,AMD,1000,79.0856,0.0790856
2013-11-01,AMD,1000,79.1604,0.0791604
2013-11-02,AMD,1000,79.4588,0.0794588
2013-11-06,AMD,1000,79.7803,0.0797803
2013-11-07,AMD,1000,79.8796,0.0798796
2013-11-08,AMD,1000,79.7054,0.0797054
2013-11-09,AMD,1000,80.1475,0.0801475
2013-11-12,AMD,1000,80.5678,0.0805678
2013-11-13,AMD,1000,80.9664,0.0809664
2013-11-14,AMD,1000,81.0331,0.0810331
2013-11-15,AMD,1000,80.7096,0.0807096
2013-11-16,AMD,1000,80.6931,0.0806931
2013-11-19,AMD,1000,80.4094,0.0804094
2013-11-20,AMD,1000,80.6574,0.0806574
2013-11-21,AMD,1000,80.744,0.080744
2013-11-22,AMD,1000,81.6772,0.0816772
2013-11-23,AMD,1000,81.2481,0.0812481
2013-11-26,AMD,1000,81.0218,0.0810218
2013-11-27,AMD,1000,81.5523,0.0815523
2013-11-28,AMD,1000,81.552,0.081552
2013-11-29,AMD,1000,81.9115,0.0819115
2013-11-30,AMD,1000,82.0559,0.0820559
2013-12-03,AMD,1000,81.9486,0.0819486
2013-12-04,AMD,1000,82.1904,0.0821904
2013-12-05,AMD,1000,82.2329,0.0822329
2013-12-06,AMD,1000,81.4212,0.0814212
2013-12-07,AMD,1000,81.4621,0.0814621
2013-12-10,AMD,1000,81.0339,0.0810339
2013-12-11,AMD,1000,81.0502,0.0810502
2013-12-12,AMD,1000,80.9184,0.0809184
2013-12-13,AMD,1000,80.9686,0.0809686
2013-12-14,AMD,1000,81.2517,0.0812517
2013-12-17,AMD,1000,81.2504,0.0812504
2013-12-18,AMD,1000,81.2475,0.0812475
2013-12-19,AMD,1000,81.2841,0.0812841
2013-12-20,AMD,1000,81.4653,0.0814653
2013-12-21,AMD,1000,81.5323,0.0815323
2013-12-24,AMD,1000,81.2792,0.0812792
2013-12-25,AMD,1000,80.4646,0.0804646
2013-12-26,AMD,1000,80.5147,0.0805147
2013-12-27,AMD,1000,80.5697,0.0805697
2013-12-28,AMD,1000,80.4641,0.0804641
2013-12-31,AMD,1000,80.7132,0.0807132
2014-01-01,AMD,1000,80.5393,0.0805393
2014-01-10,AMD,1000,81.7625,0.0817625
2014-01-11,AMD,1000,81.3379,0.0813379
2014-01-14,AMD,1000,81.1029,0.0811029
2014-01-15,AMD,1000,81.9694,0.0819694
2014-01-16,AMD,1000,82.2594,0.0822594
2014-01-17,AMD,1000,82.3707,0.0823707
2014-01-18,AMD,1000,82.452,0.082452
2014-01-21,AMD,1000,82.9665,0.0829665
2014-01-22,AMD,1000,83.1884,0.0831884
2014-01-23,AMD,1000,83.3181,0.0833181
2014-01-24,AMD,1000,83.723,0.083723
2014-01-25,AMD,1000,84.2804,0.0842804
2014-01-28,AMD,1000,85.3857,0.0853857
2014-01-29,AMD,1000,85.1784,0.0851784
2014-01-30,AMD,1000,85.0266,0.0850266
2014-01-31,AMD,1000,86.305,0.086305
2014-02-01,AMD,1000,86.5437,0.0865437
2014-02-04,AMD,1000,86.6782,0.0866782
2014-02-05,AMD,1000,86.306,0.086306
2014-02-06,AMD,1000,85.1366,0.0851366
2014-02-07,AMD,1000,85.4335,0.0854335
2014-02-08,AMD,1000,85.1277,0.0851277
2014-02-11,AMD,1000,84.7118,0.0847118
2014-02-12,AMD,1000,84.3345,0.0843345
2014-02-13,AMD,1000,84.1227,0.0841227
2014-02-14,AMD,1000,84.4708,0.0844708
2014-02-15,AMD,1000,86.0938,0.0860938
2014-02-18,AMD,1000,84.9821,0.0849821
2014-02-19,AMD,1000,85.3235,0.0853235
2014-02-20,AMD,1000,86.3207,0.0863207
2014-02-21,AMD,1000,86.7079,0.0867079
2014-02-22,AMD,1000,86.4514,0.0864514
2014-02-25,AMD,1000,85.9835,0.0859835
2014-02-26,AMD,1000,86.1706,0.0861706
2014-02-27,AMD,1000,86.7043,0.0867043
2014-02-28,AMD,1000,87.2884,0.0872884
2014-03-01,AMD,1000,87.5613,0.0875613
2014-03-04,AMD,1000,87.8705,0.0878705
2014-03-05,AMD,1000,87.7314,0.0877314
2014-03-06,AMD,1000,87.1827,0.0871827
2014-03-07,AMD,1000,87.0484,0.0870484
2014-03-08,AMD,1000,87.3778,0.0873778
2014-03-12,AMD,1000,87.7145,0.0877145
2014-03-13,AMD,1000,87.9193,0.0879193
2014-03-14,AMD,1000,87.8472,0.0878472
2014-03-15,AMD,1000,88.3722,0.0883722
2014-03-18,AMD,1000,88.2613,0.0882613
2014-03-19,AMD,1000,87.7225,0.0877225
2014-03-20,AMD,1000,87.1408,0.0871408
2014-03-21,AMD,1000,86.9028,0.0869028
2014-03-22,AMD,1000,87.6106,0.0876106
2014-03-25,AMD,1000,87.2528,0.0872528
2014-03-26,AMD,1000,86.8333,0.0868333
2014-03-27,AMD,1000,85.8755,0.0858755
2014-03-28,AMD,1000,86.3617,0.0863617
2014-03-29,AMD,1000,86.4304,0.0864304
2014-04-01,AMD,1000,85.972,0.085972
2014-04-02,AMD,1000,84.5786,0.0845786
2014-04-03,AMD,1000,85.149,0.085149
2014-04-04,AMD,1000,85.5999,0.0855999
2014-04-05,AMD,1000,85.5034,0.0855034
2014-04-08,AMD,1000,85.362,0.085362
2014-04-09,AMD,1000,85.533,0.085533
2014-04-10,AMD,1000,86.0392,0.0860392
2014-04-11,AMD,1000,85.5173,0.0855173
2014-04-12,AMD,1000,85.7632,0.0857632
2014-04-15,AMD,1000,86.6161,0.0866161
2014-04-16,AMD,1000,86.5548,0.0865548
2014-04-17,AMD,1000,87.1529,0.0871529
2014-04-18,AMD,1000,86.8892,0.0868892
2014-04-19,AMD,1000,85.8635,0.0858635
2014-04-22,AMD,1000,85.8455,0.0858455
2014-04-23,AMD,1000,86.0968,0.0860968
2014-04-24,AMD,1000,86.0582,0.0860582
2014-04-25,AMD,1000,86.295,0.086295
2014-04-26,AMD,1000,86.8897,0.0868897
2014-04-29,AMD,1000,87.2898,0.0872898
2014-04-30,AMD,1000,86.332,0.086332
2014-05-01,AMD,1000,86.3911,0.0863911
2014-05-06,AMD,1000,86.4402,0.0864402
2014-05-07,AMD,1000,86.1024,0.0861024
2014-05-08,AMD,1000,85.8662,0.0858662
2014-05-09,AMD,1000,84.8494,0.0848494
2014-05-13,AMD,1000,85.149,0.085149
2014-05-14,AMD,1000,84.33,0.08433
2014-05-15,AMD,1000,83.8382,0.0838382
2014-05-16,AMD,1000,83.6157,0.0836157
2014-05-17,AMD,1000,84.0082,0.0840082
2014-05-20,AMD,1000,83.9927,0.0839927
2014-05-21,AMD,1000,83.7992,0.0837992
2014-05-22,AMD,1000,83.635,0.083635
2014-05-23,AMD,1000,83.1237,0.0831237
2014-05-24,AMD,1000,82.8838,0.0828838
2014-05-27,AMD,1000,82.292,0.082292
2014-05-28,AMD,1000,82.8266,0.0828266
2014-05-29,AMD,1000,83.308,0.083308
2014-05-30,AMD,1000,83.8328,0.0838328
2014-05-31,AMD,1000,84.0029,0.0840029
2014-06-03,AMD,1000,84.2926,0.0842926
2014-06-04,AMD,1000,84.5688,0.0845688
2014-06-05,AMD,1000,84.8787,0.0848787
2014-06-06,AMD,1000,84.3099,0.0843099
2014-06-07,AMD,1000,83.7133,0.0837133
2014-06-10,AMD,1000,83.1242,0.0831242
2014-06-11,AMD,1000,83.4684,0.0834684
2014-06-12,AMD,1000,83.4087,0.0834087
2014-06-17,AMD,1000,83.8966,0.0838966
2014-06-18,AMD,1000,84.4686,0.0844686
2014-06-19,AMD,1000,84.9346,0.0849346
2014-06-20,AMD,1000,83.7668,0.0837668
2014-06-21,AMD,1000,84.154,0.084154
2014-06-24,AMD,1000,83.9366,0.0839366
2014-06-25,AMD,1000,83.3077,0.0833077
2014-06-26,AMD,1000,83.085,0.083085
2014-06-27,AMD,1000,82.7225,0.0827225
2014-06-28,AMD,1000,82.5291,0.0825291
2014-07-01,AMD,1000,83.0513,0.0830513
2014-07-02,AMD,1000,83.9939,0.0839939
2014-07-03,AMD,1000,83.8424,0.0838424
2014-07-04,AMD,1000,83.811,0.083811
2014-07-05,AMD,1000,84.1884,0.0841884
2014-07-08,AMD,1000,84.8061,0.0848061
2014-07-09,AMD,1000,84.439,0.084439
2014-07-10,AMD,1000,83.6011,0.0836011
2014-07-11,AMD,1000,82.9297,0.0829297
2014-07-12,AMD,1000,83.4555,0.0834555
2014-07-15,AMD,1000,84.1017,0.0841017
2014-07-16,AMD,1000,84.2458,0.0842458
2014-07-17,AMD,1000,84.3397,0.0843397
2014-07-18,AMD,1000,85.3773,0.0853773
2014-07-19,AMD,1000,86.2888,0.0862888
2014-07-22,AMD,1000,86.0893,0.0860893
2014-07-23,AMD,1000,85.9845,0.0859845
2014-07-24,AMD,1000,85.6337,0.0856337
2014-07-25,AMD,1000,86.2942,0.0862942
2014-07-26,AMD,1000,86.2537,0.0862537
2014-07-29,AMD,1000,86.6316,0.0866316
2014-07-30,AMD,1000,87.6603,0.0876603
2014-07-31,AMD,1000,87.9328,0.0879328
2014-08-01,AMD,1000,87.1926,0.0871926
2014-08-02,AMD,1000,87.8898,0.0878898
2014-08-05,AMD,1000,87.3764,0.0873764
2014-08-06,AMD,1000,88.044,0.088044
2014-08-07,AMD,1000,88.8538,0.0888538
2014-08-08,AMD,1000,89.1969,0.0891969
2014-08-09,AMD,1000,88.7847,0.0887847
2014-08-12,AMD,1000,87.4144,0.0874144
2014-08-13,AMD,1000,87.5947,0.0875947
2014-08-14,AMD,1000,87.8114,0.0878114
2014-08-15,AMD,1000,87.7942,0.0877942
2014-08-16,AMD,1000,87.68,0.08768
2014-08-19,AMD,1000,88.4157,0.0884157
2014-08-20,AMD,1000,88.5251,0.0885251
2014-08-21,AMD,1000,88.8714,0.0888714
2014-08-22,AMD,1000,89.1794,0.0891794
2014-08-23,AMD,1000,88.1555,0.0881555
2014-08-26,AMD,1000,88.5297,0.0885297
2014-08-27,AMD,1000,88.5681,0.0885681
2014-08-28,AMD,1000,88.0382,0.0880382
2014-08-29,AMD,1000,88.3126,0.0883126
2014-08-30,AMD,1000,89.7487,0.0897487
2014-09-02,AMD,1000,90.6747,0.0906747
2014-09-03,AMD,1000,90.8268,0.0908268
2014-09-04,AMD,1000,90.7988,0.0907988
2014-09-05,AMD,1000,89.656,0.089656
2014-09-06,AMD,1000,90.246,0.090246
2014-09-09,AMD,1000,90.5435,0.0905435
2014-09-10,AMD,1000,90.3958,0.0903958
2014-09-11,AMD,1000,90.7675,0.0907675
2014-09-12,AMD,1000,91.2495,0.0912495
2014-09-13,AMD,1000,92.1493,0.0921493
2014-09-16,AMD,1000,92.7621,0.0927621
2014-09-17,AMD,1000,94.5197,0.0945197
2014-09-18,AMD,1000,94.05,0.09405
2014-09-19,AMD,1000,94.3771,0.0943771
2014-09-20,AMD,1000,94.3586,0.0943586
2014-09-23,AMD,1000,94.6995,0.0946995
2014-09-24,AMD,1000,95.2101,0.0952101
2014-09-25,AMD,1000,94.4231,0.0944231
2014-09-26,AMD,1000,94.1049,0.0941049
2014-09-27,AMD,1000,94.9125,0.0949125
2014-09-30,AMD,1000,96.3587,0.0963587
2014-10-01,AMD,1000,96.5521,0.0965521
2014-10-02,AMD,1000,97.3261,0.0973261
2014-10-03,AMD,1000,97.0965,0.0970965
2014-10-04,AMD,1000,97.2752,0.0972752
2014-10-07,AMD,1000,97.7555,0.0977555
2014-10-08,AMD,1000,96.8719,0.0968719
2014-10-09,AMD,1000,97.2796,0.0972796
2014-10-10,AMD,1000,97.1331,0.0971331
2014-10-11,AMD,1000,97.4848,0.0974848
2014-10-14,AMD,1000,97.6395,0.0976395
2014-10-15,AMD,1000,98.3986,0.0983986
2014-10-16,AMD,1000,99.8271,0.0998271
2014-10-17,AMD,1000,99.6471,0.0996471
2014-10-18,AMD,100,10.0256,0.100256
2014-10-21,AMD,1000,99.6867,0.0996867
2014-10-22,AMD,100,10.0049,0.100049
2014-10-23,AMD,100,10.0189,0.100189
2014-10-24,AMD,100,10.1606,0.101606
2014-10-25,AMD,100,10.2501,0.102501
2014-10-28,AMD,100,10.2567,0.102567
2014-10-29,AMD,100,10.3122,0.103122
2014-10-30,AMD,100,10.3651,0.103651
2014-10-31,AMD,100,10.5352,0.105352
2014-11-01,AMD,100,10.2074,0.102074
2014-11-06,AMD,100,10.7245,0.107245
2014-11-07,AMD,100,10.8907,0.108907
2014-11-08,AMD,100,11.5339,0.115339
2014-11-11,AMD,100,11.0585,0.110585
2014-11-12,AMD,100,11.0488,0.110488
2014-11-13,AMD,100,11.1443,0.111443
2014-11-14,AMD,100,11.0847,0.110847
2014-11-15,AMD,100,11.3896,0.113896
2014-11-18,AMD,100,11.3808,0.113808
2014-11-19,AMD,100,11.2823,0.112823
2014-11-20,AMD,100,11.278,0.11278
2014-11-21,AMD,100,11.1841,0.111841
2014-11-22,AMD,100,10.929,0.10929
2014-11-25,AMD,100,10.4031,0.104031
2014-11-26,AMD,100,10.3607,0.103607
2014-11-27,AMD,100,10.6919,0.106919
2014-11-28,AMD,100,10.9848,0.109848
2014-11-29,AMD,100,11.3671,0.113671
2014-12-02,AMD,100,11.866,0.11866
2014-12-03,AMD,100,11.3321,0.113321
2014-12-04,AMD,100,12.3246,0.123246
2014-12-05,AMD,100,11.8678,0.118678
2014-12-06,AMD,100,11.7368,0.117368
2014-12-09,AMD,100,11.7808,0.117808
2014-12-10,AMD,100,11.9805,0.119805
2014-12-11,AMD,100,11.9947,0.119947
2014-12-12,AMD,100,11.8986,0.118986
2014-12-13,AMD,100,12.1305,0.121305
2014-12-16,AMD,100,12.3093,0.123093
2014-12-17,AMD,100,12.9011,0.129011
2014-12-18,AMD,100,14.3007,0.143007
2014-12-19,AMD,100,12.5745,0.125745
2014-12-20,AMD,100,13.05,0.1305
2014-12-23,AMD,100,12.1492,0.121492
2014-12-24,AMD,100,11.8628,0.118628
2014-12-25,AMD,100,11.8331,0.118331
2014-12-26,AMD,100,11.4882,0.114882
2014-12-27,AMD,100,11.2507,0.112507
2014-12-30,AMD,100,12.0085,0.120085
2014-12-31,AMD,100,12.0986,0.120986
2015-01-01,AMD,100,11.8645,0.118645
2015-01-13,AMD,100,13.1799,0.131799
2015-01-14,AMD,100,13.6799,0.136799
2015-01-15,AMD,100,13.8426,0.138426
2015-01-16,AMD,100,13.5777,0.135777
2015-01-17,AMD,100,13.6633,0.136633
2015-01-20,AMD,100,13.6642,0.136642
2015-01-21,AMD,100,13.5954,0.135954
2015-01-22,AMD,100,13.7867,0.137867
2015-01-23,AMD,100,13.9594,0.139594
2015-01-24,AMD,100,13.3319,0.133319
2015-01-27,AMD,100,13.8529,0.138529
2015-01-28,AMD,100,14.2619,0.142619
2015-01-29,AMD,100,14.1221,0.141221
2015-01-30,AMD,100,14.4391,0.144391
2015-01-31,AMD,100,14.4809,0.144809
2015-02-03,AMD,100,14.6199,0.146199
2015-02-04,AMD,100,14.238,0.14238
2015-02-05,AMD,100,13.7349,0.137349
2015-02-06,AMD,100,14.4141,0.144141
2015-02-07,AMD,100,13.8455,0.138455
2015-02-10,AMD,100,13.7331,0.137331
2015-02-11,AMD,100,13.6661,0.136661
2015-02-12,AMD,100,13.7765,0.137765
2015-02-13,AMD,100,13.8356,0.138356
2015-02-14,AMD,100,13.5738,0.135738
2015-02-17,AMD,100,13.0821,0.130821
2015-02-18,AMD,100,13.1153,0.131153
2015-02-19,AMD,100,13.019,0.13019
2015-02-20,AMD,100,12.9709,0.129709
2015-02-21,AMD,100,12.8859,0.128859
2015-02-25,AMD,100,13.2585,0.132585
2015-02-26,AMD,100,13.0669,0.130669
2015-02-27,AMD,100,12.6719,0.126719
2015-02-28,AMD,100,12.8103,0.128103
2015-03-03,AMD,100,13.0041,0.130041
2015-03-04,AMD,100,13.0198,0.130198
2015-03-05,AMD,100,12.9174,0.129174
2015-03-06,AMD,100,12.8912,0.128912
2015-03-07,AMD,100,12.5013,0.125013
2015-03-11,AMD,100,12.6254,0.126254
2015-03-12,AMD,100,12.9664,0.129664
2015-03-13,AMD,100,12.6367,0.126367
2015-03-14,AMD,100,12.7345,0.127345
2015-03-17,AMD,100,12.9075,0.129075
2015-03-18,AMD,100,12.9051,0.129051
2015-03-19,AMD,100,12.7411,0.127411
2015-03-20,AMD,100,12.4843,0.124843
2015-03-21,AMD,100,12.5489,0.125489
2015-03-24,AMD,100,12.4649,0.124649
2015-03-25,AMD,100,12.3833,0.123833
2015-03-26,AMD,100,12.1559,0.121559
2015-03-27,AMD,100,11.9473,0.119473
2015-03-28,AMD,100,12.2201,0.122201
2015-03-31,AMD,100,12.3996,0.123996
2015-04-01,AMD,100,12.2269,0.122269
2015-04-02,AMD,100,12.3657,0.123657
2015-04-03,AMD,100,12.0614,0.120614
2015-04-04,AMD,100,11.9733,0.119733
2015-04-07,AMD,100,11.9738,0.119738
2015-04-08,AMD,100,11.6441,0.116441
2015-04-09,AMD,100,11.3526,0.113526
2015-04-10,AMD,100,11.0499,0.110499
2015-04-11,AMD,100,10.7173,0.107173
2015-04-14,AMD,100,11.02,0.1102
2015-04-15,AMD,100,10.9767,0.109767
2015-04-16,AMD,100,10.7135,0.107135
2015-04-17,AMD,100,10.5132,0.105132
2015-04-18,AMD,100,10.6828,0.106828
2015-04-21,AMD,100,10.8969,0.108969
2015-04-22,AMD,100,11.3867,0.113867
2015-04-23,AMD,100,11.3197,0.113197
2015-04-24,AMD,100,10.8863,0.108863
2015-04-25,AMD,100,10.6007,0.106007
2015-04-28,AMD,100,10.8356,0.108356
2015-04-29,AMD,100,11.0021,0.110021
2015-04-30,AMD,100,10.8574,0.108574
2015-05-01,AMD,100,10.7097,0.107097
2015-05-06,AMD,100,10.7314,0.107314
2015-05-07,AMD,100,10.3782,0.103782
2015-05-08,AMD,100,10.4615,0.104615
2015-05-09,AMD,100,10.5643,0.105643
2015-05-13,AMD,100,10.6049,0.106049
2015-05-14,AMD,100,10.3008,0.103008
2015-05-15,AMD,100,10.383,0.10383
2015-05-16,AMD,100,10.3458,0.103458
2015-05-19,AMD,100,10.2005,0.102005
2015-05-20,AMD,100,10.2294,0.102294
2015-05-21,AMD,100,10.4113,0.104113
2015-05-22,AMD,100,10.4523,0.104523
2015-05-23,AMD,100,10.4579,0.104579
2015-05-26,AMD,100,10.377,0.10377
2015-05-27,AMD,100,10.4991,0.104991
2015-05-28,AMD,100,10.642,0.10642
2015-05-29,AMD,100,10.8826,0.108826
2015-05-30,AMD,100,11.0243,0.110243
2015-06-02,AMD,100,11.0644,0.110644
2015-06-03,AMD,100,11.2013,0.112013
2015-06-04,AMD,100,11.1095,0.111095
2015-06-05,AMD,100,11.514,0.11514
2015-06-06,AMD,100,11.7719,0.117719
2015-06-09,AMD,100,11.7516,0.117516
2015-06-10,AMD,100,11.7631,0.117631
2015-06-11,AMD,100,11.4093,0.114093
2015-06-12,AMD,100,11.4076,0.114076
2015-06-16,AMD,100,11.6109,0.116109
2015-06-17,AMD,100,11.3914,0.113914
2015-06-18,AMD,100,11.3593,0.113593
2015-06-19,AMD,100,11.2511,0.112511
2015-06-20,AMD,100,11.3647,0.113647
2015-06-23,AMD,100,11.3109,0.113109
2015-06-24,AMD,100,11.475,0.11475
2015-06-25,AMD,100,11.4468,0.114468
2015-06-26,AMD,100,11.5586,0.115586
2015-06-27,AMD,100,11.5883,0.115883
2015-06-30,AMD,100,11.7263,0.117263
2015-07-01,AMD,100,11.7958,0.117958
2015-07-02,AMD,100,11.7409,0.117409
2015-07-03,AMD,100,11.7696,0.117696
2015-07-04,AMD,100,11.731,0.11731
2015-07-07,AMD,100,11.8861,0.118861
2015-07-08,AMD,100,12.0385,0.120385
2015-07-09,AMD,100,12.028,0.12028
2015-07-10,AMD,100,11.9556,0.119556
2015-07-11,AMD,100,11.8802,0.118802
2015-07-14,AMD,100,11.8458,0.118458
2015-07-15,AMD,100,11.905,0.11905
2015-07-16,AMD,100,11.839,0.11839
2015-07-17,AMD,100,11.8585,0.118585
2015-07-18,AMD,100,11.8298,0.118298
2015-07-21,AMD,100,11.8034,0.118034
2015-07-22,AMD,100,11.8755,0.118755
2015-07-23,AMD,100,11.9046,0.119046
2015-07-24,AMD,100,12.0027,0.120027
2015-07-25,AMD,100,12.1672,0.121672
2015-07-28,AMD,100,12.291,0.12291
2015-07-29,AMD,100,12.5727,0.125727
2015-07-30,AMD,100,12.5297,0.125297
2015-07-31,AMD,100,12.3347,0.123347
2015-08-01,AMD,100,12.6246,0.126246
2015-08-04,AMD,100,13.096,0.13096
2015-08-05,AMD,100,13.1766,0.131766
2015-08-06,AMD,100,13.1237,0.131237
2015-08-07,AMD,100,13.3608,0.133608
2015-08-08,AMD,100,13.35,0.1335
2015-08-11,AMD,100,13.482,0.13482
2015-08-12,AMD,100,13.2169,0.132169
2015-08-13,AMD,100,13.5962,0.135962
2015-08-14,AMD,100,13.3833,0.133833
2015-08-15,AMD,100,13.5793,0.135793
2015-08-18,AMD,100,13.7036,0.137036
2015-08-19,AMD,100,13.7717,0.137717
2015-08-20,AMD,100,13.7638,0.137638
2015-08-21,AMD,100,14.0144,0.140144
2015-08-22,AMD,100,14.2395,0.142395
2015-08-25,AMD,100,14.6473,0.146473
2015-08-26,AMD,100,14.4219,0.144219
2015-08-27,AMD,100,14.2769,0.142769
2015-08-28,AMD,100,13.9239,0.139239
2015-08-29,AMD,100,13.7635,0.137635
2015-09-01,AMD,100,13.827,0.13827
2015-09-02,AMD,100,13.5411,0.135411
2015-09-03,AMD,100,13.7405,0.137405
2015-09-04,AMD,100,13.8294,0.138294
2015-09-05,AMD,100,13.9758,0.139758
2015-09-08,AMD,100,14.1064,0.141064
2015-09-09,AMD,100,14.1725,0.141725
2015-09-10,AMD,100,13.9283,0.139283
2015-09-11,AMD,100,14.1229,0.141229
2015-09-12,AMD,100,14.0399,0.140399
2015-09-15,AMD,100,14.0407,0.140407
2015-09-16,AMD,100,13.8898,0.138898
2015-09-17,AMD,100,13.6637,0.136637
2015-09-18,AMD,100,13.603,0.13603
2015-09-19,AMD,100,13.5629,0.135629
2015-09-22,AMD,100,13.6664,0.136664
2015-09-23,AMD,100,13.8586,0.138586
2015-09-24,AMD,100,13.9364,0.139364
2015-09-25,AMD,100,14.0624,0.140624
2015-09-26,AMD,100,13.7968,0.137968
2015-09-29,AMD,100,13.7704,0.137704
2015-09-30,AMD,100,13.9182,0.139182
2015-10-01,AMD,100,13.9272,0.139272
2015-10-02,AMD,100,13.7637,0.137637
2015-10-03,AMD,100,13.897,0.13897
2015-10-06,AMD,100,13.8303,0.138303
2015-10-07,AMD,100,13.7479,0.137479
2015-10-08,AMD,100,13.2152,0.132152
2015-10-09,AMD,100,13.1284,0.131284
2015-10-10,AMD,100,12.9318,0.129318
2015-10-13,AMD,100,12.8982,0.128982
2015-10-14,AMD,100,13.1204,0.131204
2015-10-15,AMD,100,13.3175,0.133175
2015-10-16,AMD,100,13.1593,0.131593
2015-10-17,AMD,100,12.938,0.12938
2015-10-20,AMD,100,12.9898,0.129898
2015-10-21,AMD,100,13.1421,0.131421
2015-10-22,AMD,100,13.2974,0.132974
2015-10-23,AMD,100,13.3735,0.133735
2015-10-24,AMD,100,13.1903,0.131903
2015-10-27,AMD,100,13.2423,0.132423
2015-10-28,AMD,100,13.4535,0.134535
2015-10-29,AMD,100,13.8381,0.138381
2015-10-30,AMD,100,13.595,0.13595
2015-10-31,AMD,100,13.6386,0.136386
2015-11-03,AMD,100,13.4456,0.134456
2015-11-04,AMD,100,13.4568,0.134568
2015-11-06,AMD,100,13.2773,0.132773
2015-11-07,AMD,100,13.3228,0.133228
2015-11-10,AMD,100,13.4569,0.134569
2015-11-11,AMD,100,13.3176,0.133176
2015-11-12,AMD,100,13.3961,0.133961
2015-11-13,AMD,100,13.679,0.13679
2015-11-14,AMD,100,13.9257,0.139257
2015-11-17,AMD,100,13.7885,0.137885
2015-11-18,AMD,100,13.6133,0.136133
2015-11-19,AMD,100,13.4395,0.134395
2015-11-20,AMD,100,13.4728,0.134728
2015-11-21,AMD,100,13.4635,0.134635
2015-11-24,AMD,100,13.6377,0.136377
2015-11-25,AMD,100,13.6398,0.136398
2015-11-26,AMD,100,13.6102,0.136102
2015-11-27,AMD,100,13.6528,0.136528
2015-11-28,AMD,100,13.7426,0.137426
2015-12-01,AMD,100,13.7886,0.137886
2015-12-02,AMD,100,13.6898,0.136898
2015-12-03,AMD,100,13.7836,0.137836
2015-12-04,AMD,100,13.9759,0.139759
2015-12-05,AMD,100,13.9929,0.139929
2015-12-08,AMD,100,14.1473,0.141473
2015-12-09,AMD,100,14.3039,0.143039
2015-12-10,AMD,100,14.2592,0.142592
2015-12-11,AMD,100,14.2565,0.142565
2015-12-12,AMD,100,14.263,0.14263
2015-12-15,AMD,100,14.4942,0.144942
2015-12-16,AMD,100,14.6372,0.146372
2015-12-17,AMD,100,14.5577,0.145577
2015-12-18,AMD,100,14.6433,0.146433
2015-12-19,AMD,100,14.8432,0.148432
2015-12-22,AMD,100,14.8758,0.148758
2015-12-23,AMD,100,14.8633,0.148633
2015-12-24,AMD,100,14.7655,0.147655
2015-12-25,AMD,100,14.4076,0.144076
2015-12-26,AMD,100,14.5214,0.145214
2015-12-29,AMD,100,14.7165,0.147165
2015-12-30,AMD,100,15.0242,0.150242
2015-12-31,AMD,100,15.046,0.15046
2016-01-01,AMD,100,15.1464,0.151464
2016-01-12,AMD,100,15.7004,0.157004
2016-01-13,AMD,100,15.9095,0.159095
2016-01-14,AMD,100,15.8728,0.158728
2016-01-15,AMD,100,15.8187,0.158187
2016-01-16,AMD,100,15.7866,0.157866
2016-01-19,AMD,100,16.1868,0.161868
2016-01-20,AMD,100,16.1494,0.161494
2016-01-21,AMD,100,16.3467,0.163467
2016-01-22,AMD,100,17.2034,0.172034
2016-01-23,AMD,100,16.57,0.1657
2016-01-26,AMD,100,15.9386,0.159386
2016-01-27,AMD,100,16.7704,0.167704
2016-01-28,AMD,100,16.1581,0.161581
2016-01-29,AMD,100,15.9685,0.159685
2016-01-30,AMD,100,15.3727,0.153727
2016-02-02,AMD,100,15.6087,0.156087
2016-02-03,AMD,100,15.8873,0.158873
2016-02-04,AMD,100,16.0606,0.160606
2016-02-05,AMD,100,15.4763,0.154763
2016-02-06,AMD,100,15.664,0.15664
2016-02-09,AMD,100,15.5511,0.155511
2016-02-10,AMD,100,15.9063,0.159063
2016-02-11,AMD,100,15.9767,0.159767
2016-02-12,AMD,100,15.9795,0.159795
2016-02-13,AMD,100,16.0661,0.160661
2016-02-16,AMD,100,15.7003,0.157003
2016-02-17,AMD,100,15.372,0.15372
2016-02-18,AMD,100,15.6956,0.156956
2016-02-19,AMD,100,15.2193,0.152193
2016-02-20,AMD,100,15.4274,0.154274
2016-02-21,AMD,100,15.6218,0.156218
2016-02-25,AMD,100,15.5428,0.155428
2016-02-26,AMD,100,15.5586,0.155586
2016-02-27,AMD,100,15.284,0.15284
2016-03-01,AMD,100,15.4613,0.154613
2016-03-02,AMD,100,15.0822,0.150822
2016-03-03,AMD,100,15.0256,0.150256
2016-03-04,AMD,100,15.0508,0.150508
2016-03-05,AMD,100,14.894,0.14894
2016-03-10,AMD,100,14.7258,0.147258
2016-03-11,AMD,100,14.4792,0.144792
2016-03-12,AMD,100,14.3045,0.143045
2016-03-15,AMD,100,14.3318,0.143318
2016-03-16,AMD,100,14.4551,0.144551
2016-03-17,AMD,100,14.5694,0.145694
2016-03-18,AMD,100,14.0751,0.140751
2016-03-19,AMD,100,14.0457,0.140457
2016-03-22,AMD,100,14.2608,0.142608
2016-03-23,AMD,100,14.1289,0.141289
2016-03-24,AMD,100,14.0948,0.140948
2016-03-25,AMD,100,14.3341,0.143341
2016-03-26,AMD,100,14.198,0.14198
2016-03-29,AMD,100,14.077,0.14077
2016-03-30,AMD,100,14.2793,0.142793
2016-03-31,AMD,100,14.0673,0.140673
2016-04-01,AMD,100,14.1218,0.141218
2016-04-02,AMD,100,13.9877,0.139877
2016-04-05,AMD,100,14.248,0.14248
2016-04-06,AMD,100,14.2955,0.142955
2016-04-07,AMD,100,14.2043,0.142043
2016-04-08,AMD,100,14.0335,0.140335
2016-04-09,AMD,100,13.9364,0.139364
2016-04-12,AMD,100,13.8688,0.138688
2016-04-13,AMD,100,13.7049,0.137049
2016-04-14,AMD,100,13.5993,0.135993
2016-04-15,AMD,100,13.77,0.1377
2016-04-16,AMD,100,13.7023,0.137023
2016-04-19,AMD,100,14.1791,0.141791
2016-04-20,AMD,100,13.6339,0.136339
2016-04-21,AMD,100,13.7748,0.137748
2016-04-22,AMD,100,13.5717,0.135717
2016-04-23,AMD,100,13.8246,0.138246
2016-04-26,AMD,100,13.9101,0.139101
2016-04-27,AMD,100,13.8681,0.138681
2016-04-28,AMD,100,13.5867,0.135867
2016-04-29,AMD,100,13.5865,0.135865
2016-04-30,AMD,100,13.4476,0.134476
2016-05-05,AMD,100,13.8232,0.138232
2016-05-06,AMD,100,13.759,0.13759
2016-05-07,AMD,100,13.8218,0.138218
2016-05-11,AMD,100,13.8471,0.138471
2016-05-12,AMD,100,13.8294,0.138294
2016-05-13,AMD,100,13.5363,0.135363
2016-05-14,AMD,100,13.5554,0.135554
2016-05-17,AMD,100,13.544,0.13544
2016-05-18,AMD,100,13.4825,0.134825
2016-05-19,AMD,100,13.6117,0.136117
2016-05-20,AMD,100,13.8604,0.138604
2016-05-21,AMD,100,13.8981,0.138981
2016-05-24,AMD,100,14.059,0.14059
2016-05-25,AMD,100,14.0594,0.140594
2016-05-26,AMD,100,13.7855,0.137855
2016-05-27,AMD,100,13.6386,0.136386
2016-05-28,AMD,100,13.8162,0.138162
2016-05-31,AMD,100,13.8335,0.138335
2016-06-01,AMD,100,13.8096,0.138096
2016-06-02,AMD,100,13.9363,0.139363
2016-06-03,AMD,100,13.9613,0.139613
2016-06-04,AMD,100,13.9713,0.139713
2016-06-07,AMD,100,13.7261,0.137261
2016-06-08,AMD,100,13.6022,0.136022
2016-06-09,AMD,100,13.4918,0.134918
2016-06-10,AMD,100,13.2958,0.132958
2016-06-11,AMD,100,13.5089,0.135089
2016-06-15,AMD,100,13.7851,0.137851
2016-06-16,AMD,100,13.7611,0.137611
2016-06-17,AMD,100,13.7671,0.137671
2016-06-18,AMD,100,13.6903,0.136903
2016-06-21,AMD,100,13.4347,0.134347
2016-06-22,AMD,100,13.4678,0.134678
2016-06-23,AMD,100,13.3717,0.133717
2016-06-24,AMD,100,13.4987,0.134987
2016-06-25,AMD,100,13.7521,0.137521
2016-06-28,AMD,100,13.6392,0.136392
2016-06-29,AMD,100,13.5826,0.135826
2016-06-30,AMD,100,13.4669,0.134669
2016-07-01,AMD,100,13.4399,0.134399
2016-07-02,AMD,100,13.4333,0.134333
2016-07-05,AMD,100,13.3558,0.133558
2016-07-06,AMD,100,13.4781,0.134781
2016-07-07,AMD,100,13.5536,0.135536
2016-07-08,AMD,100,13.4291,0.134291
2016-07-09,AMD,100,13.4708,0.134708
2016-07-12,AMD,100,13.4695,0.134695
2016-07-13,AMD,100,13.3912,0.133912
2016-07-14,AMD,100,13.3892,0.133892
2016-07-15,AMD,100,13.323,0.13323
2016-07-16,AMD,100,13.232,0.13232
2016-07-19,AMD,100,13.2345,0.132345
2016-07-20,AMD,100,13.2053,0.132053
2016-07-21,AMD,100,13.3092,0.133092
2016-07-22,AMD,100,13.4043,0.134043
2016-07-23,AMD,100,13.5629,0.135629
2016-07-26,AMD,100,13.6355,0.136355
2016-07-27,AMD,100,13.8053,0.138053
2016-07-28,AMD,100,13.8398,0.138398
2016-07-29,AMD,100,13.8601,0.138601
2016-07-30,AMD,100,14.0569,0.140569
2016-08-02,AMD,100,13.8387,0.138387
2016-08-03,AMD,100,14.0331,0.140331
2016-08-04,AMD,100,14.0097,0.140097
2016-08-05,AMD,100,13.9454,0.139454
2016-08-06,AMD,100,13.7708,0.137708
2016-08-09,AMD,100,13.678,0.13678
2016-08-10,AMD,100,13.6138,0.136138
2016-08-11,AMD,100,13.6135,0.136135
2016-08-12,AMD,100,13.642,0.13642
2016-08-13,AMD,100,13.5104,0.135104
2016-08-16,AMD,100,13.489,0.13489
2016-08-17,AMD,100,13.4352,0.134352
2016-08-18,AMD,100,13.4583,0.134583
2016-08-19,AMD,100,13.3646,0.133646
2016-08-20,AMD,100,13.4609,0.134609
2016-08-23,AMD,100,13.5174,0.135174
2016-08-24,AMD,100,13.6355,0.136355
2016-08-25,AMD,100,13.6451,0.136451
2016-08-26,AMD,100,13.6728,0.136728
2016-08-27,AMD,100,13.6291,0.136291
2016-08-30,AMD,100,13.7013,0.137013
2016-08-31,AMD,100,13.6647,0.136647
2016-09-01,AMD,100,13.7376,0.137376
2016-09-02,AMD,100,13.7382,0.137382
2016-09-03,AMD,100,13.867,0.13867
2016-09-06,AMD,100,13.6346,0.136346
2016-09-07,AMD,100,13.6629,0.136629
2016-09-08,AMD,100,13.5681,0.135681
2016-09-09,AMD,100,13.468,0.13468
2016-09-10,AMD,100,13.5077,0.135077
2016-09-13,AMD,100,13.71,0.1371
2016-09-14,AMD,100,13.65,0.1365
2016-09-15,AMD,100,13.6844,0.136844
2016-09-16,AMD,100,13.7444,0.137444
2016-09-17,AMD,100,13.6974,0.136974
2016-09-20,AMD,100,13.6841,0.136841
2016-09-21,AMD,100,13.6577,0.136577
2016-09-22,AMD,100,13.5811,0.135811
2016-09-23,AMD,100,13.4644,0.134644
2016-09-24,AMD,100,13.4984,0.134984
2016-09-27,AMD,100,13.5482,0.135482
2016-09-28,AMD,100,13.4513,0.134513
2016-09-29,AMD,100,13.4889,0.134889
2016-09-30,AMD,100,13.3245,0.133245
2016-10-01,AMD,100,13.3676,0.133676
2016-10-04,AMD,100,13.1957,0.131957
2016-10-05,AMD,100,13.1742,0.131742
2016-10-06,AMD,100,13.188,0.13188
2016-10-07,AMD,100,13.1624,0.131624
2016-10-08,AMD,100,13.1552,0.131552
2016-10-11,AMD,100,13.1482,0.131482
2016-10-12,AMD,100,13.1074,0.131074
2016-10-13,AMD,100,13.149,0.13149
2016-10-14,AMD,100,13.2941,0.132941
2016-10-15,AMD,100,13.22,0.1322
2016-10-18,AMD,100,13.2531,0.132531
2016-10-19,AMD,100,13.1845,0.131845
2016-10-20,AMD,100,13.1617,0.131617
2016-10-21,AMD,100,13.1271,0.131271
2016-10-22,AMD,100,13.1473,0.131473
2016-10-25,AMD,100,13.0949,0.130949
2016-10-26,AMD,100,13.0556,0.130556
2016-10-27,AMD,100,13.1073,0.131073
2016-10-28,AMD,100,13.2643,0.132643
2016-10-29,AMD,100,13.2568,0.132568
2016-11-01,AMD,100,13.2949,0.132949
2016-11-02,AMD,100,13.2918,0.132918
2016-11-03,AMD,100,13.3228,0.133228
2016-11-04,AMD,100,13.3428,0.133428
2016-11-08,AMD,100,13.3697,0.133697
2016-11-09,AMD,100,13.2784,0.132784
2016-11-10,AMD,100,13.3989,0.133989
2016-11-11,AMD,100,13.2531,0.132531
2016-11-12,AMD,100,13.6579,0.136579
2016-11-15,AMD,100,13.7925,0.137925
2016-11-16,AMD,100,13.6829,0.136829
2016-11-17,AMD,100,13.4668,0.134668
2016-11-18,AMD,100,13.5325,0.135325
2016-11-19,AMD,100,13.58,0.1358
2016-11-22,AMD,100,13.4219,0.134219
2016-11-23,AMD,100,13.2835,0.132835
2016-11-24,AMD,100,13.3658,0.133658
2016-11-25,AMD,100,13.4951,0.134951
2016-11-26,AMD,100,13.4816,0.134816
2016-11-29,AMD,100,13.5353,0.135353
2016-11-30,AMD,100,13.5161,0.135161
2016-12-01,AMD,100,13.5743,0.135743
2016-12-02,AMD,100,13.2337,0.132337
2016-12-03,AMD,100,13.3235,0.133235
2016-12-06,AMD,100,13.2788,0.132788
2016-12-07,AMD,100,13.2629,0.132629
2016-12-08,AMD,100,13.2459,0.132459
2016-12-09,AMD,100,13.1783,0.131783
2016-12-10,AMD,100,13.1601,0.131601
2016-12-13,AMD,100,12.6813,0.126813
2016-12-14,AMD,100,12.5915,0.125915
2016-12-15,AMD,100,12.5507,0.125507
2016-12-16,AMD,100,12.727,0.12727
2016-12-17,AMD,100,12.7718,0.127718
2016-12-20,AMD,100,12.8201,0.128201
2016-12-21,AMD,100,12.8609,0.128609
2016-12-22,AMD,100,12.7046,0.127046
2016-12-23,AMD,100,12.6537,0.126537
2016-12-24,AMD,100,12.6264,0.126264
2016-12-27,AMD,100,12.6235,0.126235
2016-12-28,AMD,100,12.6132,0.126132
2016-12-29,AMD,100,12.5493,0.125493
2016-12-30,AMD,100,12.4595,0.124595
2016-12-31,AMD,100,12.5195,0.125195
2017-01-10,AMD,100,12.3594,0.123594
2017-01-11,AMD,100,12.373,0.12373
2017-01-12,AMD,100,12.3789,0.123789
2017-01-13,AMD,100,12.2423,0.122423
2017-01-14,AMD,100,12.2294,0.122294
2017-01-17,AMD,100,12.2827,0.122827
2017-01-18,AMD,100,12.2225,0.122225
2017-01-19,AMD,100,12.1381,0.121381
2017-01-20,AMD,100,12.1858,0.121858
2017-01-21,AMD,100,12.2651,0.122651
2017-01-24,AMD,100,12.246,0.12246
2017-01-25,AMD,100,12.182,0.12182
2017-01-26,AMD,100,12.1706,0.121706
2017-01-27,AMD,100,12.2682,0.122682
2017-01-28,AMD,100,12.3987,0.123987
2017-01-31,AMD,100,12.3841,0.123841
2017-02-01,AMD,100,12.3632,0.123632
2017-02-02,AMD,100,12.4222,0.124222
2017-02-03,AMD,100,12.3555,0.123555
2017-02-04,AMD,100,12.2196,0.122196
2017-02-07,AMD,100,12.0956,0.120956
2017-02-08,AMD,100,12.1847,0.121847
2017-02-09,AMD,100,12.248,0.12248
2017-02-10,AMD,100,12.1273,0.121273
2017-02-11,AMD,100,12.0932,0.120932
2017-02-14,AMD,100,11.9322,0.119322
2017-02-15,AMD,100,11.8682,0.118682
2017-02-16,AMD,100,11.6695,0.116695
2017-02-17,AMD,100,11.7449,0.117449
2017-02-18,AMD,100,11.8491,0.118491
2017-02-21,AMD,100,11.9442,0.119442
2017-02-22,AMD,100,11.8954,0.118954
2017-02-23,AMD,100,11.8239,0.118239
2017-02-28,AMD,100,11.909,0.11909
2017-03-01,AMD,100,11.9142,0.119142
2017-03-02,AMD,100,11.9995,0.119995
2017-03-03,AMD,100,12.0055,0.120055
2017-03-04,AMD,100,12.1089,0.121089
2017-03-07,AMD,100,11.9819,0.119819
2017-03-08,AMD,100,11.976,0.11976
2017-03-10,AMD,100,12.1078,0.121078
2017-03-11,AMD,100,12.1972,0.121972
2017-03-14,AMD,100,12.1722,0.121722
2017-03-15,AMD,100,12.1429,0.121429
2017-03-16,AMD,100,12.2134,0.122134
2017-03-17,AMD,100,12.0338,0.120338
2017-03-18,AMD,100,11.9823,0.119823
2017-03-21,AMD,100,11.8479,0.118479
2017-03-22,AMD,100,11.8371,0.118371
2017-03-23,AMD,100,11.9206,0.119206
2017-03-24,AMD,100,11.8972,0.118972
2017-03-25,AMD,100,11.8769,0.118769
2017-03-28,AMD,100,11.7841,0.117841
2017-03-29,AMD,100,11.7686,0.117686
2017-03-30,AMD,100,11.794,0.11794
2017-03-31,AMD,100,11.6628,0.116628
2017-04-01,AMD,100,11.5741,0.115741
2017-04-04,AMD,100,11.6111,0.116111
2017-04-05,AMD,100,11.6893,0.116893
2017-04-06,AMD,100,11.5603,0.115603
2017-04-07,AMD,100,11.6726,0.116726
2017-04-08,AMD,100,11.7361,0.117361
2017-04-11,AMD,100,11.8329,0.118329
2017-04-12,AMD,100,11.7071,0.117071
2017-04-13,AMD,100,11.6661,0.116661
2017-04-14,AMD,100,11.6525,0.116525
2017-04-15,AMD,100,11.5737,0.115737
2017-04-18,AMD,100,11.5623,0.115623
2017-04-19,AMD,100,11.5184,0.115184
2017-04-20,AMD,100,11.5468,0.115468
2017-04-21,AMD,100,11.6443,0.116443
2017-04-22,AMD,100,11.6059,0.116059
2017-04-25,AMD,100,11.5747,0.115747
2017-04-26,AMD,100,11.5294,0.115294
2017-04-27,AMD,100,11.6229,0.116229
2017-04-28,AMD,100,11.7587,0.117587
2017-04-29,AMD,100,11.7614,0.117614
2017-05-03,AMD,100,11.7457,0.117457
2017-05-04,AMD,100,11.7838,0.117838
2017-05-05,AMD,100,11.8826,0.118826
2017-05-06,AMD,100,12.0666,0.120666
2017-05-11,AMD,100,11.9881,0.119881
2017-05-12,AMD,100,11.7909,0.117909
2017-05-13,AMD,100,11.7986,0.117986
2017-05-16,AMD,100,11.6644,0.116644
2017-05-17,AMD,100,11.624,0.11624
2017-05-18,AMD,100,11.7228,0.117228
2017-05-19,AMD,100,11.8736,0.118736
2017-05-20,AMD,100,11.8283,0.118283
2017-05-23,AMD,100,11.712,0.11712
2017-05-24,AMD,100,11.714,0.11714
2017-05-25,AMD,100,11.6607,0.116607
2017-05-26,AMD,100,11.5847,0.115847
2017-05-27,AMD,100,11.7264,0.117264
2017-05-30,AMD,100,11.7681,0.117681
2017-05-31,AMD,100,11.7377,0.117377
2017-06-01,AMD,100,11.7123,0.117123
2017-06-02,AMD,100,11.7419,0.117419
2017-06-03,AMD,100,11.7487,0.117487
2017-06-06,AMD,100,11.7337,0.117337
2017-06-07,AMD,100,11.7461,0.117461
2017-06-08,AMD,100,11.6917,0.116917
2017-06-09,AMD,100,11.8105,0.118105
2017-06-10,AMD,100,11.8139,0.118139
2017-06-14,AMD,100,11.7947,0.117947
2017-06-15,AMD,100,11.8198,0.118198
2017-06-16,AMD,100,11.9054,0.119054
2017-06-17,AMD,100,11.9299,0.119299
2017-06-20,AMD,100,12.0246,0.120246
2017-06-21,AMD,100,12.1785,0.121785
2017-06-22,AMD,100,12.487,0.12487
2017-06-23,AMD,100,12.5309,0.125309
2017-06-24,AMD,100,12.4258,0.124258
2017-06-27,AMD,100,12.2792,0.122792
2017-06-28,AMD,100,12.2497,0.122497
2017-06-29,AMD,100,12.389,0.12389
2017-06-30,AMD,100,12.2967,0.122967
2017-07-01,AMD,100,12.3608,0.123608
2017-07-04,AMD,100,12.2725,0.122725
2017-07-05,AMD,100,12.3318,0.123318
2017-07-06,AMD,100,12.4055,0.124055
2017-07-07,AMD,100,12.5505,0.125505
2017-07-08,AMD,100,12.5921,0.125921
2017-07-11,AMD,100,12.5628,0.125628
2017-07-12,AMD,100,12.6673,0.126673
2017-07-13,AMD,100,12.6693,0.126693
2017-07-14,AMD,100,12.5513,0.125513
2017-07-15,AMD,100,12.5012,0.125012
2017-07-18,AMD,100,12.331,0.12331
2017-07-19,AMD,100,12.3947,0.123947
2017-07-20,AMD,100,12.3818,0.123818
2017-07-21,AMD,100,12.3474,0.123474
2017-07-22,AMD,100,12.3135,0.123135
2017-07-25,AMD,100,12.4649,0.124649
2017-07-26,AMD,100,12.4986,0.124986
2017-07-27,AMD,100,12.523,0.12523
2017-07-28,AMD,100,12.4056,0.124056
2017-07-29,AMD,100,12.436,0.12436
2017-08-01,AMD,100,12.5419,0.125419
2017-08-02,AMD,100,12.4938,0.124938
2017-08-03,AMD,100,12.6476,0.126476
2017-08-04,AMD,100,12.6827,0.126827
2017-08-05,AMD,100,12.5815,0.125815
2017-08-08,AMD,100,12.5309,0.125309
2017-08-09,AMD,100,12.5237,0.125237
2017-08-10,AMD,100,12.5284,0.125284
2017-08-11,AMD,100,12.5245,0.125245
2017-08-12,AMD,100,12.5731,0.125731
2017-08-15,AMD,100,12.5103,0.125103
2017-08-16,AMD,100,12.5369,0.125369
2017-08-17,AMD,100,12.4717,0.124717
2017-08-18,AMD,100,12.3874,0.123874
2017-08-19,AMD,100,12.4048,0.124048
2017-08-22,AMD,100,12.3573,0.123573
2017-08-23,AMD,100,12.3578,0.123578
2017-08-24,AMD,100,12.3576,0.123576
2017-08-25,AMD,100,12.3529,0.123529
2017-08-26,AMD,100,12.3481,0.123481
2017-08-29,AMD,100,12.2355,0.122355
2017-08-30,AMD,100,12.2324,0.122324
2017-08-31,AMD,100,12.2739,0.122739
2017-09-01,AMD,100,12.2544,0.122544
2017-09-02,AMD,100,12.1455,0.121455
2017-09-05,AMD,100,12.0882,0.120882
2017-09-06,AMD,100,12.1026,0.121026
2017-09-07,AMD,100,11.9924,0.119924
2017-09-08,AMD,100,11.9511,0.119511
2017-09-09,AMD,100,11.9302,0.119302
2017-09-12,AMD,100,11.9601,0.119601
2017-09-13,AMD,100,11.9803,0.119803
2017-09-14,AMD,100,12.0644,0.120644
2017-09-15,AMD,100,12.0834,0.120834
2017-09-16,AMD,100,12.0212,0.120212
2017-09-19,AMD,100,12.0457,0.120457
2017-09-20,AMD,100,12.1318,0.121318
2017-09-21,AMD,100,12.1431,0.121431
2017-09-22,AMD,100,12.1752,0.121752
2017-09-23,AMD,100,12.0612,0.120612
2017-09-26,AMD,100,12.0532,0.120532
2017-09-27,AMD,100,12.0458,0.120458
2017-09-28,AMD,100,12.1386,0.121386
2017-09-29,AMD,100,12.2204,0.122204
2017-09-30,AMD,100,12.1298,0.121298
2017-10-03,AMD,100,12.0974,0.120974
2017-10-04,AMD,100,12.1132,0.121132
2017-10-05,AMD,100,12.0885,0.120885
2017-10-06,AMD,100,12.0362,0.120362
2017-10-07,AMD,100,12.0839,0.120839
2017-10-10,AMD,100,12.1871,0.121871
2017-10-11,AMD,100,12.1234,0.121234
2017-10-12,AMD,100,12.0518,0.120518
2017-10-13,AMD,100,11.9981,0.119981
2017-10-14,AMD,100,11.9816,0.119816
2017-10-17,AMD,100,11.8707,0.118707
2017-10-18,AMD,100,11.9233,0.119233
2017-10-19,AMD,100,11.9069,0.119069
2017-10-20,AMD,100,11.964,0.11964
2017-10-21,AMD,100,11.9493,0.119493
2017-10-24,AMD,100,11.9234,0.119234
2017-10-25,AMD,100,11.9471,0.119471
2017-10-26,AMD,100,11.9581,0.119581
2017-10-27,AMD,100,11.9977,0.119977
2017-10-28,AMD,100,12.063,0.12063
2017-10-31,AMD,100,11.9991,0.119991
2017-11-01,AMD,100,12.0452,0.120452
2017-11-02,AMD,100,12.043,0.12043
2017-11-03,AMD,100,12.0138,0.120138
2017-11-04,AMD,100,12.0772,0.120772
2017-11-08,AMD,100,12.0304,0.120304
2017-11-09,AMD,100,12.1834,0.121834
2017-11-10,AMD,100,12.1719,0.121719
2017-11-11,AMD,100,12.1627,0.121627
2017-11-14,AMD,100,12.1524,0.121524
2017-11-15,AMD,100,12.2061,0.122061
2017-11-16,AMD,100,12.3272,0.123272
2017-11-17,AMD,100,12.3119,0.123119
2017-11-18,AMD,100,12.2701,0.122701
2017-11-21,AMD,100,12.2722,0.122722
2017-11-22,AMD,100,12.2979,0.122979
2017-11-23,AMD,100,12.1913,0.121913
2017-11-24,AMD,100,12.0603,0.120603
2017-11-25,AMD,100,12.0933,0.120933
2017-11-28,AMD,100,12.0221,0.120221
2017-11-29,AMD,100,12.0675,0.120675
2017-11-30,AMD,100,12.0394,0.120394
2017-12-01,AMD,100,12.1036,0.121036
2017-12-02,AMD,100,12.0656,0.120656
2017-12-05,AMD,100,12.1681,0.121681
2017-12-06,AMD,100,12.109,0.12109
2017-12-07,AMD,100,12.147,0.12147
2017-12-08,AMD,100,12.2131,0.122131
2017-12-09,AMD,100,12.2179,0.122179
2017-12-12,AMD,100,12.2386,0.122386
2017-12-13,AMD,100,12.1539,0.121539
2017-12-14,AMD,100,12.2351,0.122351
2017-12-15,AMD,100,12.0923,0.120923
2017-12-16,AMD,100,12.2323,0.122323
2017-12-19,AMD,100,12.1646,0.121646
2017-12-20,AMD,100,12.1349,0.121349
2017-12-21,AMD,100,12.1693,0.121693
2017-12-22,AMD,100,12.1493,0.121493
2017-12-23,AMD,100,12.1364,0.121364
2017-12-26,AMD,100,12.087,0.12087
2017-12-27,AMD,100,11.9855,0.119855
2017-12-28,AMD,100,11.9249,0.119249
2017-12-29,AMD,100,11.9222,0.119222
2017-12-30,AMD,100,11.9009,0.119009
2018-01-10,AMD,100,11.7621,0.117621
2018-01-11,AMD,100,11.7362,0.117362
2018-01-12,AMD,100,11.776,0.11776
2018-01-13,AMD,100,11.7019,0.117019
2018-01-16,AMD,100,11.6729,0.116729
2018-01-17,AMD,100,11.6672,0.116672
2018-01-18,AMD,100,11.7144,0.117144
2018-01-19,AMD,100,11.7564,0.117564
2018-01-20,AMD,100,11.7308,0.117308
2018-01-23,AMD,100,11.7604,0.117604
2018-01-24,AMD,100,11.7328,0.117328
2018-01-25,AMD,100,11.7354,0.117354
2018-01-26,AMD,100,11.6397,0.116397
2018-01-27,AMD,100,11.6165,0.116165
2018-01-30,AMD,100,11.7248,0.117248
2018-01-31,AMD,100,11.7274,0.117274
2018-02-01,AMD,100,11.6855,0.116855
2018-02-02,AMD,100,11.7065,0.117065
2018-02-03,AMD,100,11.6388,0.116388
2018-02-06,AMD,100,11.7583,0.117583
2018-02-07,AMD,100,11.896,0.11896
2018-02-08,AMD,100,11.816,0.11816
2018-02-09,AMD,100,11.9457,0.119457
2018-02-10,AMD,100,12.0439,0.120439
2018-02-13,AMD,100,11.9944,0.119944
2018-02-14,AMD,100,11.9533,0.119533
2018-02-15,AMD,100,11.9357,0.119357
2018-02-16,AMD,100,11.7532,0.117532
2018-02-17,AMD,100,11.7187,0.117187
2018-02-20,AMD,100,11.7261,0.117261
2018-02-21,AMD,100,11.7726,0.117726
2018-02-22,AMD,100,11.793,0.11793
2018-02-23,AMD,100,11.8104,0.118104
2018-02-27,AMD,100,11.6284,0.116284
2018-02-28,AMD,100,11.5802,0.115802
2018-03-01,AMD,100,11.7263,0.117263
2018-03-02,AMD,100,11.7447,0.117447
2018-03-03,AMD,100,11.78,0.1178
2018-03-06,AMD,100,11.876,0.11876
2018-03-07,AMD,100,11.7448,0.117448
2018-03-08,AMD,100,11.7967,0.117967
2018-03-13,AMD,100,11.7758,0.117758
2018-03-14,AMD,100,11.837,0.11837
2018-03-15,AMD,100,11.8403,0.118403
2018-03-16,AMD,100,11.8542,0.118542
2018-03-17,AMD,100,11.973,0.11973
2018-03-20,AMD,100,11.995,0.11995
2018-03-21,AMD,100,12.009,0.12009
2018-03-22,AMD,100,11.9807,0.119807
2018-03-23,AMD,100,11.8292,0.118292
2018-03-24,AMD,100,11.8874,0.118874
2018-03-27,AMD,100,11.8758,0.118758
2018-03-28,AMD,100,11.9176,0.119176
2018-03-29,AMD,100,11.9841,0.119841
2018-03-30,AMD,100,12.0464,0.120464
2018-03-31,AMD,100,11.9426,0.119426
2018-04-03,AMD,100,11.9329,0.119329
2018-04-04,AMD,100,11.9995,0.119995
2018-04-05,AMD,100,12.0343,0.120343
2018-04-06,AMD,100,11.9958,0.119958
2018-04-07,AMD,100,12.0486,0.120486
2018-04-10,AMD,100,12.1833,0.121833
2018-04-11,AMD,100,12.9398,0.129398
2018-04-12,AMD,100,13.2224,0.132224
2018-04-13,AMD,100,12.8209,0.128209
2018-04-14,AMD,100,12.7055,0.127055
2018-04-17,AMD,100,12.881,0.12881
2018-04-18,AMD,100,12.6595,0.126595
2018-04-19,AMD,100,12.7971,0.127971
2018-04-20,AMD,100,12.6788,0.126788
2018-04-21,AMD,100,12.7888,0.127888
2018-04-24,AMD,100,12.8812,0.128812
2018-04-25,AMD,100,12.8435,0.128435
2018-04-26,AMD,100,12.8578,0.128578
2018-04-27,AMD,100,13.0084,0.130084
2018-04-28,AMD,100,12.9814,0.129814
2018-04-29,AMD,100,12.8284,0.128284
2018-05-04,AMD,100,13.1034,0.131034
2018-05-05,AMD,100,13.0111,0.130111
2018-05-08,AMD,100,12.8857,0.128857
2018-05-09,AMD,100,12.9443,0.129443
2018-05-11,AMD,100,12.8516,0.128516
2018-05-12,AMD,100,12.7028,0.127028
2018-05-15,AMD,100,12.7226,0.127226
2018-05-16,AMD,100,12.7794,0.127794
2018-05-17,AMD,100,12.8726,0.128726
2018-05-18,AMD,100,12.7995,0.127995
2018-05-19,AMD,100,12.8242,0.128242
2018-05-22,AMD,100,12.9575,0.129575
2018-05-23,AMD,100,12.6703,0.126703
2018-05-24,AMD,100,12.7856,0.127856
2018-05-25,AMD,100,12.7167,0.127167
2018-05-26,AMD,100,12.7805,0.127805
2018-05-29,AMD,100,12.8526,0.128526
2018-05-30,AMD,100,12.9828,0.129828
2018-05-31,AMD,100,12.9126,0.129126
2018-06-01,AMD,100,12.8403,0.128403
2018-06-02,AMD,100,12.887,0.12887
2018-06-05,AMD,100,12.8164,0.128164
2018-06-06,AMD,100,12.8274,0.128274
2018-06-07,AMD,100,12.8378,0.128378
2018-06-08,AMD,100,12.7897,0.127897
2018-06-09,AMD,100,12.9747,0.129747
2018-06-10,AMD,100,12.9008,0.129008
2018-06-14,AMD,100,13.0676,0.130676
2018-06-15,AMD,100,12.8884,0.128884
2018-06-16,AMD,100,12.9314,0.129314
2018-06-19,AMD,100,13.1436,0.131436
2018-06-20,AMD,100,13.2894,0.132894
2018-06-21,AMD,100,13.1932,0.131932
2018-06-22,AMD,100,13.2339,0.132339
2018-06-23,AMD,100,13.0931,0.130931
2018-06-26,AMD,100,12.9927,0.129927
2018-06-27,AMD,100,13.019,0.13019
2018-06-28,AMD,100,13.1015,0.131015
2018-06-29,AMD,100,13.1445,0.131445
2018-06-30,AMD,100,13.02,0.1302
2018-07-03,AMD,100,13.0995,0.130995
2018-07-04,AMD,100,13.1025,0.131025
2018-07-05,AMD,100,13.0904,0.130904
2018-07-06,AMD,100,13.0501,0.130501
2018-07-07,AMD,100,13.0687,0.130687
2018-07-10,AMD,100,13.0091,0.130091
2018-07-11,AMD,100,12.9552,0.129552
2018-07-12,AMD,100,12.8834,0.128834
2018-07-13,AMD,100,12.936,0.12936
2018-07-14,AMD,100,12.9643,0.129643
2018-07-17,AMD,100,12.9632,0.129632
2018-07-18,AMD,100,13.0141,0.130141
2018-07-19,AMD,100,13.1043,0.131043
2018-07-20,AMD,100,13.1685,0.131685
2018-07-21,AMD,100,13.2131,0.132131
2018-07-24,AMD,100,13.1302,0.131302
2018-07-25,AMD,100,13.0873,0.130873
2018-07-26,AMD,100,13.1151,0.131151
2018-07-27,AMD,100,13.0813,0.130813
2018-07-28,AMD,100,13.1056,0.131056
2018-07-31,AMD,100,13.0453,0.130453
2018-08-01,AMD,100,12.9693,0.129693
2018-08-02,AMD,100,13.0128,0.130128
2018-08-03,AMD,100,13.1259,0.131259
2018-08-04,AMD,100,13.1786,0.131786
2018-08-07,AMD,100,13.1874,0.131874
2018-08-08,AMD,100,13.1968,0.131968
2018-08-09,AMD,100,13.2077,0.132077
2018-08-10,AMD,100,13.7665,0.137665
2018-08-11,AMD,100,13.8812,0.138812
2018-08-14,AMD,100,14.1469,0.141469
2018-08-15,AMD,100,13.7949,0.137949
2018-08-16,AMD,100,13.7641,0.137641
2018-08-17,AMD,100,13.8409,0.138409
2018-08-18,AMD,100,13.8674,0.138674
2018-08-21,AMD,100,13.8918,0.138918
2018-08-22,AMD,100,13.9114,0.139114
2018-08-23,AMD,100,14.0283,0.140283
2018-08-24,AMD,100,14.1729,0.141729
2018-08-25,AMD,100,14.05,0.1405
2018-08-28,AMD,100,13.9537,0.139537
2018-08-29,AMD,100,13.9816,0.139816
2018-08-30,AMD,100,14.138,0.14138
2018-08-31,AMD,100,14.103,0.14103
2018-09-01,AMD,100,14.0879,0.140879
2018-09-04,AMD,100,14.0228,0.140228
2018-09-05,AMD,100,14.15,0.1415
2018-09-06,AMD,100,14.1452,0.141452
2018-09-07,AMD,100,14.0694,0.140694
2018-09-08,AMD,100,14.2415,0.142415
2018-09-11,AMD,100,14.4059,0.144059
2018-09-12,AMD,100,14.404,0.14404
2018-09-13,AMD,100,14.342,0.14342
2018-09-14,AMD,100,14.1228,0.141228
2018-09-15,AMD,100,14.0731,0.140731
2018-09-18,AMD,100,14.0393,0.140393
2018-09-19,AMD,100,13.9839,0.139839
2018-09-20,AMD,100,13.8593,0.138593
2018-09-21,AMD,100,13.7681,0.137681
2018-09-22,AMD,100,13.7328,0.137328
2018-09-25,AMD,100,13.7474,0.137474
2018-09-26,AMD,100,13.6821,0.136821
2018-09-27,AMD,100,13.6684,0.136684
2018-09-28,AMD,100,13.6503,0.136503
2018-09-29,AMD,100,13.5798,0.135798
2018-10-02,AMD,100,13.5765,0.135765
2018-10-03,AMD,100,13.498,0.13498
2018-10-04,AMD,100,13.5063,0.135063
2018-10-05,AMD,100,13.6462,0.136462
2018-10-06,AMD,100,13.7093,0.137093
2018-10-09,AMD,100,13.7824,0.137824
2018-10-10,AMD,100,13.6716,0.136716
2018-10-11,AMD,100,13.6376,0.136376
2018-10-12,AMD,100,13.7463,0.137463
2018-10-13,AMD,100,13.5821,0.135821
2018-10-16,AMD,100,13.5429,0.135429
2018-10-17,AMD,100,13.5394,0.135394
2018-10-18,AMD,100,13.4643,0.134643
2018-10-19,AMD,100,13.5304,0.135304
2018-10-20,AMD,100,13.5979,0.135979
2018-10-23,AMD,100,13.4736,0.134736
2018-10-24,AMD,100,13.4591,0.134591
2018-10-25,AMD,100,13.525,0.13525
2018-10-26,AMD,100,13.587,0.13587
2018-10-27,AMD,100,13.5078,0.135078
2018-10-30,AMD,100,13.5417,0.135417
2018-10-31,AMD,100,13.5394,0.135394
2018-11-01,AMD,100,13.4777,0.134777
2018-11-02,AMD,100,13.4725,0.134725
2018-11-03,AMD,100,13.4799,0.134799
2018-11-07,AMD,100,13.5339,0.135339
2018-11-08,AMD,100,13.5545,0.135545
2018-11-09,AMD,100,13.5882,0.135882
2018-11-10,AMD,100,13.7268,0.137268
2018-11-13,AMD,100,13.8283,0.138283
2018-11-14,AMD,100,13.8904,0.138904
2018-11-15,AMD,100,13.9554,0.139554
2018-11-16,AMD,100,13.6648,0.136648
2018-11-17,AMD,100,13.5928,0.135928
2018-11-20,AMD,100,13.5931,0.135931
2018-11-21,AMD,100,13.5022,0.135022
2018-11-22,AMD,100,13.6201,0.136201
2018-11-23,AMD,100,13.5202,0.135202
2018-11-24,AMD,100,13.5534,0.135534
2018-11-27,AMD,100,13.7128,0.137128
2018-11-28,AMD,100,13.7549,0.137549
2018-11-29,AMD,100,13.8057,0.138057
2018-11-30,AMD,100,13.739,0.13739
2018-12-01,AMD,100,13.6971,0.136971
2018-12-04,AMD,100,13.6657,0.136657
2018-12-05,AMD,100,13.6975,0.136975
2018-12-06,AMD,100,13.7896,0.137896
2018-12-07,AMD,100,13.7717,0.137717
2018-12-08,AMD,100,13.7985,0.137985
2018-12-11,AMD,100,13.6722,0.136722
2018-12-12,AMD,100,13.692,0.13692
2018-12-13,AMD,100,13.6841,0.136841
2018-12-14,AMD,100,13.6327,0.136327
2018-12-15,AMD,100,13.6836,0.136836
2018-12-18,AMD,100,13.7589,0.137589
2018-12-19,AMD,100,13.7705,0.137705
2018-12-20,AMD,100,13.8375,0.138375
2018-12-21,AMD,100,13.8766,0.138766
2018-12-22,AMD,100,14.0455,0.140455
2018-12-25,AMD,100,14.1484,0.141484
2018-12-26,AMD,100,14.1742,0.141742
2018-12-27,AMD,100,14.2357,0.142357
2018-12-28,AMD,100,14.2306,0.142306
2018-12-29,AMD,100,14.364,0.14364
2018-12-30,AMD,100,14.3238,0.143238
2019-01-10,AMD,100,13.828,0.13828
2019-01-11,AMD,100,13.7743,0.137743
2019-01-12,AMD,100,13.7689,0.137689
2019-01-15,AMD,100,13.8113,0.138113
2019-01-16,AMD,100,13.7802,0.137802
2019-01-17,AMD,100,13.737,0.13737
2019-01-18,AMD,100,13.6856,0.136856
2019-01-19,AMD,100,13.6737,0.136737
2019-01-22,AMD,100,13.6691,0.136691
2019-01-23,AMD,100,13.7075,0.137075
2019-01-24,AMD,100,13.6555,0.136555
2019-01-25,AMD,100,13.6114,0.136114
2019-01-26,AMD,100,13.5604,0.135604
2019-01-29,AMD,100,13.5658,0.135658
2019-01-30,AMD,100,13.6476,0.136476
2019-01-31,AMD,100,13.5838,0.135838
2019-02-01,AMD,100,13.3985,0.133985
2019-02-02,AMD,100,13.477,0.13477
2019-02-05,AMD,100,13.4646,0.134646
2019-02-06,AMD,100,13.4708,0.134708
2019-02-07,AMD,100,13.4567,0.134567
2019-02-08,AMD,100,13.5038,0.135038
2019-02-09,AMD,100,13.5444,0.135444
2019-02-12,AMD,100,13.3983,0.133983
2019-02-13,AMD,100,13.4276,0.134276
2019-02-14,AMD,100,13.4559,0.134559
2019-02-15,AMD,100,13.6386,0.136386
2019-02-16,AMD,100,13.6759,0.136759
2019-02-19,AMD,100,13.5822,0.135822
2019-02-20,AMD,100,13.573,0.13573
2019-02-21,AMD,100,13.5063,0.135063
2019-02-22,AMD,100,13.4372,0.134372
2019-02-23,AMD,100,13.406,0.13406
2019-02-26,AMD,100,13.3534,0.133534
2019-02-27,AMD,100,13.4243,0.134243
2019-02-28,AMD,100,13.4308,0.134308
2019-03-01,AMD,100,13.4441,0.134441
2019-03-02,AMD,100,13.437,0.13437
2019-03-05,AMD,100,13.4483,0.134483
2019-03-06,AMD,100,13.4177,0.134177
2019-03-07,AMD,100,13.4483,0.134483
2019-03-08,AMD,100,13.4704,0.134704
2019-03-12,AMD,100,13.5208,0.135208
2019-03-13,AMD,100,13.4494,0.134494
2019-03-14,AMD,100,13.4074,0.134074
2019-03-15,AMD,100,13.4268,0.134268
2019-03-16,AMD,100,13.4264,0.134264
2019-03-19,AMD,100,13.3037,0.133037
2019-03-20,AMD,100,13.1999,0.131999
2019-03-21,AMD,100,13.2237,0.132237
2019-03-22,AMD,100,13.121,0.13121
2019-03-23,AMD,100,13.1013,0.131013
2019-03-26,AMD,100,13.2742,0.132742
2019-03-27,AMD,100,13.2034,0.132034
2019-03-28,AMD,100,13.2702,0.132702
2019-03-29,AMD,100,13.3254,0.133254
2019-03-30,AMD,100,13.2994,0.132994
2019-04-02,AMD,100,13.4493,0.134493
2019-04-03,AMD,100,13.4441,0.134441
2019-04-04,AMD,100,13.3724,0.133724
2019-04-05,AMD,100,13.4006,0.134006
2019-04-06,AMD,100,13.4196,0.134196
2019-04-09,AMD,100,13.4051,0.134051
2019-04-10,AMD,100,13.3011,0.133011
2019-04-11,AMD,100,13.3314,0.133314
2019-04-12,AMD,100,13.2782,0.132782
2019-04-13,AMD,100,13.2861,0.132861
2019-04-16,AMD,100,13.2441,0.132441
2019-04-17,AMD,100,13.2595,0.132595
2019-04-18,AMD,100,13.2227,0.132227
2019-04-19,AMD,100,13.2758,0.132758
2019-04-20,AMD,100,13.2587,0.132587
2019-04-23,AMD,100,13.2309,0.132309
2019-04-24,AMD,100,13.2511,0.132511
2019-04-25,AMD,100,13.2807,0.132807
2019-04-26,AMD,100,13.4259,0.134259
2019-04-27,AMD,100,13.4313,0.134313
2019-04-30,AMD,100,13.4355,0.134355
2019-05-01,AMD,100,13.4229,0.134229
2019-05-07,AMD,100,13.5761,0.135761
2019-05-08,AMD,100,13.5332,0.135332
2019-05-09,AMD,100,13.5357,0.135357
2019-05-14,AMD,100,13.6028,0.136028
2019-05-15,AMD,100,13.5669,0.135669
2019-05-16,AMD,100,13.4793,0.134793
2019-05-17,AMD,100,13.45,0.1345
2019-05-18,AMD,100,13.4862,0.134862
2019-05-21,AMD,100,13.4324,0.134324
2019-05-22,AMD,100,13.4663,0.134663
2019-05-23,AMD,100,13.4409,0.134409
2019-05-24,AMD,100,13.4525,0.134525
2019-05-25,AMD,100,13.4746,0.134746
2019-05-28,AMD,100,13.4299,0.134299
2019-05-29,AMD,100,13.4407,0.134407
2019-05-30,AMD,100,13.5226,0.135226
2019-05-31,AMD,100,13.5538,0.135538
2019-06-01,AMD,100,13.6145,0.136145
2019-06-04,AMD,100,13.643,0.13643
2019-06-05,AMD,100,13.5894,0.135894
2019-06-06,AMD,100,13.5817,0.135817
2019-06-07,AMD,100,13.6117,0.136117
2019-06-08,AMD,100,13.5711,0.135711
2019-06-11,AMD,100,13.5265,0.135265
2019-06-12,AMD,100,13.4689,0.134689
2019-06-14,AMD,100,13.5141,0.135141
2019-06-15,AMD,100,13.4712,0.134712
2019-06-18,AMD,100,13.4671,0.134671
2019-06-19,AMD,100,13.4804,0.134804
2019-06-20,AMD,100,13.4058,0.134058
2019-06-21,AMD,100,13.2721,0.132721
2019-06-22,AMD,100,13.2278,0.132278
2019-06-25,AMD,100,13.1886,0.131886
2019-06-26,AMD,100,13.0856,0.130856
2019-06-27,AMD,100,13.1591,0.131591
2019-06-28,AMD,100,13.217,0.13217
2019-06-29,AMD,100,13.2145,0.132145
2019-07-02,AMD,100,13.2328,0.132328
2019-07-03,AMD,100,13.2689,0.132689
2019-07-04,AMD,100,13.3253,0.133253
2019-07-05,AMD,100,13.3056,0.133056
2019-07-06,AMD,100,13.3297,0.133297
2019-07-09,AMD,100,13.404,0.13404
2019-07-10,AMD,100,13.399,0.13399
2019-07-11,AMD,100,13.375,0.13375
2019-07-12,AMD,100,13.2064,0.132064
2019-07-13,AMD,100,13.214,0.13214
2019-07-16,AMD,100,13.1743,0.131743
2019-07-17,AMD,100,13.1821,0.131821
2019-07-18,AMD,100,13.221,0.13221
2019-07-19,AMD,100,13.191,0.13191
2019-07-20,AMD,100,13.1962,0.131962
2019-07-23,AMD,100,13.2181,0.132181
2019-07-24,AMD,100,13.268,0.13268
2019-07-25,AMD,100,13.2792,0.132792
2019-07-26,AMD,100,13.2767,0.132767
2019-07-27,AMD,100,13.2592,0.132592
2019-07-30,AMD,100,13.3476,0.133476
2019-07-31,AMD,100,13.3149,0.133149
2019-08-01,AMD,100,13.3173,0.133173
2019-08-02,AMD,100,13.4161,0.134161
2019-08-03,AMD,100,13.584,0.13584
2019-08-06,AMD,100,13.6704,0.136704
2019-08-07,AMD,100,13.6947,0.136947
2019-08-08,AMD,100,13.6699,0.136699
2019-08-09,AMD,100,13.6698,0.136698
2019-08-10,AMD,100,13.7031,0.137031
2019-08-13,AMD,100,13.7426,0.137426
2019-08-14,AMD,100,13.7819,0.137819
2019-08-15,AMD,100,13.7053,0.137053
2019-08-16,AMD,100,13.8426,0.138426
2019-08-17,AMD,100,13.8531,0.138531
2019-08-20,AMD,100,13.9874,0.139874
2019-08-21,AMD,100,14.0332,0.140332
2019-08-22,AMD,100,13.9179,0.139179
2019-08-23,AMD,100,13.7827,0.137827
2019-08-24,AMD,100,13.7825,0.137825
2019-08-27,AMD,100,13.8454,0.138454
2019-08-28,AMD,100,13.9174,0.139174
2019-08-29,AMD,100,13.9522,0.139522
2019-08-30,AMD,100,14.0078,0.140078
2019-08-31,AMD,100,13.9596,0.139596
2019-09-03,AMD,100,13.9818,0.139818
2019-09-04,AMD,100,14.0488,0.140488
2019-09-05,AMD,100,13.9487,0.139487
2019-09-06,AMD,100,13.8548,0.138548
2019-09-07,AMD,100,13.8433,0.138433
2019-09-10,AMD,100,13.7535,0.137535
2019-09-11,AMD,100,13.7405,0.137405
2019-09-12,AMD,100,13.7318,0.137318
2019-09-13,AMD,100,13.6884,0.136884
2019-09-14,AMD,100,13.5188,0.135188
2019-09-17,AMD,100,13.3866,0.133866
2019-09-18,AMD,100,13.4539,0.134539
2019-09-19,AMD,100,13.5156,0.135156
2019-09-20,AMD,100,13.4845,0.134845
2019-09-21,AMD,100,13.3995,0.133995
2019-09-24,AMD,100,13.4424,0.134424
2019-09-25,AMD,100,13.3892,0.133892
2019-09-26,AMD,100,13.4876,0.134876
2019-09-27,AMD,100,13.5117,0.135117
2019-09-28,AMD,100,13.5398,0.135398
2019-10-01,AMD,100,13.5657,0.135657
2019-10-02,AMD,100,13.6695,0.136695
2019-10-03,AMD,100,13.7392,0.137392
2019-10-04,AMD,100,13.6629,0.136629
2019-10-05,AMD,100,13.6446,0.136446
2019-10-08,AMD,100,13.6117,0.136117
2019-10-09,AMD,100,13.6076,0.136076
2019-10-10,AMD,100,13.6545,0.136545
2019-10-11,AMD,100,13.5727,0.135727
2019-10-12,AMD,100,13.4641,0.134641
2019-10-15,AMD,100,13.5022,0.135022
2019-10-16,AMD,100,13.4565,0.134565
2019-10-17,AMD,100,13.4868,0.134868
2019-10-18,AMD,100,13.4062,0.134062
2019-10-19,AMD,100,13.4329,0.134329
2019-10-22,AMD,100,13.36,0.1336
2019-10-23,AMD,100,13.3853,0.133853
2019-10-24,AMD,100,13.3682,0.133682
2019-10-25,AMD,100,13.4329,0.134329
2019-10-26,AMD,100,13.4094,0.134094
2019-10-29,AMD,100,13.4265,0.134265
2019-10-30,AMD,100,13.4157,0.134157
2019-10-31,AMD,100,13.416,0.13416
2019-11-01,AMD,100,13.391,0.13391
2019-11-02,AMD,100,13.4379,0.134379
2019-11-06,AMD,100,13.2665,0.132665
2019-11-07,AMD,100,13.3099,0.133099
2019-11-08,AMD,100,13.3396,0.133396
2019-11-09,AMD,100,13.3395,0.133395
2019-11-12,AMD,100,13.3707,0.133707
2019-11-13,AMD,100,13.3584,0.133584
2019-11-14,AMD,100,13.4312,0.134312
2019-11-15,AMD,100,13.4331,0.134331
2019-11-16,AMD,100,13.3657,0.133657
2019-11-19,AMD,100,13.3447,0.133447
2019-11-20,AMD,100,13.3556,0.133556
2019-11-21,AMD,100,13.4217,0.134217
2019-11-22,AMD,100,13.3703,0.133703
2019-11-23,AMD,100,13.3424,0.133424
2019-11-26,AMD,100,13.3537,0.133537
2019-11-27,AMD,100,13.4081,0.134081
2019-11-28,AMD,100,13.3973,0.133973
2019-11-29,AMD,100,13.4101,0.134101
2019-11-30,AMD,100,13.4062,0.134062
2019-12-03,AMD,100,13.4678,0.134678
2019-12-04,AMD,100,13.4184,0.134184
2019-12-05,AMD,100,13.4299,0.134299
2019-12-06,AMD,100,13.3431,0.133431
2019-12-07,AMD,100,13.3233,0.133233
2019-12-10,AMD,100,13.3245,0.133245
2019-12-11,AMD,100,13.3401,0.133401
2019-12-12,AMD,100,13.2982,0.132982
2019-12-13,AMD,100,13.2271,0.132271
2019-12-14,AMD,100,13.0867,0.130867
2019-12-17,AMD,100,13.1425,0.131425
2019-12-18,AMD,100,13.1027,0.131027
2019-12-19,AMD,100,13.0927,0.130927
2019-12-20,AMD,100,13.0744,0.130744
2019-12-21,AMD,100,13.0491,0.130491
2019-12-24,AMD,100,13.0162,0.130162
2019-12-25,AMD,100,12.9989,0.129989
2019-12-26,AMD,100,12.8576,0.128576
2019-12-27,AMD,100,12.9153,0.129153
2019-12-28,AMD,100,12.9502,0.129502
2019-12-31,AMD,100,12.9239,0.129239
2020-01-01,AMD,100,12.9239,0.129239
2020-01-10,AMD,100,12.7904,0.127904
2020-01-11,AMD,100,12.7965,0.127965
2020-01-14,AMD,100,12.7305,0.127305
2020-01-15,AMD,100,12.8013,0.128013
2020-01-16,AMD,100,12.8252,0.128252
2020-01-17,AMD,100,12.8336,0.128336
2020-01-18,AMD,100,12.8261,0.128261
2020-01-21,AMD,100,12.8387,0.128387
2020-01-22,AMD,100,12.9337,0.129337
2020-01-23,AMD,100,12.9293,0.129293
2020-01-24,AMD,100,12.9538,0.129538
2020-01-25,AMD,100,12.916,0.12916
2020-01-28,AMD,100,13.0278,0.130278
2020-01-29,AMD,100,13.1306,0.131306
2020-01-30,AMD,100,13.0394,0.130394
2020-01-31,AMD,100,13.1736,0.131736
2020-02-01,AMD,100,13.1951,0.131951
2020-02-04,AMD,100,13.3561,0.133561
2020-02-05,AMD,100,13.2569,0.132569
2020-02-06,AMD,100,13.2025,0.132025
2020-02-07,AMD,100,13.1239,0.131239
2020-02-08,AMD,100,13.2592,0.132592
2020-02-11,AMD,100,13.3203,0.133203
2020-02-12,AMD,100,13.3575,0.133575
2020-02-13,AMD,100,13.176,0.13176
2020-02-14,AMD,100,13.2849,0.132849
2020-02-15,AMD,100,13.2609,0.132609
2020-02-18,AMD,100,13.2306,0.132306
2020-02-19,AMD,100,13.327,0.13327
2020-02-20,AMD,100,13.307,0.13307
2020-02-21,AMD,100,13.3211,0.133211
2020-02-22,AMD,100,13.4521,0.134521
2020-02-26,AMD,100,13.5748,0.135748
2020-02-27,AMD,100,13.6995,0.136995
2020-02-28,AMD,100,13.7173,0.137173
2020-02-29,AMD,100,13.9914,0.139914
2020-03-03,AMD,100,13.8688,0.138688
2020-03-04,AMD,100,13.8786,0.138786
2020-03-05,AMD,100,13.7951,0.137951
2020-03-06,AMD,100,13.8174,0.138174
2020-03-07,AMD,100,14.0955,0.140955
2020-03-11,AMD,100,15.0435,0.150435
2020-03-12,AMD,100,14.7975,0.147975
2020-03-13,AMD,100,15.287,0.15287
2020-03-14,AMD,100,15.1112,0.151112
2020-03-17,AMD,100,15.1951,0.151951
2020-03-18,AMD,100,15.0872,0.150872
2020-03-19,AMD,100,15.7658,0.157658
2020-03-20,AMD,100,16.3153,0.163153
2020-03-21,AMD,100,15.853,0.15853
2020-03-24,AMD,100,16.3811,0.163811
2020-03-25,AMD,100,15.9695,0.159695
2020-03-26,AMD,100,15.7555,0.157555
2020-03-27,AMD,100,15.9196,0.159196
2020-03-28,AMD,100,15.7194,0.157194
2020-04-07,AMD,100,15.2434,0.152434
2020-04-08,AMD,100,15.0534,0.150534
2020-04-09,AMD,100,15.1697,0.151697
2020-04-10,AMD,100,14.921,0.14921
2020-04-11,AMD,100,14.9582,0.149582
2020-04-14,AMD,100,14.969,0.14969
2020-04-15,AMD,100,15.0699,0.150699
2020-04-16,AMD,100,15.1801,0.151801
2020-04-17,AMD,100,15.4045,0.154045
2020-04-18,AMD,100,15.2604,0.152604
2020-04-21,AMD,100,15.4284,0.154284
2020-04-22,AMD,100,15.8077,0.158077
2020-04-23,AMD,100,16.022,0.16022
2020-04-24,AMD,100,15.6584,0.156584
2020-04-25,AMD,100,15.5773,0.155773
2020-04-28,AMD,100,15.4813,0.154813
2020-04-29,AMD,100,15.4968,0.154968
2020-04-30,AMD,100,15.3641,0.153641
2020-05-01,AMD,100,15.1668,0.151668
2020-05-07,AMD,100,15.39,0.1539
2020-05-08,AMD,100,15.3292,0.153292
2020-05-09,AMD,100,15.2377,0.152377
2020-05-13,AMD,100,15.0569,0.150569
2020-05-14,AMD,100,15.0783,0.150783
2020-05-15,AMD,100,15.1601,0.151601
2020-05-16,AMD,100,15.0104,0.150104
2020-05-19,AMD,100,14.9979,0.149979
2020-05-20,AMD,100,14.8991,0.148991
2020-05-21,AMD,100,14.949,0.14949
2020-05-22,AMD,100,14.6658,0.146658
2020-05-23,AMD,100,14.9238,0.149238
2020-05-26,AMD,100,14.811,0.14811
2020-05-27,AMD,100,14.7015,0.147015
2020-05-28,AMD,100,14.6734,0.146734
2020-05-29,AMD,100,14.6931,0.146931
2020-05-30,AMD,100,14.6212,0.146212
2020-06-02,AMD,100,14.4062,0.144062
2020-06-03,AMD,100,14.2586,0.142586
2020-06-04,AMD,100,14.0997,0.140997
2020-06-05,AMD,100,14.3036,0.143036
2020-06-06,AMD,100,14.1801,0.141801
2020-06-09,AMD,100,14.158,0.14158
2020-06-10,AMD,100,14.2656,0.142656
2020-06-11,AMD,100,14.2037,0.142037
2020-06-12,AMD,100,14.305,0.14305
2020-06-16,AMD,100,14.5776,0.145776
2020-06-17,AMD,100,14.4445,0.144445
2020-06-18,AMD,100,14.4034,0.144034
2020-06-19,AMD,100,14.4436,0.144436
2020-06-20,AMD,100,14.4762,0.144762
2020-06-23,AMD,100,14.4577,0.144577
2020-06-24,AMD,100,14.2995,0.142995
2020-06-25,AMD,100,14.3203,0.143203
2020-06-26,AMD,100,14.412,0.14412
2020-06-27,AMD,100,14.3509,0.143509
2020-06-30,AMD,100,14.5127,0.145127
2020-07-01,AMD,100,14.6204,0.146204
2020-07-02,AMD,100,14.6038,0.146038
2020-07-03,AMD,100,14.6216,0.146216
2020-07-04,AMD,100,14.5691,0.145691
2020-07-07,AMD,100,14.6973,0.146973
2020-07-08,AMD,100,14.9014,0.149014
2020-07-09,AMD,100,14.6399,0.146399
2020-07-10,AMD,100,14.6114,0.146114
2020-07-11,AMD,100,14.6383,0.146383
2020-07-14,AMD,100,14.5303,0.145303
2020-07-15,AMD,100,14.6202,0.146202
2020-07-16,AMD,100,14.523,0.14523
2020-07-17,AMD,100,14.6959,0.146959
2020-07-18,AMD,100,14.8322,0.148322
2020-07-21,AMD,100,14.8622,0.148622
2020-07-22,AMD,100,14.6626,0.146626
2020-07-23,AMD,100,14.6015,0.146015
2020-07-24,AMD,100,14.6165,0.146165
2020-07-25,AMD,100,14.738,0.14738
2020-07-28,AMD,100,14.7082,0.147082
2020-07-29,AMD,100,14.774,0.14774
2020-07-30,AMD,100,14.8876,0.148876
2020-07-31,AMD,100,15.1452,0.151452
2020-08-01,AMD,100,15.0958,0.150958
2020-08-04,AMD,100,15.281,0.15281
2020-08-05,AMD,100,15.1144,0.151144
2020-08-06,AMD,100,15.0845,0.150845
2020-08-07,AMD,100,15.0257,0.150257
2020-08-08,AMD,100,15.1549,0.151549
2020-08-11,AMD,100,15.2019,0.152019
2020-08-12,AMD,100,15.0736,0.150736
2020-08-13,AMD,100,15.0938,0.150938
2020-08-14,AMD,100,15.1454,0.151454
2020-08-15,AMD,100,15.0774,0.150774
2020-08-18,AMD,100,15.0449,0.150449
2020-08-19,AMD,100,15.1406,0.151406
2020-08-20,AMD,100,15.0915,0.150915
2020-08-21,AMD,100,15.2043,0.152043
2020-08-22,AMD,100,15.2878,0.152878
2020-08-25,AMD,100,15.3124,0.153124
2020-08-26,AMD,100,15.3255,0.153255
2020-08-27,AMD,100,15.5396,0.155396
2020-08-28,AMD,100,15.471,0.15471
2020-08-29,AMD,100,15.3324,0.153324
2020-09-01,AMD,100,15.1579,0.151579
2020-09-02,AMD,100,15.0851,0.150851
2020-09-03,AMD,100,15.1785,0.151785
2020-09-04,AMD,100,15.5316,0.155316
2020-09-05,AMD,100,15.4226,0.154226
2020-09-08,AMD,100,15.49,0.1549
2020-09-09,AMD,100,15.5659,0.155659
2020-09-10,AMD,100,15.5438,0.155438
2020-09-11,AMD,100,15.4484,0.154484
2020-09-12,AMD,100,15.3368,0.153368
2020-09-15,AMD,100,15.3324,0.153324
2020-09-16,AMD,100,15.4201,0.154201
2020-09-17,AMD,100,15.4392,0.154392
2020-09-18,AMD,100,15.4498,0.154498
2020-09-19,AMD,100,15.4897,0.154897
2020-09-22,AMD,100,15.6699,0.156699
2020-09-23,AMD,100,15.7176,0.157176
2020-09-24,AMD,100,15.7237,0.157237
2020-09-25,AMD,100,15.8737,0.158737
2020-09-26,AMD,100,15.7967,0.157967
2020-09-29,AMD,100,16.2119,0.162119
2020-09-30,AMD,100,16.4075,0.164075
2020-10-01,AMD,100,16.1809,0.161809
2020-10-02,AMD,100,15.8355,0.158355
2020-10-03,AMD,100,16.0024,0.160024
2020-10-06,AMD,100,15.9445,0.159445
2020-10-07,AMD,100,16.0425,0.160425
2020-10-08,AMD,100,15.96,0.1596
2020-10-09,AMD,100,15.8914,0.158914
2020-10-10,AMD,100,15.7073,0.157073
2020-10-13,AMD,100,15.6887,0.156887
2020-10-14,AMD,100,15.7597,0.157597
2020-10-15,AMD,100,15.7545,0.157545
2020-10-16,AMD,100,15.864,0.15864
2020-10-17,AMD,100,15.8567,0.158567
2020-10-20,AMD,100,15.8705,0.158705
2020-10-21,AMD,100,15.7957,0.157957
2020-10-22,AMD,100,15.6157,0.156157
2020-10-23,AMD,100,15.5917,0.155917
2020-10-24,AMD,100,15.4694,0.154694
2020-10-27,AMD,100,15.4746,0.154746
2020-10-28,AMD,100,15.5007,0.155007
2020-10-29,AMD,100,15.7268,0.157268
2020-10-30,AMD,100,16.0077,0.160077
2020-10-31,AMD,100,16.0868,0.160868
2020-11-03,AMD,100,16.3554,0.163554
2020-11-04,AMD,100,16.2257,0.162257
2020-11-06,AMD,100,15.893,0.15893
2020-11-07,AMD,100,15.6567,0.156567
2020-11-10,AMD,100,15.541,0.15541
2020-11-11,AMD,100,15.4824,0.154824
2020-11-12,AMD,100,15.4226,0.154226
2020-11-13,AMD,100,15.5863,0.155863
2020-11-14,AMD,100,15.6215,0.156215
2020-11-17,AMD,100,15.4846,0.154846
2020-11-18,AMD,100,15.3581,0.153581
2020-11-19,AMD,100,15.2924,0.152924
2020-11-20,AMD,100,15.3369,0.153369
2020-11-21,AMD,100,15.2558,0.152558
2020-11-24,AMD,100,15.2052,0.152052
2020-11-25,AMD,100,15.2162,0.152162
2020-11-26,AMD,100,14.8715,0.148715
2020-11-27,AMD,100,14.8747,0.148747
2020-11-28,AMD,100,14.9699,0.149699
2020-12-01,AMD,100,14.9938,0.149938
2020-12-02,AMD,100,15.0311,0.150311
2020-12-03,AMD,100,14.8338,0.148338
2020-12-04,AMD,100,14.7958,0.147958
2020-12-05,AMD,100,14.5808,0.145808
2020-12-08,AMD,100,14.5804,0.145804
2020-12-09,AMD,100,14.4648,0.144648
2020-12-10,AMD,100,14.2549,0.142549
2020-12-11,AMD,100,14.334,0.14334
2020-12-12,AMD,100,14.2131,0.142131
2020-12-15,AMD,100,13.9707,0.139707
2020-12-16,AMD,100,14.0632,0.140632
2020-12-17,AMD,100,14.0517,0.140517
2020-12-18,AMD,100,13.9671,0.139671
2020-12-19,AMD,100,14.0384,0.140384
2020-12-22,AMD,100,14.2982,0.142982
2020-12-23,AMD,100,14.4279,0.144279
2020-12-24,AMD,100,14.4485,0.144485
2020-12-25,AMD,100,14.3301,0.143301
2020-12-26,AMD,100,14.1043,0.141043
2020-12-29,AMD,100,14.1154,0.141154
2020-12-30,AMD,100,14.1037,0.141037
2020-12-31,AMD,100,14.1457,0.141457
2021-01-01,AMD,100,14.1457,0.141457
2021-01-12,AMD,100,14.2682,0.142682
2021-01-13,AMD,100,14.1933,0.141933
2021-01-14,AMD,100,14.0385,0.140385
2021-01-15,AMD,100,13.9938,0.139938
2021-01-16,AMD,100,13.998,0.13998
2021-01-19,AMD,100,14.1023,0.141023
2021-01-20,AMD,100,14.1183,0.141183
2021-01-21,AMD,100,14.0486,0.140486
2021-01-22,AMD,100,14.1217,0.141217
2021-01-23,AMD,100,14.3017,0.143017
2021-01-26,AMD,100,14.3969,0.143969
2021-01-27,AMD,100,14.5607,0.145607
2021-01-28,AMD,100,14.4377,0.144377
2021-01-29,AMD,100,14.7031,0.147031
2021-01-30,AMD,100,14.6852,0.146852
2021-02-02,AMD,100,14.5687,0.145687
2021-02-03,AMD,100,14.6408,0.146408
2021-02-04,AMD,100,14.6013,0.146013
2021-02-05,AMD,100,14.5396,0.145396
2021-02-06,AMD,100,14.4319,0.144319
2021-02-09,AMD,100,14.1921,0.141921
2021-02-10,AMD,100,14.157,0.14157
2021-02-11,AMD,100,14.0927,0.140927
2021-02-12,AMD,100,14.0746,0.140746
2021-02-13,AMD,100,14.1089,0.141089
2021-02-16,AMD,100,13.989,0.13989
2021-02-17,AMD,100,13.9705,0.139705
2021-02-18,AMD,100,14.0898,0.140898
2021-02-19,AMD,100,14.0704,0.140704
2021-02-20,AMD,100,14.1208,0.141208
2021-02-21,AMD,100,14.106,0.14106
2021-02-25,AMD,100,13.9949,0.139949
2021-02-26,AMD,100,13.9355,0.139355
2021-02-27,AMD,100,14.1047,0.141047
2021-03-02,AMD,100,14.0236,0.140236
2021-03-03,AMD,100,14.1442,0.141442
2021-03-04,AMD,100,13.9438,0.139438
2021-03-05,AMD,100,14.0345,0.140345
2021-03-06,AMD,100,14.1807,0.141807
2021-03-10,AMD,100,14.1331,0.141331
2021-03-11,AMD,100,14.0559,0.140559
2021-03-12,AMD,100,13.9402,0.139402
2021-03-13,AMD,100,13.9418,0.139418
2021-03-16,AMD,100,13.8828,0.138828
2021-03-17,AMD,100,13.8316,0.138316
2021-03-18,AMD,100,13.8516,0.138516
2021-03-19,AMD,100,13.957,0.13957
2021-03-20,AMD,100,14.0481,0.140481
2021-03-23,AMD,100,14.1371,0.141371
2021-03-24,AMD,100,14.2792,0.142792
2021-03-25,AMD,100,14.423,0.14423
2021-03-26,AMD,100,14.4269,0.144269
2021-03-27,AMD,100,14.3412,0.143412
2021-03-30,AMD,100,14.3411,0.143411
2021-03-31,AMD,100,14.3105,0.143105
2021-04-01,AMD,100,14.2914,0.142914
2021-04-02,AMD,100,14.31,0.1431
2021-04-03,AMD,100,14.3602,0.143602
2021-04-06,AMD,100,14.3657,0.143657
2021-04-07,AMD,100,14.3235,0.143235
2021-04-08,AMD,100,14.5506,0.145506
2021-04-09,AMD,100,14.4249,0.144249
2021-04-10,AMD,100,14.4928,0.144928
2021-04-13,AMD,100,14.5483,0.145483
2021-04-14,AMD,100,14.9571,0.149571
2021-04-15,AMD,100,14.6247,0.146247
2021-04-16,AMD,100,14.8228,0.148228
2021-04-17,AMD,100,14.4961,0.144961
2021-04-20,AMD,100,14.6015,0.146015
2021-04-21,AMD,100,14.5498,0.145498
2021-04-22,AMD,100,14.7198,0.147198
2021-04-23,AMD,100,14.634,0.14634
2021-04-24,AMD,100,14.3783,0.143783
2021-04-27,AMD,100,14.3267,0.143267
2021-04-28,AMD,100,14.4022,0.144022
2021-04-29,AMD,100,14.4033,0.144033
2021-04-30,AMD,100,14.3095,0.143095
2021-05-01,AMD,100,14.3761,0.143761
2021-05-05,AMD,100,14.4549,0.144549
2021-05-06,AMD,100,14.3722,0.143722
2021-05-07,AMD,100,14.3175,0.143175
2021-05-08,AMD,100,14.2175,0.142175
2021-05-12,AMD,100,14.1962,0.141962
2021-05-13,AMD,100,14.1812,0.141812
2021-05-14,AMD,100,14.2372,0.142372
2021-05-15,AMD,100,14.1458,0.141458
2021-05-18,AMD,100,14.1198,0.141198
2021-05-19,AMD,100,14.1211,0.141211
2021-05-20,AMD,100,14.1267,0.141267
2021-05-21,AMD,100,14.1344,0.141344
2021-05-22,AMD,100,14.1299,0.141299
2021-05-25,AMD,100,14.1251,0.141251
2021-05-26,AMD,100,14.0989,0.140989
2021-05-27,AMD,100,14.1146,0.141146
2021-05-28,AMD,100,14.1081,0.141081
2021-05-29,AMD,100,14.1302,0.141302
2021-06-01,AMD,100,14.0752,0.140752
2021-06-02,AMD,100,14.0683,0.140683
2021-06-03,AMD,100,14.116,0.14116
2021-06-04,AMD,100,14.0716,0.140716
2021-06-05,AMD,100,14.0854,0.140854
2021-06-08,AMD,100,14.0243,0.140243
2021-06-09,AMD,100,14.0044,0.140044
2021-06-10,AMD,100,13.8666,0.138666
2021-06-11,AMD,100,13.8694,0.138694
2021-06-12,AMD,100,13.8037,0.138037
2021-06-16,AMD,100,13.8098,0.138098
2021-06-17,AMD,100,13.9684,0.139684
2021-06-18,AMD,100,13.9903,0.139903
2021-06-19,AMD,100,13.941,0.13941
2021-06-22,AMD,100,14.1406,0.141406
2021-06-23,AMD,100,14.1315,0.141315
2021-06-24,AMD,100,14.1637,0.141637
2021-06-25,AMD,100,14.1259,0.141259
2021-06-26,AMD,100,14.2094,0.142094
2021-06-29,AMD,100,14.463,0.14463
2021-06-30,AMD,100,14.5078,0.145078
2021-07-01,AMD,100,14.6806,0.146806
2021-07-02,AMD,100,14.6329,0.146329
2021-07-03,AMD,100,14.7811,0.147811
2021-07-06,AMD,100,14.8043,0.148043
2021-07-07,AMD,100,14.7047,0.147047
2021-07-08,AMD,100,14.8696,0.148696
2021-07-09,AMD,100,15.101,0.15101
2021-07-10,AMD,100,14.9488,0.149488
2021-07-13,AMD,100,14.9701,0.149701
2021-07-14,AMD,100,14.8638,0.148638
2021-07-15,AMD,100,14.8917,0.148917
2021-07-16,AMD,100,14.8991,0.148991
2021-07-17,AMD,100,14.8972,0.148972
2021-07-20,AMD,100,14.9425,0.149425
2021-07-21,AMD,100,15.0563,0.150563
2021-07-22,AMD,100,15.1674,0.151674
2021-07-23,AMD,100,15.1122,0.151122
2021-07-24,AMD,100,15.13,0.1513
2021-07-27,AMD,100,15.2011,0.152011
2021-07-28,AMD,100,15.1497,0.151497
2021-07-29,AMD,100,15.0884,0.150884
2021-07-30,AMD,100,15.1747,0.151747
2021-07-31,AMD,100,15.0569,0.150569
2021-08-03,AMD,100,14.9118,0.149118
2021-08-04,AMD,100,14.8856,0.148856
2021-08-05,AMD,100,14.877,0.14877
2021-08-06,AMD,100,14.8369,0.148369
2021-08-07,AMD,100,14.8383,0.148383
2021-08-10,AMD,100,14.93,0.1493
2021-08-11,AMD,100,14.954,0.14954
2021-08-12,AMD,100,15.036,0.15036
2021-08-13,AMD,100,14.9481,0.149481
2021-08-14,AMD,100,14.9409,0.149409
2021-08-17,AMD,100,14.9092,0.149092
2021-08-18,AMD,100,14.9182,0.149182
2021-08-19,AMD,100,14.9331,0.149331
2021-08-20,AMD,100,15.0994,0.150994
2021-08-21,AMD,100,15.1285,0.151285
2021-08-24,AMD,100,15.0527,0.150527
2021-08-25,AMD,100,15.0252,0.150252
2021-08-26,AMD,100,15.0195,0.150195
2021-08-27,AMD,100,15.0281,0.150281
2021-08-28,AMD,100,15.0303,0.150303
2021-08-31,AMD,100,14.9284,0.149284
2021-09-01,AMD,100,14.8622,0.148622
2021-09-02,AMD,100,14.8506,0.148506
2021-09-03,AMD,100,14.7587,0.147587
2021-09-04,AMD,100,14.7616,0.147616
2021-09-07,AMD,100,14.7844,0.147844
2021-09-08,AMD,100,14.828,0.14828
2021-09-09,AMD,100,14.8985,0.148985
2021-09-10,AMD,100,14.832,0.14832
2021-09-11,AMD,100,14.7511,0.147511
2021-09-14,AMD,100,14.8349,0.148349
2021-09-15,AMD,100,14.7514,0.147514
2021-09-16,AMD,100,14.862,0.14862
2021-09-17,AMD,100,14.7057,0.147057
2021-09-18,AMD,100,14.7315,0.147315
2021-09-21,AMD,100,14.9199,0.149199
2021-09-22,AMD,100,15.0653,0.150653
2021-09-23,AMD,100,14.9982,0.149982
2021-09-24,AMD,100,14.7799,0.147799
2021-09-25,AMD,100,14.8345,0.148345
2021-09-28,AMD,100,14.7791,0.147791
2021-09-29,AMD,100,15.0296,0.150296
2021-09-30,AMD,100,14.8053,0.148053
2021-10-01,AMD,100,14.8037,0.148037
2021-10-02,AMD,100,14.8653,0.148653
2021-10-05,AMD,100,14.9129,0.149129
2021-10-06,AMD,100,14.7873,0.147873
2021-10-07,AMD,100,14.8462,0.148462
2021-10-08,AMD,100,14.9134,0.149134
2021-10-09,AMD,100,15.0289,0.150289
2021-10-12,AMD,100,14.9806,0.149806
2021-10-13,AMD,100,15.0345,0.150345
2021-10-14,AMD,100,15.0298,0.150298
2021-10-15,AMD,100,14.9989,0.149989
2021-10-16,AMD,100,14.8503,0.148503
2021-10-19,AMD,100,14.8552,0.148552
2021-10-20,AMD,100,14.8561,0.148561
2021-10-21,AMD,100,14.8807,0.148807
2021-10-22,AMD,100,14.864,0.14864
2021-10-23,AMD,100,14.8372,0.148372
2021-10-26,AMD,100,14.731,0.14731
2021-10-27,AMD,100,14.5782,0.145782
2021-10-28,AMD,100,14.6353,0.146353
2021-10-29,AMD,100,14.7811,0.147811
2021-10-30,AMD,100,14.7624,0.147624
2021-11-02,AMD,100,14.881,0.14881
2021-11-03,AMD,100,14.9505,0.149505
2021-11-04,AMD,100,14.9587,0.149587
2021-11-09,AMD,100,14.9806,0.149806
2021-11-10,AMD,100,14.9479,0.149479
2021-11-11,AMD,100,14.8301,0.148301
2021-11-12,AMD,100,14.9698,0.149698
2021-11-13,AMD,100,15.1024,0.151024
2021-11-16,AMD,100,15.1992,0.151992
2021-11-17,AMD,100,15.2491,0.152491
2021-11-18,AMD,100,15.2925,0.152925
2021-11-19,AMD,100,15.2398,0.152398
2021-11-20,AMD,100,15.2508,0.152508
2021-11-23,AMD,100,15.4049,0.154049
2021-11-24,AMD,100,15.7014,0.157014
2021-11-25,AMD,100,15.5396,0.155396
2021-11-26,AMD,100,15.4773,0.154773
2021-11-27,AMD,100,15.6414,0.156414
2021-11-30,AMD,100,15.5162,0.155162
2021-12-01,AMD,100,15.3902,0.153902
2021-12-02,AMD,100,15.2016,0.152016
2021-12-03,AMD,100,15.216,0.15216
2021-12-04,AMD,100,15.0342,0.150342
2021-12-07,AMD,100,14.9963,0.149963
2021-12-08,AMD,100,15.0921,0.150921
2021-12-09,AMD,100,15.0245,0.150245
2021-12-10,AMD,100,14.8686,0.148686
2021-12-11,AMD,100,14.8774,0.148774
2021-12-14,AMD,100,14.8605,0.148605
2021-12-15,AMD,100,14.8154,0.148154
2021-12-16,AMD,100,14.9526,0.149526
2021-12-17,AMD,100,14.8899,0.148899
2021-12-18,AMD,100,14.9681,0.149681
2021-12-21,AMD,100,15.0822,0.150822
2021-12-22,AMD,100,14.989,0.14989
2021-12-23,AMD,100,14.9843,0.149843
2021-12-24,AMD,100,14.8348,0.148348
2021-12-25,AMD,100,14.8606,0.148606
2021-12-28,AMD,100,14.8696,0.148696
2021-12-29,AMD,100,14.923,0.14923
2021-12-30,AMD,100,14.9576,0.149576
2021-12-31,AMD,100,15.5164,0.155164
2022-01-11,AMD,100,15.5311,0.155311
2022-01-12,AMD,100,15.5019,0.155019
2022-01-13,AMD,100,15.4943,0.154943
2022-01-14,AMD,100,15.4466,0.154466
2022-01-15,AMD,100,15.6948,0.156948
2022-01-18,AMD,100,15.776,0.15776
2022-01-19,AMD,100,15.8601,0.158601
2022-01-20,AMD,100,15.9912,0.159912
2022-01-21,AMD,100,15.8954,0.158954
2022-01-22,AMD,100,15.9539,0.159539
2022-01-25,AMD,100,16.1009,0.161009
2022-01-26,AMD,100,16.3667,0.163667
2022-01-27,AMD,100,16.3445,0.163445
2022-01-28,AMD,100,16.3536,0.163536
2022-01-29,AMD,100,16.1113,0.161113
2022-02-01,AMD,100,16.0394,0.160394
2022-02-02,AMD,100,15.969,0.15969
2022-02-03,AMD,100,15.8354,0.158354
2022-02-04,AMD,100,15.8597,0.158597
2022-02-05,AMD,100,15.7537,0.157537
2022-02-08,AMD,100,15.6786,0.156786
2022-02-09,AMD,100,15.599,0.15599
2022-02-10,AMD,100,15.5918,0.155918
2022-02-11,AMD,100,15.5481,0.155481
2022-02-12,AMD,100,15.6125,0.156125
2022-02-15,AMD,100,15.97,0.1597
2022-02-16,AMD,100,15.8679,0.158679
2022-02-17,AMD,100,15.6198,0.156198
2022-02-18,AMD,100,15.7818,0.157818
2022-02-19,AMD,100,15.8465,0.158465
2022-02-22,AMD,100,15.9931,0.159931
2022-02-23,AMD,100,16.6638,0.166638
2022-02-25,AMD,100,18.1102,0.181102
2022-02-26,AMD,100,17.4059,0.174059
2022-03-01,AMD,100,19.524,0.19524
2022-03-02,AMD,100,18.8196,0.188196
2022-03-03,AMD,100,21.1143,0.211143
2022-03-04,AMD,100,22.7494,0.227494
2022-03-05,AMD,100,21.0112,0.210112
2022-03-06,AMD,100,21.0329,0.210329
2022-03-10,AMD,100,22.7537,0.227537
2022-03-11,AMD,100,23.362,0.23362
2022-03-12,AMD,100,22.5229,0.225229
2022-03-15,AMD,100,22.3221,0.223221
2022-03-16,AMD,100,22.4085,0.224085
2022-03-17,AMD,100,22.071,0.22071
2022-03-18,AMD,100,21.5142,0.215142
2022-03-19,AMD,100,21.2771,0.212771
2022-03-22,AMD,100,21.4019,0.214019
2022-03-23,AMD,100,21.2872,0.212872
2022-03-24,AMD,100,21.0442,0.210442
2022-03-25,AMD,100,19.572,0.19572
2022-03-26,AMD,100,19.4805,0.194805
2022-03-29,AMD,100,19.125,0.19125
2022-03-30,AMD,100,17.6948,0.176948
2022-03-31,AMD,100,17.3193,0.173193
2022-04-01,AMD,100,17.2311,0.172311
2022-04-02,AMD,100,17.2972,0.172972
2022-04-05,AMD,100,17.3017,0.173017
2022-04-06,AMD,100,17.3077,0.173077
2022-04-07,AMD,100,17.2298,0.172298
2022-04-08,AMD,100,15.989,0.15989
2022-04-09,AMD,100,15.7351,0.157351
2022-04-12,AMD,100,16.6708,0.166708
2022-04-13,AMD,100,16.8299,0.168299
2022-04-14,AMD,100,16.9014,0.169014
2022-04-15,AMD,100,17.2399,0.172399
2022-04-16,AMD,100,16.9786,0.169786
2022-04-19,AMD,100,16.8565,0.168565
2022-04-20,AMD,100,16.785,0.16785
2022-04-21,AMD,100,16.4278,0.164278
2022-04-22,AMD,100,16.0333,0.160333
2022-04-23,AMD,100,15.7304,0.157304
2022-04-26,AMD,100,15.7252,0.157252
2022-04-27,AMD,100,15.6991,0.156991
2022-04-28,AMD,100,15.8434,0.158434
2022-04-29,AMD,100,15.831,0.15831
2022-04-30,AMD,100,15.6695,0.156695
2022-05-05,AMD,100,15.2687,0.152687
2022-05-06,AMD,100,14.5696,0.145696
2022-05-07,AMD,100,14.2047,0.142047
2022-05-12,AMD,100,14.7448,0.147448
2022-05-13,AMD,100,14.0921,0.140921
2022-05-14,AMD,100,13.9887,0.139887
2022-05-17,AMD,100,13.9442,0.139442
2022-05-18,AMD,100,13.9697,0.139697
2022-05-19,AMD,100,13.8941,0.138941
2022-05-20,AMD,100,13.5836,0.135836
2022-05-21,AMD,100,12.8298,0.128298
2022-05-24,AMD,100,12.7726,0.127726
2022-05-25,AMD,100,12.5843,0.125843
2022-05-26,AMD,100,12.4913,0.124913
2022-05-27,AMD,100,13.876,0.13876
2022-05-28,AMD,100,14.8161,0.148161
2022-05-31,AMD,100,14.0354,0.140354
2022-06-01,AMD,100,13.7518,0.137518
2022-06-02,AMD,100,13.7944,0.137944
2022-06-03,AMD,100,13.8914,0.138914
2022-06-04,AMD,100,14.0784,0.140784
2022-06-07,AMD,100,13.964,0.13964
2022-06-08,AMD,100,14.0495,0.140495
2022-06-09,AMD,100,13.9809,0.139809
2022-06-10,AMD,100,13.6792,0.136792
2022-06-11,AMD,100,13.6931,0.136931
2022-06-15,AMD,100,13.6055,0.136055
2022-06-16,AMD,100,13.3505,0.133505
2022-06-17,AMD,100,13.3018,0.133018
2022-06-18,AMD,100,13.3341,0.133341
2022-06-21,AMD,100,13.3417,0.133417
2022-06-22,AMD,100,13.1191,0.131191
2022-06-23,AMD,100,12.9123,0.129123
2022-06-24,AMD,100,12.9881,0.129881
2022-06-25,AMD,100,13.0515,0.130515
2022-06-28,AMD,100,13.0271,0.130271
2022-06-29,AMD,100,12.9704,0.129704
2022-06-30,AMD,100,12.5292,0.125292
2022-07-01,AMD,100,12.8956,0.128956
2022-07-02,AMD,100,13.1799,0.131799
2022-07-05,AMD,100,13.5173,0.135173
2022-07-06,AMD,100,14.358,0.14358
2022-07-07,AMD,100,15.4118,0.154118
2022-07-08,AMD,100,15.4686,0.154686
2022-07-09,AMD,100,14.9186,0.149186
2022-07-12,AMD,100,14.9174,0.149174
2022-07-13,AMD,100,14.3183,0.143183
2022-07-14,AMD,100,14.2124,0.142124
2022-07-15,AMD,100,14.1184,0.141184
2022-07-16,AMD,100,13.9888,0.139888
2022-07-19,AMD,100,13.6277,0.136277
2022-07-20,AMD,100,13.3471,0.133471
2022-07-21,AMD,100,13.1976,0.131976
2022-07-22,AMD,100,13.6145,0.136145
2022-07-23,AMD,100,13.8929,0.138929
2022-07-26,AMD,100,14.048,0.14048
2022-07-27,AMD,100,14.3274,0.143274
2022-07-28,AMD,100,14.7652,0.147652
2022-07-29,AMD,100,14.8032,0.148032
2022-07-30,AMD,100,15.0377,0.150377
2022-08-02,AMD,100,15.226,0.15226
2022-08-03,AMD,100,14.7823,0.147823
2022-08-04,AMD,100,14.8215,0.148215
2022-08-05,AMD,100,14.8437,0.148437
2022-08-06,AMD,100,14.8642,0.148642
2022-08-09,AMD,100,14.834,0.14834
2022-08-10,AMD,100,14.862,0.14862
2022-08-11,AMD,100,14.8983,0.148983
2022-08-12,AMD,100,14.9284,0.149284
2022-08-13,AMD,100,15.0032,0.150032
2022-08-16,AMD,100,15.1099,0.151099
2022-08-17,AMD,100,15.1259,0.151259
2022-08-18,AMD,100,14.9658,0.149658
2022-08-19,AMD,100,14.7754,0.147754
2022-08-20,AMD,100,14.5951,0.145951
2022-08-23,AMD,100,14.7344,0.147344
2022-08-24,AMD,100,14.7918,0.147918
2022-08-25,AMD,100,14.8189,0.148189
2022-08-26,AMD,100,14.7602,0.147602
2022-08-27,AMD,100,14.8442,0.148442
2022-08-30,AMD,100,14.9002,0.149002
2022-08-31,AMD,100,14.9141,0.149141
2022-09-01,AMD,100,14.8822,0.148822
2022-09-02,AMD,100,14.8829,0.148829
2022-09-03,AMD,100,14.9216,0.149216
2022-09-06,AMD,100,15.0475,0.150475
2022-09-07,AMD,100,15.0332,0.150332
2022-09-08,AMD,100,15.1102,0.151102
2022-09-09,AMD,100,15.0085,0.150085
2022-09-10,AMD,100,14.919,0.14919
2022-09-13,AMD,100,14.9103,0.149103
2022-09-14,AMD,100,14.8143,0.148143
2022-09-15,AMD,100,14.6965,0.146965
2022-09-16,AMD,100,14.5124,0.145124
2022-09-17,AMD,100,14.4317,0.144317
2022-09-20,AMD,100,14.3835,0.143835
2022-09-21,AMD,100,14.3606,0.143606
2022-09-22,AMD,100,14.5646,0.145646
2022-09-23,AMD,100,14.3125,0.143125
2022-09-24,AMD,100,13.9574,0.139574
2022-09-27,AMD,100,14.0413,0.140413
2022-09-28,AMD,100,14.1954,0.141954
2022-09-29,AMD,100,14.3242,0.143242
2022-09-30,AMD,100,14.1436,0.141436
2022-10-01,AMD,100,13.6321,0.136321
2022-10-04,AMD,100,14.1712,0.141712
2022-10-05,AMD,100,14.4632,0.144632
2022-10-06,AMD,100,14.6424,0.146424
2022-10-07,AMD,100,14.8605,0.148605
2022-10-08,AMD,100,15.1393,0.151393
2022-10-11,AMD,100,15.4125,0.154125
2022-10-12,AMD,100,15.7626,0.157626
2022-10-13,AMD,100,15.7917,0.157917
2022-10-14,AMD,100,15.7193,0.157193
2022-10-15,AMD,100,15.6102,0.156102
2022-10-18,AMD,100,15.2831,0.152831
2022-10-19,AMD,100,15.2746,0.152746
2022-10-20,AMD,100,15.2456,0.152456
2022-10-21,AMD,100,15.2387,0.152387
2022-10-22,AMD,100,15.1847,0.151847
2022-10-25,AMD,100,15.2022,0.152022
2022-10-26,AMD,100,15.2983,0.152983
2022-10-27,AMD,100,15.3808,0.153808
2022-10-28,AMD,100,15.4673,0.154673
2022-10-29,AMD,100,15.5574,0.155574
2022-11-01,AMD,100,15.585,0.15585
2022-11-02,AMD,100,15.5438,0.155438
2022-11-03,AMD,100,15.5848,0.155848
2022-11-04,AMD,100,15.7069,0.157069
2022-11-08,AMD,100,15.4662,0.154662
2022-11-09,AMD,100,15.3902,0.153902
2022-11-10,AMD,100,15.4718,0.154718
2022-11-11,AMD,100,15.4941,0.154941
2022-11-12,AMD,100,15.2019,0.152019
2022-11-15,AMD,100,15.2548,0.152548
2022-11-16,AMD,100,15.2367,0.152367
2022-11-17,AMD,100,15.2723,0.152723
2022-11-18,AMD,100,15.268,0.15268
2022-11-19,AMD,100,15.2772,0.152772
2022-11-22,AMD,100,15.3697,0.153697
2022-11-23,AMD,100,15.3643,0.153643
2022-11-24,AMD,100,15.3203,0.153203
2022-11-25,AMD,100,15.2765,0.152765
2022-11-26,AMD,100,15.3094,0.153094
2022-11-29,AMD,100,15.3445,0.153445
2022-11-30,AMD,100,15.4571,0.154571
2022-12-01,AMD,100,15.4178,0.154178
2022-12-02,AMD,100,15.4668,0.154668
2022-12-03,AMD,100,15.6313,0.156313
2022-12-06,AMD,100,15.7068,0.157068
2022-12-07,AMD,100,15.9029,0.159029
2022-12-08,AMD,100,15.9045,0.159045
2022-12-09,AMD,100,15.835,0.15835
2022-12-10,AMD,100,15.7807,0.157807
2022-12-13,AMD,100,15.8692,0.158692
2022-12-14,AMD,100,16.0002,0.160002
2022-12-15,AMD,100,16.0757,0.160757
2022-12-16,AMD,100,16.3094,0.163094
2022-12-17,AMD,100,16.3792,0.163792
2022-12-20,AMD,100,16.8271,0.168271
2022-12-21,AMD,100,17.5256,0.175256
2022-12-22,AMD,100,17.9013,0.179013
2022-12-23,AMD,100,18.304,0.18304
2022-12-24,AMD,100,17.4389,0.174389
2022-12-27,AMD,100,17.3512,0.173512
2022-12-28,AMD,100,17.7679,0.177679
2022-12-29,AMD,100,18.1367,0.181367
2022-12-30,AMD,100,18.2959,0.182959
2022-12-31,AMD,100,17.8717,0.178717
2023-01-10,AMD,100,17.8007,0.178007
2023-01-11,AMD,100,17.6168,0.176168
2023-01-12,AMD,100,17.4311,0.174311
2023-01-13,AMD,100,17.1021,0.171021
2023-01-14,AMD,100,17.0401,0.170401
2023-01-17,AMD,100,17.21,0.1721
2023-01-18,AMD,100,17.3028,0.173028
2023-01-19,AMD,100,17.3763,0.173763
2023-01-20,AMD,100,17.3693,0.173693
2023-01-21,AMD,100,17.3289,0.173289
2023-01-24,AMD,100,17.3017,0.173017
2023-01-25,AMD,100,17.3443,0.173443
2023-01-26,AMD,100,17.4126,0.174126
2023-01-27,AMD,100,17.4716,0.174716
2023-01-28,AMD,100,17.5085,0.175085
2023-01-31,AMD,100,17.5792,0.175792
2023-02-01,AMD,100,17.8223,0.178223
2023-02-02,AMD,100,17.7191,0.177191
2023-02-03,AMD,100,17.6854,0.176854
2023-02-04,AMD,100,17.7524,0.177524
2023-02-07,AMD,100,17.8002,0.178002
2023-02-08,AMD,100,17.9075,0.179075
2023-02-09,AMD,100,18.0794,0.180794
2023-02-10,AMD,100,18.4115,0.184115
2023-02-11,AMD,100,18.4172,0.184172
2023-02-14,AMD,100,18.6553,0.186553
2023-02-15,AMD,100,18.7426,0.187426
2023-02-16,AMD,100,18.8584,0.188584
2023-02-17,AMD,100,18.9987,0.189987
2023-02-18,AMD,100,19.0279,0.190279
2023-02-21,AMD,100,18.8717,0.188717
2023-02-22,AMD,100,19.1124,0.191124
2023-02-23,AMD,100,19.1325,0.191325
2023-02-28,AMD,100,19.3883,0.193883
2023-03-01,AMD,100,19.2359,0.192359
2023-03-02,AMD,100,19.3443,0.193443
2023-03-03,AMD,100,19.4043,0.194043
2023-03-04,AMD,100,19.4397,0.194397
2023-03-07,AMD,100,19.4272,0.194272
2023-03-08,AMD,100,19.4178,0.194178
2023-03-10,AMD,100,19.5379,0.195379
2023-03-11,AMD,100,19.5632,0.195632
2023-03-14,AMD,100,19.4267,0.194267
2023-03-15,AMD,100,19.3402,0.193402
2023-03-16,AMD,100,19.502,0.19502
2023-03-17,AMD,100,19.6612,0.196612
2023-03-18,AMD,100,19.7292,0.197292
2023-03-21,AMD,100,19.8832,0.198832
2023-03-22,AMD,100,19.7856,0.197856
2023-03-23,AMD,100,19.8254,0.198254
2023-03-24,AMD,100,19.6501,0.196501
2023-03-25,AMD,100,19.6995,0.196995
2023-03-28,AMD,100,19.7066,0.197066
2023-03-29,AMD,100,19.726,0.19726
2023-03-30,AMD,100,19.829,0.19829
2023-03-31,AMD,100,19.8523,0.198523
2023-04-01,AMD,100,19.9041,0.199041
2023-04-04,AMD,100,20.0656,0.200656
2023-04-05,AMD,100,20.4448,0.204448
2023-04-06,AMD,100,20.4718,0.204718
2023-04-07,AMD,100,20.7803,0.207803
2023-04-08,AMD,100,21.2133,0.212133
2023-04-11,AMD,100,21.055,0.21055
2023-04-12,AMD,100,21.1706,0.211706
2023-04-13,AMD,100,21.1466,0.211466
2023-04-14,AMD,100,21.0521,0.210521
2023-04-15,AMD,100,20.9955,0.209955
2023-04-18,AMD,100,21.0414,0.210414
2023-04-19,AMD,100,21.0436,0.210436
2023-04-20,AMD,100,21.0635,0.210635
2023-04-21,AMD,100,21.0787,0.210787
2023-04-22,AMD,100,21.0304,0.210304
2023-04-25,AMD,100,20.9757,0.209757
2023-04-26,AMD,100,21.1138,0.211138
2023-04-27,AMD,100,21.0744,0.210744
2023-04-28,AMD,100,21.106,0.21106
2023-04-29,AMD,100,20.8228,0.208228
2023-05-03,AMD,100,20.6697,0.206697
2023-05-04,AMD,100,20.4938,0.204938
2023-05-05,AMD,100,20.2974,0.202974
2023-05-06,AMD,100,19.8837,0.198837
2023-05-11,AMD,100,19.8481,0.198481
2023-05-12,AMD,100,19.6424,0.196424
2023-05-13,AMD,100,19.9814,0.199814
2023-05-16,AMD,100,20.4272,0.204272
2023-05-17,AMD,100,20.7014,0.207014
2023-05-18,AMD,100,20.9066,0.209066
2023-05-19,AMD,100,20.6797,0.206797
2023-05-20,AMD,100,20.6794,0.206794
2023-05-23,AMD,100,20.6606,0.206606
2023-05-24,AMD,100,20.7551,0.207551
2023-05-25,AMD,100,20.72,0.2072
2023-05-26,AMD,100,20.6998,0.206998
2023-05-27,AMD,100,20.6889,0.206889
2023-05-30,AMD,100,20.7306,0.207306
2023-05-31,AMD,100,20.8753,0.208753
2023-06-01,AMD,100,20.9493,0.209493
2023-06-02,AMD,100,20.9225,0.209225
2023-06-03,AMD,100,20.8862,0.208862
2023-06-06,AMD,100,21.0002,0.210002
2023-06-07,AMD,100,20.9927,0.209927
2023-06-08,AMD,100,21.0622,0.210622
2023-06-09,AMD,100,21.2105,0.212105
2023-06-10,AMD,100,21.3998,0.213998
2023-06-14,AMD,100,21.6008,0.216008
2023-06-15,AMD,100,21.8119,0.218119
2023-06-16,AMD,100,21.7212,0.217212
2023-06-17,AMD,100,21.6407,0.216407
2023-06-20,AMD,100,21.743,0.21743
2023-06-21,AMD,100,21.7613,0.217613
2023-06-22,AMD,100,21.8165,0.218165
2023-06-23,AMD,100,21.6522,0.216522
2023-06-24,AMD,100,21.7203,0.217203
2023-06-27,AMD,100,21.9025,0.219025
2023-06-28,AMD,100,21.9933,0.219933
2023-06-29,AMD,100,22.1507,0.221507
2023-06-30,AMD,100,22.529,0.22529
2023-07-01,AMD,100,22.894,0.22894
2023-07-04,AMD,100,23.0827,0.230827
2023-07-05,AMD,100,23.1832,0.231832
2023-07-06,AMD,100,23.3885,0.233885
2023-07-07,AMD,100,23.9644,0.239644
2023-07-08,AMD,100,23.7417,0.237417
2023-07-11,AMD,100,23.6361,0.236361
2023-07-12,AMD,100,23.3759,0.233759
2023-07-13,AMD,100,23.4623,0.234623
2023-07-14,AMD,100,23.2952,0.232952
2023-07-15,AMD,100,23.3463,0.233463
2023-07-18,AMD,100,23.4168,0.234168
2023-07-19,AMD,100,23.4773,0.234773
2023-07-20,AMD,100,23.55,0.2355
2023-07-21,AMD,100,23.5198,0.235198
2023-07-22,AMD,100,23.3866,0.233866
2023-07-25,AMD,100,23.3767,0.233767
2023-07-26,AMD,100,23.2959,0.232959
2023-07-27,AMD,100,23.304,0.23304
2023-07-28,AMD,100,23.3002,0.233002
2023-07-29,AMD,100,23.5561,0.235561
2023-08-01,AMD,100,23.72,0.2372
2023-08-02,AMD,100,23.765,0.23765
2023-08-03,AMD,100,23.9986,0.239986
2023-08-04,AMD,100,24.2838,0.242838
2023-08-05,AMD,100,24.5457,0.245457
2023-08-08,AMD,100,25.0115,0.250115
2023-08-09,AMD,100,24.8604,0.248604
2023-08-10,AMD,100,25.2286,0.252286
2023-08-11,AMD,100,25.1987,0.251987
2023-08-12,AMD,100,25.4421,0.254421
2023-08-15,AMD,100,26.1348,0.261348
2023-08-16,AMD,100,25.1957,0.251957
2023-08-17,AMD,100,25.0549,0.250549
2023-08-18,AMD,100,24.2771,0.242771
2023-08-19,AMD,100,24.19,0.2419
2023-08-22,AMD,100,24.381,0.24381
2023-08-23,AMD,100,24.3963,0.243963
2023-08-24,AMD,100,24.4163,0.244163
2023-08-25,AMD,100,24.4587,0.244587
2023-08-26,AMD,100,24.538,0.24538
2023-08-29,AMD,100,24.7342,0.247342
2023-08-30,AMD,100,24.7849,0.247849
2023-08-31,AMD,100,24.8532,0.248532
2023-09-01,AMD,100,24.9713,0.249713
2023-09-02,AMD,100,24.9653,0.249653
2023-09-05,AMD,100,25.0447,0.250447
2023-09-06,AMD,100,25.2814,0.252814
2023-09-07,AMD,100,25.3593,0.253593
2023-09-08,AMD,100,25.4506,0.254506
2023-09-09,AMD,100,25.3801,0.253801
2023-09-12,AMD,100,25.0132,0.250132
2023-09-13,AMD,100,24.5454,0.245454
2023-09-14,AMD,100,24.8503,0.248503
2023-09-15,AMD,100,24.9096,0.249096
2023-09-16,AMD,100,25.012,0.25012
2023-09-19,AMD,100,25.0505,0.250505
2023-09-20,AMD,100,24.9194,0.249194
2023-09-21,AMD,100,25.0077,0.250077
2023-09-22,AMD,100,24.8677,0.248677
2023-09-23,AMD,100,24.8016,0.248016
2023-09-26,AMD,100,24.8118,0.248118
2023-09-27,AMD,100,24.8221,0.248221
2023-09-28,AMD,100,24.8334,0.248334
2023-09-29,AMD,100,24.8163,0.248163
2023-09-30,AMD,100,24.7623,0.247623
2023-10-03,AMD,100,24.4843,0.244843
2023-10-04,AMD,100,24.0096,0.240096
2023-10-05,AMD,100,23.1755,0.231755
2023-10-06,AMD,100,23.8164,0.238164
2023-10-07,AMD,100,24.5029,0.245029
2023-10-10,AMD,100,25.0829,0.250829
2023-10-11,AMD,100,25.1396,0.251396
2023-10-12,AMD,100,25.2975,0.252975
2023-10-13,AMD,100,24.3883,0.243883
2023-10-14,AMD,100,24.1932,0.241932
2023-10-17,AMD,100,24.2477,0.242477
2023-10-18,AMD,100,24.2377,0.242377
2023-10-19,AMD,100,24.2419,0.242419
2023-10-20,AMD,100,24.2167,0.242167
2023-10-21,AMD,100,23.8891,0.238891
2023-10-24,AMD,100,23.5469,0.235469
2023-10-25,AMD,100,23.2435,0.232435
2023-10-26,AMD,100,23.1488,0.231488
2023-10-27,AMD,100,23.2463,0.232463
2023-10-28,AMD,100,23.1567,0.231567
2023-10-31,AMD,100,23.1799,0.231799
2023-11-01,AMD,100,22.8344,0.228344
2023-11-02,AMD,100,23.1815,0.231815
2023-11-03,AMD,100,23.1561,0.231561
2023-11-04,AMD,100,23.1304,0.231304
2023-11-08,AMD,100,22.9511,0.229511
2023-11-09,AMD,100,22.9056,0.229056
2023-11-10,AMD,100,22.8287,0.228287
2023-11-11,AMD,100,22.8653,0.228653
2023-11-14,AMD,100,22.8588,0.228588
2023-11-15,AMD,100,22.6337,0.226337
2023-11-16,AMD,100,22.2021,0.222021
2023-11-17,AMD,100,22.0865,0.220865
2023-11-18,AMD,100,22.1475,0.221475
2023-11-21,AMD,100,22.0028,0.220028
2023-11-22,AMD,100,21.8278,0.218278
2023-11-23,AMD,100,21.9092,0.219092
2023-11-24,AMD,100,21.9069,0.219069
2023-11-25,AMD,100,22.083,0.22083
2023-11-28,AMD,100,22.0488,0.220488
2023-11-29,AMD,100,22.0264,0.220264
2023-11-30,AMD,100,22.083,0.22083
2023-12-01,AMD,100,21.9997,0.219997
2023-12-02,AMD,100,22.2801,0.222801
2023-12-05,AMD,100,22.4967,0.224967
2023-12-06,AMD,100,22.728,0.22728
2023-12-07,AMD,100,23.0173,0.230173
2023-12-08,AMD,100,22.9446,0.229446
2023-12-09,AMD,100,22.726,0.22726
2023-12-12,AMD,100,22.5466,0.225466
2023-12-13,AMD,100,22.3533,0.223533
2023-12-14,AMD,100,22.244,0.22244
2023-12-15,AMD,100,22.1647,0.221647
2023-12-16,AMD,100,22.1309,0.221309
2023-12-19,AMD,100,22.2727,0.222727
2023-12-20,AMD,100,22.1993,0.221993
2023-12-21,AMD,100,22.2926,0.222926
2023-12-22,AMD,100,22.6089,0.226089
2023-12-23,AMD,100,22.6663,0.226663
2023-12-26,AMD,100,22.6899,0.226899
2023-12-27,AMD,100,22.6325,0.226325
2023-12-28,AMD,100,22.6332,0.226332
2023-12-29,AMD,100,22.2891,0.222891
2023-12-30,AMD,100,22.1567,0.221567
2024-01-10,AMD,100,22.2884,0.222884
2024-01-11,AMD,100,22.0464,0.220464
2024-01-12,AMD,100,21.9209,0.219209
2024-01-13,AMD,100,21.7423,0.217423
2024-01-16,AMD,100,21.6225,0.216225
2024-01-17,AMD,100,21.6084,0.216084
2024-01-18,AMD,100,21.7894,0.217894
2024-01-19,AMD,100,21.8781,0.218781
2024-01-20,AMD,100,21.8513,0.218513
2024-01-23,AMD,100,21.7135,0.217135
2024-01-24,AMD,100,21.7022,0.217022
2024-01-25,AMD,100,21.8112,0.218112
2024-01-26,AMD,100,21.9332,0.219332
2024-01-27,AMD,100,22.1788,0.221788
2024-01-30,AMD,100,22.1909,0.221909
2024-01-31,AMD,100,22.1034,0.221034
2024-02-01,AMD,100,22.2115,0.222115
2024-02-02,AMD,100,22.3408,0.223408
2024-02-03,AMD,100,22.4412,0.224412
2024-02-06,AMD,100,22.5833,0.225833
2024-02-07,AMD,100,22.4333,0.224333
2024-02-08,AMD,100,22.5477,0.225477
2024-02-09,AMD,100,22.5619,0.225619
2024-02-10,AMD,100,22.467,0.22467
2024-02-13,AMD,100,22.514,0.22514
2024-02-14,AMD,100,22.5628,0.225628
2024-02-15,AMD,100,22.6557,0.226557
2024-02-16,AMD,100,22.7146,0.227146
2024-02-17,AMD,100,22.8844,0.228844
2024-02-20,AMD,100,22.8529,0.228529
2024-02-21,AMD,100,22.8321,0.228321
2024-02-22,AMD,100,22.8616,0.228616
2024-02-23,AMD,100,22.938,0.22938
2024-02-27,AMD,100,22.9049,0.229049
2024-02-28,AMD,100,22.7597,0.227597
2024-02-29,AMD,100,22.7219,0.227219
2024-03-01,AMD,100,22.4768,0.224768
2024-03-02,AMD,100,22.6084,0.226084
2024-03-05,AMD,100,22.6044,0.226044
2024-03-06,AMD,100,22.5628,0.225628
2024-03-07,AMD,100,22.365,0.22365
2024-03-08,AMD,100,22.4788,0.224788
2024-03-12,AMD,100,22.4553,0.224553
2024-03-13,AMD,100,22.5301,0.225301
2024-03-14,AMD,100,22.7215,0.227215
2024-03-15,AMD,100,22.7582,0.227582
2024-03-16,AMD,100,22.8175,0.228175
2024-03-19,AMD,100,22.8836,0.228836
2024-03-20,AMD,100,22.9831,0.229831
2024-03-21,AMD,100,23.1849,0.231849
2024-03-22,AMD,100,23.0752,0.230752
2024-03-23,AMD,100,23.2833,0.232833
2024-03-26,AMD,100,23.4254,0.234254
2024-03-27,AMD,100,23.3963,0.233963
2024-03-28,AMD,100,23.4582,0.234582
2024-03-29,AMD,100,23.3896,0.233896
2024-03-30,AMD,100,23.4861,0.234861
2024-04-02,AMD,100,23.5455,0.235455
2024-04-03,AMD,100,23.6644,0.236644
2024-04-04,AMD,100,23.7066,0.237066
2024-04-05,AMD,100,23.754,0.23754
2024-04-06,AMD,100,23.7896,0.237896
2024-04-09,AMD,100,23.7973,0.237973
2024-04-10,AMD,100,23.8049,0.238049
2024-04-11,AMD,100,23.8799,0.238799
2024-04-12,AMD,100,23.941,0.23941
2024-04-13,AMD,100,23.7259,0.237259
2024-04-16,AMD,100,23.6479,0.236479
2024-04-17,AMD,100,23.8018,0.238018
2024-04-18,AMD,100,23.8735,0.238735
2024-04-19,AMD,100,23.877,0.23877
2024-04-20,AMD,100,23.8005,0.238005
2024-04-23,AMD,100,23.8228,0.238228
2024-04-24,AMD,100,23.9185,0.239185
2024-04-25,AMD,100,23.717,0.23717
2024-04-26,AMD,100,23.7085,0.237085
2024-04-27,AMD,100,23.7099,0.237099
2024-04-28,AMD,100,23.6495,0.236495
2024-05-03,AMD,100,23.7479,0.237479
2024-05-04,AMD,100,23.6734,0.236734
2024-05-07,AMD,100,23.539,0.23539
2024-05-08,AMD,100,23.5017,0.235017
2024-05-09,AMD,100,23.6653,0.236653
2024-05-14,AMD,100,23.6387,0.236387
2024-05-15,AMD,100,23.565,0.23565
2024-05-16,AMD,100,23.5491,0.235491
2024-05-17,AMD,100,23.4286,0.234286
2024-05-18,AMD,100,23.4745,0.234745
2024-05-21,AMD,100,23.3662,0.233662
2024-05-22,AMD,100,23.2867,0.232867
2024-05-23,AMD,100,23.2224,0.232224
2024-05-24,AMD,100,23.2852,0.232852
2024-05-25,AMD,100,23.1329,0.231329
2024-05-28,AMD,100,22.8552,0.228552
2024-05-29,AMD,100,22.7914,0.227914
2024-05-30,AMD,100,23.0346,0.230346
2024-05-31,AMD,100,23.1219,0.231219
2024-06-01,AMD,100,23.2824,0.232824
2024-06-04,AMD,100,23.0635,0.230635
2024-06-05,AMD,100,22.9146,0.229146
2024-06-06,AMD,100,22.862,0.22862
2024-06-07,AMD,100,22.897,0.22897
2024-06-08,AMD,100,22.8936,0.228936
2024-06-11,AMD,100,22.9639,0.229639
2024-06-12,AMD,100,22.9685,0.229685
2024-06-14,AMD,100,22.7317,0.227317
2024-06-15,AMD,100,22.9261,0.229261
2024-06-18,AMD,100,22.905,0.22905
2024-06-19,AMD,100,22.3897,0.223897
2024-06-20,AMD,100,21.2641,0.212641
2024-06-21,AMD,100,22.0058,0.220058
2024-06-22,AMD,100,22.6396,0.226396
2024-06-25,AMD,100,22.5159,0.225159
2024-06-26,AMD,100,22.4825,0.224825
2024-06-27,AMD,100,22.6113,0.226113
2024-06-28,AMD,100,21.8912,0.218912
2024-06-29,AMD,100,22.0909,0.220909
2024-07-02,AMD,100,22.4958,0.224958
2024-07-03,AMD,100,22.669,0.22669
2024-07-04,AMD,100,22.6537,0.226537
2024-07-05,AMD,100,22.7132,0.227132
2024-07-06,AMD,100,22.7169,0.227169
2024-07-09,AMD,100,22.7309,0.227309
2024-07-10,AMD,100,22.6806,0.226806
2024-07-11,AMD,100,22.6495,0.226495
2024-07-12,AMD,100,22.651,0.22651
2024-07-13,AMD,100,22.6141,0.226141
2024-07-16,AMD,100,22.6419,0.226419
2024-07-17,AMD,100,22.755,0.22755
2024-07-18,AMD,100,22.6894,0.226894
2024-07-19,AMD,100,22.6489,0.226489
2024-07-20,AMD,100,22.6641,0.226641
2024-07-23,AMD,100,22.6384,0.226384
2024-07-24,AMD,100,22.505,0.22505
2024-07-25,AMD,100,22.2844,0.222844
2024-07-26,AMD,100,22.0191,0.220191
2024-07-27,AMD,100,22.0301,0.220301
2024-07-30,AMD,100,22.3282,0.223282
2024-07-31,AMD,100,22.2282,0.222282
2024-08-01,AMD,100,22.1873,0.221873
2024-08-02,AMD,100,22.1188,0.221188
2024-08-03,AMD,100,22.0968,0.220968
2024-08-06,AMD,100,21.906,0.21906
2024-08-07,AMD,100,21.9378,0.219378
2024-08-08,AMD,100,22.1686,0.221686
2024-08-09,AMD,100,22.2817,0.222817
2024-08-10,AMD,100,22.6655,0.226655
2024-08-13,AMD,100,23.1668,0.231668
2024-08-14,AMD,100,23.8431,0.238431
2024-08-15,AMD,100,23.1722,0.231722
2024-08-16,AMD,100,22.8702,0.228702
2024-08-17,AMD,100,22.9069,0.229069
2024-08-20,AMD,100,23.0685,0.230685
2024-08-21,AMD,100,23.3688,0.233688
2024-08-22,AMD,100,23.6086,0.236086
2024-08-23,AMD,100,23.5279,0.235279
2024-08-24,AMD,100,23.6061,0.236061
2024-08-27,AMD,100,23.6465,0.236465
2024-08-28,AMD,100,23.5884,0.235884
2024-08-29,AMD,100,23.5737,0.235737
2024-08-30,AMD,100,23.5799,0.235799
2024-08-31,AMD,100,23.5303,0.235303
2024-09-03,AMD,100,23.2178,0.232178
2024-09-04,AMD,100,22.8746,0.228746
2024-09-05,AMD,100,22.9417,0.229417
2024-09-06,AMD,100,23.1615,0.231615
2024-09-07,AMD,100,23.2046,0.232046
2024-09-10,AMD,100,23.3463,0.233463
2024-09-11,AMD,100,23.53,0.2353
2024-09-12,AMD,100,23.5663,0.235663
2024-09-13,AMD,100,23.5261,0.235261
2024-09-14,AMD,100,23.4833,0.234833
2024-09-17,AMD,100,23.5394,0.235394
2024-09-18,AMD,100,23.5879,0.235879
2024-09-19,AMD,100,23.6821,0.236821
2024-09-20,AMD,100,23.9062,0.239062
2024-09-21,AMD,100,23.907,0.23907
2024-09-24,AMD,100,23.959,0.23959
2024-09-25,AMD,100,23.9731,0.239731
2024-09-26,AMD,100,23.8421,0.238421
2024-09-27,AMD,100,23.8501,0.238501
2024-09-28,AMD,100,23.937,0.23937
2024-10-01,AMD,100,24.0704,0.240704
2024-10-02,AMD,100,24.1167,0.241167
2024-10-03,AMD,100,24.4086,0.244086
2024-10-04,AMD,100,24.5514,0.245514
2024-10-05,AMD,100,24.5148,0.245148
2024-10-08,AMD,100,24.8275,0.248275
2024-10-09,AMD,100,24.8072,0.248072
2024-10-10,AMD,100,25.0474,0.250474
2024-10-11,AMD,100,25.1167,0.251167
2024-10-12,AMD,100,24.813,0.24813
2024-10-15,AMD,100,24.8242,0.248242
2024-10-16,AMD,100,25.0548,0.250548
2024-10-17,AMD,100,25.1128,0.251128
2024-10-18,AMD,100,25.0727,0.250727
2024-10-19,AMD,100,24.8979,0.248979
2024-10-22,AMD,100,24.8198,0.248198
2024-10-23,AMD,100,24.9456,0.249456
2024-10-24,AMD,100,24.9279,0.249279
2024-10-25,AMD,100,24.9884,0.249884
2024-10-26,AMD,100,24.9621,0.249621
2024-10-29,AMD,100,25.1156,0.251156
2024-10-30,AMD,100,25.145,0.25145
2024-10-31,AMD,100,25.0751,0.250751
2024-11-01,AMD,100,25.0303,0.250303
2024-11-02,AMD,100,25.1673,0.251673
2024-11-03,AMD,100,25.1956,0.251956
2024-11-06,AMD,100,25.3218,0.253218
2024-11-07,AMD,100,25.3572,0.253572
2024-11-08,AMD,100,25.3267,0.253267
2024-11-09,AMD,100,25.2558,0.252558
2024-11-12,AMD,100,25.2878,0.252878
2024-11-13,AMD,100,25.2783,0.252783
2024-11-14,AMD,100,25.3749,0.253749
2024-11-15,AMD,100,25.5438,0.255438
2024-11-16,AMD,100,25.7559,0.257559
2024-11-19,AMD,100,25.6996,0.256996
2024-11-20,AMD,100,25.7179,0.257179
2024-11-21,AMD,100,25.7507,0.257507
2024-11-22,AMD,100,25.8518,0.258518
2024-11-23,AMD,100,26.3178,0.263178
2024-11-26,AMD,100,26.6035,0.266035
2024-11-27,AMD,100,26.8779,0.268779
2024-11-28,AMD,100,27.5797,0.275797
2024-11-29,AMD,100,27.8846,0.278846
2024-11-30,AMD,100,27.3011,0.273011
2024-12-03,AMD,100,26.9367,0.269367
2024-12-04,AMD,100,26.5742,0.265742
2024-12-05,AMD,100,25.883,0.25883
2024-12-06,AMD,100,25.6516,0.256516
2024-12-07,AMD,100,24.7742,0.247742
2024-12-10,AMD,100,25.1089,0.251089
2024-12-11,AMD,100,25.333,0.25333
2024-12-12,AMD,100,26.1876,0.261876
2024-12-13,AMD,100,26.3625,0.263625
2024-12-14,AMD,100,26.2507,0.262507
2024-12-17,AMD,100,26.1319,0.261319
2024-12-18,AMD,100,26.1025,0.261025
2024-12-19,AMD,100,26.0444,0.260444
2024-12-20,AMD,100,26.1884,0.261884
2024-12-21,AMD,100,25.9065,0.259065
2024-12-24,AMD,100,25.6874,0.256874
2024-12-25,AMD,100,25.2364,0.252364
2024-12-26,AMD,100,25.1509,0.251509
2024-12-27,AMD,100,25.0466,0.250466
2024-12-28,AMD,100,25.3552,0.253552
2024-12-29,AMD,100,25.6456,0.256456
2025-01-10,AMD,100,25.7758,0.257758
2025-01-11,AMD,100,25.6815,0.256815
2025-01-14,AMD,100,25.8567,0.258567
2025-01-15,AMD,100,26.0038,0.260038
2025-01-16,AMD,100,25.8253,0.258253
2025-01-17,AMD,100,25.7162,0.257162
2025-01-18,AMD,100,25.6715,0.256715
2025-01-21,AMD,100,25.5764,0.255764
2025-01-22,AMD,100,25.0547,0.250547
2025-01-23,AMD,100,24.6477,0.246477
2025-01-24,AMD,100,24.844,0.24844
2025-01-25,AMD,100,24.6293,0.246293
2025-01-28,AMD,100,24.383,0.24383
2025-01-29,AMD,100,24.5923,0.245923
2025-01-30,AMD,100,24.6096,0.246096
2025-01-31,AMD,100,24.6296,0.246296
2025-02-01,AMD,100,24.6158,0.246158
2025-02-04,AMD,100,25.1753,0.251753
2025-02-05,AMD,100,24.8377,0.248377
2025-02-06,AMD,100,24.7253,0.247253
2025-02-07,AMD,100,24.4211,0.244211
2025-02-08,AMD,100,24.5176,0.245176
2025-02-11,AMD,100,24.4146,0.244146
2025-02-12,AMD,100,24.1596,0.241596
2025-02-13,AMD,100,23.7161,0.237161
2025-02-14,AMD,100,22.9633,0.229633
2025-02-15,AMD,100,22.7762,0.227762
2025-02-18,AMD,100,23.0669,0.230669
2025-02-19,AMD,100,23.0522,0.230522
2025-02-20,AMD,100,22.8512,0.228512
2025-02-21,AMD,100,22.3901,0.223901
2025-02-22,AMD,100,22.3543,0.223543
2025-02-25,AMD,100,22.3931,0.223931
2025-02-26,AMD,100,22.0129,0.220129
2025-02-27,AMD,100,21.8363,0.218363
2025-02-28,AMD,100,22.2999,0.222999
2025-03-01,AMD,100,22.4372,0.224372
2025-03-04,AMD,100,22.67,0.2267
2025-03-05,AMD,100,22.659,0.22659
2025-03-06,AMD,100,22.7714,0.227714
2025-03-07,AMD,100,22.7007,0.227007
2025-03-08,AMD,100,22.5901,0.225901
2025-03-11,AMD,100,22.3918,0.223918
2025-03-12,AMD,100,21.9691,0.219691
2025-03-13,AMD,100,22.0173,0.220173
2025-03-14,AMD,100,22.055,0.22055
2025-03-15,AMD,100,21.8434,0.218434
2025-03-18,AMD,100,21.488,0.21488
2025-03-19,AMD,100,20.8146,0.208146
2025-03-20,AMD,100,21.1581,0.211581
2025-03-21,AMD,100,21.5152,0.215152
2025-03-22,AMD,100,21.5621,0.215621
2025-03-25,AMD,100,21.4056,0.214056
2025-03-26,AMD,100,21.4888,0.214888
2025-03-27,AMD,100,21.4922,0.214922
2025-03-28,AMD,100,21.3968,0.213968
2025-03-29,AMD,100,21.3696,0.213696
2025-04-01,AMD,100,21.8342,0.218342
2025-04-02,AMD,100,21.7005,0.217005
2025-04-03,AMD,100,21.6158,0.216158
2025-04-04,AMD,100,21.5637,0.215637
2025-04-05,AMD,100,21.5422,0.215422
2025-04-08,AMD,100,22.0354,0.220354
2025-04-09,AMD,100,21.8573,0.218573
2025-04-10,AMD,100,21.9747,0.219747
2025-04-11,AMD,100,21.7387,0.217387
2025-04-12,AMD,100,21.4806,0.214806
2025-04-15,AMD,100,21.1724,0.211724
2025-04-16,AMD,100,21.0659,0.210659
2025-04-17,AMD,100,21.108,0.21108
2025-04-18,AMD,100,20.9802,0.209802
2025-04-19,AMD,100,20.7565,0.207565
2025-04-22,AMD,100,20.6806,0.206806
2025-04-23,AMD,100,20.8807,0.208807
2025-04-24,AMD,100,21.1428,0.211428
2025-04-25,AMD,100,21.2691,0.212691
2025-04-26,AMD,100,21.1756,0.211756
2025-04-29,AMD,100,21.1952,0.211952
2025-04-30,AMD,100,20.9428,0.209428
2025-05-01,AMD,100,20.8989,0.208989
2025-05-06,AMD,100,21.0326,0.210326
2025-05-07,AMD,100,20.7889,0.207889
2025-05-08,AMD,100,20.772,0.20772
2025-05-13,AMD,100,20.8014,0.208014
2025-05-14,AMD,100,20.756,0.20756
2025-05-15,AMD,100,20.6767,0.206767
2025-05-16,AMD,100,20.756,0.20756
2025-05-17,AMD,100,20.9067,0.209067
2025-05-20,AMD,100,20.8218,0.208218
2025-05-21,AMD,100,20.8634,0.208634
2025-05-22,AMD,100,20.7118,0.207118
2025-05-23,AMD,100,20.7407,0.207407
2025-05-24,AMD,100,20.7705,0.207705
2025-05-27,AMD,100,20.7369,0.207369
2025-05-28,AMD,100,20.7143,0.207143
2025-05-29,AMD,100,20.7107,0.207107
2025-05-30,AMD,100,20.4339,0.204339
2025-05-31,AMD,100,20.4764,0.204764
2025-06-03,AMD,100,20.6091,0.206091
2025-06-04,AMD,100,20.5426,0.205426
2025-06-05,AMD,100,20.4561,0.204561
2025-06-06,AMD,100,20.6383,0.206383
2025-06-07,AMD,100,20.6463,0.206463
2025-06-10,AMD,100,20.6615,0.206615
2025-06-11,AMD,100,20.4934,0.204934
2025-06-12,AMD,100,20.6139,0.206139
2025-06-17,AMD,100,20.4572,0.204572
2025-06-18,AMD,100,20.4834,0.204834
2025-06-19,AMD,100,20.4759,0.204759
2025-06-20,AMD,100,20.3955,0.203955
2025-06-21,AMD,100,20.3541,0.203541
2025-06-24,AMD,100,20.2788,0.202788
2025-06-25,AMD,100,20.3281,0.203281
2025-06-26,AMD,100,20.2953,0.202953
2025-06-27,AMD,100,20.3195,0.203195
2025-06-28,AMD,100,20.4175,0.204175
2025-07-01,AMD,100,20.4251,0.204251
2025-07-02,AMD,100,20.3514,0.203514
2025-07-03,AMD,100,20.4556,0.204556
2025-07-04,AMD,100,20.4919,0.204919
2025-07-05,AMD,100,20.5162,0.205162
2025-07-08,AMD,100,20.4937,0.204937
2025-07-09,AMD,100,20.3462,0.203462
2025-07-10,AMD,100,20.367,0.20367
2025-07-11,AMD,100,20.301,0.20301
2025-07-12,AMD,100,20.2874,0.202874
2025-07-15,AMD,100,20.402,0.20402
2025-07-16,AMD,100,20.2953,0.202953
2025-07-17,AMD,100,20.3038,0.203038
2025-07-18,AMD,100,20.3545,0.203545
2025-07-19,AMD,100,20.3818,0.203818
2025-07-22,AMD,100,20.4068,0.204068
2025-07-23,AMD,100,20.3371,0.203371
2025-07-24,AMD,100,20.4344,0.204344
2025-07-25,AMD,100,20.551,0.20551
2025-07-26,AMD,100,20.7201,0.207201
2025-07-29,AMD,100,20.7359,0.207359
2025-07-30,AMD,100,21.4203,0.214203
2025-07-31,AMD,100,21.32,0.2132
2025-08-01,AMD,100,20.9255,0.209255
2025-08-02,AMD,100,20.9435,0.209435
2025-08-05,AMD,100,20.7721,0.207721
2025-08-06,AMD,100,20.8445,0.208445
2025-08-07,AMD,100,20.9006,0.209006
2025-08-08,AMD,100,20.692,0.20692
2025-08-09,AMD,100,20.7981,0.207981
2025-08-12,AMD,100,20.7695,0.207695
2025-08-13,AMD,100,20.8101,0.208101
2025-08-14,AMD,100,20.7538,0.207538
2025-08-15,AMD,100,20.7993,0.207993
2025-08-16,AMD,100,20.8881,0.208881
2025-08-19,AMD,100,20.9841,0.209841
2025-08-20,AMD,100,20.9799,0.209799
2025-08-21,AMD,100,20.9276,0.209276
2025-08-22,AMD,100,20.9707,0.209707
2025-08-23,AMD,100,21.1044,0.211044
2025-08-26,AMD,100,21.0763,0.210763
2025-08-27,AMD,100,21.0522,0.210522
2025-08-28,AMD,100,21.0444,0.210444
2025-08-29,AMD,100,20.9656,0.209656
2025-08-30,AMD,100,21.0006,0.210006
2025-09-02,AMD,100,21.0204,0.210204
2025-09-03,AMD,100,21.0606,0.210606
2025-09-04,AMD,100,21.1287,0.211287
2025-09-05,AMD,100,21.2682,0.212682
2025-09-06,AMD,100,21.3067,0.213067
2025-09-09,AMD,100,21.5267,0.215267
2025-09-10,AMD,100,21.7372,0.217372
2025-09-11,AMD,100,22.2022,0.222022
2025-09-12,AMD,100,22.3814,0.223814
2025-09-13,AMD,100,22.0043,0.220043
2025-09-16,AMD,100,21.683,0.21683
2025-09-17,AMD,100,21.6214,0.216214
2025-09-18,AMD,100,21.6741,0.216741
2025-09-19,AMD,100,21.7393,0.217393
2025-09-20,AMD,100,21.8337,0.218337
2025-09-23,AMD,100,21.9112,0.219112
2025-09-24,AMD,100,21.7711,0.217711
2025-09-25,AMD,100,21.9459,0.219459
2025-09-26,AMD,100,21.8027,0.218027
2025-09-27,AMD,100,21.8473,0.218473
2025-09-30,AMD,100,21.6506,0.216506
2025-10-01,AMD,100,21.5958,0.215958
2025-10-02,AMD,100,21.293,0.21293
2025-10-03,AMD,100,21.1323,0.211323
2025-10-04,AMD,100,21.3964,0.213964
2025-10-07,AMD,100,21.6948,0.216948
2025-10-08,AMD,100,21.4136,0.214136
2025-10-09,AMD,100,21.3058,0.213058
2025-10-10,AMD,100,21.281,0.21281
2025-10-11,AMD,100,21.2161,0.212161
2025-10-14,AMD,100,21.1346,0.211346
2025-10-15,AMD,100,20.8895,0.208895
2025-10-16,AMD,100,20.6023,0.206023
2025-10-17,AMD,100,20.6766,0.206766
2025-10-18,AMD,100,21.1672,0.211672
2025-10-21,AMD,100,21.2418,0.212418
2025-10-22,AMD,100,21.2657,0.212657
2025-10-23,AMD,100,21.3471,0.213471
2025-10-24,AMD,100,21.2446,0.212446
2025-10-25,AMD,100,21.1386,0.211386
2025-10-28,AMD,100,20.6388,0.206388
2025-10-29,AMD,100,20.852,0.20852
2025-10-30,AMD,100,20.7703,0.207703
2025-10-31,AMD,100,21.0346,0.210346
2025-11-01,AMD,100,21.1618,0.211618
2025-11-02,AMD,100,21.1384,0.211384
2025-11-06,AMD,100,21.2219,0.212219
2025-11-07,AMD,100,21.276,0.21276
2025-11-08,AMD,100,21.2333,0.212333
2025-11-11,AMD,100,21.1738,0.211738
2025-11-12,AMD,100,21.2685,0.212685
2025-11-13,AMD,100,21.2738,0.212738
2025-11-14,AMD,100,21.0843,0.210843
2025-11-15,AMD,100,21.2309,0.212309
2025-11-18,AMD,100,21.2539,0.212539
2025-11-19,AMD,100,21.218,0.21218
2025-11-20,AMD,100,21.2192,0.212192
2025-11-21,AMD,100,21.1313,0.211313
2025-11-22,AMD,100,20.7082,0.207082
2025-11-25,AMD,100,20.6814,0.206814
2025-11-26,AMD,100,20.708,0.20708
2025-11-27,AMD,100,20.6219,0.206219
2025-11-28,AMD,100,20.5344,0.205344
2025-11-29,AMD,100,20.5092,0.205092
2025-12-02,AMD,100,20.3842,0.203842
2025-12-03,AMD,100,20.3187,0.203187
2025-12-04,AMD,100,20.4501,0.204501
2025-12-05,AMD,100,20.1949,0.201949
2025-12-06,AMD,100,19.9459,0.199459
2025-12-09,AMD,100,20.2525,0.202525
2025-12-10,AMD,100,20.1248,0.201248
2025-12-11,AMD,100,20.4022,0.204022
2025-12-12,AMD,100,20.7783,0.207783
2025-12-13,AMD,100,20.8842,0.208842
2025-12-16,AMD,100,20.8146,0.208146
2025-12-17,AMD,100,20.8063,0.208063
2025-12-18,AMD,100,21.0658,0.210658
2025-12-19,AMD,100,20.9777,0.209777
2025-12-20,AMD,100,21.1608,0.211608
2025-12-23,AMD,100,20.7902,0.207902
2025-12-24,AMD,100,20.5963,0.205963
2025-12-25,AMD,100,20.5623,0.205623
2025-12-26,AMD,100,20.4148,0.204148
2025-12-27,AMD,100,20.3666,0.203666
2025-12-30,AMD,100,20.3027,0.203027
2025-12-31,AMD,100,20.5126,0.205126
2026-01-13,AMD,100,20.672,0.20672
2026-01-14,AMD,100,20.7055,0.207055
2026-01-15,AMD,100,20.6587,0.206587
2026-01-16,AMD,100,20.6969,0.206969
2026-01-17,AMD,100,20.483,0.20483
2026-01-20,AMD,100,20.5227,0.205227
2026-01-21,AMD,100,20.5229,0.205229
2026-01-22,AMD,100,20.4452,0.204452
2026-01-23,AMD,100,20.0586,0.200586
2026-01-24,AMD,100,20.0292,0.200292
2026-01-27,AMD,100,20.0628,0.200628
2026-01-28,AMD,100,20.2059,0.202059
2026-01-29,AMD,100,20.1304,0.201304
2026-01-30,AMD,100,20.0541,0.200541
2026-01-31,AMD,100,20.0012,0.200012
2026-02-03,AMD,100,20.3209,0.203209
2026-02-04,AMD,100,20.3419,0.203419
2026-02-05,AMD,100,20.3326,0.203326
2026-02-06,AMD,100,20.2514,0.202514
2026-02-07,AMD,100,20.4008,0.204008
2026-02-10,AMD,100,20.544,0.20544
2026-02-11,AMD,100,20.4322,0.204322
2026-02-12,AMD,100,20.5199,0.205199
2026-02-13,AMD,100,20.4434,0.204434
2026-02-14,AMD,100,20.4792,0.204792
2026-02-17,AMD,100,20.2876,0.202876
2026-02-18,AMD,100,20.3643,0.203643
2026-02-19,AMD,100,20.1627,0.201627
2026-02-20,AMD,100,20.3323,0.203323
2026-02-21,AMD,100,20.3683,0.203683
2026-02-25,AMD,100,20.2822,0.202822
2026-02-26,AMD,100,20.2875,0.202875
2026-02-27,AMD,100,20.4545,0.204545
2026-02-28,AMD,100,20.497,0.20497
2026-03-03,AMD,100,20.4769,0.204769
2026-03-04,AMD,100,20.5866,0.205866
2026-03-05,AMD,100,20.5899,0.205899
2026-03-06,AMD,100,20.7076,0.207076
2026-03-07,AMD,100,20.9774,0.209774
2026-03-11,AMD,100,20.8631,0.208631
2026-03-12,AMD,100,20.9579,0.209579
2026-03-13,AMD,100,20.9483,0.209483
2026-03-14,AMD,100,21.2495,0.212495
2026-03-17,AMD,100,21.4758,0.214758
2026-03-18,AMD,100,21.7004,0.217004
2026-03-19,AMD,100,22.0265,0.220265
2026-03-20,AMD,100,22.4736,0.224736
2026-03-21,AMD,100,22.2512,0.222512
2026-03-24,AMD,100,21.696,0.21696
2026-03-25,AMD,100,21.4567,0.214567
2026-03-26,AMD,100,21.3996,0.213996
2026-03-27,AMD,100,21.7647,0.217647
2026-03-28,AMD,100,21.5134,0.215134
2026-03-31,AMD,100,21.533,0.21533
2026-04-01,AMD,100,21.5427,0.215427
2026-04-02,AMD,100,21.3725,0.213725
2026-04-03,AMD,100,21.3108,0.213108
2026-04-04,AMD,100,21.1495,0.211495
2026-04-07,AMD,100,20.9037,0.209037
2026-04-08,AMD,100,20.9179,0.209179
2026-04-09,AMD,100,20.8079,0.208079
2026-04-10,AMD,100,20.6979,0.206979
2026-04-11,AMD,100,20.4861,0.204861
2026-04-14,AMD,100,20.3227,0.203227
2026-04-15,AMD,100,20.2173,0.202173
2026-04-16,AMD,100,20.0904,0.200904
2026-04-17,AMD,100,20.3352,0.203352
2026-04-18,AMD,100,20.3455,0.203455
2026-04-21,AMD,100,20.1789,0.201789
2026-04-22,AMD,100,20.0192,0.200192
2026-04-23,AMD,100,20.1406,0.201406
2026-04-24,AMD,100,20.1261,0.201261
2026-04-25,AMD,100,20.3123,0.203123
2026-04-28,AMD,100,20.1335,0.201335
2026-04-29,AMD,100,20.1117,0.201117
2026-04-30,AMD,100,20.1731,0.201731
2026-05-01,AMD,100,20.1741,0.201741
2026-05-05,AMD,100,20.346,0.20346
2026-05-06,AMD,100,20.3393,0.203393
2026-05-07,AMD,100,20.331,0.20331
2026-05-08,AMD,100,20.2071,0.202071
2026-05-09,AMD,100,20.134,0.20134
2026-05-13,AMD,100,20.0173,0.200173
2026-05-14,AMD,100,19.8958,0.198958
2026-05-15,AMD,100,19.8326,0.198326
2026-05-16,AMD,100,19.8592,0.198592
2026-05-19,AMD,100,19.6581,0.196581
2026-05-20,AMD,100,19.3619,0.193619
2026-05-21,AMD,100,19.2869,0.192869
2026-05-22,AMD,100,19.2438,0.192438
2026-05-23,AMD,100,19.3518,0.193518
2026-05-26,AMD,100,19.4413,0.194413
2026-05-27,AMD,100,19.4888,0.194888
2026-05-28,AMD,100,19.264,0.19264
2026-05-29,AMD,100,19.3918,0.193918
2026-05-30,AMD,100,19.2901,0.192901
2026-06-02,AMD,100,19.4253,0.194253
2026-06-03,AMD,100,19.689,0.19689
2026-06-04,AMD,100,19.9022,0.199022
2026-06-05,AMD,100,20.1567,0.201567
2026-06-06,AMD,100,19.9351,0.199351
2026-06-09,AMD,100,19.8802,0.198802
2026-06-10,AMD,100,19.4685,0.194685
2026-06-11,AMD,100,19.4846,0.194846
2026-06-12,AMD,100,19.5179,0.195179
2026-06-16,AMD,100,19.6846,0.196846
2026-06-17,AMD,100,19.5918,0.195918
2026-06-18,AMD,100,19.7652,0.197652
2026-06-19,AMD,100,19.9243,0.199243
2026-06-20,AMD,100,19.9481,0.199481
2026-06-23,AMD,100,20.041,0.20041
2026-06-24,AMD,100,20.2728,0.202728
2026-06-25,AMD,100,20.3228,0.203228
2026-06-26,AMD,100,20.5384,0.205384
2026-06-27,AMD,100,20.9337,0.209337
2026-06-30,AMD,100,21.1253,0.211253
2026-07-01,AMD,100,21.2753,0.212753
2026-07-02,AMD,100,21.2648,0.212648
2026-07-03,AMD,100,21.1649,0.211649
2026-07-04,AMD,100,20.9974,0.209974
2026-07-07,AMD,100,21.2179,0.212179
2026-07-08,AMD,100,20.7162,0.207162
2026-07-09,AMD,100,20.8017,0.208017
2026-07-10,AMD,100,20.6826,0.206826
2026-07-11,AMD,100,20.868,0.20868
2026-07-14,AMD,100,20.8954,0.208954
2026-07-15,AMD,100,21.1297,0.211297
2026-07-16,AMD,100,21.2272,0.212272
2026-07-17,AMD,100,21.3651,0.213651
2026-07-18,AMD,100,21.3708,0.213708
2026-07-21,AMD,100,21.4019,0.214019
2026-07-22,AMD,100,21.423,0.21423
2026-07-23,AMD,100,21.3894,0.213894
2026-07-24,AMD,100,21.425,0.21425
2026-07-25,AMD,100,21.3275,0.213275
2026-07-28,AMD,100,21.2743,0.212743
2026-07-29,AMD,100,21.4705,0.214705
2026-07-30,AMD,100,21.6704,0.216704
2026-07-31,AMD,100,21.7814,0.217814
2026-08-01,AMD,100,21.6995,0.216995
2026-08-04,AMD,100,21.8779,0.218779
2026-08-05,AMD,100,22.1054,0.221054
2026-08-06,AMD,100,22.1034,0.221034
2026-08-07,AMD,100,22.2274,0.222274
2026-08-08,AMD,100,22.4394,0.224394
2026-08-11,AMD,100,22.5773,0.225773
2026-08-12,AMD,100,22.5023,0.225023
2026-08-13,AMD,100,22.6825,0.226825
2026-08-14,AMD,100,22.9065,0.229065
2026-08-15,AMD,100,23.1111,0.231111
2026-08-18,AMD,100,23.2595,0.232595
2026-08-19,AMD,100,23.3168,0.233168
2026-08-20,AMD,100,23.3257,0.233257
2026-08-21,AMD,100,22.8207,0.228207
2026-08-22,AMD,100,22.7082,0.227082
2026-08-25,AMD,100,22.7948,0.227948
2026-08-26,AMD,100,23.1661,0.231661
2026-08-27,AMD,100,23.1188,0.231188
2026-08-28,AMD,100,23.5833,0.235833
2026-08-29,AMD,100,23.496,0.23496
2026-09-01,AMD,100,23.7,0.237
2026-09-02,AMD,100,23.8162,0.238162
