date,iso,nominal,rate,rate_per_unit
2000-01-01,KGS,100,59.43,0.5943
2000-02-01,KGS,100,61.15,0.6114999999999999
2000-03-01,KGS,100,60.7,0.607
2000-04-01,KGS,100,59.6,0.596
2000-05-01,KGS,100,59.26,0.5926
2000-06-01,KGS,100,58.55,0.5855
2000-07-01,KGS,100,59.75,0.5975
2000-08-01,KGS,100,59.11,0.5911
2000-09-01,KGS,100,58.3,0.583
2000-10-01,KGS,100,57.67,0.5767
2000-11-01,KGS,100,57.59,0.5759000000000001
2000-12-01,KGS,100,56.58,0.5658
2001-01-01,KGS,100,58.14,0.5814
2001-02-01,KGS,100,57.91,0.5791
2001-03-01,KGS,100,58.5,0.585
2001-04-01,KGS,100,58.17,0.5817
2001-05-01,KGS,100,58.18,0.5818
2001-06-01,KGS,100,59.25,0.5925
2001-07-01,KGS,100,60.46,0.6046
2001-08-01,KGS,100,61.34,0.6134000000000001
2001-09-01,KGS,100,61.28,0.6128
2001-10-01,KGS,100,61.63,0.6163000000000001
2001-11-01,KGS,100,61.91,0.6191
2001-12-01,KGS,100,62.42,0.6242
2002-01-01,KGS,100,62.8056,0.628056
2002-02-01,KGS,100,63.6725,0.636725
2002-03-01,KGS,100,64.6106,0.6461060000000001
2002-04-01,KGS,100,64.5327,0.6453270000000001
2002-05-01,KGS,100,64.9052,0.649052
2002-06-01,KGS,100,65.3877,0.6538769999999999
2002-07-01,KGS,100,67.584,0.67584
2002-08-01,KGS,100,67.9298,0.679298
2002-09-01,KGS,100,68.3504,0.6835039999999999
2002-10-01,KGS,100,68.7651,0.687651
2002-11-01,KGS,100,68.9101,0.689101
2002-12-01,KGS,100,69.1983,0.691983
2003-01-01,KGS,100,68.9543,0.689543
2003-02-01,KGS,100,68.1447,0.681447
2003-03-01,KGS,100,68.4715,0.6847150000000001
2003-04-01,KGS,100,70.8053,0.708053
2003-05-01,KGS,100,70.2723,0.702723
2003-06-01,KGS,100,72.2275,0.7222750000000001
2003-07-01,KGS,100,74.5902,0.745902
2003-08-01,KGS,100,68.9373,0.6893729999999999
2003-09-01,KGS,100,71.3533,0.7135330000000001
2003-10-01,KGS,100,72.0011,0.720011
2003-11-01,KGS,100,72.1195,0.721195
2003-12-01,KGS,100,67.839,0.6783899999999999
2004-01-01,KGS,100,66.6539,0.6665389999999999
2004-02-01,KGS,100,66.9096,0.669096
2004-03-01,KGS,100,66.6171,0.666171
2004-04-01,KGS,100,65.8962,0.6589619999999999
2004-05-01,KGS,100,66.7126,0.667126
2004-06-01,KGS,100,66.1068,0.6610680000000001
2004-07-01,KGS,100,67.9146,0.6791459999999999
2004-08-01,KGS,100,68.4723,0.6847230000000001
2004-09-01,KGS,100,69.2958,0.692958
2004-10-01,KGS,100,68.7518,0.6875180000000001
2004-11-01,KGS,100,68.4588,0.684588
2004-12-01,KGS,100,68.3704,0.6837040000000001
2005-01-01,KGS,100,66.6642,0.666642
2005-02-01,KGS,100,67.6422,0.6764220000000001
2005-03-01,KGS,100,67.7172,0.6771720000000001
2005-04-01,KGS,100,67.3892,0.673892
2005-05-01,KGS,100,67.3003,0.6730029999999999
2005-06-01,KGS,100,68.559,0.6855899999999999
2005-07-01,KGS,100,69.9979,0.699979
2005-08-01,KGS,100,70.0334,0.700334
2005-09-01,KGS,100,69.6894,0.696894
2005-10-01,KGS,100,69.7637,0.697637
2005-11-01,KGS,100,69.5773,0.695773
2005-12-01,KGS,100,69.7544,0.697544
2006-01-01,KGS,100,69.7081,0.6970810000000001
2006-02-01,KGS,100,68.0516,0.6805159999999999
2006-03-01,KGS,100,67.7329,0.677329
2006-04-01,KGS,100,67.1038,0.671038
2006-05-01,KGS,100,66.8794,0.668794
2006-06-01,KGS,100,66.5626,0.665626
2006-07-01,KGS,100,67.012,0.67012
2006-08-01,KGS,100,67.3985,0.673985
2006-08-31,KGS,100,67.7356,0.6773560000000001
2006-09-30,KGS,100,67.9862,0.679862
2006-10-31,KGS,100,68.4371,0.6843710000000001
2006-11-30,KGS,100,67.8207,0.678207
2006-12-30,KGS,100,68.6329,0.6863290000000001
2007-01-31,KGS,100,68.8166,0.6881659999999999
2007-02-28,KGS,100,68.1754,0.681754
2007-03-31,KGS,100,68.3754,0.683754
2007-04-30,KGS,100,67.659,0.67659
2007-05-31,KGS,100,68.1438,0.681438
2007-06-30,KGS,100,67.975,0.67975
2007-07-31,KGS,100,67.3205,0.6732049999999999
2007-08-31,KGS,100,67.8419,0.678419
2007-09-30,KGS,100,66.8406,0.668406
2007-10-31,KGS,100,70.6487,0.7064870000000001
2007-11-30,KGS,100,70.2346,0.702346
2007-12-29,KGS,100,70.0172,0.700172
2008-01-31,KGS,100,67.7908,0.6779080000000001
2008-02-29,KGS,100,66.6024,0.6660240000000001
2008-03-31,KGS,100,64.449,0.64449
2008-04-30,KGS,100,64.7884,0.6478839999999999
2008-05-31,KGS,100,65.1687,0.651687
2008-06-30,KGS,100,65.2833,0.652833
2008-07-31,KGS,100,66.1078,0.6610779999999999
2008-08-31,KGS,100,71.1497,0.7114969999999999
2008-09-30,KGS,100,70.6489,0.7064889999999999
2008-10-31,KGS,100,71.6876,0.7168760000000001
2008-11-30,KGS,100,69.8639,0.698639
2008-12-31,KGS,100,74.2208,0.742208
2009-01-31,KGS,100,86.2535,0.862535
2009-02-28,KGS,100,87.1807,0.871807
2009-03-31,KGS,100,78.5502,0.785502
2009-04-30,KGS,100,78.8793,0.788793
2009-05-31,KGS,100,72.3932,0.7239319999999999
2009-06-30,KGS,100,72.7065,0.7270650000000001
2009-07-31,KGS,100,72.2835,0.722835
2009-08-31,KGS,100,71.747,0.71747
2009-09-30,KGS,100,69.4618,0.694618
2009-10-31,KGS,100,67.3803,0.673803
2009-11-30,KGS,100,68.0774,0.680774
2009-12-31,KGS,100,67.6275,0.676275
2010-01-12,KGS,100,66.6175,0.666175
2010-01-13,KGS,100,66.5023,0.665023
2010-01-14,KGS,100,67.0988,0.670988
2010-01-15,KGS,100,66.6212,0.666212
2010-01-16,KGS,100,66.8407,0.668407
2010-01-19,KGS,100,66.9221,0.669221
2010-01-20,KGS,100,66.746,0.66746
2010-01-21,KGS,100,67.1432,0.671432
2010-01-22,KGS,100,67.2665,0.672665
2010-01-23,KGS,100,67.2601,0.672601
2010-01-26,KGS,100,68.0488,0.680488
2010-01-27,KGS,100,68.544,0.68544
2010-01-28,KGS,100,68.4954,0.684954
2010-01-29,KGS,100,68.656,0.68656
2010-01-30,KGS,100,68.8099,0.688099
2010-02-02,KGS,100,68.7385,0.687385
2010-02-03,KGS,100,68.0334,0.680334
2010-02-04,KGS,100,67.3457,0.673457
2010-02-05,KGS,100,67.633,0.67633
2010-02-06,KGS,100,68.5028,0.685028
2010-02-09,KGS,100,68.6134,0.686134
2010-02-10,KGS,100,68.2934,0.682934
2010-02-11,KGS,100,67.7179,0.677179
2010-02-12,KGS,100,67.4454,0.674454
2010-02-13,KGS,100,67.3955,0.673955
2010-02-16,KGS,100,67.5323,0.675323
2010-02-17,KGS,100,67.3019,0.673019
2010-02-18,KGS,100,66.9857,0.669857
2010-02-19,KGS,100,67.2934,0.672934
2010-02-20,KGS,100,67.3765,0.673765
2010-02-25,KGS,100,67.1082,0.671082
2010-02-26,KGS,100,67.1555,0.671555
2010-02-27,KGS,100,67.1258,0.671258
2010-02-28,KGS,100,66.9238,0.669238
2010-03-02,KGS,100,66.8827,0.668827
2010-03-03,KGS,100,66.9897,0.669897
2010-03-04,KGS,100,66.6235,0.666235
2010-03-05,KGS,100,66.6407,0.666407
2010-03-06,KGS,100,66.674,0.66674
2010-03-10,KGS,100,66.4802,0.664802
2010-03-11,KGS,100,66.4244,0.664244
2010-03-12,KGS,100,65.9654,0.659654
2010-03-13,KGS,100,65.6753,0.656753
2010-03-16,KGS,100,65.5537,0.655537
2010-03-17,KGS,100,65.657,0.65657
2010-03-18,KGS,100,65.1405,0.651405
2010-03-19,KGS,100,65.2065,0.652065
2010-03-20,KGS,100,65.2828,0.652828
2010-03-23,KGS,100,65.4667,0.654667
2010-03-24,KGS,100,65.7608,0.657608
2010-03-25,KGS,100,65.8424,0.658424
2010-03-26,KGS,100,66.0223,0.660223
2010-03-27,KGS,100,65.7039,0.657039
2010-03-30,KGS,100,65.9637,0.659637
2010-03-31,KGS,100,65.3691,0.653691
2010-04-01,KGS,100,65.1908,0.651908
2010-04-02,KGS,100,65.0666,0.650666
2010-04-03,KGS,100,64.5804,0.645804
2010-04-06,KGS,100,64.559,0.64559
2010-04-07,KGS,100,64.6295,0.646295
2010-04-08,KGS,100,64.7453,0.647453
2010-04-09,KGS,100,64.9802,0.649802
2010-04-10,KGS,100,64.8098,0.648098
2010-04-13,KGS,100,63.9691,0.639691
2010-04-14,KGS,100,64.1605,0.641605
2010-04-15,KGS,100,64.1936,0.641936
2010-04-16,KGS,100,63.943,0.63943
2010-04-17,KGS,100,64.1673,0.641673
2010-04-20,KGS,100,64.5307,0.645307
2010-04-21,KGS,100,64.4007,0.644007
2010-04-22,KGS,100,64.2957,0.642957
2010-04-23,KGS,100,64.3802,0.643802
2010-04-24,KGS,100,64.7017,0.647017
2010-04-27,KGS,100,64.2904,0.642904
2010-04-28,KGS,100,64.2332,0.642332
2010-04-29,KGS,100,64.9356,0.649356
2010-04-30,KGS,100,64.7333,0.647333
2010-05-01,KGS,100,64.4352,0.644352
2010-05-05,KGS,100,64.7546,0.647546
2010-05-06,KGS,100,65.6011,0.656011
2010-05-07,KGS,100,66.9623,0.669623
2010-05-08,KGS,100,67.8955,0.678955
2010-05-12,KGS,100,67.1033,0.671033
2010-05-13,KGS,100,66.7583,0.667583
2010-05-14,KGS,100,65.9956,0.659956
2010-05-15,KGS,100,66.4328,0.664328
2010-05-18,KGS,100,67.8497,0.678497
2010-05-19,KGS,100,67.1778,0.671778
2010-05-20,KGS,100,67.8424,0.678424
2010-05-21,KGS,100,67.9684,0.679684
2010-05-22,KGS,100,68.6432,0.686432
2010-05-25,KGS,100,68.2405,0.682405
2010-05-26,KGS,100,69.4647,0.694647
2010-05-27,KGS,100,68.1604,0.681604
2010-05-28,KGS,100,67.1274,0.671274
2010-05-29,KGS,100,66.2948,0.662948
2010-06-01,KGS,100,66.8261,0.668261
2010-06-02,KGS,100,67.5439,0.675439
2010-06-03,KGS,100,67.8043,0.678043
2010-06-04,KGS,100,67.1604,0.671604
2010-06-05,KGS,100,67.5402,0.675402
2010-06-08,KGS,100,69.0865,0.690865
2010-06-09,KGS,100,68.7391,0.687391
2010-06-10,KGS,100,68.9787,0.689787
2010-06-11,KGS,100,68.6396,0.686396
2010-06-12,KGS,100,68.3633,0.683633
2010-06-16,KGS,100,68.3902,0.683902
2010-06-17,KGS,100,67.7317,0.677317
2010-06-18,KGS,100,67.7943,0.677943
2010-06-19,KGS,100,67.1391,0.671391
2010-06-22,KGS,100,66.7972,0.667972
2010-06-23,KGS,100,67.1652,0.671652
2010-06-24,KGS,100,67.3248,0.673248
2010-06-25,KGS,100,67.4237,0.674237
2010-06-26,KGS,100,67.5567,0.675567
2010-06-29,KGS,100,67.355,0.67355
2010-06-30,KGS,100,67.8161,0.678161
2010-07-01,KGS,100,67.9465,0.679465
2010-07-02,KGS,100,68.1963,0.681963
2010-07-03,KGS,100,67.8135,0.678135
2010-07-06,KGS,100,67.6357,0.676357
2010-07-07,KGS,100,67.6357,0.676357
2010-07-08,KGS,100,67.5917,0.675917
2010-07-09,KGS,100,67.278,0.67278
2010-07-10,KGS,100,66.9463,0.669463
2010-07-13,KGS,100,67.1354,0.671354
2010-07-14,KGS,100,67.0746,0.670746
2010-07-15,KGS,100,66.3891,0.663891
2010-07-16,KGS,100,66.4389,0.664389
2010-07-17,KGS,100,66.2207,0.662207
2010-07-20,KGS,100,66.465,0.66465
2010-07-21,KGS,100,66.0996,0.660996
2010-07-22,KGS,100,66.0998,0.660998
2010-07-23,KGS,100,66.3489,0.663489
2010-07-24,KGS,100,66.052,0.66052
2010-07-27,KGS,100,65.8709,0.658709
2010-07-28,KGS,100,65.7372,0.657372
2010-07-29,KGS,100,65.6665,0.656665
2010-07-30,KGS,100,64.7745,0.647745
2010-07-31,KGS,100,64.7093,0.647093
2010-08-03,KGS,100,64.7076,0.647076
2010-08-04,KGS,100,64.2403,0.642403
2010-08-05,KGS,100,63.871,0.63871
2010-08-06,KGS,100,64.0156,0.640156
2010-08-07,KGS,100,63.9468,0.639468
2010-08-10,KGS,100,63.9198,0.639198
2010-08-11,KGS,100,64.3599,0.643599
2010-08-12,KGS,100,64.7481,0.647481
2010-08-13,KGS,100,65.2718,0.652718
2010-08-14,KGS,100,65.2088,0.652088
2010-08-17,KGS,100,65.4232,0.654232
2010-08-18,KGS,100,65.2763,0.652763
2010-08-19,KGS,100,65.2212,0.652212
2010-08-20,KGS,100,65.3025,0.653025
2010-08-21,KGS,100,65.4017,0.654017
2010-08-24,KGS,100,65.6036,0.656036
2010-08-25,KGS,100,65.929,0.65929
2010-08-26,KGS,100,66.2289,0.662289
2010-08-27,KGS,100,66.0722,0.660722
2010-08-28,KGS,100,65.8026,0.658026
2010-08-31,KGS,100,65.732,0.65732
2010-09-01,KGS,100,66.167,0.66167
2010-09-02,KGS,100,66.0238,0.660238
2010-09-03,KGS,100,65.7788,0.657788
2010-09-04,KGS,100,65.7925,0.657925
2010-09-07,KGS,100,65.5458,0.655458
2010-09-08,KGS,100,65.8776,0.658776
2010-09-09,KGS,100,66.2107,0.662107
2010-09-10,KGS,100,66.1953,0.661953
2010-09-11,KGS,100,66.2244,0.662244
2010-09-14,KGS,100,65.773,0.65773
2010-09-15,KGS,100,65.8197,0.658197
2010-09-16,KGS,100,65.8965,0.658965
2010-09-17,KGS,100,66.5001,0.665001
2010-09-18,KGS,100,66.6294,0.666294
2010-09-21,KGS,100,66.4114,0.664114
2010-09-22,KGS,100,66.6268,0.666268
2010-09-23,KGS,100,66.415,0.66415
2010-09-24,KGS,100,66.4589,0.664589
2010-09-25,KGS,100,66.3408,0.663408
2010-09-28,KGS,100,65.6204,0.656204
2010-09-29,KGS,100,65.5976,0.655976
2010-09-30,KGS,100,65.1726,0.651726
2010-10-01,KGS,100,65.4075,0.654075
2010-10-02,KGS,100,65.4006,0.654006
2010-10-05,KGS,100,65.3719,0.653719
2010-10-06,KGS,100,65.2433,0.652433
2010-10-07,KGS,100,64.0791,0.640791
2010-10-08,KGS,100,63.5228,0.635228
2010-10-09,KGS,100,64.1128,0.641128
2010-10-12,KGS,100,63.9479,0.639479
2010-10-13,KGS,100,64.4722,0.644722
2010-10-14,KGS,100,64.5807,0.645807
2010-10-15,KGS,100,63.8879,0.638879
2010-10-16,KGS,100,64.2995,0.642995
2010-10-19,KGS,100,65.9949,0.659949
2010-10-20,KGS,100,65.4736,0.654736
2010-10-21,KGS,100,66.2953,0.662953
2010-10-22,KGS,100,65.8147,0.658147
2010-10-23,KGS,100,65.307,0.65307
2010-10-26,KGS,100,64.6324,0.646324
2010-10-27,KGS,100,65.0049,0.650049
2010-10-28,KGS,100,65.3646,0.653646
2010-10-29,KGS,100,65.715,0.65715
2010-10-30,KGS,100,65.9367,0.659367
2010-11-02,KGS,100,65.8391,0.658391
2010-11-03,KGS,100,65.8826,0.658826
2010-11-04,KGS,100,65.8329,0.658329
2010-11-09,KGS,100,65.9014,0.659014
2010-11-10,KGS,100,66.0261,0.660261
2010-11-11,KGS,100,65.6652,0.656652
2010-11-12,KGS,100,65.2762,0.652762
2010-11-13,KGS,100,65.8357,0.658357
2010-11-14,KGS,100,65.9838,0.659838
2010-11-16,KGS,100,66.0304,0.660304
2010-11-17,KGS,100,66.4429,0.664429
2010-11-18,KGS,100,67.0691,0.670691
2010-11-19,KGS,100,66.7507,0.667507
2010-11-20,KGS,100,66.214,0.66214
2010-11-23,KGS,100,66.3124,0.663124
2010-11-24,KGS,100,66.8107,0.668107
2010-11-25,KGS,100,66.8119,0.668119
2010-11-26,KGS,100,66.7755,0.667755
2010-11-27,KGS,100,66.9243,0.669243
2010-11-30,KGS,100,66.8223,0.668223
2010-12-01,KGS,100,66.8808,0.668808
2010-12-02,KGS,100,67.1412,0.671412
2010-12-03,KGS,100,66.8629,0.668629
2010-12-04,KGS,100,66.6754,0.666754
2010-12-07,KGS,100,66.7236,0.667236
2010-12-08,KGS,100,66.5028,0.665028
2010-12-09,KGS,100,66.5437,0.665437
2010-12-10,KGS,100,65.9901,0.659901
2010-12-11,KGS,100,65.7288,0.657288
2010-12-14,KGS,100,65.8144,0.658144
2010-12-15,KGS,100,65.4824,0.654824
2010-12-16,KGS,100,65.4296,0.654296
2010-12-17,KGS,100,65.4996,0.654996
2010-12-18,KGS,100,65.3194,0.653194
2010-12-21,KGS,100,65.5461,0.655461
2010-12-22,KGS,100,65.3208,0.653208
2010-12-23,KGS,100,65.3272,0.653272
2010-12-24,KGS,100,65.0669,0.650669
2010-12-25,KGS,100,65.0306,0.650306
2010-12-28,KGS,100,64.7696,0.647696
2010-12-29,KGS,100,64.4344,0.644344
2010-12-30,KGS,100,64.6132,0.646132
2010-12-31,KGS,100,64.8376,0.648376
2011-01-01,KGS,100,64.4395,0.644395
2011-01-12,KGS,100,64.9252,0.649252
2011-01-13,KGS,100,64.2683,0.642683
2011-01-14,KGS,100,63.621,0.63621
2011-01-15,KGS,100,63.328,0.63328
2011-01-18,KGS,100,63.5381,0.635381
2011-01-19,KGS,100,63.1886,0.631886
2011-01-20,KGS,100,63.0557,0.630557
2011-01-21,KGS,100,63.2449,0.632449
2011-01-22,KGS,100,63.4483,0.634483
2011-01-25,KGS,100,63.1115,0.631115
2011-01-26,KGS,100,62.8014,0.628014
2011-01-27,KGS,100,62.8478,0.628478
2011-01-28,KGS,100,62.6995,0.626995
2011-01-29,KGS,100,62.7342,0.627342
2011-02-01,KGS,100,63.0459,0.630459
2011-02-02,KGS,100,62.7349,0.627349
2011-02-03,KGS,100,62.2422,0.622422
2011-02-04,KGS,100,61.8939,0.618939
2011-02-05,KGS,100,62.0303,0.620303
2011-02-08,KGS,100,61.9303,0.619303
2011-02-09,KGS,100,61.7324,0.617324
2011-02-10,KGS,100,61.8295,0.618295
2011-02-11,KGS,100,61.87,0.6187
2011-02-12,KGS,100,61.8199,0.618199
2011-02-15,KGS,100,61.7166,0.617166
2011-02-16,KGS,100,61.7729,0.617729
2011-02-17,KGS,100,61.6945,0.616945
2011-02-18,KGS,100,61.6338,0.616338
2011-02-19,KGS,100,61.6629,0.616629
2011-02-22,KGS,100,61.4265,0.614265
2011-02-23,KGS,100,61.6938,0.616938
2011-02-25,KGS,100,61.4196,0.614196
2011-02-26,KGS,100,60.955,0.60955
2011-03-01,KGS,100,60.8756,0.608756
2011-03-02,KGS,100,60.5785,0.605785
2011-03-03,KGS,100,60.424,0.60424
2011-03-04,KGS,100,59.7805,0.597805
2011-03-05,KGS,100,59.4913,0.594913
2011-03-06,KGS,100,59.3682,0.593682
2011-03-10,KGS,100,59.627,0.59627
2011-03-11,KGS,100,59.9086,0.599086
2011-03-12,KGS,100,60.3217,0.603217
2011-03-15,KGS,100,60.3898,0.603898
2011-03-16,KGS,100,60.521,0.60521
2011-03-17,KGS,100,60.3775,0.603775
2011-03-18,KGS,100,60.5545,0.605545
2011-03-19,KGS,100,59.9754,0.599754
2011-03-22,KGS,100,59.7515,0.597515
2011-03-23,KGS,100,59.3062,0.593062
2011-03-24,KGS,100,59.5611,0.595611
2011-03-25,KGS,100,59.8665,0.598665
2011-03-26,KGS,100,59.4917,0.594917
2011-03-29,KGS,100,59.9806,0.599806
2011-03-30,KGS,100,59.8383,0.598383
2011-03-31,KGS,100,60.1799,0.601799
2011-04-01,KGS,100,60.3584,0.603584
2011-04-02,KGS,100,60.0288,0.600288
2011-04-05,KGS,100,59.5015,0.595015
2011-04-06,KGS,100,59.6898,0.596898
2011-04-07,KGS,100,59.6491,0.596491
2011-04-08,KGS,100,59.6925,0.596925
2011-04-09,KGS,100,59.4652,0.594652
2011-04-12,KGS,100,59.2932,0.592932
2011-04-13,KGS,100,59.6531,0.596531
2011-04-14,KGS,100,59.5872,0.595872
2011-04-15,KGS,100,59.7443,0.597443
2011-04-16,KGS,100,59.8134,0.598134
2011-04-19,KGS,100,60.0127,0.600127
2011-04-20,KGS,100,60.5618,0.605618
2011-04-21,KGS,100,60.1419,0.601419
2011-04-22,KGS,100,59.702,0.59702
2011-04-23,KGS,100,59.5524,0.595524
2011-04-26,KGS,100,59.6391,0.596391
2011-04-27,KGS,100,59.4386,0.594386
2011-04-28,KGS,100,59.0548,0.590548
2011-04-29,KGS,100,58.593,0.58593
2011-04-30,KGS,100,58.7183,0.587183
2011-05-04,KGS,100,58.4369,0.584369
2011-05-05,KGS,100,58.6992,0.586992
2011-05-06,KGS,100,58.4995,0.584995
2011-05-07,KGS,100,59.3599,0.593599
2011-05-11,KGS,100,59.7912,0.597912
2011-05-12,KGS,100,59.2855,0.592855
2011-05-13,KGS,100,59.9687,0.599687
2011-05-14,KGS,100,59.8098,0.598098
2011-05-17,KGS,100,60.4774,0.604774
2011-05-18,KGS,100,60.4682,0.604682
2011-05-19,KGS,100,60.5486,0.605486
2011-05-20,KGS,100,60.4929,0.604929
2011-05-21,KGS,100,60.3928,0.603928
2011-05-24,KGS,100,61.3331,0.613331
2011-05-25,KGS,100,61.5392,0.615392
2011-05-26,KGS,100,61.6309,0.616309
2011-05-27,KGS,100,61.5271,0.615271
2011-05-28,KGS,100,61.4156,0.614156
2011-05-31,KGS,100,61.4215,0.614215
2011-06-01,KGS,100,61.2289,0.612289
2011-06-02,KGS,100,61.202,0.61202
2011-06-03,KGS,100,61.916,0.61916
2011-06-04,KGS,100,61.5536,0.615536
2011-06-07,KGS,100,61.3817,0.613817
2011-06-08,KGS,100,61.5447,0.615447
2011-06-09,KGS,100,61.3305,0.613305
2011-06-10,KGS,100,61.3732,0.613732
2011-06-11,KGS,100,61.5656,0.615656
2011-06-15,KGS,100,61.6543,0.616543
2011-06-16,KGS,100,61.648,0.61648
2011-06-17,KGS,100,62.2406,0.622406
2011-06-18,KGS,100,62.2145,0.622145
2011-06-21,KGS,100,62.2272,0.622272
2011-06-22,KGS,100,61.8613,0.618613
2011-06-23,KGS,100,61.5886,0.615886
2011-06-24,KGS,100,61.9515,0.619515
2011-06-25,KGS,100,62.1916,0.621916
2011-06-28,KGS,100,62.6633,0.626633
2011-06-29,KGS,100,62.4498,0.624498
2011-06-30,KGS,100,62.1146,0.621146
2011-07-01,KGS,100,61.6559,0.616559
2011-07-02,KGS,100,61.5087,0.615087
2011-07-05,KGS,100,61.366,0.61366
2011-07-06,KGS,100,61.5053,0.615053
2011-07-07,KGS,100,61.5917,0.615917
2011-07-08,KGS,100,61.805,0.61805
2011-07-09,KGS,100,61.5658,0.615658
2011-07-12,KGS,100,61.9306,0.619306
2011-07-13,KGS,100,62.6165,0.626165
2011-07-14,KGS,100,62.3731,0.623731
2011-07-15,KGS,100,62.0133,0.620133
2011-07-16,KGS,100,62.1607,0.621607
2011-07-19,KGS,100,62.3809,0.623809
2011-07-20,KGS,100,62.4531,0.624531
2011-07-21,KGS,100,62.2264,0.622264
2011-07-22,KGS,100,62.0157,0.620157
2011-07-23,KGS,100,61.6301,0.616301
2011-07-26,KGS,100,61.9849,0.619849
2011-07-27,KGS,100,61.5658,0.615658
2011-07-28,KGS,100,61.3923,0.613923
2011-07-29,KGS,100,61.7207,0.617207
2011-07-30,KGS,100,61.9196,0.619196
2011-08-02,KGS,100,61.5634,0.615634
2011-08-03,KGS,100,62.2234,0.622234
2011-08-04,KGS,100,62.4117,0.624117
2011-08-05,KGS,100,62.7529,0.627529
2011-08-06,KGS,100,63.8946,0.638946
2011-08-09,KGS,100,63.8018,0.638018
2011-08-10,KGS,100,65.8053,0.658053
2011-08-11,KGS,100,65.559,0.65559
2011-08-12,KGS,100,65.8062,0.658062
2011-08-13,KGS,100,65.8692,0.658692
2011-08-16,KGS,100,64.5548,0.645548
2011-08-17,KGS,100,64.2094,0.642094
2011-08-18,KGS,100,64.2485,0.642485
2011-08-19,KGS,100,64.6754,0.646754
2011-08-20,KGS,100,65.4793,0.654793
2011-08-23,KGS,100,65.3027,0.653027
2011-08-24,KGS,100,64.6313,0.646313
2011-08-25,KGS,100,64.5175,0.645175
2011-08-26,KGS,100,64.4702,0.644702
2011-08-27,KGS,100,64.446,0.64446
2011-08-30,KGS,100,64.2264,0.642264
2011-08-31,KGS,100,64.5532,0.645532
2011-09-01,KGS,100,64.7118,0.647118
2011-09-02,KGS,100,64.6297,0.646297
2011-09-03,KGS,100,65.0084,0.650084
2011-09-06,KGS,100,65.642,0.65642
2011-09-07,KGS,100,66.2395,0.662395
2011-09-08,KGS,100,65.4661,0.654661
2011-09-09,KGS,100,65.4905,0.654905
2011-09-10,KGS,100,65.9098,0.659098
2011-09-13,KGS,100,67.789,0.67789
2011-09-14,KGS,100,67.5291,0.675291
2011-09-15,KGS,100,67.9253,0.679253
2011-09-16,KGS,100,67.6518,0.676518
2011-09-17,KGS,100,67.7152,0.677152
2011-09-20,KGS,100,68.524,0.68524
2011-09-21,KGS,100,69.6826,0.696826
2011-09-22,KGS,100,69.5037,0.695037
2011-09-23,KGS,100,70.5954,0.705954
2011-09-24,KGS,100,71.0376,0.710376
2011-09-27,KGS,100,71.9431,0.719431
2011-09-28,KGS,100,71.4816,0.714816
2011-09-29,KGS,100,70.6902,0.706902
2011-09-30,KGS,100,70.8896,0.708896
2011-10-01,KGS,100,71.3543,0.713543
2011-10-04,KGS,100,72.184,0.72184
2011-10-05,KGS,100,72.3995,0.723995
2011-10-06,KGS,100,72.3186,0.723186
2011-10-07,KGS,100,72.025,0.72025
2011-10-08,KGS,100,71.1456,0.711456
2011-10-11,KGS,100,70.719,0.70719
2011-10-12,KGS,100,69.4387,0.694387
2011-10-13,KGS,100,69.4144,0.694144
2011-10-14,KGS,100,68.9955,0.689955
2011-10-15,KGS,100,68.552,0.68552
2011-10-18,KGS,100,67.9685,0.679685
2011-10-19,KGS,100,68.8829,0.688829
2011-10-20,KGS,100,68.8031,0.688031
2011-10-21,KGS,100,69.8112,0.698112
2011-10-22,KGS,100,69.2301,0.692301
2011-10-25,KGS,100,68.0089,0.680089
2011-10-26,KGS,100,67.2096,0.672096
2011-10-27,KGS,100,67.1567,0.671567
2011-10-28,KGS,100,66.404,0.66404
2011-10-29,KGS,100,65.5946,0.655946
2011-11-01,KGS,100,66.066,0.66066
2011-11-02,KGS,100,67.207,0.67207
2011-11-03,KGS,100,67.3059,0.673059
2011-11-04,KGS,100,67.5528,0.675528
2011-11-08,KGS,100,66.9375,0.669375
2011-11-09,KGS,100,66.7886,0.667886
2011-11-10,KGS,100,65.7911,0.657911
2011-11-11,KGS,100,67.4129,0.674129
2011-11-12,KGS,100,66.7197,0.667197
2011-11-15,KGS,100,66.2037,0.662037
2011-11-16,KGS,100,66.442,0.66442
2011-11-17,KGS,100,66.4753,0.664753
2011-11-18,KGS,100,66.6017,0.666017
2011-11-19,KGS,100,66.3246,0.663246
2011-11-22,KGS,100,66.3727,0.663727
2011-11-23,KGS,100,66.6272,0.666272
2011-11-24,KGS,100,66.9342,0.669342
2011-11-25,KGS,100,67.3232,0.673232
2011-11-26,KGS,100,67.6201,0.676201
2011-11-29,KGS,100,67.2475,0.672475
2011-11-30,KGS,100,66.9031,0.669031
2011-12-01,KGS,100,67.0501,0.670501
2011-12-02,KGS,100,66.0461,0.660461
2011-12-03,KGS,100,65.979,0.65979
2011-12-06,KGS,100,66.1507,0.661507
2011-12-07,KGS,100,66.4222,0.664222
2011-12-08,KGS,100,66.4961,0.664961
2011-12-09,KGS,100,66.6628,0.666628
2011-12-10,KGS,100,67.3905,0.673905
2011-12-13,KGS,100,67.4317,0.674317
2011-12-14,KGS,100,67.9834,0.679834
2011-12-15,KGS,100,68.1875,0.681875
2011-12-16,KGS,100,68.3968,0.683968
2011-12-17,KGS,100,68.0515,0.680515
2011-12-20,KGS,100,68.6456,0.686456
2011-12-21,KGS,100,68.8962,0.688962
2011-12-22,KGS,100,68.2859,0.682859
2011-12-23,KGS,100,67.6431,0.676431
2011-12-24,KGS,100,66.9496,0.669496
2011-12-27,KGS,100,66.9679,0.669679
2011-12-28,KGS,100,66.9228,0.669228
2011-12-29,KGS,100,68.0128,0.680128
2011-12-30,KGS,100,69.1971,0.691971
2011-12-31,KGS,100,69.5628,0.695628
2012-01-11,KGS,100,68.4408,0.684408
2012-01-12,KGS,100,67.8554,0.678554
2012-01-13,KGS,100,67.8289,0.678289
2012-01-14,KGS,100,67.4063,0.674063
2012-01-17,KGS,100,68.2242,0.682242
2012-01-18,KGS,100,67.3856,0.673856
2012-01-19,KGS,100,67.3645,0.673645
2012-01-20,KGS,100,67.0922,0.670922
2012-01-21,KGS,100,66.6676,0.666676
2012-01-24,KGS,100,66.9333,0.669333
2012-01-25,KGS,100,66.0463,0.660463
2012-01-26,KGS,100,65.7368,0.657368
2012-01-27,KGS,100,65.101,0.65101
2012-01-28,KGS,100,65.0875,0.650875
2012-01-31,KGS,100,64.925,0.64925
2012-02-01,KGS,100,64.8052,0.648052
2012-02-02,KGS,100,64.8961,0.648961
2012-02-03,KGS,100,64.4467,0.644467
2012-02-04,KGS,100,64.5846,0.645846
2012-02-07,KGS,100,64.5146,0.645146
2012-02-08,KGS,100,64.207,0.64207
2012-02-09,KGS,100,63.3653,0.633653
2012-02-10,KGS,100,63.2813,0.632813
2012-02-11,KGS,100,63.7505,0.637505
2012-02-14,KGS,100,63.7399,0.637399
2012-02-15,KGS,100,64.4729,0.644729
2012-02-16,KGS,100,64.2502,0.642502
2012-02-17,KGS,100,64.8361,0.648361
2012-02-18,KGS,100,64.3695,0.643695
2012-02-21,KGS,100,63.8033,0.638033
2012-02-22,KGS,100,63.7185,0.637185
2012-02-23,KGS,100,63.5773,0.635773
2012-02-25,KGS,100,62.791,0.62791
2012-02-28,KGS,100,62.1094,0.621094
2012-02-29,KGS,100,62.0491,0.620491
2012-03-01,KGS,100,62.4334,0.624334
2012-03-02,KGS,100,62.9213,0.629213
2012-03-03,KGS,100,62.6898,0.626898
2012-03-06,KGS,100,62.6507,0.626507
2012-03-07,KGS,100,63.0297,0.630297
2012-03-08,KGS,100,63.6045,0.636045
2012-03-12,KGS,100,63.4317,0.634317
2012-03-13,KGS,100,63.7224,0.637224
2012-03-14,KGS,100,63.3931,0.633931
2012-03-15,KGS,100,63.374,0.63374
2012-03-16,KGS,100,63.4811,0.634811
2012-03-17,KGS,100,62.8655,0.628655
2012-03-20,KGS,100,62.4256,0.624256
2012-03-21,KGS,100,62.2217,0.622217
2012-03-22,KGS,100,62.3211,0.623211
2012-03-23,KGS,100,62.3996,0.623996
2012-03-24,KGS,100,62.8302,0.628302
2012-03-27,KGS,100,62.8465,0.628465
2012-03-28,KGS,100,62.2109,0.622109
2012-03-29,KGS,100,62.3909,0.623909
2012-03-30,KGS,100,62.6795,0.626795
2012-03-31,KGS,100,62.6113,0.626113
2012-04-03,KGS,100,62.6724,0.626724
2012-04-04,KGS,100,62.8658,0.628658
2012-04-05,KGS,100,63.0649,0.630649
2012-04-06,KGS,100,62.7431,0.627431
2012-04-07,KGS,100,62.8044,0.628044
2012-04-10,KGS,100,63.3531,0.633531
2012-04-11,KGS,100,63.439,0.63439
2012-04-12,KGS,100,63.7501,0.637501
2012-04-13,KGS,100,63.1808,0.631808
2012-04-14,KGS,100,62.9344,0.629344
2012-04-17,KGS,100,63.6226,0.636226
2012-04-18,KGS,100,63.5713,0.635713
2012-04-19,KGS,100,63.1344,0.631344
2012-04-20,KGS,100,63.0275,0.630275
2012-04-21,KGS,100,63.1354,0.631354
2012-04-24,KGS,100,63.0372,0.630372
2012-04-25,KGS,100,62.8399,0.628399
2012-04-26,KGS,100,62.4517,0.624517
2012-04-27,KGS,100,62.4093,0.624093
2012-04-28,KGS,100,62.7607,0.627607
2012-04-29,KGS,100,62.6312,0.626312
2012-05-03,KGS,100,62.6752,0.626752
2012-05-04,KGS,100,62.8122,0.628122
2012-05-05,KGS,100,63.0102,0.630102
2012-05-06,KGS,100,63.4654,0.634654
2012-05-11,KGS,100,64.2723,0.642723
2012-05-12,KGS,100,64.3958,0.643958
2012-05-13,KGS,100,64.2865,0.642865
2012-05-15,KGS,100,64.4219,0.644219
2012-05-16,KGS,100,64.4515,0.644515
2012-05-17,KGS,100,65.7529,0.657529
2012-05-18,KGS,100,65.6405,0.656405
2012-05-19,KGS,100,66.5792,0.665792
2012-05-22,KGS,100,66.0522,0.660522
2012-05-23,KGS,100,65.821,0.65821
2012-05-24,KGS,100,66.4807,0.664807
2012-05-25,KGS,100,66.9142,0.669142
2012-05-26,KGS,100,67.138,0.67138
2012-05-29,KGS,100,67.3153,0.673153
2012-05-30,KGS,100,68.0092,0.680092
2012-05-31,KGS,100,69.1483,0.691483
2012-06-01,KGS,100,70.1335,0.701335
2012-06-02,KGS,100,71.845,0.71845
2012-06-05,KGS,100,72.379,0.72379
2012-06-06,KGS,100,70.4348,0.704348
2012-06-07,KGS,100,69.1961,0.691961
2012-06-08,KGS,100,67.9896,0.679896
2012-06-09,KGS,100,69.1358,0.691358
2012-06-10,KGS,100,68.8199,0.688199
2012-06-14,KGS,100,69.1915,0.691915
2012-06-15,KGS,100,69.0835,0.690835
2012-06-16,KGS,100,68.8088,0.688088
2012-06-19,KGS,100,68.2122,0.682122
2012-06-20,KGS,100,68.9504,0.689504
2012-06-21,KGS,100,68.9188,0.689188
2012-06-22,KGS,100,69.6431,0.696431
2012-06-23,KGS,100,70.9907,0.709907
2012-06-26,KGS,100,70.2769,0.702769
2012-06-27,KGS,100,70.3454,0.703454
2012-06-28,KGS,100,69.6517,0.696517
2012-06-29,KGS,100,69.8647,0.698647
2012-06-30,KGS,100,69.5761,0.695761
2012-07-03,KGS,100,68.8518,0.688518
2012-07-04,KGS,100,68.6615,0.686615
2012-07-05,KGS,100,68.073,0.68073
2012-07-06,KGS,100,68.5166,0.685166
2012-07-07,KGS,100,68.7727,0.687727
2012-07-10,KGS,100,69.5458,0.695458
2012-07-11,KGS,100,69.6942,0.696942
2012-07-12,KGS,100,69.4737,0.694737
2012-07-13,KGS,100,69.4054,0.694054
2012-07-14,KGS,100,69.2809,0.692809
2012-07-17,KGS,100,69.1683,0.691683
2012-07-18,KGS,100,68.9026,0.689026
2012-07-19,KGS,100,68.7792,0.687792
2012-07-20,KGS,100,68.098,0.68098
2012-07-21,KGS,100,67.7911,0.677911
2012-07-24,KGS,100,68.6597,0.686597
2012-07-25,KGS,100,69.2083,0.692083
2012-07-26,KGS,100,70.1273,0.701273
2012-07-27,KGS,100,69.3818,0.693818
2012-07-28,KGS,100,68.3998,0.683998
2012-07-31,KGS,100,68.2928,0.682928
2012-08-01,KGS,100,68.3069,0.683069
2012-08-02,KGS,100,68.5747,0.685747
2012-08-03,KGS,100,68.8256,0.688256
2012-08-04,KGS,100,68.9923,0.689923
2012-08-07,KGS,100,67.6299,0.676299
2012-08-08,KGS,100,67.0143,0.670143
2012-08-09,KGS,100,67.0727,0.670727
2012-08-10,KGS,100,66.6954,0.666954
2012-08-11,KGS,100,67.6724,0.676724
2012-08-14,KGS,100,67.6932,0.676932
2012-08-15,KGS,100,67.488,0.67488
2012-08-16,KGS,100,67.6868,0.676868
2012-08-17,KGS,100,67.9743,0.679743
2012-08-18,KGS,100,67.936,0.67936
2012-08-21,KGS,100,68.3849,0.683849
2012-08-22,KGS,100,68.2655,0.682655
2012-08-23,KGS,100,67.9541,0.679541
2012-08-24,KGS,100,67.7005,0.677005
2012-08-25,KGS,100,67.9699,0.679699
2012-08-28,KGS,100,68.3276,0.683276
2012-08-29,KGS,100,68.8293,0.688293
2012-08-30,KGS,100,69.4322,0.694322
2012-08-31,KGS,100,70.1613,0.701613
2012-09-01,KGS,100,70.6834,0.706834
2012-09-04,KGS,100,70.3583,0.703583
2012-09-05,KGS,100,69.398,0.69398
2012-09-06,KGS,100,69.5998,0.695998
2012-09-07,KGS,100,69.5964,0.695964
2012-09-08,KGS,100,67.1988,0.671988
2012-09-11,KGS,100,66.8323,0.668323
2012-09-12,KGS,100,67.039,0.67039
2012-09-13,KGS,100,66.6449,0.666449
2012-09-14,KGS,100,67.1147,0.671147
2012-09-15,KGS,100,65.3313,0.653313
2012-09-18,KGS,100,65.196,0.65196
2012-09-19,KGS,100,65.4933,0.654933
2012-09-20,KGS,100,65.4321,0.654321
2012-09-21,KGS,100,67.0379,0.670379
2012-09-22,KGS,100,66.3498,0.663498
2012-09-25,KGS,100,66.5299,0.665299
2012-09-26,KGS,100,66.1053,0.661053
2012-09-27,KGS,100,66.3305,0.663305
2012-09-28,KGS,100,66.4055,0.664055
2012-09-29,KGS,100,65.8218,0.658218
2012-10-02,KGS,100,66.2881,0.662881
2012-10-03,KGS,100,66.0878,0.660878
2012-10-04,KGS,100,66.2715,0.662715
2012-10-05,KGS,100,66.2097,0.662097
2012-10-06,KGS,100,65.7821,0.657821
2012-10-09,KGS,100,66.0132,0.660132
2012-10-10,KGS,100,66.0412,0.660412
2012-10-11,KGS,100,66.2473,0.662473
2012-10-12,KGS,100,66.1708,0.661708
2012-10-13,KGS,100,65.7482,0.657482
2012-10-16,KGS,100,65.9617,0.659617
2012-10-17,KGS,100,65.6888,0.656888
2012-10-18,KGS,100,65.3653,0.653653
2012-10-19,KGS,100,65.2113,0.652113
2012-10-20,KGS,100,65.4192,0.654192
2012-10-23,KGS,100,65.7912,0.657912
2012-10-24,KGS,100,66.154,0.66154
2012-10-25,KGS,100,66.5108,0.665108
2012-10-26,KGS,100,66.3903,0.663903
2012-10-27,KGS,100,66.8429,0.668429
2012-10-30,KGS,100,66.7565,0.667565
2012-10-31,KGS,100,66.9022,0.669022
2012-11-01,KGS,100,66.5621,0.665621
2012-11-02,KGS,100,66.5233,0.665233
2012-11-03,KGS,100,66.5294,0.665294
2012-11-07,KGS,100,66.7194,0.667194
2012-11-08,KGS,100,66.2519,0.662519
2012-11-09,KGS,100,66.6991,0.666991
2012-11-10,KGS,100,66.6292,0.666292
2012-11-13,KGS,100,66.8359,0.668359
2012-11-14,KGS,100,67.0696,0.670696
2012-11-15,KGS,100,67.0924,0.670924
2012-11-16,KGS,100,67.031,0.67031
2012-11-17,KGS,100,67.0721,0.670721
2012-11-20,KGS,100,66.954,0.66954
2012-11-21,KGS,100,66.414,0.66414
2012-11-22,KGS,100,66.4187,0.664187
2012-11-23,KGS,100,65.8548,0.658548
2012-11-24,KGS,100,65.8233,0.658233
2012-11-27,KGS,100,65.5946,0.655946
2012-11-28,KGS,100,65.4282,0.654282
2012-11-29,KGS,100,65.8699,0.658699
2012-11-30,KGS,100,65.7226,0.657226
2012-12-01,KGS,100,65.1977,0.651977
2012-12-04,KGS,100,65.2132,0.652132
2012-12-05,KGS,100,65.5462,0.655462
2012-12-06,KGS,100,65.0818,0.650818
2012-12-07,KGS,100,65.2659,0.652659
2012-12-08,KGS,100,65.3588,0.653588
2012-12-11,KGS,100,65.0139,0.650139
2012-12-12,KGS,100,64.7654,0.647654
2012-12-13,KGS,100,64.7619,0.647619
2012-12-14,KGS,100,64.5641,0.645641
2012-12-15,KGS,100,64.7691,0.647691
2012-12-18,KGS,100,64.959,0.64959
2012-12-19,KGS,100,65.4452,0.654452
2012-12-20,KGS,100,64.9809,0.649809
2012-12-21,KGS,100,64.8705,0.648705
2012-12-22,KGS,100,64.7838,0.647838
2012-12-25,KGS,100,64.9516,0.649516
2012-12-26,KGS,100,64.4573,0.644573
2012-12-27,KGS,100,64.4811,0.644811
2012-12-28,KGS,100,64.2036,0.642036
2012-12-29,KGS,100,64.0753,0.640753
2012-12-30,KGS,100,64.0753,0.640753
2013-01-10,KGS,100,64.1739,0.641739
2013-01-11,KGS,100,64.0286,0.640286
2013-01-12,KGS,100,63.786,0.63786
2013-01-15,KGS,100,63.8362,0.638362
2013-01-16,KGS,100,63.8193,0.638193
2013-01-17,KGS,100,64.0082,0.640082
2013-01-18,KGS,100,64.008,0.64008
2013-01-19,KGS,100,63.6865,0.636865
2013-01-22,KGS,100,63.6492,0.636492
2013-01-23,KGS,100,63.4349,0.634349
2013-01-24,KGS,100,63.4922,0.634922
2013-01-25,KGS,100,63.3356,0.633356
2013-01-26,KGS,100,63.0212,0.630212
2013-01-29,KGS,100,62.9804,0.629804
2013-01-30,KGS,100,63.0791,0.630791
2013-01-31,KGS,100,62.8317,0.628317
2013-02-01,KGS,100,62.8352,0.628352
2013-02-02,KGS,100,62.7612,0.627612
2013-02-05,KGS,100,62.5578,0.625578
2013-02-06,KGS,100,62.9222,0.629222
2013-02-07,KGS,100,62.5392,0.625392
2013-02-08,KGS,100,62.6294,0.626294
2013-02-09,KGS,100,62.8724,0.628724
2013-02-12,KGS,100,62.8721,0.628721
2013-02-13,KGS,100,62.9214,0.629214
2013-02-14,KGS,100,62.7056,0.627056
2013-02-15,KGS,100,62.8034,0.628034
2013-02-16,KGS,100,62.9362,0.629362
2013-02-19,KGS,100,63.0661,0.630661
2013-02-20,KGS,100,63.1052,0.631052
2013-02-21,KGS,100,62.9512,0.629512
2013-02-22,KGS,100,63.4224,0.634224
2013-02-23,KGS,100,63.7109,0.637109
2013-02-26,KGS,100,63.6838,0.636838
2013-02-27,KGS,100,64.213,0.64213
2013-02-28,KGS,100,64.3219,0.643219
2013-03-01,KGS,100,64.1453,0.641453
2013-03-02,KGS,100,64.447,0.64447
2013-03-05,KGS,100,64.735,0.64735
2013-03-06,KGS,100,64.4719,0.644719
2013-03-07,KGS,100,64.2099,0.642099
2013-03-08,KGS,100,64.4312,0.644312
2013-03-12,KGS,100,64.2936,0.642936
2013-03-13,KGS,100,64.3091,0.643091
2013-03-14,KGS,100,64.3026,0.643026
2013-03-15,KGS,100,64.4211,0.644211
2013-03-16,KGS,100,64.1885,0.641885
2013-03-19,KGS,100,64.5364,0.645364
2013-03-20,KGS,100,64.3908,0.643908
2013-03-21,KGS,100,64.6094,0.646094
2013-03-22,KGS,100,64.4936,0.644936
2013-03-23,KGS,100,64.5775,0.645775
2013-03-26,KGS,100,64.2143,0.642143
2013-03-27,KGS,100,64.3699,0.643699
2013-03-28,KGS,100,64.319,0.64319
2013-03-29,KGS,100,65.0847,0.650847
2013-03-30,KGS,100,64.802,0.64802
2013-04-02,KGS,100,65.8158,0.658158
2013-04-03,KGS,100,64.92,0.6492
2013-04-04,KGS,100,65.4928,0.654928
2013-04-05,KGS,100,66.1708,0.661708
2013-04-06,KGS,100,65.9529,0.659529
2013-04-09,KGS,100,65.7973,0.657973
2013-04-10,KGS,100,64.9072,0.649072
2013-04-11,KGS,100,64.45,0.6445
2013-04-12,KGS,100,64.1358,0.641358
2013-04-13,KGS,100,64.1936,0.641936
2013-04-16,KGS,100,64.9039,0.649039
2013-04-17,KGS,100,65.1688,0.651688
2013-04-18,KGS,100,64.6931,0.646931
2013-04-19,KGS,100,65.6294,0.656294
2013-04-20,KGS,100,64.8756,0.648756
2013-04-23,KGS,100,65.1497,0.651497
2013-04-24,KGS,100,65.3142,0.653142
2013-04-25,KGS,100,65.2298,0.652298
2013-04-26,KGS,100,64.7332,0.647332
2013-04-27,KGS,100,64.6698,0.646698
2013-04-30,KGS,100,64.7968,0.647968
2013-05-01,KGS,100,64.443,0.64443
2013-05-07,KGS,100,64.577,0.64577
2013-05-08,KGS,100,64.5728,0.645728
2013-05-09,KGS,100,64.5767,0.645767
2013-05-14,KGS,100,65.1951,0.651951
2013-05-15,KGS,100,64.9861,0.649861
2013-05-16,KGS,100,65.2984,0.652984
2013-05-17,KGS,100,65.2548,0.652548
2013-05-18,KGS,100,65.0877,0.650877
2013-05-21,KGS,100,64.9106,0.649106
2013-05-22,KGS,100,64.562,0.64562
2013-05-23,KGS,100,64.669,0.64669
2013-05-24,KGS,100,65.1712,0.651712
2013-05-25,KGS,100,64.8524,0.648524
2013-05-28,KGS,100,64.8558,0.648558
2013-05-29,KGS,100,65.0698,0.650698
2013-05-30,KGS,100,65.4051,0.654051
2013-05-31,KGS,100,65.5533,0.655533
2013-06-01,KGS,100,65.9297,0.659297
2013-06-04,KGS,100,66.3944,0.663944
2013-06-05,KGS,100,65.8683,0.658683
2013-06-06,KGS,100,66.1245,0.661245
2013-06-07,KGS,100,66.2262,0.662262
2013-06-08,KGS,100,66.3345,0.663345
2013-06-11,KGS,100,66.3998,0.663998
2013-06-12,KGS,100,66.5331,0.665331
2013-06-14,KGS,100,66.8073,0.668073
2013-06-15,KGS,100,65.7085,0.657085
2013-06-18,KGS,100,65.4052,0.654052
2013-06-19,KGS,100,65.7541,0.657541
2013-06-20,KGS,100,66.307,0.66307
2013-06-21,KGS,100,67.5126,0.675126
2013-06-22,KGS,100,68.1232,0.681232
2013-06-25,KGS,100,67.8875,0.678875
2013-06-26,KGS,100,67.4129,0.674129
2013-06-27,KGS,100,67.7706,0.677706
2013-06-28,KGS,100,67.592,0.67592
2013-06-29,KGS,100,67.2459,0.672459
2013-07-02,KGS,100,67.5576,0.675576
2013-07-03,KGS,100,67.7639,0.677639
2013-07-04,KGS,100,68.3266,0.683266
2013-07-05,KGS,100,68.1389,0.681389
2013-07-06,KGS,100,68.1152,0.681152
2013-07-09,KGS,100,68.2277,0.682277
2013-07-10,KGS,100,67.7251,0.677251
2013-07-11,KGS,100,67.3667,0.673667
2013-07-12,KGS,100,66.7077,0.667077
2013-07-13,KGS,100,66.8155,0.668155
2013-07-16,KGS,100,66.7239,0.667239
2013-07-17,KGS,100,66.5564,0.665564
2013-07-18,KGS,100,66.3237,0.663237
2013-07-19,KGS,100,66.1657,0.661657
2013-07-20,KGS,100,66.1395,0.661395
2013-07-23,KGS,100,65.9185,0.659185
2013-07-24,KGS,100,65.8931,0.658931
2013-07-25,KGS,100,66.0153,0.660153
2013-07-26,KGS,100,66.4839,0.664839
2013-07-27,KGS,100,66.8134,0.668134
2013-07-30,KGS,100,67.3235,0.673235
2013-07-31,KGS,100,67.3385,0.673385
2013-08-01,KGS,100,67.5874,0.675874
2013-08-02,KGS,100,67.3692,0.673692
2013-08-03,KGS,100,67.6155,0.676155
2013-08-06,KGS,100,67.1728,0.671728
2013-08-07,KGS,100,67.2814,0.672814
2013-08-08,KGS,100,67.3749,0.673749
2013-08-09,KGS,100,67.7693,0.677693
2013-08-10,KGS,100,67.6058,0.676058
2013-08-13,KGS,100,67.1553,0.671553
2013-08-14,KGS,100,67.4818,0.674818
2013-08-15,KGS,100,67.8375,0.678375
2013-08-16,KGS,100,67.5145,0.675145
2013-08-17,KGS,100,68.072,0.68072
2013-08-20,KGS,100,67.916,0.67916
2013-08-21,KGS,100,68.0689,0.680689
2013-08-22,KGS,100,68.0092,0.680092
2013-08-23,KGS,100,68.4485,0.684485
2013-08-24,KGS,100,68.1251,0.681251
2013-08-27,KGS,100,67.8994,0.678994
2013-08-28,KGS,100,68.1536,0.681536
2013-08-29,KGS,100,68.2545,0.682545
2013-08-30,KGS,100,68.175,0.68175
2013-08-31,KGS,100,68.2548,0.682548
2013-09-03,KGS,100,68.2456,0.682456
2013-09-04,KGS,100,68.486,0.68486
2013-09-05,KGS,100,68.663,0.68663
2013-09-06,KGS,100,68.4887,0.684887
2013-09-07,KGS,100,68.4771,0.684771
2013-09-10,KGS,100,68.0655,0.680655
2013-09-11,KGS,100,67.3381,0.673381
2013-09-12,KGS,100,66.9839,0.669839
2013-09-13,KGS,100,66.2394,0.662394
2013-09-14,KGS,100,66.2758,0.662758
2013-09-17,KGS,100,65.6589,0.656589
2013-09-18,KGS,100,66.065,0.66065
2013-09-19,KGS,100,65.9507,0.659507
2013-09-20,KGS,100,64.5852,0.645852
2013-09-21,KGS,100,64.7628,0.647628
2013-09-24,KGS,100,64.9441,0.649441
2013-09-25,KGS,100,64.8579,0.648579
2013-09-26,KGS,100,65.3045,0.653045
2013-09-27,KGS,100,65.9894,0.659894
2013-09-28,KGS,100,66.3989,0.663989
2013-10-01,KGS,100,66.8122,0.668122
2013-10-02,KGS,100,66.3771,0.663771
2013-10-03,KGS,100,66.3186,0.663186
2013-10-04,KGS,100,65.9008,0.659008
2013-10-05,KGS,100,65.7758,0.657758
2013-10-08,KGS,100,66.047,0.66047
2013-10-09,KGS,100,66.0503,0.660503
2013-10-10,KGS,100,66.2032,0.662032
2013-10-11,KGS,100,66.2491,0.662491
2013-10-12,KGS,100,65.9856,0.659856
2013-10-15,KGS,100,66.266,0.66266
2013-10-16,KGS,100,66.2687,0.662687
2013-10-17,KGS,100,66.245,0.66245
2013-10-18,KGS,100,65.9528,0.659528
2013-10-19,KGS,100,65.5522,0.655522
2013-10-22,KGS,100,65.7141,0.657141
2013-10-23,KGS,100,65.6859,0.656859
2013-10-24,KGS,100,65.2401,0.652401
2013-10-25,KGS,100,67.2148,0.672148
2013-10-26,KGS,100,65.0419,0.650419
2013-10-29,KGS,100,65.5745,0.655745
2013-10-30,KGS,100,65.7968,0.657968
2013-10-31,KGS,100,66.0906,0.660906
2013-11-01,KGS,100,66.132,0.66132
2013-11-02,KGS,100,66.3501,0.663501
2013-11-06,KGS,100,66.7219,0.667219
2013-11-07,KGS,100,66.7726,0.667726
2013-11-08,KGS,100,66.7825,0.667825
2013-11-09,KGS,100,66.9224,0.669224
2013-11-12,KGS,100,67.1574,0.671574
2013-11-13,KGS,100,67.3955,0.673955
2013-11-14,KGS,100,67.4184,0.674184
2013-11-15,KGS,100,67.1493,0.671493
2013-11-16,KGS,100,67.0866,0.670866
2013-11-19,KGS,100,66.5995,0.665995
2013-11-20,KGS,100,66.6867,0.666867
2013-11-21,KGS,100,66.9993,0.669993
2013-11-22,KGS,100,67.6246,0.676246
2013-11-23,KGS,100,67.3879,0.673879
2013-11-26,KGS,100,67.1171,0.671171
2013-11-27,KGS,100,67.4029,0.674029
2013-11-28,KGS,100,67.4484,0.674484
2013-11-29,KGS,100,67.6471,0.676471
2013-11-30,KGS,100,67.8072,0.678072
2013-12-03,KGS,100,67.706,0.67706
2013-12-04,KGS,100,67.9018,0.679018
2013-12-05,KGS,100,67.8679,0.678679
2013-12-06,KGS,100,67.4481,0.674481
2013-12-07,KGS,100,66.8767,0.668767
2013-12-10,KGS,100,66.4199,0.664199
2013-12-11,KGS,100,66.3722,0.663722
2013-12-12,KGS,100,66.2561,0.662561
2013-12-13,KGS,100,66.2724,0.662724
2013-12-14,KGS,100,66.5004,0.665004
2013-12-17,KGS,100,66.7032,0.667032
2013-12-18,KGS,100,66.8565,0.668565
2013-12-19,KGS,100,67.152,0.67152
2013-12-20,KGS,100,67.13,0.6713
2013-12-21,KGS,100,67.1185,0.671185
2013-12-24,KGS,100,66.9272,0.669272
2013-12-25,KGS,100,66.213,0.66213
2013-12-26,KGS,100,66.2542,0.662542
2013-12-27,KGS,100,66.1356,0.661356
2013-12-28,KGS,100,66.1762,0.661762
2013-12-31,KGS,100,66.341,0.66341
2014-01-01,KGS,100,66.3161,0.663161
2014-01-10,KGS,100,67.4021,0.674021
2014-01-11,KGS,100,67.2903,0.672903
2014-01-14,KGS,100,66.9776,0.669776
2014-01-15,KGS,100,67.2166,0.672166
2014-01-16,KGS,100,67.359,0.67359
2014-01-17,KGS,100,67.2573,0.672573
2014-01-18,KGS,100,66.7018,0.667018
2014-01-21,KGS,100,67.1625,0.671625
2014-01-22,KGS,100,67.3101,0.673101
2014-01-23,KGS,100,67.3102,0.673102
2014-01-24,KGS,100,67.2479,0.672479
2014-01-25,KGS,100,67.7075,0.677075
2014-01-28,KGS,100,68.3255,0.683255
2014-01-29,KGS,100,68.1684,0.681684
2014-01-30,KGS,100,68.0514,0.680514
2014-01-31,KGS,100,69.3932,0.693932
2014-02-01,KGS,100,69.7797,0.697797
2014-02-04,KGS,100,69.925,0.69925
2014-02-05,KGS,100,70.3951,0.703951
2014-02-06,KGS,100,69.1366,0.691366
2014-02-07,KGS,100,68.3819,0.683819
2014-02-08,KGS,100,67.8454,0.678454
2014-02-11,KGS,100,68.1639,0.681639
2014-02-12,KGS,100,68.077,0.68077
2014-02-13,KGS,100,67.8283,0.678283
2014-02-14,KGS,100,67.4951,0.674951
2014-02-15,KGS,100,68.2592,0.682592
2014-02-18,KGS,100,67.9308,0.679308
2014-02-19,KGS,100,67.6365,0.676365
2014-02-20,KGS,100,69.3512,0.693512
2014-02-21,KGS,100,68.4536,0.684536
2014-02-22,KGS,100,68.2924,0.682924
2014-02-25,KGS,100,68.873,0.68873
2014-02-26,KGS,100,67.4254,0.674254
2014-02-27,KGS,100,68.9077,0.689077
2014-02-28,KGS,100,68.826,0.68826
2014-03-01,KGS,100,69.0075,0.690075
2014-03-04,KGS,100,64.9614,0.649614
2014-03-05,KGS,100,65.739,0.65739
2014-03-06,KGS,100,66.8735,0.668735
2014-03-07,KGS,100,66.2846,0.662846
2014-03-08,KGS,100,66.542,0.66542
2014-03-12,KGS,100,66.7917,0.667917
2014-03-13,KGS,100,66.8557,0.668557
2014-03-14,KGS,100,66.893,0.66893
2014-03-15,KGS,100,67.2278,0.672278
2014-03-18,KGS,100,67.2487,0.672487
2014-03-19,KGS,100,66.8785,0.668785
2014-03-20,KGS,100,66.435,0.66435
2014-03-21,KGS,100,66.254,0.66254
2014-03-22,KGS,100,66.8021,0.668021
2014-03-25,KGS,100,66.3906,0.663906
2014-03-26,KGS,100,65.9517,0.659517
2014-03-27,KGS,100,65.054,0.65054
2014-03-28,KGS,100,65.295,0.65295
2014-03-29,KGS,100,65.4914,0.654914
2014-04-01,KGS,100,65.344,0.65344
2014-04-02,KGS,100,64.2642,0.642642
2014-04-03,KGS,100,64.6951,0.646951
2014-04-04,KGS,100,65.179,0.65179
2014-04-05,KGS,100,65.1526,0.651526
2014-04-08,KGS,100,65.0919,0.650919
2014-04-09,KGS,100,65.286,0.65286
2014-04-10,KGS,100,65.6734,0.656734
2014-04-11,KGS,100,65.3062,0.653062
2014-04-12,KGS,100,65.4401,0.654401
2014-04-15,KGS,100,66.1259,0.661259
2014-04-16,KGS,100,66.0734,0.660734
2014-04-17,KGS,100,66.3014,0.663014
2014-04-18,KGS,100,66.021,0.66021
2014-04-19,KGS,100,65.3047,0.653047
2014-04-22,KGS,100,65.3574,0.653574
2014-04-23,KGS,100,65.5331,0.655331
2014-04-24,KGS,100,65.5034,0.655034
2014-04-25,KGS,100,65.5445,0.655445
2014-04-26,KGS,100,66.0116,0.660116
2014-04-29,KGS,100,66.1872,0.661872
2014-04-30,KGS,100,65.9637,0.659637
2014-05-01,KGS,100,66.2003,0.662003
2014-05-06,KGS,100,66.6136,0.666136
2014-05-07,KGS,100,66.2732,0.662732
2014-05-08,KGS,100,66.5987,0.665987
2014-05-09,KGS,100,65.8717,0.658717
2014-05-13,KGS,100,67.1846,0.671846
2014-05-14,KGS,100,66.7333,0.667333
2014-05-15,KGS,100,66.43,0.6643
2014-05-16,KGS,100,66.5138,0.665138
2014-05-17,KGS,100,66.7724,0.667724
2014-05-20,KGS,100,67.3571,0.673571
2014-05-21,KGS,100,66.8131,0.668131
2014-05-22,KGS,100,66.6031,0.666031
2014-05-23,KGS,100,65.8943,0.658943
2014-05-24,KGS,100,65.5947,0.655947
2014-05-27,KGS,100,64.9088,0.649088
2014-05-28,KGS,100,65.2448,0.652448
2014-05-29,KGS,100,65.7193,0.657193
2014-05-30,KGS,100,66.567,0.66567
2014-05-31,KGS,100,66.4528,0.664528
2014-06-03,KGS,100,66.8366,0.668366
2014-06-04,KGS,100,67.2734,0.672734
2014-06-05,KGS,100,67.0725,0.670725
2014-06-06,KGS,100,66.3765,0.663765
2014-06-07,KGS,100,65.877,0.65877
2014-06-10,KGS,100,65.5158,0.655158
2014-06-11,KGS,100,65.4635,0.654635
2014-06-12,KGS,100,65.8469,0.658469
2014-06-17,KGS,100,66.6964,0.666964
2014-06-18,KGS,100,67.1386,0.671386
2014-06-19,KGS,100,66.9803,0.669803
2014-06-20,KGS,100,65.8249,0.658249
2014-06-21,KGS,100,65.9368,0.659368
2014-06-24,KGS,100,65.7014,0.657014
2014-06-25,KGS,100,65.2543,0.652543
2014-06-26,KGS,100,65.0559,0.650559
2014-06-27,KGS,100,64.8332,0.648332
2014-06-28,KGS,100,64.8434,0.648434
2014-07-01,KGS,100,64.9897,0.649897
2014-07-02,KGS,100,65.7107,0.657107
2014-07-03,KGS,100,65.9033,0.659033
2014-07-04,KGS,100,65.7849,0.657849
2014-07-05,KGS,100,65.8082,0.658082
2014-07-08,KGS,100,66.3833,0.663833
2014-07-09,KGS,100,66.0352,0.660352
2014-07-10,KGS,100,65.7834,0.657834
2014-07-11,KGS,100,65.1793,0.651793
2014-07-12,KGS,100,65.7728,0.657728
2014-07-15,KGS,100,66.2743,0.662743
2014-07-16,KGS,100,66.3882,0.663882
2014-07-17,KGS,100,66.4743,0.664743
2014-07-18,KGS,100,67.3483,0.673483
2014-07-19,KGS,100,67.9786,0.679786
2014-07-22,KGS,100,67.7086,0.677086
2014-07-23,KGS,100,67.4865,0.674865
2014-07-24,KGS,100,67.1412,0.671412
2014-07-25,KGS,100,67.7108,0.677108
2014-07-26,KGS,100,67.6361,0.676361
2014-07-29,KGS,100,68.1999,0.681999
2014-07-30,KGS,100,68.756,0.68756
2014-07-31,KGS,100,69.2386,0.692386
2014-08-01,KGS,100,68.4881,0.684881
2014-08-02,KGS,100,69.1078,0.691078
2014-08-05,KGS,100,69.076,0.69076
2014-08-06,KGS,100,69.3414,0.693414
2014-08-07,KGS,100,69.9439,0.699439
2014-08-08,KGS,100,70.2127,0.702127
2014-08-09,KGS,100,70.4805,0.704805
2014-08-12,KGS,100,69.7097,0.697097
2014-08-13,KGS,100,69.4762,0.694762
2014-08-14,KGS,100,69.7289,0.697289
2014-08-15,KGS,100,69.3601,0.693601
2014-08-16,KGS,100,69.1223,0.691223
2014-08-19,KGS,100,69.1761,0.691761
2014-08-20,KGS,100,69.3297,0.693297
2014-08-21,KGS,100,69.2951,0.692951
2014-08-22,KGS,100,69.4015,0.694015
2014-08-23,KGS,100,68.5766,0.685766
2014-08-26,KGS,100,68.6694,0.686694
2014-08-27,KGS,100,68.8652,0.688652
2014-08-28,KGS,100,68.6732,0.686732
2014-08-29,KGS,100,68.8774,0.688774
2014-08-30,KGS,100,69.7578,0.697578
2014-09-02,KGS,100,70.5,0.705
2014-09-03,KGS,100,70.5351,0.705351
2014-09-04,KGS,100,70.4607,0.704607
2014-09-05,KGS,100,69.0134,0.690134
2014-09-06,KGS,100,68.9491,0.689491
2014-09-09,KGS,100,69.0626,0.690626
2014-09-10,KGS,100,68.5986,0.685986
2014-09-11,KGS,100,68.832,0.68832
2014-09-12,KGS,100,69.255,0.69255
2014-09-13,KGS,100,69.8599,0.698599
2014-09-16,KGS,100,70.5406,0.705406
2014-09-17,KGS,100,71.7924,0.717924
2014-09-18,KGS,100,71.2534,0.712534
2014-09-19,KGS,100,71.3382,0.713382
2014-09-20,KGS,100,71.1221,0.711221
2014-09-23,KGS,100,71.1775,0.711775
2014-09-24,KGS,100,71.3454,0.713454
2014-09-25,KGS,100,70.6869,0.706869
2014-09-26,KGS,100,70.0589,0.700589
2014-09-27,KGS,100,70.8243,0.708243
2014-09-30,KGS,100,72.4684,0.724684
2014-10-01,KGS,100,72.2367,0.722367
2014-10-02,KGS,100,72.9064,0.729064
2014-10-03,KGS,100,72.8365,0.728365
2014-10-04,KGS,100,73.1017,0.731017
2014-10-07,KGS,100,73.6246,0.736246
2014-10-08,KGS,100,73.1821,0.731821
2014-10-09,KGS,100,73.4363,0.734363
2014-10-10,KGS,100,73.2564,0.732564
2014-10-11,KGS,100,73.4954,0.734954
2014-10-14,KGS,100,73.7205,0.737205
2014-10-15,KGS,100,73.9424,0.739424
2014-10-16,KGS,100,74.6837,0.746837
2014-10-17,KGS,100,74.206,0.74206
2014-10-18,KGS,100,74.4286,0.744286
2014-10-21,KGS,100,73.6604,0.736604
2014-10-22,KGS,100,74.0183,0.740183
2014-10-23,KGS,100,73.6225,0.736225
2014-10-24,KGS,100,74.0124,0.740124
2014-10-25,KGS,100,74.5561,0.745561
2014-10-28,KGS,100,73.9854,0.739854
2014-10-29,KGS,100,75.0533,0.750533
2014-10-30,KGS,100,74.2428,0.742428
2014-10-31,KGS,100,75.6952,0.756952
2014-11-01,KGS,100,73.1715,0.731715
2014-11-06,KGS,100,77.0153,0.770153
2014-11-07,KGS,100,78.451,0.78451
2014-11-08,KGS,100,83.1261,0.831261
2014-11-11,KGS,100,79.5366,0.795366
2014-11-12,KGS,100,79.5017,0.795017
2014-11-13,KGS,100,80.4477,0.804477
2014-11-14,KGS,100,80.0752,0.800752
2014-11-15,KGS,100,82.2778,0.822778
2014-11-18,KGS,100,82.1752,0.821752
2014-11-19,KGS,100,81.562,0.81562
2014-11-20,KGS,100,81.6483,0.816483
2014-11-21,KGS,100,81.0917,0.810917
2014-11-22,KGS,100,79.5473,0.795473
2014-11-25,KGS,100,77.7973,0.777973
2014-11-26,KGS,100,78.1275,0.781275
2014-11-27,KGS,100,80.6314,0.806314
2014-11-28,KGS,100,82.7777,0.827777
2014-11-29,KGS,100,85.66,0.8566
2014-12-02,KGS,100,89.9424,0.899424
2014-12-03,KGS,100,88.1514,0.881514
2014-12-04,KGS,100,94.4629,0.944629
2014-12-05,KGS,100,91.4932,0.914932
2014-12-06,KGS,100,92.2154,0.922154
2014-12-09,KGS,100,92.5484,0.925484
2014-12-10,KGS,100,94.1174,0.941174
2014-12-11,KGS,100,94.2288,0.942288
2014-12-12,KGS,100,95.1271,0.951271
2014-12-13,KGS,100,98.6422,0.986422
2014-12-16,KGS,10,10.112,1.0112
2014-12-17,KGS,10,10.6165,1.06165
2014-12-18,KGS,10,11.7682,1.17682
2014-12-19,KGS,10,10.3477,1.03477
2014-12-20,KGS,10,10.2331,1.02331
2014-12-23,KGS,100,95.6715,0.956715
2014-12-24,KGS,100,92.649,0.92649
2014-12-25,KGS,100,92.5307,0.925307
2014-12-26,KGS,100,89.104,0.89104
2014-12-27,KGS,100,88.3435,0.883435
2014-12-30,KGS,100,96.2311,0.962311
2014-12-31,KGS,100,95.5151,0.955151
2015-01-01,KGS,100,95.5017,0.955017
2015-01-13,KGS,10,10.5706,1.05706
2015-01-14,KGS,10,10.9531,1.09531
2015-01-15,KGS,10,11.0348,1.10348
2015-01-16,KGS,10,10.8244,1.08244
2015-01-17,KGS,10,10.7993,1.07993
2015-01-20,KGS,10,10.775,1.0775
2015-01-21,KGS,10,10.8499,1.08499
2015-01-22,KGS,10,10.945,1.0945
2015-01-23,KGS,10,10.9182,1.09182
2015-01-24,KGS,10,10.4955,1.04955
2015-01-27,KGS,10,10.8734,1.08734
2015-01-28,KGS,10,11.3214,1.13214
2015-01-29,KGS,10,11.2105,1.12105
2015-01-30,KGS,10,11.4742,1.14742
2015-01-31,KGS,10,11.5247,1.15247
2015-02-03,KGS,10,11.5625,1.15625
2015-02-04,KGS,10,11.3152,1.13152
2015-02-05,KGS,10,10.9024,1.09024
2015-02-06,KGS,10,11.3394,1.13394
2015-02-07,KGS,10,10.8825,1.08825
2015-02-10,KGS,10,10.8149,1.08149
2015-02-11,KGS,10,10.7951,1.07951
2015-02-12,KGS,10,10.8768,1.08768
2015-02-13,KGS,10,10.9008,1.09008
2015-02-14,KGS,10,10.7282,1.07282
2015-02-17,KGS,10,10.3064,1.03064
2015-02-18,KGS,10,10.3429,1.03429
2015-02-19,KGS,10,10.2094,1.02094
2015-02-20,KGS,10,10.1661,1.01661
2015-02-21,KGS,10,10.0888,1.00888
2015-02-25,KGS,10,10.3602,1.03602
2015-02-26,KGS,10,10.205,1.0205
2015-02-27,KGS,100,99.2672,0.992672
2015-02-28,KGS,100,99.9312,0.999312
2015-03-03,KGS,10,10.1385,1.01385
2015-03-04,KGS,10,10.1692,1.01692
2015-03-05,KGS,10,10.0886,1.00886
2015-03-06,KGS,10,10.0764,1.00764
2015-03-07,KGS,100,97.688,0.97688
2015-03-11,KGS,100,98.53,0.9853
2015-03-12,KGS,10,10.1764,1.01764
2015-03-13,KGS,100,98.8479,0.988479
2015-03-14,KGS,100,99.5954,0.995954
2015-03-17,KGS,100,99.5989,0.995989
2015-03-18,KGS,100,99.9207,0.999207
2015-03-19,KGS,100,97.7662,0.977662
2015-03-20,KGS,100,96.0058,0.960058
2015-03-21,KGS,100,96.3436,0.963436
2015-03-24,KGS,100,94.0961,0.940961
2015-03-25,KGS,100,93.1395,0.931395
2015-03-26,KGS,100,91.3397,0.913397
2015-03-27,KGS,100,89.0017,0.890017
2015-03-28,KGS,100,90.3493,0.903493
2015-03-31,KGS,100,91.2898,0.912898
2015-04-01,KGS,100,90.2564,0.902564
2015-04-02,KGS,100,91.3361,0.913361
2015-04-03,KGS,100,89.0124,0.890124
2015-04-04,KGS,100,88.6716,0.886716
2015-04-07,KGS,100,88.3133,0.883133
2015-04-08,KGS,100,86.5928,0.865928
2015-04-09,KGS,100,84.5493,0.845493
2015-04-10,KGS,100,82.226,0.82226
2015-04-11,KGS,100,79.9183,0.799183
2015-04-14,KGS,100,81.8454,0.818454
2015-04-15,KGS,100,81.4549,0.814549
2015-04-16,KGS,100,79.2555,0.792555
2015-04-17,KGS,100,77.9099,0.779099
2015-04-18,KGS,100,79.4579,0.794579
2015-04-21,KGS,100,81.5201,0.815201
2015-04-22,KGS,100,88.0045,0.880045
2015-04-23,KGS,100,87.7998,0.877998
2015-04-24,KGS,100,84.4466,0.844466
2015-04-25,KGS,100,82.2249,0.822249
2015-04-28,KGS,100,84.0859,0.840859
2015-04-29,KGS,100,86.0005,0.860005
2015-04-30,KGS,100,85.6576,0.856576
2015-05-01,KGS,100,85.1313,0.851313
2015-05-06,KGS,100,87.0428,0.870428
2015-05-07,KGS,100,83.0259,0.830259
2015-05-08,KGS,100,84.8029,0.848029
2015-05-09,KGS,100,85.644,0.85644
2015-05-13,KGS,100,87.1367,0.871367
2015-05-14,KGS,100,83.9424,0.839424
2015-05-15,KGS,100,85.3724,0.853724
2015-05-16,KGS,100,85.2008,0.852008
2015-05-19,KGS,100,84.0894,0.840894
2015-05-20,KGS,100,83.9227,0.839227
2015-05-21,KGS,100,85.0378,0.850378
2015-05-22,KGS,100,85.3336,0.853336
2015-05-23,KGS,100,85.1413,0.851413
2015-05-26,KGS,100,85.3351,0.853351
2015-05-27,KGS,100,86.1683,0.861683
2015-05-28,KGS,100,87.7193,0.877193
2015-05-29,KGS,100,89.9074,0.899074
2015-05-30,KGS,100,91.0991,0.910991
2015-06-02,KGS,100,90.9145,0.909145
2015-06-03,KGS,100,91.8883,0.918883
2015-06-04,KGS,100,90.9434,0.909434
2015-06-05,KGS,100,93.363,0.93363
2015-06-06,KGS,100,95.4784,0.954784
2015-06-09,KGS,100,94.9086,0.949086
2015-06-10,KGS,100,94.3874,0.943874
2015-06-11,KGS,100,92.3525,0.923525
2015-06-12,KGS,100,91.6188,0.916188
2015-06-16,KGS,100,92.3055,0.923055
2015-06-17,KGS,100,90.0403,0.900403
2015-06-18,KGS,100,89.721,0.89721
2015-06-19,KGS,100,88.5026,0.885026
2015-06-20,KGS,100,89.0058,0.890058
2015-06-23,KGS,100,88.3989,0.883989
2015-06-24,KGS,100,89.2866,0.892866
2015-06-25,KGS,100,89.0143,0.890143
2015-06-26,KGS,100,89.6587,0.896587
2015-06-27,KGS,100,89.5962,0.895962
2015-06-30,KGS,100,90.5465,0.905465
2015-07-01,KGS,100,89.9523,0.899523
2015-07-02,KGS,100,89.272,0.89272
2015-07-03,KGS,100,89.6059,0.896059
2015-07-04,KGS,100,89.5506,0.895506
2015-07-07,KGS,100,90.6313,0.906313
2015-07-08,KGS,100,92.0787,0.920787
2015-07-09,KGS,100,92.0672,0.920672
2015-07-10,KGS,100,91.4758,0.914758
2015-07-11,KGS,100,90.8608,0.908608
2015-07-14,KGS,100,90.5509,0.905509
2015-07-15,KGS,100,90.837,0.90837
2015-07-16,KGS,100,90.2723,0.902723
2015-07-17,KGS,100,90.559,0.90559
2015-07-18,KGS,100,90.217,0.90217
2015-07-21,KGS,100,89.9978,0.899978
2015-07-22,KGS,100,90.5317,0.905317
2015-07-23,KGS,100,90.8706,0.908706
2015-07-24,KGS,100,91.5906,0.915906
2015-07-25,KGS,100,94.5632,0.945632
2015-07-28,KGS,100,93.5268,0.935268
2015-07-29,KGS,100,98.6965,0.986965
2015-07-30,KGS,100,98.0851,0.980851
2015-07-31,KGS,100,93.9042,0.939042
2015-08-01,KGS,100,96.092,0.96092
2015-08-04,KGS,100,99.4946,0.994946
2015-08-05,KGS,10,10.0228,1.00228
2015-08-06,KGS,100,99.9329,0.999329
2015-08-07,KGS,10,10.178,1.0178
2015-08-08,KGS,10,10.1741,1.01741
2015-08-11,KGS,10,10.2793,1.02793
2015-08-12,KGS,10,10.0757,1.00757
2015-08-13,KGS,10,10.367,1.0367
2015-08-14,KGS,10,10.2063,1.02063
2015-08-15,KGS,10,10.3567,1.03567
2015-08-18,KGS,10,10.4415,1.04415
2015-08-19,KGS,10,10.4948,1.04948
2015-08-20,KGS,10,10.4795,1.04795
2015-08-21,KGS,10,10.6838,1.06838
2015-08-22,KGS,10,10.8725,1.08725
2015-08-25,KGS,10,11.2865,1.12865
2015-08-26,KGS,10,11.1601,1.11601
2015-08-27,KGS,10,11.0637,1.10637
2015-08-28,KGS,10,10.7692,1.07692
2015-08-29,KGS,10,10.6195,1.06195
2015-09-01,KGS,10,10.6591,1.06591
2015-09-02,KGS,10,10.4442,1.04442
2015-09-03,KGS,10,10.663,1.0663
2015-09-04,KGS,10,10.7182,1.07182
2015-09-05,KGS,10,10.8296,1.08296
2015-09-08,KGS,10,10.9613,1.09613
2015-09-09,KGS,10,11.0122,1.10122
2015-09-10,KGS,10,10.7894,1.07894
2015-09-11,KGS,10,10.3004,1.03004
2015-09-12,KGS,10,10.2062,1.02062
2015-09-15,KGS,10,10.1999,1.01999
2015-09-16,KGS,10,10.0814,1.00814
2015-09-17,KGS,100,98.9899,0.989899
2015-09-18,KGS,100,98.1858,0.981858
2015-09-19,KGS,100,98.6394,0.986394
2015-09-22,KGS,100,93.6905,0.936905
2015-09-23,KGS,100,93.7319,0.937319
2015-09-24,KGS,100,93.5094,0.935094
2015-09-25,KGS,100,94.2074,0.942074
2015-09-26,KGS,100,94.8274,0.948274
2015-09-29,KGS,100,94.6527,0.946527
2015-09-30,KGS,100,95.697,0.95697
2015-10-01,KGS,100,95.4973,0.954973
2015-10-02,KGS,100,94.4915,0.944915
2015-10-03,KGS,100,95.7557,0.957557
2015-10-06,KGS,100,95.1008,0.951008
2015-10-07,KGS,100,94.228,0.94228
2015-10-08,KGS,100,90.6268,0.906268
2015-10-09,KGS,100,90.143,0.90143
2015-10-10,KGS,100,88.4512,0.884512
2015-10-13,KGS,100,88.2573,0.882573
2015-10-14,KGS,100,89.8148,0.898148
2015-10-15,KGS,100,91.122,0.91122
2015-10-16,KGS,100,89.8755,0.898755
2015-10-17,KGS,100,89.1721,0.891721
2015-10-20,KGS,100,88.7889,0.887889
2015-10-21,KGS,100,90.2998,0.902998
2015-10-22,KGS,100,90.9672,0.909672
2015-10-23,KGS,100,91.2063,0.912063
2015-10-24,KGS,100,89.9407,0.899407
2015-10-27,KGS,100,90.7167,0.907167
2015-10-28,KGS,100,92.0629,0.920629
2015-10-29,KGS,100,94.695,0.94695
2015-10-30,KGS,100,93.0587,0.930587
2015-10-31,KGS,100,93.0263,0.930263
2015-11-03,KGS,100,92.1955,0.921955
2015-11-04,KGS,100,92.3124,0.923124
2015-11-06,KGS,100,91.2165,0.912165
2015-11-07,KGS,100,91.6371,0.916371
2015-11-10,KGS,100,93.0569,0.930569
2015-11-11,KGS,100,92.6886,0.926886
2015-11-12,KGS,100,92.9724,0.929724
2015-11-13,KGS,100,94.2735,0.942735
2015-11-14,KGS,100,96.0148,0.960148
2015-11-17,KGS,100,95.7371,0.957371
2015-11-18,KGS,100,94.3378,0.943378
2015-11-19,KGS,100,93.5767,0.935767
2015-11-20,KGS,100,93.7831,0.937831
2015-11-21,KGS,100,93.7321,0.937321
2015-11-24,KGS,100,90.3109,0.903109
2015-11-25,KGS,100,90.3846,0.903846
2015-11-26,KGS,100,89.809,0.89809
2015-11-27,KGS,100,89.9159,0.899159
2015-11-28,KGS,100,90.6767,0.906767
2015-12-01,KGS,100,91.383,0.91383
2015-12-02,KGS,100,90.7401,0.907401
2015-12-03,KGS,100,91.1565,0.911565
2015-12-04,KGS,100,92.5618,0.925618
2015-12-05,KGS,100,92.4451,0.924451
2015-12-08,KGS,100,93.6261,0.936261
2015-12-09,KGS,100,94.7404,0.947404
2015-12-10,KGS,100,94.626,0.94626
2015-12-11,KGS,100,94.6596,0.946596
2015-12-12,KGS,100,91.1773,0.911773
2015-12-15,KGS,100,92.3823,0.923823
2015-12-16,KGS,100,91.9864,0.919864
2015-12-17,KGS,100,91.4301,0.914301
2015-12-18,KGS,100,91.7227,0.917227
2015-12-19,KGS,100,92.7096,0.927096
2015-12-22,KGS,100,92.6597,0.926597
2015-12-23,KGS,100,92.5092,0.925092
2015-12-24,KGS,100,92.277,0.92277
2015-12-25,KGS,100,90.4574,0.904574
2015-12-26,KGS,100,91.4366,0.914366
2015-12-29,KGS,100,92.11,0.9211
2015-12-30,KGS,100,94.3482,0.943482
2015-12-31,KGS,100,94.8376,0.948376
2016-01-01,KGS,100,94.9237,0.949237
2016-01-12,KGS,100,99.9746,0.999746
2016-01-13,KGS,10,10.0981,1.00981
2016-01-14,KGS,10,10.0697,1.00697
2016-01-15,KGS,10,10.0823,1.00823
2016-01-16,KGS,10,10.0905,1.00905
2016-01-19,KGS,10,10.348,1.0348
2016-01-20,KGS,10,10.3444,1.03444
2016-01-21,KGS,10,10.4709,1.04709
2016-01-22,KGS,10,11.0162,1.10162
2016-01-23,KGS,10,10.6188,1.06188
2016-01-26,KGS,10,10.2458,1.02458
2016-01-27,KGS,10,10.7833,1.07833
2016-01-28,KGS,10,10.41,1.041
2016-01-29,KGS,10,10.1954,1.01954
2016-01-30,KGS,100,99.0543,0.990543
2016-02-02,KGS,10,10.0387,1.00387
2016-02-03,KGS,10,10.3095,1.03095
2016-02-04,KGS,10,10.466,1.0466
2016-02-05,KGS,10,10.133,1.0133
2016-02-06,KGS,10,10.264,1.0264
2016-02-09,KGS,10,10.1801,1.01801
2016-02-10,KGS,10,10.4211,1.04211
2016-02-11,KGS,10,10.4727,1.04727
2016-02-12,KGS,10,10.4891,1.04891
2016-02-13,KGS,10,10.5373,1.05373
2016-02-16,KGS,10,10.2998,1.02998
2016-02-17,KGS,10,10.0967,1.00967
2016-02-18,KGS,10,10.3106,1.03106
2016-02-19,KGS,10,10.0143,1.00143
2016-02-20,KGS,10,10.1348,1.01348
2016-02-21,KGS,10,10.2366,1.02366
2016-02-25,KGS,10,10.1588,1.01588
2016-02-26,KGS,10,10.169,1.0169
2016-02-27,KGS,100,99.9571,0.999571
2016-03-01,KGS,10,10.1036,1.01036
2016-03-02,KGS,100,98.673,0.98673
2016-03-03,KGS,100,98.104,0.98104
2016-03-04,KGS,100,98.37,0.9837
2016-03-05,KGS,100,97.5194,0.975194
2016-03-10,KGS,100,96.4455,0.964455
2016-03-11,KGS,100,94.7462,0.947462
2016-03-12,KGS,100,96.8424,0.968424
2016-03-15,KGS,100,96.3789,0.963789
2016-03-16,KGS,100,96.9233,0.969233
2016-03-17,KGS,100,97.6297,0.976297
2016-03-18,KGS,100,95.0069,0.950069
2016-03-19,KGS,100,94.9282,0.949282
2016-03-22,KGS,100,95.2935,0.952935
2016-03-23,KGS,100,94.0522,0.940522
2016-03-24,KGS,100,94.0176,0.940176
2016-03-25,KGS,100,95.6145,0.956145
2016-03-26,KGS,100,94.9261,0.949261
2016-03-29,KGS,100,94.0197,0.940197
2016-03-30,KGS,100,95.3803,0.953803
2016-03-31,KGS,100,93.8024,0.938024
2016-04-01,KGS,100,94.3678,0.943678
2016-04-02,KGS,100,95.9168,0.959168
2016-04-05,KGS,100,97.9117,0.979117
2016-04-06,KGS,100,98.232,0.98232
2016-04-07,KGS,100,97.7482,0.977482
2016-04-08,KGS,100,96.8837,0.968837
2016-04-09,KGS,100,96.2078,0.962078
2016-04-12,KGS,100,95.7219,0.957219
2016-04-13,KGS,100,94.6307,0.946307
2016-04-14,KGS,100,93.8177,0.938177
2016-04-15,KGS,100,94.8579,0.948579
2016-04-16,KGS,100,94.2426,0.942426
2016-04-19,KGS,100,97.4346,0.974346
2016-04-20,KGS,100,93.7151,0.937151
2016-04-21,KGS,100,96.062,0.96062
2016-04-22,KGS,100,94.9643,0.949643
2016-04-23,KGS,100,96.7655,0.967655
2016-04-26,KGS,100,97.1523,0.971523
2016-04-27,KGS,100,97.0159,0.970159
2016-04-28,KGS,100,95.0573,0.950573
2016-04-29,KGS,100,95.6142,0.956142
2016-04-30,KGS,100,94.5107,0.945107
2016-05-05,KGS,100,97.2829,0.972829
2016-05-06,KGS,100,96.8997,0.968997
2016-05-07,KGS,100,97.3853,0.973853
2016-05-11,KGS,100,97.6412,0.976412
2016-05-12,KGS,100,97.5594,0.975594
2016-05-13,KGS,100,94.5639,0.945639
2016-05-14,KGS,100,94.321,0.94321
2016-05-17,KGS,100,94.3161,0.943161
2016-05-18,KGS,100,93.7701,0.937701
2016-05-19,KGS,100,94.6112,0.946112
2016-05-20,KGS,100,96.8935,0.968935
2016-05-21,KGS,100,97.2687,0.972687
2016-05-24,KGS,100,98.0353,0.980353
2016-05-25,KGS,100,98.4655,0.984655
2016-05-26,KGS,100,96.5578,0.965578
2016-05-27,KGS,100,95.3792,0.953792
2016-05-28,KGS,100,96.6682,0.966682
2016-05-31,KGS,100,96.5173,0.965173
2016-06-01,KGS,100,96.6289,0.966289
2016-06-02,KGS,100,97.5372,0.975372
2016-06-03,KGS,100,97.7293,0.977293
2016-06-04,KGS,100,97.7752,0.977752
2016-06-07,KGS,100,96.0093,0.960093
2016-06-08,KGS,100,95.3636,0.953636
2016-06-09,KGS,100,94.4091,0.944091
2016-06-10,KGS,100,93.553,0.93553
2016-06-11,KGS,100,95.1422,0.951422
2016-06-15,KGS,100,97.2455,0.972455
2016-06-16,KGS,100,97.0762,0.970762
2016-06-17,KGS,100,97.0681,0.970681
2016-06-18,KGS,100,96.6186,0.966186
2016-06-21,KGS,100,94.7296,0.947296
2016-06-22,KGS,100,94.8122,0.948122
2016-06-23,KGS,100,94.2547,0.942547
2016-06-24,KGS,100,95.3111,0.953111
2016-06-25,KGS,100,97.2432,0.972432
2016-06-28,KGS,100,96.4549,0.964549
2016-06-29,KGS,100,96.1574,0.961574
2016-06-30,KGS,100,95.2739,0.952739
2016-07-01,KGS,100,95.0945,0.950945
2016-07-02,KGS,100,94.888,0.94888
2016-07-05,KGS,100,94.1868,0.941868
2016-07-06,KGS,100,95.3525,0.953525
2016-07-07,KGS,100,95.6779,0.956779
2016-07-08,KGS,100,95.0311,0.950311
2016-07-09,KGS,100,95.5941,0.955941
2016-07-12,KGS,100,95.5393,0.955393
2016-07-13,KGS,100,94.9523,0.949523
2016-07-14,KGS,100,94.87,0.9487
2016-07-15,KGS,100,94.5385,0.945385
2016-07-16,KGS,100,93.9287,0.939287
2016-07-19,KGS,100,93.6396,0.936396
2016-07-20,KGS,100,93.7083,0.937083
2016-07-21,KGS,100,94.4633,0.944633
2016-07-22,KGS,100,94.9897,0.949897
2016-07-23,KGS,100,96.3297,0.963297
2016-07-26,KGS,100,96.5487,0.965487
2016-07-27,KGS,100,97.9258,0.979258
2016-07-28,KGS,100,98.2047,0.982047
2016-07-29,KGS,100,98.4516,0.984516
2016-07-30,KGS,100,99.2215,0.992215
2016-08-02,KGS,100,98.1478,0.981478
2016-08-03,KGS,100,99.5558,0.995558
2016-08-04,KGS,100,99.3628,0.993628
2016-08-05,KGS,100,98.8743,0.988743
2016-08-06,KGS,100,95.6956,0.956956
2016-08-09,KGS,100,94.7837,0.947837
2016-08-10,KGS,100,94.3353,0.943353
2016-08-11,KGS,100,94.309,0.94309
2016-08-12,KGS,100,94.4488,0.944488
2016-08-13,KGS,100,93.4444,0.934444
2016-08-16,KGS,100,93.0552,0.930552
2016-08-17,KGS,100,92.9721,0.929721
2016-08-18,KGS,100,93.0757,0.930757
2016-08-19,KGS,100,92.4712,0.924712
2016-08-20,KGS,100,92.8369,0.928369
2016-08-23,KGS,100,93.9741,0.939741
2016-08-24,KGS,100,94.8193,0.948193
2016-08-25,KGS,100,94.7486,0.947486
2016-08-26,KGS,100,94.6249,0.946249
2016-08-27,KGS,100,94.305,0.94305
2016-08-30,KGS,100,94.5258,0.945258
2016-08-31,KGS,100,94.3062,0.943062
2016-09-01,KGS,100,94.7089,0.947089
2016-09-02,KGS,100,94.5063,0.945063
2016-09-03,KGS,100,95.5972,0.955972
2016-09-06,KGS,100,93.7935,0.937935
2016-09-07,KGS,100,93.8554,0.938554
2016-09-08,KGS,100,93.2291,0.932291
2016-09-09,KGS,100,92.5672,0.925672
2016-09-10,KGS,100,92.883,0.92883
2016-09-13,KGS,100,93.9746,0.939746
2016-09-14,KGS,100,94.0642,0.940642
2016-09-15,KGS,100,94.2299,0.942299
2016-09-16,KGS,100,94.9301,0.949301
2016-09-17,KGS,100,94.8096,0.948096
2016-09-20,KGS,100,94.4911,0.944911
2016-09-21,KGS,100,94.3897,0.943897
2016-09-22,KGS,100,93.6641,0.936641
2016-09-23,KGS,100,92.7651,0.927651
2016-09-24,KGS,100,92.9204,0.929204
2016-09-27,KGS,100,93.1474,0.931474
2016-09-28,KGS,100,93.0747,0.930747
2016-09-29,KGS,100,93.4272,0.934272
2016-09-30,KGS,100,92.6743,0.926743
2016-10-01,KGS,100,93.3192,0.933192
2016-10-04,KGS,100,91.3772,0.913772
2016-10-05,KGS,100,91.7785,0.917785
2016-10-06,KGS,100,91.7156,0.917156
2016-10-07,KGS,100,91.5481,0.915481
2016-10-08,KGS,100,91.2198,0.912198
2016-10-11,KGS,100,91.2778,0.912778
2016-10-12,KGS,100,90.8614,0.908614
2016-10-13,KGS,100,91.4265,0.914265
2016-10-14,KGS,100,92.6457,0.926457
2016-10-15,KGS,100,92.0216,0.920216
2016-10-18,KGS,100,92.3598,0.923598
2016-10-19,KGS,100,91.956,0.91956
2016-10-20,KGS,100,91.5599,0.915599
2016-10-21,KGS,100,91.4317,0.914317
2016-10-22,KGS,100,91.636,0.91636
2016-10-25,KGS,100,91.2134,0.912134
2016-10-26,KGS,100,91.0713,0.910713
2016-10-27,KGS,100,91.1625,0.911625
2016-10-28,KGS,100,92.2648,0.922648
2016-10-29,KGS,100,91.8101,0.918101
2016-11-01,KGS,100,92.0865,0.920865
2016-11-02,KGS,100,92.0265,0.920265
2016-11-03,KGS,100,92.2423,0.922423
2016-11-04,KGS,100,92.37,0.9237
2016-11-08,KGS,100,92.8752,0.928752
2016-11-09,KGS,100,92.7075,0.927075
2016-11-10,KGS,100,93.0026,0.930026
2016-11-11,KGS,100,92.0742,0.920742
2016-11-12,KGS,100,94.7533,0.947533
2016-11-15,KGS,100,95.4895,0.954895
2016-11-16,KGS,100,95.1034,0.951034
2016-11-17,KGS,100,93.3618,0.933618
2016-11-18,KGS,100,93.8084,0.938084
2016-11-19,KGS,100,94.0785,0.940785
2016-11-22,KGS,100,93.0029,0.930029
2016-11-23,KGS,100,91.9616,0.919616
2016-11-24,KGS,100,92.7528,0.927528
2016-11-25,KGS,100,93.5898,0.935898
2016-11-26,KGS,100,93.4453,0.934453
2016-11-29,KGS,100,93.8082,0.938082
2016-11-30,KGS,100,93.9155,0.939155
2016-12-01,KGS,100,94.3342,0.943342
2016-12-02,KGS,100,92.0825,0.920825
2016-12-03,KGS,100,92.8201,0.928201
2016-12-06,KGS,100,92.4027,0.924027
2016-12-07,KGS,100,92.5376,0.925376
2016-12-08,KGS,100,92.4028,0.924028
2016-12-09,KGS,100,91.4522,0.914522
2016-12-10,KGS,100,91.3724,0.913724
2016-12-13,KGS,100,89.0534,0.890534
2016-12-14,KGS,100,88.2013,0.882013
2016-12-15,KGS,100,87.8898,0.878898
2016-12-16,KGS,100,89.0062,0.890062
2016-12-17,KGS,100,89.1984,0.891984
2016-12-20,KGS,100,89.3222,0.893222
2016-12-21,KGS,100,89.1437,0.891437
2016-12-22,KGS,100,88.4039,0.884039
2016-12-23,KGS,100,87.6896,0.876896
2016-12-24,KGS,100,87.6618,0.876618
2016-12-27,KGS,100,87.553,0.87553
2016-12-28,KGS,100,87.6688,0.876688
2016-12-29,KGS,100,87.3978,0.873978
2016-12-30,KGS,100,86.8283,0.868283
2016-12-31,KGS,100,87.4012,0.874012
2017-01-10,KGS,100,86.3367,0.863367
2017-01-11,KGS,100,86.5309,0.865309
2017-01-12,KGS,100,86.5848,0.865848
2017-01-13,KGS,100,85.6218,0.856218
2017-01-14,KGS,100,85.4302,0.854302
2017-01-17,KGS,100,85.7959,0.857959
2017-01-18,KGS,100,85.4083,0.854083
2017-01-19,KGS,100,85.1554,0.851554
2017-01-20,KGS,100,85.3999,0.853999
2017-01-21,KGS,100,85.8582,0.858582
2017-01-24,KGS,100,85.4382,0.854382
2017-01-25,KGS,100,85.206,0.85206
2017-01-26,KGS,100,85.122,0.85122
2017-01-27,KGS,100,86.0543,0.860543
2017-01-28,KGS,100,86.8861,0.868861
2017-01-31,KGS,100,87.0648,0.870648
2017-02-01,KGS,100,86.9113,0.869113
2017-02-02,KGS,100,87.2641,0.872641
2017-02-03,KGS,100,86.6987,0.866987
2017-02-04,KGS,100,85.5738,0.855738
2017-02-07,KGS,100,84.5234,0.845234
2017-02-08,KGS,100,85.2596,0.852596
2017-02-09,KGS,100,85.7535,0.857535
2017-02-10,KGS,100,85.0148,0.850148
2017-02-11,KGS,100,84.7353,0.847353
2017-02-14,KGS,100,83.4295,0.834295
2017-02-15,KGS,100,83.1669,0.831669
2017-02-16,KGS,100,81.8971,0.818971
2017-02-17,KGS,100,82.6116,0.826116
2017-02-18,KGS,100,83.3998,0.833998
2017-02-21,KGS,100,83.8875,0.838875
2017-02-22,KGS,100,83.7273,0.837273
2017-02-23,KGS,100,83.1729,0.831729
2017-02-28,KGS,100,83.6552,0.836552
2017-03-01,KGS,100,83.6982,0.836982
2017-03-02,KGS,100,84.3892,0.843892
2017-03-03,KGS,100,84.4074,0.844074
2017-03-04,KGS,100,85.124,0.85124
2017-03-07,KGS,100,84.1151,0.841151
2017-03-08,KGS,100,84.1401,0.841401
2017-03-10,KGS,100,84.8454,0.848454
2017-03-11,KGS,100,85.613,0.85613
2017-03-14,KGS,100,85.3064,0.853064
2017-03-15,KGS,100,85.1375,0.851375
2017-03-16,KGS,100,85.3475,0.853475
2017-03-17,KGS,100,84.0734,0.840734
2017-03-18,KGS,100,83.5843,0.835843
2017-03-21,KGS,100,82.469,0.82469
2017-03-22,KGS,100,82.3961,0.823961
2017-03-23,KGS,100,83.3251,0.833251
2017-03-24,KGS,100,83.1768,0.831768
2017-03-25,KGS,100,82.8556,0.828556
2017-03-28,KGS,100,82.8827,0.828827
2017-03-29,KGS,100,82.7564,0.827564
2017-03-30,KGS,100,83.0461,0.830461
2017-03-31,KGS,100,82.2015,0.822015
2017-04-01,KGS,100,81.567,0.81567
2017-04-04,KGS,100,81.6502,0.816502
2017-04-05,KGS,100,82.2563,0.822563
2017-04-06,KGS,100,81.5389,0.815389
2017-04-07,KGS,100,82.364,0.82364
2017-04-08,KGS,100,83.1545,0.831545
2017-04-11,KGS,100,83.811,0.83811
2017-04-12,KGS,100,83.1766,0.831766
2017-04-13,KGS,100,82.9025,0.829025
2017-04-14,KGS,100,82.7513,0.827513
2017-04-15,KGS,100,82.4828,0.824828
2017-04-18,KGS,100,82.1775,0.821775
2017-04-19,KGS,100,81.9752,0.819752
2017-04-20,KGS,100,82.758,0.82758
2017-04-21,KGS,100,83.2096,0.832096
2017-04-22,KGS,100,83.5213,0.835213
2017-04-25,KGS,100,83.9198,0.839198
2017-04-26,KGS,100,83.1655,0.831655
2017-04-27,KGS,100,83.875,0.83875
2017-04-28,KGS,100,84.8626,0.848626
2017-04-29,KGS,100,84.7437,0.847437
2017-05-03,KGS,100,84.0121,0.840121
2017-05-04,KGS,100,84.307,0.84307
2017-05-05,KGS,100,85.2278,0.852278
2017-05-06,KGS,100,86.4671,0.864671
2017-05-11,KGS,100,85.8699,0.858699
2017-05-12,KGS,100,84.0561,0.840561
2017-05-13,KGS,100,84.3749,0.843749
2017-05-16,KGS,100,83.3714,0.833714
2017-05-17,KGS,100,83.0165,0.830165
2017-05-18,KGS,100,83.6848,0.836848
2017-05-19,KGS,100,84.724,0.84724
2017-05-20,KGS,100,84.3071,0.843071
2017-05-23,KGS,100,83.3685,0.833685
2017-05-24,KGS,100,83.2919,0.832919
2017-05-25,KGS,100,82.8904,0.828904
2017-05-26,KGS,100,82.5167,0.825167
2017-05-27,KGS,100,83.4954,0.834954
2017-05-30,KGS,100,83.3612,0.833612
2017-05-31,KGS,100,83.0275,0.830275
2017-06-01,KGS,100,83.2417,0.832417
2017-06-02,KGS,100,82.9601,0.829601
2017-06-03,KGS,100,83.1196,0.831196
2017-06-06,KGS,100,83.0135,0.830135
2017-06-07,KGS,100,83.1007,0.831007
2017-06-08,KGS,100,82.9733,0.829733
2017-06-09,KGS,100,83.5567,0.835567
2017-06-10,KGS,100,83.6052,0.836052
2017-06-14,KGS,100,83.1404,0.831404
2017-06-15,KGS,100,83.3167,0.833167
2017-06-16,KGS,100,83.9207,0.839207
2017-06-17,KGS,100,84.3794,0.843794
2017-06-20,KGS,100,84.648,0.84648
2017-06-21,KGS,100,85.4538,0.854538
2017-06-22,KGS,100,87.3362,0.873362
2017-06-23,KGS,100,87.5647,0.875647
2017-06-24,KGS,100,86.5966,0.865966
2017-06-27,KGS,100,85.6085,0.856085
2017-06-28,KGS,100,85.451,0.85451
2017-06-29,KGS,100,86.4173,0.864173
2017-06-30,KGS,100,85.6063,0.856063
2017-07-01,KGS,100,85.8331,0.858331
2017-07-04,KGS,100,85.0317,0.850317
2017-07-05,KGS,100,85.4683,0.854683
2017-07-06,KGS,100,85.9722,0.859722
2017-07-07,KGS,100,86.9302,0.869302
2017-07-08,KGS,100,87.1273,0.871273
2017-07-11,KGS,100,87.015,0.87015
2017-07-12,KGS,100,87.6601,0.876601
2017-07-13,KGS,100,87.5165,0.875165
2017-07-14,KGS,100,86.9077,0.869077
2017-07-15,KGS,100,86.4827,0.864827
2017-07-18,KGS,100,85.3181,0.853181
2017-07-19,KGS,100,85.7732,0.857732
2017-07-20,KGS,100,85.5885,0.855885
2017-07-21,KGS,100,85.3667,0.853667
2017-07-22,KGS,100,85.1515,0.851515
2017-07-25,KGS,100,86.2011,0.862011
2017-07-26,KGS,100,86.4367,0.864367
2017-07-27,KGS,100,86.5754,0.865754
2017-07-28,KGS,100,85.8777,0.858777
2017-07-29,KGS,100,86.083,0.86083
2017-08-01,KGS,100,86.8594,0.868594
2017-08-02,KGS,100,86.5443,0.865443
2017-08-03,KGS,100,87.6094,0.876094
2017-08-04,KGS,100,87.8783,0.878783
2017-08-05,KGS,100,87.2676,0.872676
2017-08-08,KGS,100,86.8931,0.868931
2017-08-09,KGS,100,86.8142,0.868142
2017-08-10,KGS,100,86.7116,0.867116
2017-08-11,KGS,100,86.6664,0.866664
2017-08-12,KGS,100,87.0639,0.870639
2017-08-15,KGS,100,86.5148,0.865148
2017-08-16,KGS,100,86.7119,0.867119
2017-08-17,KGS,100,86.3397,0.863397
2017-08-18,KGS,100,85.7687,0.857687
2017-08-19,KGS,100,85.9933,0.859933
2017-08-22,KGS,100,85.6866,0.856866
2017-08-23,KGS,100,85.5522,0.855522
2017-08-24,KGS,100,85.6912,0.856912
2017-08-25,KGS,100,85.706,0.85706
2017-08-26,KGS,100,85.7212,0.857212
2017-08-29,KGS,100,84.8506,0.848506
2017-08-30,KGS,100,84.829,0.84829
2017-08-31,KGS,100,85.1168,0.851168
2017-09-01,KGS,100,84.8607,0.848607
2017-09-02,KGS,100,84.1631,0.841631
2017-09-05,KGS,100,83.7659,0.837659
2017-09-06,KGS,100,83.8653,0.838653
2017-09-07,KGS,100,83.1357,0.831357
2017-09-08,KGS,100,82.8732,0.828732
2017-09-09,KGS,100,82.6997,0.826997
2017-09-12,KGS,100,82.9504,0.829504
2017-09-13,KGS,100,83.1141,0.831141
2017-09-14,KGS,100,83.7101,0.837101
2017-09-15,KGS,100,83.8592,0.838592
2017-09-16,KGS,100,83.5394,0.835394
2017-09-19,KGS,100,83.6953,0.836953
2017-09-20,KGS,100,84.4221,0.844221
2017-09-21,KGS,100,84.4898,0.844898
2017-09-22,KGS,100,84.6528,0.846528
2017-09-23,KGS,100,83.8341,0.838341
2017-09-26,KGS,100,83.7324,0.837324
2017-09-27,KGS,100,83.5419,0.835419
2017-09-28,KGS,100,84.6864,0.846864
2017-09-29,KGS,100,85.0444,0.850444
2017-09-30,KGS,100,84.4005,0.844005
2017-10-03,KGS,100,84.1167,0.841167
2017-10-04,KGS,100,84.2973,0.842973
2017-10-05,KGS,100,84.085,0.84085
2017-10-06,KGS,100,83.8153,0.838153
2017-10-07,KGS,100,84.0799,0.840799
2017-10-10,KGS,100,84.8877,0.848877
2017-10-11,KGS,100,84.8996,0.848996
2017-10-12,KGS,100,84.6303,0.846303
2017-10-13,KGS,100,84.2907,0.842907
2017-10-14,KGS,100,84.1949,0.841949
2017-10-17,KGS,100,83.4177,0.834177
2017-10-18,KGS,100,83.5848,0.835848
2017-10-19,KGS,100,83.4262,0.834262
2017-10-20,KGS,100,83.861,0.83861
2017-10-21,KGS,100,83.8976,0.838976
2017-10-24,KGS,100,83.9109,0.839109
2017-10-25,KGS,100,84.1028,0.841028
2017-10-26,KGS,100,84.108,0.84108
2017-10-27,KGS,100,84.2291,0.842291
2017-10-28,KGS,100,84.5832,0.845832
2017-10-31,KGS,100,84.3093,0.843093
2017-11-01,KGS,100,84.5167,0.845167
2017-11-02,KGS,100,84.3447,0.843447
2017-11-03,KGS,100,84.0621,0.840621
2017-11-04,KGS,100,85.1743,0.851743
2017-11-08,KGS,100,84.3638,0.843638
2017-11-09,KGS,100,85.1876,0.851876
2017-11-10,KGS,100,85.1332,0.851332
2017-11-11,KGS,100,85.0392,0.850392
2017-11-14,KGS,100,84.8613,0.848613
2017-11-15,KGS,100,85.5022,0.855022
2017-11-16,KGS,100,86.4033,0.864033
2017-11-17,KGS,100,86.0316,0.860316
2017-11-18,KGS,100,85.5191,0.855191
2017-11-21,KGS,100,85.0303,0.850303
2017-11-22,KGS,100,85.309,0.85309
2017-11-23,KGS,100,84.6597,0.846597
2017-11-24,KGS,100,83.8769,0.838769
2017-11-25,KGS,100,83.9194,0.839194
2017-11-28,KGS,100,83.6716,0.836716
2017-11-29,KGS,100,83.8056,0.838056
2017-11-30,KGS,100,83.6888,0.836888
2017-12-01,KGS,100,84.0479,0.840479
2017-12-02,KGS,100,83.9572,0.839572
2017-12-05,KGS,100,84.6661,0.846661
2017-12-06,KGS,100,84.1468,0.841468
2017-12-07,KGS,100,84.4847,0.844847
2017-12-08,KGS,100,84.9277,0.849277
2017-12-09,KGS,100,85.0518,0.850518
2017-12-12,KGS,100,84.9854,0.849854
2017-12-13,KGS,100,84.3541,0.843541
2017-12-14,KGS,100,84.7951,0.847951
2017-12-15,KGS,100,84.2298,0.842298
2017-12-16,KGS,100,84.4426,0.844426
2017-12-19,KGS,100,84.2397,0.842397
2017-12-20,KGS,100,84.2122,0.842122
2017-12-21,KGS,100,84.5457,0.845457
2017-12-22,KGS,100,84.3798,0.843798
2017-12-23,KGS,100,83.9672,0.839672
2017-12-26,KGS,100,83.8601,0.838601
2017-12-27,KGS,100,83.0709,0.830709
2017-12-28,KGS,100,83.0566,0.830566
2017-12-29,KGS,100,83.063,0.83063
2017-12-30,KGS,100,83.4786,0.834786
2018-01-10,KGS,100,82.4965,0.824965
2018-01-11,KGS,100,82.2464,0.822464
2018-01-12,KGS,100,82.3756,0.823756
2018-01-13,KGS,100,81.5296,0.815296
2018-01-16,KGS,100,81.2176,0.812176
2018-01-17,KGS,100,81.2153,0.812153
2018-01-18,KGS,100,81.4867,0.814867
2018-01-19,KGS,100,81.7863,0.817863
2018-01-20,KGS,100,81.8354,0.818354
2018-01-23,KGS,100,82.1859,0.821859
2018-01-24,KGS,100,82.1128,0.821128
2018-01-25,KGS,100,82.4398,0.824398
2018-01-26,KGS,100,81.6717,0.816717
2018-01-27,KGS,100,81.7166,0.817166
2018-01-30,KGS,100,82.4774,0.824774
2018-01-31,KGS,100,82.2974,0.822974
2018-02-01,KGS,100,82.0804,0.820804
2018-02-02,KGS,100,82.1933,0.821933
2018-02-03,KGS,100,81.8114,0.818114
2018-02-06,KGS,100,82.608,0.82608
2018-02-07,KGS,100,83.5323,0.835323
2018-02-08,KGS,100,83.2103,0.832103
2018-02-09,KGS,100,83.9194,0.839194
2018-02-10,KGS,100,84.6825,0.846825
2018-02-13,KGS,100,84.5114,0.845114
2018-02-14,KGS,100,84.521,0.84521
2018-02-15,KGS,100,84.5046,0.845046
2018-02-16,KGS,100,83.0401,0.830401
2018-02-17,KGS,100,82.76,0.8276
2018-02-20,KGS,100,82.6155,0.826155
2018-02-21,KGS,100,83.0872,0.830872
2018-02-22,KGS,100,83.2836,0.832836
2018-02-23,KGS,100,83.435,0.83435
2018-02-27,KGS,100,82.1157,0.821157
2018-02-28,KGS,100,81.6899,0.816899
2018-03-01,KGS,100,82.7208,0.827208
2018-03-02,KGS,100,82.8684,0.828684
2018-03-03,KGS,100,83.2341,0.832341
2018-03-06,KGS,100,83.9397,0.839397
2018-03-07,KGS,100,83.0027,0.830027
2018-03-08,KGS,100,83.5986,0.835986
2018-03-13,KGS,100,82.9483,0.829483
2018-03-14,KGS,100,83.4837,0.834837
2018-03-15,KGS,100,83.4856,0.834856
2018-03-16,KGS,100,83.5134,0.835134
2018-03-17,KGS,100,84.1173,0.841173
2018-03-20,KGS,100,84.3254,0.843254
2018-03-21,KGS,100,84.516,0.84516
2018-03-22,KGS,100,84.1834,0.841834
2018-03-23,KGS,100,83.2234,0.832234
2018-03-24,KGS,100,83.7103,0.837103
2018-03-27,KGS,100,83.7062,0.837062
2018-03-28,KGS,100,83.8585,0.838585
2018-03-29,KGS,100,84.275,0.84275
2018-03-30,KGS,100,84.3496,0.843496
2018-03-31,KGS,100,83.5685,0.835685
2018-04-03,KGS,100,83.8726,0.838726
2018-04-04,KGS,100,84.0577,0.840577
2018-04-05,KGS,100,84.3895,0.843895
2018-04-06,KGS,100,84.0578,0.840578
2018-04-07,KGS,100,84.4897,0.844897
2018-04-10,KGS,100,85.5057,0.855057
2018-04-11,KGS,100,90.5881,0.905881
2018-04-12,KGS,100,92.8107,0.928107
2018-04-13,KGS,100,89.6258,0.896258
2018-04-14,KGS,100,89.4194,0.894194
2018-04-17,KGS,100,90.391,0.90391
2018-04-18,KGS,100,88.8741,0.888741
2018-04-19,KGS,100,89.5004,0.895004
2018-04-20,KGS,100,88.7471,0.887471
2018-04-21,KGS,100,89.4562,0.894562
2018-04-24,KGS,100,90.2345,0.902345
2018-04-25,KGS,100,90.021,0.90021
2018-04-26,KGS,100,90.0137,0.900137
2018-04-27,KGS,100,91.0585,0.910585
2018-04-28,KGS,100,91.1053,0.911053
2018-04-29,KGS,100,89.9354,0.899354
2018-05-04,KGS,100,92.0754,0.920754
2018-05-05,KGS,100,91.7289,0.917289
2018-05-08,KGS,100,91.0229,0.910229
2018-05-09,KGS,100,91.4464,0.914464
2018-05-11,KGS,100,90.9027,0.909027
2018-05-12,KGS,100,90.1247,0.901247
2018-05-15,KGS,100,90.1399,0.901399
2018-05-16,KGS,100,90.4681,0.904681
2018-05-17,KGS,100,90.9537,0.909537
2018-05-18,KGS,100,90.2174,0.902174
2018-05-19,KGS,100,90.4245,0.904245
2018-05-22,KGS,100,91.3553,0.913553
2018-05-23,KGS,100,89.4321,0.894321
2018-05-24,KGS,100,90.1823,0.901823
2018-05-25,KGS,100,89.9766,0.899766
2018-05-26,KGS,100,90.4192,0.904192
2018-05-29,KGS,100,91.0728,0.910728
2018-05-30,KGS,100,91.716,0.91716
2018-05-31,KGS,100,91.3777,0.913777
2018-06-01,KGS,100,90.6045,0.906045
2018-06-02,KGS,100,90.8774,0.908774
2018-06-05,KGS,100,90.5395,0.905395
2018-06-06,KGS,100,90.5841,0.905841
2018-06-07,KGS,100,90.6526,0.906526
2018-06-08,KGS,100,90.4683,0.904683
2018-06-09,KGS,100,91.6199,0.916199
2018-06-10,KGS,100,91.1715,0.911715
2018-06-14,KGS,100,92.4105,0.924105
2018-06-15,KGS,100,91.077,0.91077
2018-06-16,KGS,100,91.7791,0.917791
2018-06-19,KGS,100,92.9485,0.929485
2018-06-20,KGS,100,93.8386,0.938386
2018-06-21,KGS,100,93.0761,0.930761
2018-06-22,KGS,100,93.3518,0.933518
2018-06-23,KGS,100,92.6927,0.926927
2018-06-26,KGS,100,92.3355,0.923355
2018-06-27,KGS,100,92.2038,0.922038
2018-06-28,KGS,100,92.6426,0.926426
2018-06-29,KGS,100,92.8089,0.928089
2018-06-30,KGS,100,92.0858,0.920858
2018-07-03,KGS,100,92.6477,0.926477
2018-07-04,KGS,100,92.7651,0.927651
2018-07-05,KGS,100,92.7486,0.927486
2018-07-06,KGS,100,92.798,0.92798
2018-07-07,KGS,100,92.3843,0.923843
2018-07-10,KGS,100,91.9995,0.919995
2018-07-11,KGS,100,91.4799,0.914799
2018-07-12,KGS,100,90.9195,0.909195
2018-07-13,KGS,100,91.0446,0.910446
2018-07-14,KGS,100,91.1722,0.911722
2018-07-17,KGS,100,91.217,0.91217
2018-07-18,KGS,100,91.5808,0.915808
2018-07-19,KGS,100,92.2499,0.922499
2018-07-20,KGS,100,92.7984,0.927984
2018-07-21,KGS,100,93.1194,0.931194
2018-07-24,KGS,100,92.6623,0.926623
2018-07-25,KGS,100,92.4326,0.924326
2018-07-26,KGS,100,92.7018,0.927018
2018-07-27,KGS,100,92.4333,0.924333
2018-07-28,KGS,100,92.4029,0.924029
2018-07-31,KGS,100,92.1211,0.921211
2018-08-01,KGS,100,91.4889,0.914889
2018-08-02,KGS,100,91.7287,0.917287
2018-08-03,KGS,100,92.5745,0.925745
2018-08-04,KGS,100,93.0424,0.930424
2018-08-07,KGS,100,93.0639,0.930639
2018-08-08,KGS,100,93.2392,0.932392
2018-08-09,KGS,100,93.2888,0.932888
2018-08-10,KGS,100,97.0151,0.970151
2018-08-11,KGS,100,97.6395,0.976395
2018-08-14,KGS,100,98.5887,0.985887
2018-08-15,KGS,100,97.8073,0.978073
2018-08-16,KGS,100,95.5068,0.955068
2018-08-17,KGS,100,96.2492,0.962492
2018-08-18,KGS,100,96.4322,0.964322
2018-08-21,KGS,100,96.8789,0.968789
2018-08-22,KGS,100,96.8964,0.968964
2018-08-23,KGS,100,97.8528,0.978528
2018-08-24,KGS,100,99.5293,0.995293
2018-08-25,KGS,100,99.1098,0.991098
2018-08-28,KGS,100,98.2453,0.982453
2018-08-29,KGS,100,98.0234,0.980234
2018-08-30,KGS,100,98.6895,0.986895
2018-08-31,KGS,100,98.5983,0.985983
2018-09-01,KGS,100,98.5441,0.985441
2018-09-04,KGS,100,98.6807,0.986807
2018-09-05,KGS,100,99.235,0.99235
2018-09-06,KGS,100,99.1496,0.991496
2018-09-07,KGS,100,98.5567,0.985567
2018-09-08,KGS,100,99.3217,0.993217
2018-09-11,KGS,10,10.0242,1.00242
2018-09-12,KGS,10,10.0322,1.00322
2018-09-13,KGS,100,99.7817,0.997817
2018-09-14,KGS,100,98.6164,0.986164
2018-09-15,KGS,100,98.4609,0.984609
2018-09-18,KGS,100,98.1941,0.981941
2018-09-19,KGS,100,97.7661,0.977661
2018-09-20,KGS,100,97.3272,0.973272
2018-09-21,KGS,100,96.617,0.96617
2018-09-22,KGS,100,96.1534,0.961534
2018-09-25,KGS,100,95.8138,0.958138
2018-09-26,KGS,100,95.3286,0.953286
2018-09-27,KGS,100,95.1092,0.951092
2018-09-28,KGS,100,95.0007,0.950007
2018-09-29,KGS,100,94.8664,0.948664
2018-10-02,KGS,100,95.3118,0.953118
2018-10-03,KGS,100,94.8685,0.948685
2018-10-04,KGS,100,95.0245,0.950245
2018-10-05,KGS,100,95.8892,0.958892
2018-10-06,KGS,100,96.2818,0.962818
2018-10-09,KGS,100,96.7054,0.967054
2018-10-10,KGS,100,95.7508,0.957508
2018-10-11,KGS,100,95.5025,0.955025
2018-10-12,KGS,100,96.2143,0.962143
2018-10-13,KGS,100,95.2709,0.952709
2018-10-16,KGS,100,94.8785,0.948785
2018-10-17,KGS,100,94.5879,0.945879
2018-10-18,KGS,100,94.4033,0.944033
2018-10-19,KGS,100,94.7712,0.947712
2018-10-20,KGS,100,94.9012,0.949012
2018-10-23,KGS,100,94.1423,0.941423
2018-10-24,KGS,100,94.2426,0.942426
2018-10-25,KGS,100,94.6358,0.946358
2018-10-26,KGS,100,94.6009,0.946009
2018-10-27,KGS,100,94.3702,0.943702
2018-10-30,KGS,100,94.5588,0.945588
2018-10-31,KGS,100,94.5167,0.945167
2018-11-01,KGS,100,94.1122,0.941122
2018-11-02,KGS,100,94.1918,0.941918
2018-11-03,KGS,100,94.0956,0.940956
2018-11-07,KGS,100,94.6952,0.946952
2018-11-08,KGS,100,94.8437,0.948437
2018-11-09,KGS,100,95.0416,0.950416
2018-11-10,KGS,100,95.9588,0.959588
2018-11-13,KGS,100,96.9056,0.969056
2018-11-14,KGS,100,96.9992,0.969992
2018-11-15,KGS,100,97.4176,0.974176
2018-11-16,KGS,100,95.4383,0.954383
2018-11-17,KGS,100,94.546,0.94546
2018-11-20,KGS,100,94.5336,0.945336
2018-11-21,KGS,100,93.9643,0.939643
2018-11-22,KGS,100,94.4145,0.944145
2018-11-23,KGS,100,93.9251,0.939251
2018-11-24,KGS,100,94.0106,0.940106
2018-11-27,KGS,100,95.2484,0.952484
2018-11-28,KGS,100,95.6391,0.956391
2018-11-29,KGS,100,95.9077,0.959077
2018-11-30,KGS,100,95.4645,0.954645
2018-12-01,KGS,100,95.252,0.95252
2018-12-04,KGS,100,94.9744,0.949744
2018-12-05,KGS,100,95.1277,0.951277
2018-12-06,KGS,100,95.7367,0.957367
2018-12-07,KGS,100,95.5443,0.955443
2018-12-08,KGS,100,95.8778,0.958778
2018-12-11,KGS,100,94.902,0.94902
2018-12-12,KGS,100,95.2754,0.952754
2018-12-13,KGS,100,95.1612,0.951612
2018-12-14,KGS,100,94.9212,0.949212
2018-12-15,KGS,100,95.1772,0.951772
2018-12-18,KGS,100,95.377,0.95377
2018-12-19,KGS,100,95.6238,0.956238
2018-12-20,KGS,100,96.0803,0.960803
2018-12-21,KGS,100,96.5201,0.965201
2018-12-22,KGS,100,97.4334,0.974334
2018-12-25,KGS,100,98.0047,0.980047
2018-12-26,KGS,100,98.4178,0.984178
2018-12-27,KGS,100,98.6913,0.986913
2018-12-28,KGS,100,98.6059,0.986059
2018-12-29,KGS,100,99.5301,0.995301
2018-12-30,KGS,100,99.4568,0.994568
2019-01-10,KGS,100,96.0474,0.960474
2019-01-11,KGS,100,95.7201,0.957201
2019-01-12,KGS,100,95.8349,0.958349
2019-01-15,KGS,100,96.1947,0.961947
2019-01-16,KGS,100,96.106,0.96106
2019-01-17,KGS,100,95.6471,0.956471
2019-01-18,KGS,100,95.1372,0.951372
2019-01-19,KGS,100,94.9755,0.949755
2019-01-22,KGS,100,95.0765,0.950765
2019-01-23,KGS,100,95.412,0.95412
2019-01-24,KGS,100,94.9632,0.949632
2019-01-25,KGS,100,94.5582,0.945582
2019-01-26,KGS,100,94.3559,0.943559
2019-01-29,KGS,100,94.4556,0.944556
2019-01-30,KGS,100,94.9767,0.949767
2019-01-31,KGS,100,94.6634,0.946634
2019-02-01,KGS,100,93.6357,0.936357
2019-02-02,KGS,100,94.0689,0.940689
2019-02-05,KGS,100,93.8953,0.938953
2019-02-06,KGS,100,93.8713,0.938713
2019-02-07,KGS,100,94.1081,0.941081
2019-02-08,KGS,100,94.5573,0.945573
2019-02-09,KGS,100,94.6458,0.946458
2019-02-12,KGS,100,94.1243,0.941243
2019-02-13,KGS,100,94.1202,0.941202
2019-02-14,KGS,100,94.095,0.94095
2019-02-15,KGS,100,95.3473,0.953473
2019-02-16,KGS,100,95.5924,0.955924
2019-02-19,KGS,100,94.9778,0.949778
2019-02-20,KGS,100,94.9135,0.949135
2019-02-21,KGS,100,94.3642,0.943642
2019-02-22,KGS,100,93.9913,0.939913
2019-02-23,KGS,100,93.8743,0.938743
2019-02-26,KGS,100,93.6541,0.936541
2019-02-27,KGS,100,94.2113,0.942113
2019-02-28,KGS,100,94.3564,0.943564
2019-03-01,KGS,100,94.5466,0.945466
2019-03-02,KGS,100,94.4389,0.944389
2019-03-05,KGS,100,94.3983,0.943983
2019-03-06,KGS,100,94.4052,0.944052
2019-03-07,KGS,100,94.4121,0.944121
2019-03-08,KGS,100,94.6,0.946
2019-03-12,KGS,100,94.733,0.94733
2019-03-13,KGS,100,94.2902,0.942902
2019-03-14,KGS,100,93.9132,0.939132
2019-03-15,KGS,100,93.6993,0.936993
2019-03-16,KGS,100,93.7251,0.937251
2019-03-19,KGS,100,92.716,0.92716
2019-03-20,KGS,100,91.9408,0.919408
2019-03-21,KGS,100,91.9437,0.919437
2019-03-22,KGS,100,91.1824,0.911824
2019-03-23,KGS,100,91.2228,0.912228
2019-03-26,KGS,100,92.4721,0.924721
2019-03-27,KGS,100,91.9976,0.919976
2019-03-28,KGS,100,92.5792,0.925792
2019-03-29,KGS,100,92.8384,0.928384
2019-03-30,KGS,100,92.7431,0.927431
2019-04-02,KGS,100,93.7215,0.937215
2019-04-03,KGS,100,93.5336,0.935336
2019-04-04,KGS,100,93.358,0.93358
2019-04-05,KGS,100,93.5598,0.935598
2019-04-06,KGS,100,93.673,0.93673
2019-04-09,KGS,100,93.3569,0.933569
2019-04-10,KGS,100,92.5512,0.925512
2019-04-11,KGS,100,92.4885,0.924885
2019-04-12,KGS,100,92.0013,0.920013
2019-04-13,KGS,100,92.3983,0.923983
2019-04-16,KGS,100,91.7813,0.917813
2019-04-17,KGS,100,91.8402,0.918402
2019-04-18,KGS,100,91.7103,0.917103
2019-04-19,KGS,100,91.7516,0.917516
2019-04-20,KGS,100,91.604,0.91604
2019-04-23,KGS,100,91.3936,0.913936
2019-04-24,KGS,100,91.3611,0.913611
2019-04-25,KGS,100,91.6616,0.916616
2019-04-26,KGS,100,92.7303,0.927303
2019-04-27,KGS,100,92.6346,0.926346
2019-04-30,KGS,100,92.6483,0.926483
2019-05-01,KGS,100,92.562,0.92562
2019-05-07,KGS,100,93.337,0.93337
2019-05-08,KGS,100,93.4001,0.934001
2019-05-09,KGS,100,93.1884,0.931884
2019-05-14,KGS,100,93.7298,0.937298
2019-05-15,KGS,100,93.2879,0.932879
2019-05-16,KGS,100,92.8402,0.928402
2019-05-17,KGS,100,92.4263,0.924263
2019-05-18,KGS,100,92.5307,0.925307
2019-05-21,KGS,100,92.3247,0.923247
2019-05-22,KGS,100,92.394,0.92394
2019-05-23,KGS,100,92.286,0.92286
2019-05-24,KGS,100,92.3283,0.923283
2019-05-25,KGS,100,92.4991,0.924991
2019-05-28,KGS,100,92.2886,0.922886
2019-05-29,KGS,100,92.2057,0.922057
2019-05-30,KGS,100,92.7382,0.927382
2019-05-31,KGS,100,93.14,0.9314
2019-06-01,KGS,100,93.4155,0.934155
2019-06-04,KGS,100,93.8507,0.938507
2019-06-05,KGS,100,93.2876,0.932876
2019-06-06,KGS,100,93.0374,0.930374
2019-06-07,KGS,100,93.1914,0.931914
2019-06-08,KGS,100,93.2466,0.932466
2019-06-11,KGS,100,92.5665,0.925665
2019-06-12,KGS,100,92.2887,0.922887
2019-06-14,KGS,100,92.379,0.92379
2019-06-15,KGS,100,92.0992,0.920992
2019-06-18,KGS,100,92.1471,0.921471
2019-06-19,KGS,100,92.1048,0.921048
2019-06-20,KGS,100,91.6085,0.916085
2019-06-21,KGS,100,90.7483,0.907483
2019-06-22,KGS,100,90.5082,0.905082
2019-06-25,KGS,100,90.1928,0.901928
2019-06-26,KGS,100,89.8963,0.898963
2019-06-27,KGS,100,90.2548,0.902548
2019-06-28,KGS,100,90.6082,0.906082
2019-06-29,KGS,100,90.6649,0.906649
2019-07-02,KGS,100,90.5397,0.905397
2019-07-03,KGS,100,90.9721,0.909721
2019-07-04,KGS,100,90.9672,0.909672
2019-07-05,KGS,100,91.0938,0.910938
2019-07-06,KGS,100,91.2909,0.912909
2019-07-09,KGS,100,91.5697,0.915697
2019-07-10,KGS,100,91.3553,0.913553
2019-07-11,KGS,100,91.4023,0.914023
2019-07-12,KGS,100,90.2499,0.902499
2019-07-13,KGS,100,90.5466,0.905466
2019-07-16,KGS,100,90.2701,0.902701
2019-07-17,KGS,100,90.2484,0.902484
2019-07-18,KGS,100,90.4384,0.904384
2019-07-19,KGS,100,90.2062,0.902062
2019-07-20,KGS,100,90.2867,0.902867
2019-07-23,KGS,100,90.4201,0.904201
2019-07-24,KGS,100,90.5725,0.905725
2019-07-25,KGS,100,90.4308,0.904308
2019-07-26,KGS,100,90.548,0.90548
2019-07-27,KGS,100,90.4659,0.904659
2019-07-30,KGS,100,91.0304,0.910304
2019-07-31,KGS,100,90.814,0.90814
2019-08-01,KGS,100,90.8816,0.908816
2019-08-02,KGS,100,91.5183,0.915183
2019-08-03,KGS,100,92.6904,0.926904
2019-08-06,KGS,100,93.2682,0.932682
2019-08-07,KGS,100,93.481,0.93481
2019-08-08,KGS,100,93.3236,0.933236
2019-08-09,KGS,100,93.3762,0.933762
2019-08-10,KGS,100,93.5546,0.935546
2019-08-13,KGS,100,93.8046,0.938046
2019-08-14,KGS,100,94.0526,0.940526
2019-08-15,KGS,100,93.4813,0.934813
2019-08-16,KGS,100,94.4805,0.944805
2019-08-17,KGS,100,94.6316,0.946316
2019-08-20,KGS,100,95.3101,0.953101
2019-08-21,KGS,100,95.5622,0.955622
2019-08-22,KGS,100,94.8267,0.948267
2019-08-23,KGS,100,93.8053,0.938053
2019-08-24,KGS,100,93.7677,0.937677
2019-08-27,KGS,100,94.3206,0.943206
2019-08-28,KGS,100,94.7327,0.947327
2019-08-29,KGS,100,95.2153,0.952153
2019-08-30,KGS,100,95.7634,0.957634
2019-08-31,KGS,100,95.4626,0.954626
2019-09-03,KGS,100,95.6547,0.956547
2019-09-04,KGS,100,96.062,0.96062
2019-09-05,KGS,100,95.0084,0.950084
2019-09-06,KGS,100,94.3611,0.943611
2019-09-07,KGS,100,94.2834,0.942834
2019-09-10,KGS,100,93.6718,0.936718
2019-09-11,KGS,100,93.4847,0.934847
2019-09-12,KGS,100,93.4744,0.934744
2019-09-13,KGS,100,93.1299,0.931299
2019-09-14,KGS,100,92.1016,0.921016
2019-09-17,KGS,100,91.1817,0.911817
2019-09-18,KGS,100,91.8972,0.918972
2019-09-19,KGS,100,92.0954,0.920954
2019-09-20,KGS,100,91.7967,0.917967
2019-09-21,KGS,100,91.2665,0.912665
2019-09-24,KGS,100,91.3743,0.913743
2019-09-25,KGS,100,91.0417,0.910417
2019-09-26,KGS,100,91.73,0.9173
2019-09-27,KGS,100,91.9894,0.919894
2019-09-28,KGS,100,92.1223,0.921223
2019-10-01,KGS,100,92.4469,0.924469
2019-10-02,KGS,100,93.1985,0.931985
2019-10-03,KGS,100,93.7329,0.937329
2019-10-04,KGS,100,93.291,0.93291
2019-10-05,KGS,100,93.146,0.93146
2019-10-08,KGS,100,92.8538,0.928538
2019-10-09,KGS,100,92.7337,0.927337
2019-10-10,KGS,100,93.0165,0.930165
2019-10-11,KGS,100,92.4959,0.924959
2019-10-12,KGS,100,91.7481,0.917481
2019-10-15,KGS,100,92.0021,0.920021
2019-10-16,KGS,100,91.8478,0.918478
2019-10-17,KGS,100,91.9359,0.919359
2019-10-18,KGS,100,91.4635,0.914635
2019-10-19,KGS,100,91.3775,0.913775
2019-10-22,KGS,100,91.1478,0.911478
2019-10-23,KGS,100,90.9844,0.909844
2019-10-24,KGS,100,91.2219,0.912219
2019-10-25,KGS,100,91.2638,0.912638
2019-10-26,KGS,100,91.4727,0.914727
2019-10-29,KGS,100,91.2689,0.912689
2019-10-30,KGS,100,91.2157,0.912157
2019-10-31,KGS,100,91.2917,0.912917
2019-11-01,KGS,100,91.1655,0.911655
2019-11-02,KGS,100,91.5326,0.915326
2019-11-06,KGS,100,90.4008,0.904008
2019-11-07,KGS,100,90.8757,0.908757
2019-11-08,KGS,100,91.08,0.9108
2019-11-09,KGS,100,91.0796,0.910796
2019-11-12,KGS,100,91.3406,0.913406
2019-11-13,KGS,100,91.2282,0.912282
2019-11-14,KGS,100,91.7253,0.917253
2019-11-15,KGS,100,91.9257,0.919257
2019-11-16,KGS,100,91.2687,0.912687
2019-11-19,KGS,100,91.0774,0.910774
2019-11-20,KGS,100,91.1043,0.911043
2019-11-21,KGS,100,91.459,0.91459
2019-11-22,KGS,100,91.2043,0.912043
2019-11-23,KGS,100,91.0144,0.910144
2019-11-26,KGS,100,91.091,0.91091
2019-11-27,KGS,100,91.4758,0.914758
2019-11-28,KGS,100,91.3889,0.913889
2019-11-29,KGS,100,91.5721,0.915721
2019-11-30,KGS,100,91.5453,0.915453
2019-12-03,KGS,100,92.0402,0.920402
2019-12-04,KGS,100,91.6287,0.916287
2019-12-05,KGS,100,91.7069,0.917069
2019-12-06,KGS,100,91.1621,0.911621
2019-12-07,KGS,100,91.0264,0.910264
2019-12-10,KGS,100,91.0362,0.910362
2019-12-11,KGS,100,90.8269,0.908269
2019-12-12,KGS,100,90.8091,0.908091
2019-12-13,KGS,100,90.3224,0.903224
2019-12-14,KGS,100,89.3634,0.893634
2019-12-17,KGS,100,89.6717,0.896717
2019-12-18,KGS,100,89.347,0.89347
2019-12-19,KGS,100,89.4185,0.894185
2019-12-20,KGS,100,89.3389,0.893389
2019-12-21,KGS,100,89.1657,0.891657
2019-12-24,KGS,100,88.9383,0.889383
2019-12-25,KGS,100,88.8739,0.888739
2019-12-26,KGS,100,88.2293,0.882293
2019-12-27,KGS,100,88.3025,0.883025
2019-12-28,KGS,100,88.7471,0.887471
2019-12-31,KGS,100,88.6304,0.886304
2020-01-01,KGS,100,88.6979,0.886979
2020-01-10,KGS,100,87.9036,0.879036
2020-01-11,KGS,100,87.9458,0.879458
2020-01-14,KGS,100,87.4924,0.874924
2020-01-15,KGS,100,87.9451,0.879451
2020-01-16,KGS,100,87.8622,0.878622
2020-01-17,KGS,100,88.2118,0.882118
2020-01-18,KGS,100,88.0916,0.880916
2020-01-21,KGS,100,87.9872,0.879872
2020-01-22,KGS,100,88.5199,0.885199
2020-01-23,KGS,100,88.5026,0.885026
2020-01-24,KGS,100,88.6831,0.886831
2020-01-25,KGS,100,88.4453,0.884453
2020-01-28,KGS,100,89.2172,0.892172
2020-01-29,KGS,100,89.9276,0.899276
2020-01-30,KGS,100,89.2901,0.892901
2020-01-31,KGS,100,90.2095,0.902095
2020-02-01,KGS,100,90.3564,0.903564
2020-02-04,KGS,100,91.4723,0.914723
2020-02-05,KGS,100,90.7795,0.907795
2020-02-06,KGS,100,90.4075,0.904075
2020-02-07,KGS,100,89.8815,0.898815
2020-02-08,KGS,100,90.8336,0.908336
2020-02-11,KGS,100,91.2612,0.912612
2020-02-12,KGS,100,91.5163,0.915163
2020-02-13,KGS,100,90.2254,0.902254
2020-02-14,KGS,100,91.0191,0.910191
2020-02-15,KGS,100,90.8073,0.908073
2020-02-18,KGS,100,90.5997,0.905997
2020-02-19,KGS,100,91.2598,0.912598
2020-02-20,KGS,100,91.1541,0.911541
2020-02-21,KGS,100,91.2206,0.912206
2020-02-22,KGS,100,92.0197,0.920197
2020-02-26,KGS,100,92.9077,0.929077
2020-02-27,KGS,100,93.7746,0.937746
2020-02-28,KGS,100,93.8929,0.938929
2020-02-29,KGS,100,95.8695,0.958695
2020-03-03,KGS,100,94.9199,0.949199
2020-03-04,KGS,100,95.0864,0.950864
2020-03-05,KGS,100,94.5636,0.945636
2020-03-06,KGS,100,94.7167,0.947167
2020-03-07,KGS,100,96.6369,0.966369
2020-03-11,KGS,10,10.3068,1.03068
2020-03-12,KGS,10,10.2282,1.02282
2020-03-13,KGS,10,10.1652,1.01652
2020-03-14,KGS,10,10.0418,1.00418
2020-03-17,KGS,10,10.1669,1.01669
2020-03-18,KGS,10,10.1345,1.01345
2020-03-19,KGS,10,10.5903,1.05903
2020-03-20,KGS,10,10.9944,1.09944
2020-03-21,KGS,10,10.7168,1.07168
2020-03-24,KGS,10,11.095,1.1095
2020-03-25,KGS,10,10.8172,1.08172
2020-03-26,KGS,10,10.6738,1.06738
2020-03-27,KGS,100,98.6901,0.986901
2020-03-28,KGS,100,97.2264,0.972264
2020-04-07,KGS,100,89.9985,0.899985
2020-04-08,KGS,100,88.877,0.88877
2020-04-09,KGS,100,89.2242,0.892242
2020-04-10,KGS,100,87.8756,0.878756
2020-04-11,KGS,100,94.7875,0.947875
2020-04-14,KGS,100,94.4715,0.944715
2020-04-15,KGS,100,93.6555,0.936555
2020-04-16,KGS,100,93.4125,0.934125
2020-04-17,KGS,100,93.7245,0.937245
2020-04-18,KGS,100,92.3906,0.923906
2020-04-21,KGS,100,92.8993,0.928993
2020-04-22,KGS,100,95.8466,0.958466
2020-04-23,KGS,100,96.6034,0.966034
2020-04-24,KGS,100,93.4099,0.934099
2020-04-25,KGS,100,92.8614,0.928614
2020-04-28,KGS,100,92.6501,0.926501
2020-04-29,KGS,100,92.7433,0.927433
2020-04-30,KGS,100,92.8494,0.928494
2020-05-01,KGS,100,90.9415,0.909415
2020-05-07,KGS,100,93.7366,0.937366
2020-05-08,KGS,100,93.9516,0.939516
2020-05-09,KGS,100,93.5934,0.935934
2020-05-13,KGS,100,94.1115,0.941115
2020-05-14,KGS,100,94.9025,0.949025
2020-05-15,KGS,100,96.0536,0.960536
2020-05-16,KGS,100,95.0722,0.950722
2020-05-19,KGS,100,95.2587,0.952587
2020-05-20,KGS,100,94.4408,0.944408
2020-05-21,KGS,100,94.9758,0.949758
2020-05-22,KGS,100,93.664,0.93664
2020-05-23,KGS,100,95.7688,0.957688
2020-05-26,KGS,100,95.4298,0.954298
2020-05-27,KGS,100,94.8228,0.948228
2020-05-28,KGS,100,95.9032,0.959032
2020-05-29,KGS,100,96.7137,0.967137
2020-05-30,KGS,100,95.947,0.95947
2020-06-02,KGS,100,94.4663,0.944663
2020-06-03,KGS,100,93.8294,0.938294
2020-06-04,KGS,100,92.9192,0.929192
2020-06-05,KGS,100,93.8984,0.938984
2020-06-06,KGS,100,92.8371,0.928371
2020-06-09,KGS,100,91.9892,0.919892
2020-06-10,KGS,100,92.5237,0.925237
2020-06-11,KGS,100,92.5657,0.925657
2020-06-12,KGS,100,92.953,0.92953
2020-06-16,KGS,100,94.0994,0.940994
2020-06-17,KGS,100,93.1259,0.931259
2020-06-18,KGS,100,92.7666,0.927666
2020-06-19,KGS,100,93.1286,0.931286
2020-06-20,KGS,100,92.8919,0.928919
2020-06-23,KGS,100,92.7205,0.927205
2020-06-24,KGS,100,91.76,0.9176
2020-06-25,KGS,100,91.7655,0.917655
2020-06-26,KGS,100,92.702,0.92702
2020-06-27,KGS,100,91.9878,0.919878
2020-06-30,KGS,100,92.6883,0.926883
2020-07-01,KGS,100,92.6665,0.926665
2020-07-02,KGS,100,92.6668,0.926668
2020-07-03,KGS,100,92.7892,0.927892
2020-07-04,KGS,100,89.4505,0.894505
2020-07-07,KGS,100,90.4767,0.904767
2020-07-08,KGS,100,93.4419,0.934419
2020-07-09,KGS,100,91.666,0.91666
2020-07-10,KGS,100,90.8093,0.908093
2020-07-11,KGS,100,91.526,0.91526
2020-07-14,KGS,100,90.9038,0.909038
2020-07-15,KGS,100,91.5066,0.915066
2020-07-16,KGS,100,91.3113,0.913113
2020-07-17,KGS,100,91.736,0.91736
2020-07-18,KGS,100,92.5662,0.925662
2020-07-21,KGS,100,92.7628,0.927628
2020-07-22,KGS,100,91.4913,0.914913
2020-07-23,KGS,100,91.2609,0.912609
2020-07-24,KGS,100,91.8615,0.918615
2020-07-25,KGS,100,93.5595,0.935595
2020-07-28,KGS,100,93.3416,0.933416
2020-07-29,KGS,100,93.8293,0.938293
2020-07-30,KGS,100,94.2405,0.942405
2020-07-31,KGS,100,95.5156,0.955156
2020-08-01,KGS,100,95.6287,0.956287
2020-08-04,KGS,100,96.5827,0.965827
2020-08-05,KGS,100,95.4602,0.954602
2020-08-06,KGS,100,95.3433,0.953433
2020-08-07,KGS,100,94.9801,0.949801
2020-08-08,KGS,100,95.4473,0.954473
2020-08-11,KGS,100,95.7157,0.957157
2020-08-12,KGS,100,94.454,0.94454
2020-08-13,KGS,100,94.336,0.94336
2020-08-14,KGS,100,94.5088,0.945088
2020-08-15,KGS,100,94.1076,0.941076
2020-08-18,KGS,100,93.3391,0.933391
2020-08-19,KGS,100,94.3303,0.943303
2020-08-20,KGS,100,94.0261,0.940261
2020-08-21,KGS,100,94.6997,0.946997
2020-08-22,KGS,100,95.2885,0.952885
2020-08-25,KGS,100,95.4082,0.954082
2020-08-26,KGS,100,95.6516,0.956516
2020-08-27,KGS,100,96.8739,0.968739
2020-08-28,KGS,100,96.2001,0.962001
2020-08-29,KGS,100,95.124,0.95124
2020-09-01,KGS,100,94.0231,0.940231
2020-09-02,KGS,100,93.7441,0.937441
2020-09-03,KGS,100,94.3581,0.943581
2020-09-04,KGS,100,96.3932,0.963932
2020-09-05,KGS,100,95.5124,0.955124
2020-09-08,KGS,100,95.9774,0.959774
2020-09-09,KGS,100,96.454,0.96454
2020-09-10,KGS,100,96.5925,0.965925
2020-09-11,KGS,100,95.7255,0.957255
2020-09-12,KGS,100,94.797,0.94797
2020-09-15,KGS,100,94.6356,0.946356
2020-09-16,KGS,100,95.1123,0.951123
2020-09-17,KGS,100,94.8453,0.948453
2020-09-18,KGS,100,95.424,0.95424
2020-09-19,KGS,100,94.9928,0.949928
2020-09-22,KGS,100,96.1636,0.961636
2020-09-23,KGS,100,96.3019,0.963019
2020-09-24,KGS,100,96.2959,0.962959
2020-09-25,KGS,100,97.2311,0.972311
2020-09-26,KGS,100,96.7779,0.967779
2020-09-29,KGS,100,98.924,0.98924
2020-09-30,KGS,10,10.0198,1.00198
2020-10-01,KGS,100,98.9419,0.989419
2020-10-02,KGS,100,97.049,0.97049
2020-10-03,KGS,100,98.2094,0.982094
2020-10-06,KGS,100,98.2554,0.982554
2020-10-07,KGS,100,98.5787,0.985787
2020-10-08,KGS,100,98.0516,0.980516
2020-10-09,KGS,100,97.8301,0.978301
2020-10-10,KGS,100,96.716,0.96716
2020-10-13,KGS,100,96.7104,0.967104
2020-10-14,KGS,100,97.0388,0.970388
2020-10-15,KGS,100,96.9766,0.969766
2020-10-16,KGS,100,97.7889,0.977889
2020-10-17,KGS,100,97.4555,0.974555
2020-10-20,KGS,100,97.4051,0.974051
2020-10-21,KGS,100,95.0549,0.950549
2020-10-22,KGS,100,94.8296,0.948296
2020-10-23,KGS,100,95.3651,0.953651
2020-10-24,KGS,100,94.672,0.94672
2020-10-27,KGS,100,94.7768,0.947768
2020-10-28,KGS,100,94.7833,0.947833
2020-10-29,KGS,100,95.5927,0.955927
2020-10-30,KGS,100,96.5407,0.965407
2020-10-31,KGS,100,97.1067,0.971067
2020-11-03,KGS,100,98.4696,0.984696
2020-11-04,KGS,100,97.7677,0.977677
2020-11-06,KGS,100,93.5007,0.935007
2020-11-07,KGS,100,92.0268,0.920268
2020-11-10,KGS,100,91.7798,0.917798
2020-11-11,KGS,100,91.1196,0.911196
2020-11-12,KGS,100,90.8924,0.908924
2020-11-13,KGS,100,91.6466,0.916466
2020-11-14,KGS,100,91.8636,0.918636
2020-11-17,KGS,100,90.6781,0.906781
2020-11-18,KGS,100,89.8922,0.898922
2020-11-19,KGS,100,89.5076,0.895076
2020-11-20,KGS,100,89.9327,0.899327
2020-11-21,KGS,100,89.6271,0.896271
2020-11-24,KGS,100,89.3142,0.893142
2020-11-25,KGS,100,89.3787,0.893787
2020-11-26,KGS,100,88.9828,0.889828
2020-11-27,KGS,100,88.9476,0.889476
2020-11-28,KGS,100,89.4298,0.894298
2020-12-01,KGS,100,89.8313,0.898313
2020-12-02,KGS,100,89.9745,0.899745
2020-12-03,KGS,100,89.1404,0.891404
2020-12-04,KGS,100,88.6512,0.886512
2020-12-05,KGS,100,87.5395,0.875395
2020-12-08,KGS,100,87.5316,0.875316
2020-12-09,KGS,100,86.8412,0.868412
2020-12-10,KGS,100,86.4177,0.864177
2020-12-11,KGS,100,86.9014,0.869014
2020-12-12,KGS,100,86.1982,0.861982
2020-12-15,KGS,100,85.9716,0.859716
2020-12-16,KGS,100,86.559,0.86559
2020-12-17,KGS,100,88.4371,0.884371
2020-12-18,KGS,100,87.3705,0.873705
2020-12-19,KGS,100,88.1459,0.881459
2020-12-22,KGS,100,92.4993,0.924993
2020-12-23,KGS,100,93.4546,0.934546
2020-12-24,KGS,100,93.0621,0.930621
2020-12-25,KGS,100,92.2233,0.922233
2020-12-26,KGS,100,88.0746,0.880746
2020-12-29,KGS,100,88.105,0.88105
2020-12-30,KGS,100,89.0251,0.890251
2020-12-31,KGS,100,89.1537,0.891537
2021-01-01,KGS,100,89.3546,0.893546
2021-01-12,KGS,100,89.6651,0.896651
2021-01-13,KGS,100,89.2485,0.892485
2021-01-14,KGS,100,88.3597,0.883597
2021-01-15,KGS,100,88.0126,0.880126
2021-01-16,KGS,100,87.0079,0.870079
2021-01-19,KGS,100,87.5334,0.875334
2021-01-20,KGS,100,87.0417,0.870417
2021-01-21,KGS,100,86.4766,0.864766
2021-01-22,KGS,100,86.4928,0.864928
2021-01-23,KGS,100,87.9526,0.879526
2021-01-26,KGS,100,88.2806,0.882806
2021-01-27,KGS,100,89.1734,0.891734
2021-01-28,KGS,100,88.4726,0.884726
2021-01-29,KGS,100,89.8336,0.898336
2021-01-30,KGS,100,89.892,0.89892
2021-02-02,KGS,100,89.0107,0.890107
2021-02-03,KGS,100,89.4845,0.894845
2021-02-04,KGS,100,89.6918,0.896918
2021-02-05,KGS,100,89.2793,0.892793
2021-02-06,KGS,100,88.5508,0.885508
2021-02-09,KGS,100,87.5429,0.875429
2021-02-10,KGS,100,87.3818,0.873818
2021-02-11,KGS,100,87.1887,0.871887
2021-02-12,KGS,100,87.5702,0.875702
2021-02-13,KGS,100,87.7942,0.877942
2021-02-16,KGS,100,86.7179,0.867179
2021-02-17,KGS,100,86.7415,0.867415
2021-02-18,KGS,100,87.3941,0.873941
2021-02-19,KGS,100,87.3702,0.873702
2021-02-20,KGS,100,87.4668,0.874668
2021-02-21,KGS,100,87.3475,0.873475
2021-02-25,KGS,100,87.1028,0.871028
2021-02-26,KGS,100,86.8033,0.868033
2021-02-27,KGS,100,87.8764,0.878764
2021-03-02,KGS,100,87.3405,0.873405
2021-03-03,KGS,100,87.9317,0.879317
2021-03-04,KGS,100,86.6572,0.866572
2021-03-05,KGS,100,86.9844,0.869844
2021-03-06,KGS,100,87.7401,0.877401
2021-03-10,KGS,100,87.5474,0.875474
2021-03-11,KGS,100,87.2825,0.872825
2021-03-12,KGS,100,86.6463,0.866463
2021-03-13,KGS,100,86.6565,0.866565
2021-03-16,KGS,100,86.3305,0.863305
2021-03-17,KGS,100,86.0124,0.860124
2021-03-18,KGS,100,86.1774,0.861774
2021-03-19,KGS,100,86.8353,0.868353
2021-03-20,KGS,100,87.4,0.874
2021-03-23,KGS,100,87.9535,0.879535
2021-03-24,KGS,100,88.8377,0.888377
2021-03-25,KGS,100,89.7749,0.897749
2021-03-26,KGS,100,89.7991,0.897991
2021-03-27,KGS,100,89.3081,0.893081
2021-03-30,KGS,100,89.3927,0.893927
2021-03-31,KGS,100,89.2648,0.892648
2021-04-01,KGS,100,89.1882,0.891882
2021-04-02,KGS,100,89.372,0.89372
2021-04-03,KGS,100,89.6806,0.896806
2021-04-06,KGS,100,90.3081,0.903081
2021-04-07,KGS,100,90.0437,0.900437
2021-04-08,KGS,100,91.6857,0.916857
2021-04-09,KGS,100,90.906,0.90906
2021-04-10,KGS,100,90.9734,0.909734
2021-04-13,KGS,100,91.3893,0.913893
2021-04-14,KGS,100,91.0716,0.910716
2021-04-15,KGS,100,89.2289,0.892289
2021-04-16,KGS,100,90.7501,0.907501
2021-04-17,KGS,100,89.0885,0.890885
2021-04-20,KGS,100,89.8876,0.898876
2021-04-21,KGS,100,89.6193,0.896193
2021-04-22,KGS,100,90.5603,0.905603
2021-04-23,KGS,100,90.1001,0.901001
2021-04-24,KGS,100,88.5203,0.885203
2021-04-27,KGS,100,88.1421,0.881421
2021-04-28,KGS,100,88.3653,0.883653
2021-04-29,KGS,100,88.3471,0.883471
2021-04-30,KGS,100,87.6869,0.876869
2021-05-01,KGS,100,88.2325,0.882325
2021-05-05,KGS,100,88.7196,0.887196
2021-05-06,KGS,100,88.2609,0.882609
2021-05-07,KGS,100,87.9253,0.879253
2021-05-08,KGS,100,87.398,0.87398
2021-05-12,KGS,100,87.5125,0.875125
2021-05-13,KGS,100,87.3477,0.873477
2021-05-14,KGS,100,87.8022,0.878022
2021-05-15,KGS,100,87.3773,0.873773
2021-05-18,KGS,100,87.2475,0.872475
2021-05-19,KGS,100,87.4009,0.874009
2021-05-20,KGS,100,87.4233,0.874233
2021-05-21,KGS,100,87.6149,0.876149
2021-05-22,KGS,100,87.6036,0.876036
2021-05-25,KGS,100,87.7322,0.877322
2021-05-26,KGS,100,87.7379,0.877379
2021-05-27,KGS,100,88.2262,0.882262
2021-05-28,KGS,100,88.4606,0.884606
2021-05-29,KGS,100,88.2232,0.882232
2021-06-01,KGS,100,87.6199,0.876199
2021-06-02,KGS,100,87.5633,0.875633
2021-06-03,KGS,100,87.0837,0.870837
2021-06-04,KGS,100,86.6955,0.866955
2021-06-05,KGS,100,86.5075,0.865075
2021-06-08,KGS,100,86.1036,0.861036
2021-06-09,KGS,100,86.0236,0.860236
2021-06-10,KGS,100,85.146,0.85146
2021-06-11,KGS,100,85.3876,0.853876
2021-06-12,KGS,100,84.828,0.84828
2021-06-16,KGS,100,84.7735,0.847735
2021-06-17,KGS,100,85.1646,0.851646
2021-06-18,KGS,100,85.7008,0.857008
2021-06-19,KGS,100,85.3006,0.853006
2021-06-22,KGS,100,86.5238,0.865238
2021-06-23,KGS,100,86.5397,0.865397
2021-06-24,KGS,100,85.9034,0.859034
2021-06-25,KGS,100,85.4157,0.854157
2021-06-26,KGS,100,85.2163,0.852163
2021-06-29,KGS,100,85.2281,0.852281
2021-06-30,KGS,100,85.4706,0.854706
2021-07-01,KGS,100,85.8689,0.858689
2021-07-02,KGS,100,86.0501,0.860501
2021-07-03,KGS,100,86.8057,0.868057
2021-07-06,KGS,100,86.4946,0.864946
2021-07-07,KGS,100,86.3908,0.863908
2021-07-08,KGS,100,87.316,0.87316
2021-07-09,KGS,100,88.6452,0.886452
2021-07-10,KGS,100,87.7907,0.877907
2021-07-13,KGS,100,88.0666,0.880666
2021-07-14,KGS,100,87.3276,0.873276
2021-07-15,KGS,100,87.4482,0.874482
2021-07-16,KGS,100,87.5766,0.875766
2021-07-17,KGS,100,87.4703,0.874703
2021-07-20,KGS,100,87.664,0.87664
2021-07-21,KGS,100,87.8347,0.878347
2021-07-22,KGS,100,87.839,0.87839
2021-07-23,KGS,100,86.9803,0.869803
2021-07-24,KGS,100,87.3889,0.873889
2021-07-27,KGS,100,87.9092,0.879092
2021-07-28,KGS,100,87.458,0.87458
2021-07-29,KGS,100,87.0251,0.870251
2021-07-30,KGS,100,86.4188,0.864188
2021-07-31,KGS,100,86.2352,0.862352
2021-08-03,KGS,100,86.1178,0.861178
2021-08-04,KGS,100,85.9825,0.859825
2021-08-05,KGS,100,85.9006,0.859006
2021-08-06,KGS,100,86.3468,0.863468
2021-08-07,KGS,100,86.3015,0.863015
2021-08-10,KGS,100,86.6859,0.866859
2021-08-11,KGS,100,86.778,0.86778
2021-08-12,KGS,100,87.2103,0.872103
2021-08-13,KGS,100,86.7258,0.867258
2021-08-14,KGS,100,86.4886,0.864886
2021-08-17,KGS,100,86.5276,0.865276
2021-08-18,KGS,100,86.6798,0.866798
2021-08-19,KGS,100,86.6914,0.866914
2021-08-20,KGS,100,87.6199,0.876199
2021-08-21,KGS,100,87.8488,0.878488
2021-08-24,KGS,100,87.4758,0.874758
2021-08-25,KGS,100,87.3955,0.873955
2021-08-26,KGS,100,87.0998,0.870998
2021-08-27,KGS,100,87.332,0.87332
2021-08-28,KGS,100,87.3233,0.873233
2021-08-31,KGS,100,86.8368,0.868368
2021-09-01,KGS,100,86.4871,0.864871
2021-09-02,KGS,100,86.3845,0.863845
2021-09-03,KGS,100,85.9757,0.859757
2021-09-04,KGS,100,85.9821,0.859821
2021-09-07,KGS,100,86.0536,0.860536
2021-09-08,KGS,100,86.3332,0.863332
2021-09-09,KGS,100,86.6295,0.866295
2021-09-10,KGS,100,86.2094,0.862094
2021-09-11,KGS,100,85.7744,0.857744
2021-09-14,KGS,100,86.1564,0.861564
2021-09-15,KGS,100,85.7238,0.857238
2021-09-16,KGS,100,85.8836,0.858836
2021-09-17,KGS,100,85.3928,0.853928
2021-09-18,KGS,100,85.5429,0.855429
2021-09-21,KGS,100,86.4713,0.864713
2021-09-22,KGS,100,86.3025,0.863025
2021-09-23,KGS,100,85.9165,0.859165
2021-09-24,KGS,100,85.7325,0.857325
2021-09-25,KGS,100,86.0669,0.860669
2021-09-28,KGS,100,85.658,0.85658
2021-09-29,KGS,100,85.4782,0.854782
2021-09-30,KGS,100,85.7753,0.857753
2021-10-01,KGS,100,85.6132,0.856132
2021-10-02,KGS,100,85.9648,0.859648
2021-10-05,KGS,100,85.9693,0.859693
2021-10-06,KGS,100,85.5488,0.855488
2021-10-07,KGS,100,85.5483,0.855483
2021-10-08,KGS,100,85.2149,0.852149
2021-10-09,KGS,100,84.8726,0.848726
2021-10-12,KGS,100,84.4509,0.844509
2021-10-13,KGS,100,84.7371,0.847371
2021-10-14,KGS,100,84.7107,0.847107
2021-10-15,KGS,100,84.6245,0.846245
2021-10-16,KGS,100,83.9791,0.839791
2021-10-19,KGS,100,83.9016,0.839016
2021-10-20,KGS,100,83.665,0.83665
2021-10-21,KGS,100,83.7714,0.837714
2021-10-22,KGS,100,83.6951,0.836951
2021-10-23,KGS,100,83.5372,0.835372
2021-10-26,KGS,100,82.6988,0.826988
2021-10-27,KGS,100,81.9991,0.819991
2021-10-28,KGS,100,82.3078,0.823078
2021-10-29,KGS,100,83.1452,0.831452
2021-10-30,KGS,100,83.1363,0.831363
2021-11-02,KGS,100,83.8013,0.838013
2021-11-03,KGS,100,84.2712,0.842712
2021-11-04,KGS,100,84.2744,0.842744
2021-11-09,KGS,100,84.1684,0.841684
2021-11-10,KGS,100,84.0376,0.840376
2021-11-11,KGS,100,83.3402,0.833402
2021-11-12,KGS,100,83.9317,0.839317
2021-11-13,KGS,100,84.6566,0.846566
2021-11-16,KGS,100,85.217,0.85217
2021-11-17,KGS,100,85.5422,0.855422
2021-11-18,KGS,100,85.858,0.85858
2021-11-19,KGS,100,85.5993,0.855993
2021-11-20,KGS,100,85.7764,0.857764
2021-11-23,KGS,100,86.6085,0.866085
2021-11-24,KGS,100,88.2302,0.882302
2021-11-25,KGS,100,87.6754,0.876754
2021-11-26,KGS,100,87.944,0.87944
2021-11-27,KGS,100,89.1074,0.891074
2021-11-30,KGS,100,88.42,0.8842
2021-12-01,KGS,100,88.2884,0.882884
2021-12-02,KGS,100,87.2177,0.872177
2021-12-03,KGS,100,87.3145,0.873145
2021-12-04,KGS,100,86.9433,0.869433
2021-12-07,KGS,100,86.852,0.86852
2021-12-08,KGS,100,87.4071,0.874071
2021-12-09,KGS,100,87.0568,0.870568
2021-12-10,KGS,100,86.7652,0.867652
2021-12-11,KGS,100,86.8476,0.868476
2021-12-14,KGS,100,86.5582,0.865582
2021-12-15,KGS,100,86.6121,0.866121
2021-12-16,KGS,100,87.0634,0.870634
2021-12-17,KGS,100,86.7373,0.867373
2021-12-18,KGS,100,86.9322,0.869322
2021-12-21,KGS,100,87.5842,0.875842
2021-12-22,KGS,100,87.0262,0.870262
2021-12-23,KGS,100,86.9931,0.869931
2021-12-24,KGS,100,86.4816,0.864816
2021-12-25,KGS,100,86.2885,0.862885
2021-12-28,KGS,100,86.3407,0.863407
2021-12-29,KGS,100,86.6419,0.866419
2021-12-30,KGS,100,86.8252,0.868252
2021-12-31,KGS,100,87.5906,0.875906
2022-01-11,KGS,100,88.5701,0.885701
2022-01-12,KGS,100,88.2211,0.882211
2022-01-13,KGS,100,87.8703,0.878703
2022-01-14,KGS,100,87.9191,0.879191
2022-01-15,KGS,100,89.3193,0.893193
2022-01-18,KGS,100,89.6625,0.896625
2022-01-19,KGS,100,90.0097,0.900097
2022-01-20,KGS,100,90.6315,0.906315
2022-01-21,KGS,100,90.116,0.90116
2022-01-22,KGS,100,90.427,0.90427
2022-01-25,KGS,100,91.2069,0.912069
2022-01-26,KGS,100,92.7155,0.927155
2022-01-27,KGS,100,93.0709,0.930709
2022-01-28,KGS,100,93.0749,0.930749
2022-01-29,KGS,100,91.7386,0.917386
2022-02-01,KGS,100,91.3279,0.913279
2022-02-02,KGS,100,90.929,0.90929
2022-02-03,KGS,100,90.1694,0.901694
2022-02-04,KGS,100,90.3672,0.903672
2022-02-05,KGS,100,89.6774,0.896774
2022-02-08,KGS,100,89.2174,0.892174
2022-02-09,KGS,100,88.7745,0.887745
2022-02-10,KGS,100,88.1899,0.881899
2022-02-11,KGS,100,88.0898,0.880898
2022-02-12,KGS,100,88.3994,0.883994
2022-02-15,KGS,100,90.2896,0.902896
2022-02-16,KGS,100,89.7958,0.897958
2022-02-17,KGS,100,88.4373,0.884373
2022-02-18,KGS,100,89.3039,0.893039
2022-02-19,KGS,100,89.3132,0.893132
2022-02-22,KGS,100,90.4982,0.904982
2022-02-23,KGS,100,94.8038,0.948038
2022-02-25,KGS,10,10.2478,1.02478
2022-02-26,KGS,100,98.4926,0.984926
2022-03-01,KGS,10,11.0069,1.10069
2022-03-02,KGS,10,10.7936,1.07936
2022-03-03,KGS,10,10.8736,1.08736
2022-03-04,KGS,10,11.6802,1.16802
2022-03-05,KGS,10,10.9465,1.09465
2022-03-06,KGS,10,10.8333,1.08333
2022-03-10,KGS,10,11.8824,1.18824
2022-03-11,KGS,10,12.3281,1.23281
2022-03-12,KGS,10,11.9527,1.19527
2022-03-15,KGS,10,11.0309,1.10309
2022-03-16,KGS,10,10.8235,1.08235
2022-03-17,KGS,10,10.3915,1.03915
2022-03-18,KGS,10,10.0406,1.00406
2022-03-19,KGS,10,10.0979,1.00979
2022-03-22,KGS,10,10.1687,1.01687
2022-03-23,KGS,10,10.2599,1.02599
2022-03-24,KGS,10,10.1916,1.01916
2022-03-25,KGS,100,97.1747,0.971747
2022-03-26,KGS,100,96.5109,0.965109
2022-03-29,KGS,100,95.0403,0.950403
2022-03-30,KGS,100,90.3741,0.903741
2022-03-31,KGS,100,88.0706,0.880706
2022-04-01,KGS,100,87.3632,0.873632
2022-04-02,KGS,100,97.0099,0.970099
2022-04-05,KGS,100,97.4658,0.974658
2022-04-06,KGS,100,97.2602,0.972602
2022-04-07,KGS,100,90.8094,0.908094
2022-04-08,KGS,100,83.8373,0.838373
2022-04-09,KGS,100,80.7754,0.807754
2022-04-12,KGS,100,91.8935,0.918935
2022-04-13,KGS,100,92.5685,0.925685
2022-04-14,KGS,100,95.6224,0.956224
2022-04-15,KGS,100,99.8255,0.998255
2022-04-16,KGS,100,98.335,0.98335
2022-04-19,KGS,100,98.7637,0.987637
2022-04-20,KGS,100,97.5491,0.975491
2022-04-21,KGS,100,93.3663,0.933663
2022-04-22,KGS,100,93.324,0.93324
2022-04-23,KGS,100,90.8983,0.908983
2022-04-26,KGS,100,88.2912,0.882912
2022-04-27,KGS,100,86.3552,0.863552
2022-04-28,KGS,100,86.6234,0.866234
2022-04-29,KGS,100,87.4491,0.874491
2022-04-30,KGS,100,86.5073,0.865073
2022-05-05,KGS,100,84.6537,0.846537
2022-05-06,KGS,100,80.7778,0.807778
2022-05-07,KGS,100,82.176,0.82176
2022-05-12,KGS,100,83.2817,0.832817
2022-05-13,KGS,100,79.5795,0.795795
2022-05-14,KGS,100,76.8094,0.768094
2022-05-17,KGS,100,77.0114,0.770114
2022-05-18,KGS,100,77.2269,0.772269
2022-05-19,KGS,100,79.1807,0.791807
2022-05-20,KGS,100,77.9942,0.779942
2022-05-21,KGS,100,73.7279,0.737279
2022-05-24,KGS,100,73.2185,0.732185
2022-05-25,KGS,100,71.6591,0.716591
2022-05-26,KGS,100,70.8171,0.708171
2022-05-27,KGS,100,78.0497,0.780497
2022-05-28,KGS,100,82.2086,0.822086
2022-05-31,KGS,100,76.4188,0.764188
2022-06-01,KGS,100,75.582,0.75582
2022-06-02,KGS,100,77.2785,0.772785
2022-06-03,KGS,100,77.4528,0.774528
2022-06-04,KGS,100,77.9445,0.779445
2022-06-07,KGS,100,76.8672,0.768672
2022-06-08,KGS,100,76.6748,0.766748
2022-06-09,KGS,100,75.7498,0.757498
2022-06-10,KGS,100,73.437,0.73437
2022-06-11,KGS,100,72.6755,0.726755
2022-06-15,KGS,100,71.8137,0.718137
2022-06-16,KGS,100,71.2726,0.712726
2022-06-17,KGS,100,71.5326,0.715326
2022-06-18,KGS,100,71.3325,0.713325
2022-06-21,KGS,100,70.6575,0.706575
2022-06-22,KGS,100,68.8109,0.688109
2022-06-23,KGS,100,67.0174,0.670174
2022-06-24,KGS,100,67.1131,0.671131
2022-06-25,KGS,100,67.0723,0.670723
2022-06-28,KGS,100,67.1244,0.671244
2022-06-29,KGS,100,66.6288,0.666288
2022-06-30,KGS,100,64.3497,0.643497
2022-07-01,KGS,100,66.0532,0.660532
2022-07-02,KGS,100,67.6322,0.676322
2022-07-05,KGS,100,69.2903,0.692903
2022-07-06,KGS,100,73.5997,0.735997
2022-07-07,KGS,100,79.1333,0.791333
2022-07-08,KGS,100,76.6527,0.766527
2022-07-09,KGS,100,74.1317,0.741317
2022-07-12,KGS,100,74.1778,0.741778
2022-07-13,KGS,100,71.7983,0.717983
2022-07-14,KGS,100,72.2874,0.722874
2022-07-15,KGS,100,71.8333,0.718333
2022-07-16,KGS,100,71.4249,0.714249
2022-07-19,KGS,100,70.6304,0.706304
2022-07-20,KGS,100,69.6319,0.696319
2022-07-21,KGS,100,68.9678,0.689678
2022-07-22,KGS,100,70.8817,0.708817
2022-07-23,KGS,100,71.9561,0.719561
2022-07-26,KGS,100,71.8489,0.718489
2022-07-27,KGS,100,72.4558,0.724558
2022-07-28,KGS,100,73.1103,0.731103
2022-07-29,KGS,100,72.4723,0.724723
2022-07-30,KGS,100,73.7131,0.737131
2022-08-02,KGS,100,74.7737,0.747737
2022-08-03,KGS,100,72.3601,0.723601
2022-08-04,KGS,100,72.4551,0.724551
2022-08-05,KGS,100,72.5843,0.725843
2022-08-06,KGS,100,72.7382,0.727382
2022-08-09,KGS,100,72.6704,0.726704
2022-08-10,KGS,100,72.8987,0.728987
2022-08-11,KGS,100,73.5182,0.735182
2022-08-12,KGS,100,73.6972,0.736972
2022-08-13,KGS,100,74.2635,0.742635
2022-08-16,KGS,100,74.5065,0.745065
2022-08-17,KGS,100,75.6382,0.756382
2022-08-18,KGS,100,75.0237,0.750237
2022-08-19,KGS,100,73.8375,0.738375
2022-08-20,KGS,100,73.0206,0.730206
2022-08-23,KGS,100,73.9838,0.739838
2022-08-24,KGS,100,74.5638,0.745638
2022-08-25,KGS,100,74.7222,0.747222
2022-08-26,KGS,100,74.3582,0.743582
2022-08-27,KGS,100,74.4789,0.744789
2022-08-30,KGS,100,74.8,0.748
2022-08-31,KGS,100,74.806,0.74806
2022-09-01,KGS,100,74.646,0.74646
2022-09-02,KGS,100,74.5669,0.745669
2022-09-03,KGS,100,74.6274,0.746274
2022-09-06,KGS,100,75.2168,0.752168
2022-09-07,KGS,100,75.0813,0.750813
2022-09-08,KGS,100,75.2203,0.752203
2022-09-09,KGS,100,74.2492,0.742492
2022-09-10,KGS,100,73.6774,0.736774
2022-09-13,KGS,100,73.7449,0.737449
2022-09-14,KGS,100,73.3621,0.733621
2022-09-15,KGS,100,73.135,0.73135
2022-09-16,KGS,100,73.6201,0.736201
2022-09-17,KGS,100,74.0662,0.740662
2022-09-20,KGS,100,74.2342,0.742342
2022-09-21,KGS,100,73.9732,0.739732
2022-09-22,KGS,100,74.9668,0.749668
2022-09-23,KGS,100,73.3794,0.733794
2022-09-24,KGS,100,71.2317,0.712317
2022-09-27,KGS,100,71.1866,0.711866
2022-09-28,KGS,100,72.2618,0.722618
2022-09-29,KGS,100,72.8177,0.728177
2022-09-30,KGS,100,71.6025,0.716025
2022-10-01,KGS,100,68.9707,0.689707
2022-10-04,KGS,100,71.7998,0.717998
2022-10-05,KGS,100,73.2498,0.732498
2022-10-06,KGS,100,73.9507,0.739507
2022-10-07,KGS,100,74.8699,0.748699
2022-10-08,KGS,100,75.3203,0.753203
2022-10-11,KGS,100,76.5584,0.765584
2022-10-12,KGS,100,77.3337,0.773337
2022-10-13,KGS,100,76.5033,0.765033
2022-10-14,KGS,100,75.9606,0.759606
2022-10-15,KGS,100,75.4467,0.754467
2022-10-18,KGS,100,74.6677,0.746677
2022-10-19,KGS,100,75.1188,0.751188
2022-10-20,KGS,100,74.8737,0.748737
2022-10-21,KGS,100,74.6746,0.746746
2022-10-22,KGS,100,74.0749,0.740749
2022-10-25,KGS,100,74.0195,0.740195
2022-10-26,KGS,100,74.2023,0.742023
2022-10-27,KGS,100,74.2604,0.742604
2022-10-28,KGS,100,73.9878,0.739878
2022-10-29,KGS,100,73.9168,0.739168
2022-11-01,KGS,100,73.796,0.73796
2022-11-02,KGS,100,73.5697,0.735697
2022-11-03,KGS,100,73.7825,0.737825
2022-11-04,KGS,100,74.1615,0.741615
2022-11-08,KGS,100,72.9025,0.729025
2022-11-09,KGS,100,72.5938,0.725938
2022-11-10,KGS,100,72.5619,0.725619
2022-11-11,KGS,100,72.7207,0.727207
2022-11-12,KGS,100,71.4323,0.714323
2022-11-15,KGS,100,71.5774,0.715774
2022-11-16,KGS,100,71.4755,0.714755
2022-11-17,KGS,100,71.4845,0.714845
2022-11-18,KGS,100,71.5091,0.715091
2022-11-19,KGS,100,71.4966,0.714966
2022-11-22,KGS,100,71.9533,0.719533
2022-11-23,KGS,100,71.8413,0.718413
2022-11-24,KGS,100,71.66,0.7166
2022-11-25,KGS,100,71.519,0.71519
2022-11-26,KGS,100,71.616,0.71616
2022-11-29,KGS,100,71.9518,0.719518
2022-11-30,KGS,100,72.3221,0.723221
2022-12-01,KGS,100,72.0919,0.720919
2022-12-02,KGS,100,72.4072,0.724072
2022-12-03,KGS,100,73.1497,0.731497
2022-12-06,KGS,100,73.6352,0.736352
2022-12-07,KGS,100,74.0857,0.740857
2022-12-08,KGS,100,74.0873,0.740873
2022-12-09,KGS,100,73.6585,0.736585
2022-12-10,KGS,100,73.433,0.73433
2022-12-13,KGS,100,73.8875,0.738875
2022-12-14,KGS,100,74.4108,0.744108
2022-12-15,KGS,100,74.5839,0.745839
2022-12-16,KGS,100,75.6933,0.756933
2022-12-17,KGS,100,76.0539,0.760539
2022-12-20,KGS,100,78.1017,0.781017
2022-12-21,KGS,100,80.5459,0.805459
2022-12-22,KGS,100,82.3129,0.823129
2022-12-23,KGS,100,84.186,0.84186
2022-12-24,KGS,100,80.1541,0.801541
2022-12-27,KGS,100,79.8888,0.798888
2022-12-28,KGS,100,81.623,0.81623
2022-12-29,KGS,100,83.2471,0.832471
2022-12-30,KGS,100,84.0077,0.840077
2022-12-31,KGS,100,82.0933,0.820933
2023-01-10,KGS,100,82.0497,0.820497
2023-01-11,KGS,100,81.2435,0.812435
2023-01-12,KGS,100,80.5558,0.805558
2023-01-13,KGS,100,79.1054,0.791054
2023-01-14,KGS,100,78.8683,0.788683
2023-01-17,KGS,100,79.7026,0.797026
2023-01-18,KGS,100,80.1405,0.801405
2023-01-19,KGS,100,80.3838,0.803838
2023-01-20,KGS,100,80.1579,0.801579
2023-01-21,KGS,100,79.7696,0.797696
2023-01-24,KGS,100,79.6721,0.796721
2023-01-25,KGS,100,79.8988,0.798988
2023-01-26,KGS,100,80.0985,0.800985
2023-01-27,KGS,100,80.2651,0.802651
2023-01-28,KGS,100,80.4843,0.804843
2023-01-31,KGS,100,80.7808,0.807808
2023-02-01,KGS,100,81.8542,0.818542
2023-02-02,KGS,100,81.3949,0.813949
2023-02-03,KGS,100,81.2351,0.812351
2023-02-04,KGS,100,81.6054,0.816054
2023-02-07,KGS,100,81.854,0.81854
2023-02-08,KGS,100,81.7075,0.817075
2023-02-09,KGS,100,82.4897,0.824897
2023-02-10,KGS,100,84.0093,0.840093
2023-02-11,KGS,100,83.8953,0.838953
2023-02-14,KGS,100,84.8573,0.848573
2023-02-15,KGS,100,84.9318,0.849318
2023-02-16,KGS,100,85.3256,0.853256
2023-02-17,KGS,100,85.5226,0.855226
2023-02-18,KGS,100,85.5168,0.855168
2023-02-21,KGS,100,84.6982,0.846982
2023-02-22,KGS,100,85.634,0.85634
2023-02-23,KGS,100,85.4595,0.854595
2023-02-28,KGS,100,86.2902,0.862902
2023-03-01,KGS,100,85.6706,0.856706
2023-03-02,KGS,100,86.0841,0.860841
2023-03-03,KGS,100,86.3347,0.863347
2023-03-04,KGS,100,86.318,0.86318
2023-03-07,KGS,100,86.3336,0.863336
2023-03-08,KGS,100,86.3163,0.863163
2023-03-10,KGS,100,86.8254,0.868254
2023-03-11,KGS,100,86.8687,0.868687
2023-03-14,KGS,100,86.3199,0.863199
2023-03-15,KGS,100,86.0133,0.860133
2023-03-16,KGS,100,86.648,0.86648
2023-03-17,KGS,100,87.4051,0.874051
2023-03-18,KGS,100,87.628,0.87628
2023-03-21,KGS,100,88.3576,0.883576
2023-03-22,KGS,100,87.8944,0.878944
2023-03-23,KGS,100,88.0303,0.880303
2023-03-24,KGS,100,87.288,0.87288
2023-03-25,KGS,100,87.449,0.87449
2023-03-28,KGS,100,87.5843,0.875843
2023-03-29,KGS,100,87.616,0.87616
2023-03-30,KGS,100,88.0555,0.880555
2023-03-31,KGS,100,88.1792,0.881792
2023-04-01,KGS,100,88.4504,0.884504
2023-04-04,KGS,100,89.1684,0.891684
2023-04-05,KGS,100,90.7759,0.907759
2023-04-06,KGS,100,90.9358,0.909358
2023-04-07,KGS,100,92.2801,0.922801
2023-04-08,KGS,100,94.2562,0.942562
2023-04-11,KGS,100,93.5073,0.935073
2023-04-12,KGS,100,94.0058,0.940058
2023-04-13,KGS,100,93.9069,0.939069
2023-04-14,KGS,100,93.3291,0.933291
2023-04-15,KGS,100,93.1267,0.931267
2023-04-18,KGS,100,93.2698,0.932698
2023-04-19,KGS,100,93.2458,0.932458
2023-04-20,KGS,100,93.2986,0.932986
2023-04-21,KGS,100,93.2573,0.932573
2023-04-22,KGS,100,93.1059,0.931059
2023-04-25,KGS,100,92.8639,0.928639
2023-04-26,KGS,100,93.1786,0.931786
2023-04-27,KGS,100,93.2671,0.932671
2023-04-28,KGS,100,93.1902,0.931902
2023-04-29,KGS,100,91.9896,0.919896
2023-05-03,KGS,100,91.363,0.91363
2023-05-04,KGS,100,90.616,0.90616
2023-05-05,KGS,100,90.0441,0.900441
2023-05-06,KGS,100,87.9902,0.879902
2023-05-11,KGS,100,87.8498,0.878498
2023-05-12,KGS,100,86.9198,0.869198
2023-05-13,KGS,100,88.4354,0.884354
2023-05-16,KGS,100,90.5508,0.905508
2023-05-17,KGS,100,91.4246,0.914246
2023-05-18,KGS,100,92.2829,0.922829
2023-05-19,KGS,100,91.451,0.91451
2023-05-20,KGS,100,91.304,0.91304
2023-05-23,KGS,100,91.3367,0.913367
2023-05-24,KGS,100,91.5979,0.915979
2023-05-25,KGS,100,91.3699,0.913699
2023-05-26,KGS,100,91.3165,0.913165
2023-05-27,KGS,100,91.2966,0.912966
2023-05-30,KGS,100,91.398,0.91398
2023-05-31,KGS,100,92.1192,0.921192
2023-06-01,KGS,100,92.4697,0.924697
2023-06-02,KGS,100,92.4405,0.924405
2023-06-03,KGS,100,92.3343,0.923343
2023-06-06,KGS,100,92.9713,0.929713
2023-06-07,KGS,100,92.9621,0.929621
2023-06-08,KGS,100,93.2176,0.932176
2023-06-09,KGS,100,93.8099,0.938099
2023-06-10,KGS,100,94.3618,0.943618
2023-06-14,KGS,100,95.4909,0.954909
2023-06-15,KGS,100,96.2723,0.962723
2023-06-16,KGS,100,95.8569,0.958569
2023-06-17,KGS,100,95.5015,0.955015
2023-06-20,KGS,100,96.0106,0.960106
2023-06-21,KGS,100,96.4422,0.964422
2023-06-22,KGS,100,96.4979,0.964979
2023-06-23,KGS,100,95.7706,0.957706
2023-06-24,KGS,100,96.3125,0.963125
2023-06-27,KGS,100,96.9551,0.969551
2023-06-28,KGS,100,97.412,0.97412
2023-06-29,KGS,100,98.0635,0.980635
2023-06-30,KGS,100,99.7792,0.997792
2023-07-01,KGS,10,10.1357,1.01357
2023-07-04,KGS,10,10.2308,1.02308
2023-07-05,KGS,10,10.2419,1.02419
2023-07-06,KGS,10,10.3158,1.03158
2023-07-07,KGS,10,10.5685,1.05685
2023-07-08,KGS,10,10.45,1.045
2023-07-11,KGS,10,10.428,1.0428
2023-07-12,KGS,10,10.3151,1.03151
2023-07-13,KGS,10,10.3142,1.03142
2023-07-14,KGS,10,10.2624,1.02624
2023-07-15,KGS,10,10.2559,1.02559
2023-07-18,KGS,10,10.2905,1.02905
2023-07-19,KGS,10,10.321,1.0321
2023-07-20,KGS,10,10.3795,1.03795
2023-07-21,KGS,10,10.3396,1.03396
2023-07-22,KGS,10,10.2862,1.02862
2023-07-25,KGS,10,10.2992,1.02992
2023-07-26,KGS,10,10.2552,1.02552
2023-07-27,KGS,10,10.2739,1.02739
2023-07-28,KGS,10,10.2765,1.02765
2023-07-29,KGS,10,10.381,1.0381
2023-08-01,KGS,10,10.443,1.0443
2023-08-02,KGS,10,10.4549,1.04549
2023-08-03,KGS,10,10.5793,1.05793
2023-08-04,KGS,10,10.6846,1.06846
2023-08-05,KGS,10,10.794,1.0794
2023-08-08,KGS,10,10.9897,1.09897
2023-08-09,KGS,10,10.9338,1.09338
2023-08-10,KGS,10,11.0845,1.10845
2023-08-11,KGS,10,11.0708,1.10708
2023-08-12,KGS,10,11.1573,1.11573
2023-08-15,KGS,10,11.4467,1.14467
2023-08-16,KGS,10,11.0368,1.10368
2023-08-17,KGS,10,10.9555,1.09555
2023-08-18,KGS,10,10.6204,1.06204
2023-08-19,KGS,10,10.5817,1.05817
2023-08-22,KGS,10,10.6653,1.06653
2023-08-23,KGS,10,10.6771,1.06771
2023-08-24,KGS,10,10.7112,1.07112
2023-08-25,KGS,10,10.6997,1.06997
2023-08-26,KGS,10,10.7359,1.07359
2023-08-29,KGS,10,10.8185,1.08185
2023-08-30,KGS,10,10.8453,1.08453
2023-08-31,KGS,10,10.8696,1.08696
2023-09-01,KGS,10,10.9156,1.09156
2023-09-02,KGS,10,10.9158,1.09158
2023-09-05,KGS,10,10.9479,1.09479
2023-09-06,KGS,10,11.05,1.105
2023-09-07,KGS,10,11.0846,1.10846
2023-09-08,KGS,10,11.1104,1.11104
2023-09-09,KGS,10,11.0801,1.10801
2023-09-12,KGS,10,10.9185,1.09185
2023-09-13,KGS,10,10.7143,1.07143
2023-09-14,KGS,10,10.8586,1.08586
2023-09-15,KGS,10,10.8444,1.08444
2023-09-16,KGS,10,10.8932,1.08932
2023-09-19,KGS,10,10.8947,1.08947
2023-09-20,KGS,10,10.847,1.0847
2023-09-21,KGS,10,10.8914,1.08914
2023-09-22,KGS,10,10.8304,1.08304
2023-09-23,KGS,10,10.8265,1.08265
2023-09-26,KGS,10,10.8382,1.08382
2023-09-27,KGS,10,10.8486,1.08486
2023-09-28,KGS,10,10.8781,1.08781
2023-09-29,KGS,10,10.9347,1.09347
2023-09-30,KGS,10,10.9813,1.09813
2023-10-03,KGS,10,11.1012,1.11012
2023-10-04,KGS,10,11.1901,1.11901
2023-10-05,KGS,10,11.2113,1.12113
2023-10-06,KGS,10,11.2362,1.12362
2023-10-07,KGS,10,11.3013,1.13013
2023-10-10,KGS,10,11.399,1.1399
2023-10-11,KGS,10,11.2387,1.12387
2023-10-12,KGS,10,11.2439,1.12439
2023-10-13,KGS,10,10.8775,1.08775
2023-10-14,KGS,10,10.9126,1.09126
2023-10-17,KGS,10,10.9088,1.09088
2023-10-18,KGS,10,10.8985,1.08985
2023-10-19,KGS,10,10.9015,1.09015
2023-10-20,KGS,10,10.8942,1.08942
2023-10-21,KGS,10,10.7373,1.07373
2023-10-24,KGS,10,10.6032,1.06032
2023-10-25,KGS,10,10.4705,1.04705
2023-10-26,KGS,10,10.4289,1.04289
2023-10-27,KGS,10,10.4749,1.04749
2023-10-28,KGS,10,10.4363,1.04363
2023-10-31,KGS,10,10.4393,1.04393
2023-11-01,KGS,10,10.3027,1.03027
2023-11-02,KGS,10,10.4434,1.04434
2023-11-03,KGS,10,10.4314,1.04314
2023-11-04,KGS,10,10.4159,1.04159
2023-11-08,KGS,10,10.3465,1.03465
2023-11-09,KGS,10,10.3221,1.03221
2023-11-10,KGS,10,10.2918,1.02918
2023-11-11,KGS,10,10.306,1.0306
2023-11-14,KGS,10,10.3133,1.03133
2023-11-15,KGS,10,10.2169,1.02169
2023-11-16,KGS,10,10.0165,1.00165
2023-11-17,KGS,100,99.6347,0.996347
2023-11-18,KGS,100,99.9976,0.999976
2023-11-21,KGS,100,99.3016,0.993016
2023-11-22,KGS,100,98.7194,0.987194
2023-11-23,KGS,100,99.1378,0.991378
2023-11-24,KGS,100,99.2152,0.992152
2023-11-25,KGS,10,10.021,1.0021
2023-11-28,KGS,100,99.8362,0.998362
2023-11-29,KGS,100,99.6525,0.996525
2023-11-30,KGS,100,99.828,0.99828
2023-12-01,KGS,100,99.3468,0.993468
2023-12-02,KGS,10,10.0646,1.00646
2023-12-05,KGS,10,10.1537,1.01537
2023-12-06,KGS,10,10.2539,1.02539
2023-12-07,KGS,10,10.3877,1.03877
2023-12-08,KGS,10,10.3633,1.03633
2023-12-09,KGS,10,10.2598,1.02598
2023-12-12,KGS,10,10.1864,1.01864
2023-12-13,KGS,10,10.1003,1.01003
2023-12-14,KGS,10,10.0776,1.00776
2023-12-15,KGS,10,10.0668,1.00668
2023-12-16,KGS,10,10.0745,1.00745
2023-12-19,KGS,10,10.1534,1.01534
2023-12-20,KGS,10,10.1202,1.01202
2023-12-21,KGS,10,10.1733,1.01733
2023-12-22,KGS,10,10.3174,1.03174
2023-12-23,KGS,10,10.3042,1.03042
2023-12-26,KGS,10,10.3146,1.03146
2023-12-27,KGS,10,10.3034,1.03034
2023-12-28,KGS,10,10.3006,1.03006
2023-12-29,KGS,10,10.1394,1.01394
2023-12-30,KGS,10,10.0677,1.00677
2024-01-10,KGS,10,10.1257,1.01257
2024-01-11,KGS,10,10.0086,1.00086
2024-01-12,KGS,100,99.3974,0.993974
2024-01-13,KGS,100,98.6704,0.986704
2024-01-16,KGS,100,98.1608,0.981608
2024-01-17,KGS,100,98.1295,0.981295
2024-01-18,KGS,100,98.9479,0.989479
2024-01-19,KGS,100,99.2821,0.992821
2024-01-20,KGS,100,99.185,0.99185
2024-01-23,KGS,100,98.5052,0.985052
2024-01-24,KGS,100,98.4649,0.984649
2024-01-25,KGS,100,98.8444,0.988444
2024-01-26,KGS,100,99.2568,0.992568
2024-01-27,KGS,10,10.0219,1.00219
2024-01-30,KGS,10,10.0324,1.00324
2024-01-31,KGS,100,99.965,0.99965
2024-02-01,KGS,10,10.0389,1.00389
2024-02-02,KGS,10,10.1019,1.01019
2024-02-03,KGS,10,10.1503,1.01503
2024-02-06,KGS,10,10.2028,1.02028
2024-02-07,KGS,10,10.1402,1.01402
2024-02-08,KGS,10,10.1925,1.01925
2024-02-09,KGS,10,10.2042,1.02042
2024-02-10,KGS,10,10.1633,1.01633
2024-02-13,KGS,10,10.184,1.0184
2024-02-14,KGS,10,10.1986,1.01986
2024-02-15,KGS,10,10.2238,1.02238
2024-02-16,KGS,10,10.2677,1.02677
2024-02-17,KGS,10,10.3488,1.03488
2024-02-20,KGS,10,10.3332,1.03332
2024-02-21,KGS,10,10.3264,1.03264
2024-02-22,KGS,10,10.3364,1.03364
2024-02-23,KGS,10,10.3715,1.03715
2024-02-27,KGS,10,10.3581,1.03581
2024-02-28,KGS,10,10.2921,1.02921
2024-02-29,KGS,10,10.2727,1.02727
2024-03-01,KGS,10,10.159,1.0159
2024-03-02,KGS,10,10.2163,1.02163
2024-03-05,KGS,10,10.2151,1.02151
2024-03-06,KGS,10,10.1935,1.01935
2024-03-07,KGS,10,10.1019,1.01019
2024-03-08,KGS,10,10.1475,1.01475
2024-03-12,KGS,10,10.1336,1.01336
2024-03-13,KGS,10,10.1623,1.01623
2024-03-14,KGS,10,10.23,1.023
2024-03-15,KGS,10,10.2375,1.02375
2024-03-16,KGS,10,10.2637,1.02637
2024-03-19,KGS,10,10.2763,1.02763
2024-03-20,KGS,10,10.3032,1.03032
2024-03-21,KGS,10,10.3548,1.03548
2024-03-22,KGS,10,10.2726,1.02726
2024-03-23,KGS,10,10.3465,1.03465
2024-03-26,KGS,10,10.3649,1.03649
2024-03-27,KGS,10,10.3424,1.03424
2024-03-28,KGS,10,10.3443,1.03443
2024-03-29,KGS,10,10.312,1.0312
2024-03-30,KGS,10,10.3236,1.03236
2024-04-02,KGS,10,10.3226,1.03226
2024-04-03,KGS,10,10.3554,1.03554
2024-04-04,KGS,10,10.3401,1.03401
2024-04-05,KGS,10,10.3308,1.03308
2024-04-06,KGS,10,10.3448,1.03448
2024-04-09,KGS,10,10.3828,1.03828
2024-04-10,KGS,10,10.4069,1.04069
2024-04-11,KGS,10,10.46,1.046
2024-04-12,KGS,10,10.5161,1.05161
2024-04-13,KGS,10,10.485,1.0485
2024-04-16,KGS,10,10.5015,1.05015
2024-04-17,KGS,10,10.5575,1.05575
2024-04-18,KGS,10,10.5976,1.05976
2024-04-19,KGS,10,10.5714,1.05714
2024-04-20,KGS,10,10.497,1.0497
2024-04-23,KGS,10,10.4888,1.04888
2024-04-24,KGS,10,10.4999,1.04999
2024-04-25,KGS,10,10.4113,1.04113
2024-04-26,KGS,10,10.3704,1.03704
2024-04-27,KGS,10,10.3611,1.03611
2024-04-28,KGS,10,10.3347,1.03347
2024-05-03,KGS,10,10.3802,1.03802
2024-05-04,KGS,10,10.3394,1.03394
2024-05-07,KGS,10,10.2975,1.02975
2024-05-08,KGS,10,10.2888,1.02888
2024-05-09,KGS,10,10.3888,1.03888
2024-05-14,KGS,10,10.3729,1.03729
2024-05-15,KGS,10,10.3424,1.03424
2024-05-16,KGS,10,10.3319,1.03319
2024-05-17,KGS,10,10.3016,1.03016
2024-05-18,KGS,10,10.3149,1.03149
2024-05-21,KGS,10,10.2787,1.02787
2024-05-22,KGS,10,10.2562,1.02562
2024-05-23,KGS,10,10.2463,1.02463
2024-05-24,KGS,10,10.2561,1.02561
2024-05-25,KGS,10,10.1986,1.01986
2024-05-28,KGS,10,10.0877,1.00877
2024-05-29,KGS,10,10.0611,1.00611
2024-05-30,KGS,10,10.1778,1.01778
2024-05-31,KGS,10,10.238,1.0238
2024-06-01,KGS,10,10.2841,1.02841
2024-06-04,KGS,10,10.191,1.0191
2024-06-05,KGS,10,10.1381,1.01381
2024-06-06,KGS,10,10.1633,1.01633
2024-06-07,KGS,10,10.1671,1.01671
2024-06-08,KGS,10,10.1672,1.01672
2024-06-11,KGS,10,10.228,1.0228
2024-06-12,KGS,10,10.2335,1.02335
2024-06-14,KGS,10,10.1251,1.01251
2024-06-15,KGS,10,10.1373,1.01373
2024-06-18,KGS,10,10.1354,1.01354
2024-06-19,KGS,100,99.3537,0.993537
2024-06-20,KGS,100,94.6486,0.946486
2024-06-21,KGS,100,98.2976,0.982976
2024-06-22,KGS,10,10.1384,1.01384
2024-06-25,KGS,10,10.0784,1.00784
2024-06-26,KGS,10,10.0797,1.00797
2024-06-27,KGS,10,10.1544,1.01544
2024-06-28,KGS,100,98.2811,0.982811
2024-06-29,KGS,100,99.1932,0.991932
2024-07-02,KGS,10,10.1097,1.01097
2024-07-03,KGS,10,10.2163,1.02163
2024-07-04,KGS,10,10.2196,1.02196
2024-07-05,KGS,10,10.2439,1.02439
2024-07-06,KGS,10,10.2602,1.02602
2024-07-09,KGS,10,10.2801,1.02801
2024-07-10,KGS,10,10.2757,1.02757
2024-07-11,KGS,10,10.2768,1.02768
2024-07-12,KGS,10,10.3139,1.03139
2024-07-13,KGS,10,10.2864,1.02864
2024-07-16,KGS,10,10.294,1.0294
2024-07-17,KGS,10,10.3578,1.03578
2024-07-18,KGS,10,10.3683,1.03683
2024-07-19,KGS,10,10.3624,1.03624
2024-07-20,KGS,10,10.3991,1.03991
2024-07-23,KGS,10,10.3759,1.03759
2024-07-24,KGS,10,10.3476,1.03476
2024-07-25,KGS,10,10.2758,1.02758
2024-07-26,KGS,10,10.1437,1.01437
2024-07-27,KGS,10,10.1814,1.01814
2024-07-30,KGS,10,10.3005,1.03005
2024-07-31,KGS,10,10.2737,1.02737
2024-08-01,KGS,10,10.2474,1.02474
2024-08-02,KGS,10,10.2087,1.02087
2024-08-03,KGS,10,10.199,1.0199
2024-08-06,KGS,10,10.0526,1.00526
2024-08-07,KGS,10,10.0685,1.00685
2024-08-08,KGS,10,10.1436,1.01436
2024-08-09,KGS,10,10.1654,1.01654
2024-08-10,KGS,10,10.3035,1.03035
2024-08-13,KGS,10,10.5325,1.05325
2024-08-14,KGS,10,10.8155,1.08155
2024-08-15,KGS,10,10.5024,1.05024
2024-08-16,KGS,10,10.3613,1.03613
2024-08-17,KGS,10,10.3741,1.03741
2024-08-20,KGS,10,10.4484,1.04484
2024-08-21,KGS,10,10.5862,1.05862
2024-08-22,KGS,10,10.7099,1.07099
2024-08-23,KGS,10,10.6774,1.06774
2024-08-24,KGS,10,10.7337,1.07337
2024-08-27,KGS,10,10.7704,1.07704
2024-08-28,KGS,10,10.7452,1.07452
2024-08-29,KGS,10,10.7456,1.07456
2024-08-30,KGS,10,10.7522,1.07522
2024-08-31,KGS,10,10.7386,1.07386
2024-09-03,KGS,10,10.6221,1.06221
2024-09-04,KGS,10,10.4733,1.04733
2024-09-05,KGS,10,10.5404,1.05404
2024-09-06,KGS,10,10.6499,1.06499
2024-09-07,KGS,10,10.6678,1.06678
2024-09-10,KGS,10,10.7346,1.07346
2024-09-11,KGS,10,10.821,1.0821
2024-09-12,KGS,10,10.8391,1.08391
2024-09-13,KGS,10,10.8001,1.08001
2024-09-14,KGS,10,10.7551,1.07551
2024-09-17,KGS,10,10.7646,1.07646
2024-09-18,KGS,10,10.8129,1.08129
2024-09-19,KGS,10,10.8664,1.08664
2024-09-20,KGS,10,10.9993,1.09993
2024-09-21,KGS,10,10.9908,1.09908
2024-09-24,KGS,10,11.0291,1.10291
2024-09-25,KGS,10,11.0259,1.10259
2024-09-26,KGS,10,10.9724,1.09724
2024-09-27,KGS,10,10.9748,1.09748
2024-09-28,KGS,10,11.011,1.1011
2024-10-01,KGS,10,11.071,1.1071
2024-10-02,KGS,10,11.0822,1.10822
2024-10-03,KGS,10,11.1973,1.11973
2024-10-04,KGS,10,11.251,1.1251
2024-10-05,KGS,10,11.2007,1.12007
2024-10-08,KGS,10,11.3418,1.13418
2024-10-09,KGS,10,11.2987,1.12987
2024-10-10,KGS,10,11.3789,1.13789
2024-10-11,KGS,10,11.4131,1.14131
2024-10-12,KGS,10,11.2361,1.12361
2024-10-15,KGS,10,11.24,1.124
2024-10-16,KGS,10,11.3464,1.13464
2024-10-17,KGS,10,11.3751,1.13751
2024-10-18,KGS,10,11.3625,1.13625
2024-10-19,KGS,10,11.2769,1.12769
2024-10-22,KGS,10,11.2389,1.12389
2024-10-23,KGS,10,11.2973,1.12973
2024-10-24,KGS,10,11.3027,1.13027
2024-10-25,KGS,10,11.2751,1.12751
2024-10-26,KGS,10,11.2664,1.12664
2024-10-29,KGS,10,11.3322,1.13322
2024-10-30,KGS,10,11.3434,1.13434
2024-10-31,KGS,10,11.3115,1.13115
2024-11-01,KGS,10,11.308,1.1308
2024-11-02,KGS,10,11.3567,1.13567
2024-11-03,KGS,10,11.3695,1.13695
2024-11-06,KGS,10,11.3791,1.13791
2024-11-07,KGS,10,11.3948,1.13948
2024-11-08,KGS,10,11.3773,1.13773
2024-11-09,KGS,10,11.3496,1.13496
2024-11-12,KGS,10,11.3637,1.13637
2024-11-13,KGS,10,11.3638,1.13638
2024-11-14,KGS,10,11.4113,1.14113
2024-11-15,KGS,10,11.4635,1.14635
2024-11-16,KGS,10,11.5604,1.15604
2024-11-19,KGS,10,11.5541,1.15541
2024-11-20,KGS,10,11.5647,1.15647
2024-11-21,KGS,10,11.586,1.1586
2024-11-22,KGS,10,11.6393,1.16393
2024-11-23,KGS,10,11.8585,1.18585
2024-11-26,KGS,10,11.9589,1.19589
2024-11-27,KGS,10,12.1037,1.21037
2024-11-28,KGS,10,12.4436,1.24436
2024-11-29,KGS,10,12.6242,1.26242
2024-11-30,KGS,10,12.4125,1.24125
2024-12-03,KGS,10,12.3475,1.23475
2024-12-04,KGS,10,12.2336,1.22336
2024-12-05,KGS,10,12.0088,1.20088
2024-12-06,KGS,10,11.9106,1.19106
2024-12-07,KGS,10,11.4541,1.14541
2024-12-10,KGS,10,11.4488,1.14488
2024-12-11,KGS,10,11.5245,1.15245
2024-12-12,KGS,10,11.8975,1.18975
2024-12-13,KGS,10,11.9758,1.19758
2024-12-14,KGS,10,11.8943,1.18943
2024-12-17,KGS,10,11.8293,1.18293
2024-12-18,KGS,10,11.8388,1.18388
2024-12-19,KGS,10,11.8134,1.18134
2024-12-20,KGS,10,11.8874,1.18874
2024-12-21,KGS,10,11.7637,1.17637
2024-12-24,KGS,10,11.6798,1.16798
2024-12-25,KGS,10,11.4796,1.14796
2024-12-26,KGS,10,11.4497,1.14497
2024-12-27,KGS,10,11.4057,1.14057
2024-12-28,KGS,10,11.555,1.1555
2024-12-29,KGS,10,11.6874,1.16874
2025-01-10,KGS,10,11.7576,1.17576
2025-01-11,KGS,10,11.7143,1.17143
2025-01-14,KGS,10,11.7467,1.17467
2025-01-15,KGS,10,11.8282,1.18282
2025-01-16,KGS,10,11.7563,1.17563
2025-01-17,KGS,10,11.7069,1.17069
2025-01-18,KGS,10,11.7111,1.17111
2025-01-21,KGS,10,11.6593,1.16593
2025-01-22,KGS,10,11.4269,1.14269
2025-01-23,KGS,10,11.2385,1.12385
2025-01-24,KGS,10,11.3322,1.13322
2025-01-25,KGS,10,11.2365,1.12365
2025-01-28,KGS,10,11.1071,1.11071
2025-01-29,KGS,10,11.2025,1.12025
2025-01-30,KGS,10,11.2078,1.12078
2025-01-31,KGS,10,11.2071,1.12071
2025-02-01,KGS,10,11.1848,1.11848
2025-02-04,KGS,10,11.4286,1.14286
2025-02-05,KGS,10,11.2674,1.12674
2025-02-06,KGS,10,11.2128,1.12128
2025-02-07,KGS,10,11.0818,1.10818
2025-02-08,KGS,10,11.1236,1.11236
2025-02-11,KGS,10,11.0671,1.10671
2025-02-12,KGS,10,10.9551,1.09551
2025-02-13,KGS,10,10.7545,1.07545
2025-02-14,KGS,10,10.4095,1.04095
2025-02-15,KGS,10,10.327,1.0327
2025-02-18,KGS,10,10.4557,1.04557
2025-02-19,KGS,10,10.4448,1.04448
2025-02-20,KGS,10,10.3404,1.03404
2025-02-21,KGS,10,10.1212,1.01212
2025-02-22,KGS,10,10.0821,1.00821
2025-02-25,KGS,10,10.0865,1.00865
2025-02-26,KGS,10,9.9065,0.99065
2025-02-27,KGS,10,9.8259,0.98259
2025-02-28,KGS,10,10.0282,1.00282
2025-03-01,KGS,10,10.0924,1.00924
2025-03-04,KGS,10,10.2058,1.02058
2025-03-05,KGS,10,10.2056,1.02056
2025-03-06,KGS,10,10.2673,1.02673
2025-03-07,KGS,10,10.2436,1.02436
2025-03-08,KGS,10,10.1928,1.01928
2025-03-11,KGS,10,10.1072,1.01072
2025-03-12,KGS,10,9.8991,0.98991
2025-03-13,KGS,10,9.9051,0.99051
2025-03-14,KGS,10,9.905,0.9905
2025-03-15,KGS,10,9.785,0.9785
2025-03-18,KGS,10,9.6464,0.96464
2025-03-19,KGS,10,9.3664,0.93664
2025-03-20,KGS,10,9.6775,0.96775
2025-03-21,KGS,10,9.8243,0.98243
2025-03-22,KGS,10,9.8527,0.98527
2025-03-25,KGS,10,9.6751,0.96751
2025-03-26,KGS,10,9.7371,0.97371
2025-03-27,KGS,100,97.3974,0.973974
2025-03-28,KGS,100,96.9187,0.969187
2025-03-29,KGS,100,96.8534,0.968534
2025-04-01,KGS,100,98.8338,0.988338
2025-04-02,KGS,100,97.9316,0.979316
2025-04-03,KGS,100,97.4435,0.974435
2025-04-04,KGS,100,97.3145,0.973145
2025-04-05,KGS,100,97.1287,0.971287
2025-04-08,KGS,100,99.2588,0.992588
2025-04-09,KGS,100,98.1702,0.981702
2025-04-10,KGS,100,98.5138,0.985138
2025-04-11,KGS,100,97.2166,0.972166
2025-04-12,KGS,100,96.0595,0.960595
2025-04-15,KGS,100,94.6451,0.946451
2025-04-16,KGS,100,94.1121,0.941121
2025-04-17,KGS,100,94.4766,0.944766
2025-04-18,KGS,100,94.0235,0.940235
2025-04-19,KGS,100,93.154,0.93154
2025-04-22,KGS,100,92.9685,0.929685
2025-04-23,KGS,100,93.7692,0.937692
2025-04-24,KGS,100,94.6791,0.946791
2025-04-25,KGS,100,94.8905,0.948905
2025-04-26,KGS,100,94.5168,0.945168
2025-04-29,KGS,100,94.393,0.94393
2025-04-30,KGS,100,93.2666,0.932666
2025-05-01,KGS,100,93.1885,0.931885
2025-05-06,KGS,100,93.6692,0.936692
2025-05-07,KGS,100,92.5836,0.925836
2025-05-08,KGS,100,92.4656,0.924656
2025-05-13,KGS,100,92.4966,0.924966
2025-05-14,KGS,100,92.1098,0.921098
2025-05-15,KGS,100,91.7366,0.917366
2025-05-16,KGS,100,91.8392,0.918392
2025-05-17,KGS,100,92.3601,0.923601
2025-05-20,KGS,100,91.9539,0.919539
2025-05-21,KGS,100,91.8325,0.918325
2025-05-22,KGS,100,91.1984,0.911984
2025-05-23,KGS,100,91.1786,0.911786
2025-05-24,KGS,100,91.1501,0.911501
2025-05-27,KGS,100,91.0907,0.910907
2025-05-28,KGS,100,91.0436,0.910436
2025-05-29,KGS,100,91.0277,0.910277
2025-05-30,KGS,100,89.7621,0.897621
2025-05-31,KGS,100,89.8995,0.898995
2025-06-03,KGS,100,90.4843,0.904843
2025-06-04,KGS,100,90.1714,0.901714
2025-06-05,KGS,100,89.7684,0.897684
2025-06-06,KGS,100,90.4828,0.904828
2025-06-07,KGS,100,90.5321,0.905321
2025-06-10,KGS,100,90.5138,0.905138
2025-06-11,KGS,100,89.8803,0.898803
2025-06-12,KGS,100,90.3405,0.903405
2025-06-17,KGS,100,89.7732,0.897732
2025-06-18,KGS,100,90.0097,0.900097
2025-06-19,KGS,100,90.0142,0.900142
2025-06-20,KGS,100,89.7472,0.897472
2025-06-21,KGS,100,89.7674,0.897674
2025-06-24,KGS,100,89.5654,0.895654
2025-06-25,KGS,100,89.8272,0.898272
2025-06-26,KGS,100,89.6414,0.896414
2025-06-27,KGS,100,89.599,0.89599
2025-06-28,KGS,100,89.7871,0.897871
2025-07-01,KGS,100,89.8194,0.898194
2025-07-02,KGS,100,89.6719,0.896719
2025-07-03,KGS,100,89.9417,0.899417
2025-07-04,KGS,100,90.0893,0.900893
2025-07-05,KGS,100,90.1491,0.901491
2025-07-08,KGS,100,90.0154,0.900154
2025-07-09,KGS,100,89.3862,0.893862
2025-07-10,KGS,100,89.3913,0.893913
2025-07-11,KGS,100,89.0828,0.890828
2025-07-12,KGS,100,89.0629,0.890629
2025-07-15,KGS,100,89.6264,0.896264
2025-07-16,KGS,100,89.1463,0.891463
2025-07-17,KGS,100,89.1464,0.891464
2025-07-18,KGS,100,89.4061,0.894061
2025-07-19,KGS,100,89.5516,0.895516
2025-07-22,KGS,100,89.5682,0.895682
2025-07-23,KGS,100,89.2947,0.892947
2025-07-24,KGS,100,89.7866,0.897866
2025-07-25,KGS,100,90.332,0.90332
2025-07-26,KGS,100,91.1257,0.911257
2025-07-29,KGS,100,91.1549,0.911549
2025-07-30,KGS,100,94.163,0.94163
2025-07-31,KGS,100,93.5788,0.935788
2025-08-01,KGS,100,91.8425,0.918425
2025-08-02,KGS,100,91.8569,0.918569
2025-08-05,KGS,100,91.1076,0.911076
2025-08-06,KGS,100,91.5369,0.915369
2025-08-07,KGS,100,91.6997,0.916997
2025-08-08,KGS,100,90.7772,0.907772
2025-08-09,KGS,100,91.2288,0.912288
2025-08-12,KGS,100,91.1235,0.911235
2025-08-13,KGS,100,91.4384,0.914384
2025-08-14,KGS,100,91.1313,0.911313
2025-08-15,KGS,100,91.2868,0.912868
2025-08-16,KGS,100,91.5211,0.915211
2025-08-19,KGS,100,91.9675,0.919675
2025-08-20,KGS,100,91.8772,0.918772
2025-08-21,KGS,100,91.6084,0.916084
2025-08-22,KGS,100,91.7743,0.917743
2025-08-23,KGS,100,92.3621,0.923621
2025-08-26,KGS,100,92.3471,0.923471
2025-08-27,KGS,100,92.1887,0.921887
2025-08-28,KGS,100,92.0917,0.920917
2025-08-29,KGS,100,91.913,0.91913
2025-08-30,KGS,100,91.9217,0.919217
2025-09-02,KGS,100,92.033,0.92033
2025-09-03,KGS,100,92.2325,0.922325
2025-09-04,KGS,100,92.4652,0.924652
2025-09-05,KGS,100,92.9648,0.929648
2025-09-06,KGS,100,93.2597,0.932597
2025-09-09,KGS,100,94.1563,0.941563
2025-09-10,KGS,100,95.1887,0.951887
2025-09-11,KGS,100,97.1082,0.971082
2025-09-12,KGS,100,97.9585,0.979585
2025-09-13,KGS,100,96.4892,0.964892
2025-09-16,KGS,100,94.9935,0.949935
2025-09-17,KGS,100,94.7252,0.947252
2025-09-18,KGS,100,94.9099,0.949099
2025-09-19,KGS,100,95.1086,0.951086
2025-09-20,KGS,100,95.5865,0.955865
2025-09-23,KGS,100,96.0762,0.960762
2025-09-24,KGS,100,95.3123,0.953123
2025-09-25,KGS,100,96.0451,0.960451
2025-09-26,KGS,100,95.6054,0.956054
2025-09-27,KGS,100,95.611,0.95611
2025-09-30,KGS,100,94.8121,0.948121
2025-10-01,KGS,100,94.5072,0.945072
2025-10-02,KGS,100,93.1923,0.931923
2025-10-03,KGS,100,92.6341,0.926341
2025-10-04,KGS,100,93.6611,0.936611
2025-10-07,KGS,100,94.9114,0.949114
2025-10-08,KGS,100,93.6934,0.936934
2025-10-09,KGS,100,93.2508,0.932508
2025-10-10,KGS,100,93.0966,0.930966
2025-10-11,KGS,100,92.8414,0.928414
2025-10-14,KGS,100,92.4583,0.924583
2025-10-15,KGS,100,91.4338,0.914338
2025-10-16,KGS,100,90.1532,0.901532
2025-10-17,KGS,100,90.4333,0.904333
2025-10-18,KGS,100,92.6054,0.926054
2025-10-21,KGS,100,93.034,0.93034
2025-10-22,KGS,100,93.0217,0.930217
2025-10-23,KGS,100,93.3732,0.933732
2025-10-24,KGS,100,92.932,0.92932
2025-10-25,KGS,100,92.5915,0.925915
2025-10-28,KGS,100,90.32,0.9032
2025-10-29,KGS,100,91.272,0.91272
2025-10-30,KGS,100,90.8765,0.908765
2025-10-31,KGS,100,92.0568,0.920568
2025-11-01,KGS,100,92.5965,0.925965
2025-11-02,KGS,100,92.4941,0.924941
2025-11-06,KGS,100,92.8399,0.928399
2025-11-07,KGS,100,93.0549,0.930549
2025-11-08,KGS,100,92.8824,0.928824
2025-11-11,KGS,100,92.6395,0.926395
2025-11-12,KGS,100,93.0317,0.930317
2025-11-13,KGS,100,92.9505,0.929505
2025-11-14,KGS,100,92.1681,0.921681
2025-11-15,KGS,100,92.7703,0.927703
2025-11-18,KGS,100,92.7732,0.927732
2025-11-19,KGS,100,92.6882,0.926882
2025-11-20,KGS,100,92.5612,0.925612
2025-11-21,KGS,100,92.318,0.92318
2025-11-22,KGS,100,90.3655,0.903655
2025-11-25,KGS,100,90.2461,0.902461
2025-11-26,KGS,100,90.2933,0.902933
2025-11-27,KGS,100,89.8732,0.898732
2025-11-28,KGS,100,89.48,0.8948
2025-11-29,KGS,100,89.455,0.89455
2025-12-02,KGS,100,88.8539,0.888539
2025-12-03,KGS,100,88.5799,0.885799
2025-12-04,KGS,100,89.1431,0.891431
2025-12-05,KGS,100,88.0169,0.880169
2025-12-06,KGS,100,87.014,0.87014
2025-12-09,KGS,100,88.3628,0.883628
2025-12-10,KGS,100,87.8312,0.878312
2025-12-11,KGS,100,89.0792,0.890792
2025-12-12,KGS,100,90.7259,0.907259
2025-12-13,KGS,100,91.1716,0.911716
2025-12-16,KGS,100,90.8513,0.908513
2025-12-17,KGS,100,90.8293,0.908293
2025-12-18,KGS,100,91.9162,0.919162
2025-12-19,KGS,100,91.5153,0.915153
2025-12-20,KGS,100,92.3065,0.923065
2025-12-23,KGS,100,90.6971,0.906971
2025-12-24,KGS,100,89.8628,0.898628
2025-12-25,KGS,100,89.6933,0.896933
2025-12-26,KGS,100,89.0616,0.890616
2025-12-27,KGS,100,88.8674,0.888674
2025-12-30,KGS,100,88.6,0.886
2025-12-31,KGS,100,89.4861,0.894861
2026-01-13,KGS,100,90.0987,0.900987
2026-01-14,KGS,100,90.1699,0.901699
2026-01-15,KGS,100,89.8486,0.898486
2026-01-16,KGS,100,89.7987,0.897987
2026-01-17,KGS,100,89.0031,0.890031
2026-01-20,KGS,100,88.9178,0.889178
2026-01-21,KGS,100,88.9934,0.889934
2026-01-22,KGS,100,88.6403,0.886403
2026-01-23,KGS,100,86.9505,0.869505
2026-01-24,KGS,100,86.821,0.86821
2026-01-27,KGS,100,86.9184,0.869184
2026-01-28,KGS,100,87.5389,0.875389
2026-01-29,KGS,100,87.2112,0.872112
2026-01-30,KGS,100,86.9355,0.869355
2026-01-31,KGS,100,86.6011,0.866011
2026-02-03,KGS,100,88.0758,0.880758
2026-02-04,KGS,100,88.0294,0.880294
2026-02-05,KGS,100,87.9476,0.879476
2026-02-06,KGS,100,87.5384,0.875384
2026-02-07,KGS,100,88.1121,0.881121
2026-02-10,KGS,100,88.7938,0.887938
2026-02-11,KGS,100,88.2894,0.882894
2026-02-12,KGS,100,88.5818,0.885818
2026-02-13,KGS,100,88.2653,0.882653
2026-02-14,KGS,100,88.2726,0.882726
2026-02-17,KGS,100,87.6159,0.876159
2026-02-18,KGS,100,87.7517,0.877517
2026-02-19,KGS,100,87.0811,0.870811
2026-02-20,KGS,100,87.6392,0.876392
2026-02-21,KGS,100,87.7666,0.877666
2026-02-25,KGS,100,87.632,0.87632
2026-02-26,KGS,100,87.4417,0.874417
2026-02-27,KGS,100,88.1896,0.881896
2026-02-28,KGS,100,88.3632,0.883632
2026-03-03,KGS,100,88.2534,0.882534
2026-03-04,KGS,100,88.7476,0.887476
2026-03-05,KGS,100,88.9662,0.889662
2026-03-06,KGS,100,89.4178,0.894178
2026-03-07,KGS,100,90.5089,0.905089
2026-03-11,KGS,100,90.0396,0.900396
2026-03-12,KGS,100,90.4151,0.904151
2026-03-13,KGS,100,90.4141,0.904141
2026-03-14,KGS,100,91.7389,0.917389
2026-03-17,KGS,100,92.6835,0.926835
2026-03-18,KGS,100,93.6653,0.936653
2026-03-19,KGS,100,95.0553,0.950553
2026-03-20,KGS,100,97.0154,0.970154
2026-03-21,KGS,100,96.0551,0.960551
2026-03-24,KGS,100,93.6264,0.936264
2026-03-25,KGS,100,92.5807,0.925807
2026-03-26,KGS,100,92.3041,0.923041
2026-03-27,KGS,100,93.9181,0.939181
2026-03-28,KGS,100,92.7894,0.927894
2026-03-31,KGS,100,92.9623,0.929623
2026-04-01,KGS,100,92.9107,0.929107
2026-04-02,KGS,100,92.1937,0.921937
2026-04-03,KGS,100,91.8631,0.918631
2026-04-04,KGS,100,91.1713,0.911713
2026-04-07,KGS,100,90.026,0.90026
2026-04-08,KGS,100,90.051,0.90051
2026-04-09,KGS,100,89.5418,0.895418
2026-04-10,KGS,100,89.0085,0.890085
2026-04-11,KGS,100,88.0188,0.880188
2026-04-14,KGS,100,87.1914,0.871914
2026-04-15,KGS,100,86.7389,0.867389
2026-04-16,KGS,100,86.0316,0.860316
2026-04-17,KGS,100,87.0053,0.870053
2026-04-18,KGS,100,86.968,0.86968
2026-04-21,KGS,100,86.0343,0.860343
2026-04-22,KGS,100,85.2956,0.852956
2026-04-23,KGS,100,85.7849,0.857849
2026-04-24,KGS,100,85.6085,0.856085
2026-04-25,KGS,100,86.4125,0.864125
2026-04-28,KGS,100,85.5627,0.855627
2026-04-29,KGS,100,85.4341,0.854341
2026-04-30,KGS,100,85.647,0.85647
2026-05-01,KGS,100,85.5651,0.855651
2026-05-05,KGS,100,86.2942,0.862942
2026-05-06,KGS,100,86.1866,0.861866
2026-05-07,KGS,100,86.0492,0.860492
2026-05-08,KGS,100,85.3586,0.853586
2026-05-09,KGS,100,84.9873,0.849873
2026-05-13,KGS,100,84.3771,0.843771
2026-05-14,KGS,100,83.8674,0.838674
2026-05-15,KGS,100,83.6346,0.836346
2026-05-16,KGS,100,83.6221,0.836221
2026-05-19,KGS,100,82.7326,0.827326
2026-05-20,KGS,100,81.5238,0.815238
2026-05-21,KGS,100,81.1331,0.811331
2026-05-22,KGS,100,80.9493,0.809493
2026-05-23,KGS,100,81.4282,0.814282
2026-05-26,KGS,100,81.8136,0.818136
2026-05-27,KGS,100,81.9531,0.819531
2026-05-28,KGS,100,81.0763,0.810763
2026-05-29,KGS,100,81.6141,0.816141
2026-05-30,KGS,100,81.2149,0.812149
2026-06-02,KGS,100,81.8218,0.818218
2026-06-03,KGS,100,82.9728,0.829728
2026-06-04,KGS,100,83.8692,0.838692
2026-06-05,KGS,100,84.9578,0.849578
2026-06-06,KGS,100,84.0125,0.840125
2026-06-09,KGS,100,83.7789,0.837789
2026-06-10,KGS,100,82.0264,0.820264
2026-06-11,KGS,100,82.0926,0.820926
2026-06-12,KGS,100,82.2272,0.822272
2026-06-16,KGS,100,82.8488,0.828488
2026-06-17,KGS,100,82.4915,0.824915
2026-06-18,KGS,100,83.188,0.83188
2026-06-19,KGS,100,83.8869,0.838869
2026-06-20,KGS,100,83.9783,0.839783
2026-06-23,KGS,100,84.3511,0.843511
2026-06-24,KGS,100,85.3288,0.853288
2026-06-25,KGS,100,85.5046,0.855046
2026-06-26,KGS,100,86.4891,0.864891
2026-06-27,KGS,100,88.1202,0.881202
2026-06-30,KGS,100,88.9124,0.889124
2026-07-01,KGS,100,89.5021,0.895021
2026-07-02,KGS,100,89.4971,0.894971
2026-07-03,KGS,100,89.113,0.89113
2026-07-04,KGS,100,88.3115,0.883115
2026-07-07,KGS,100,89.1589,0.891589
2026-07-08,KGS,100,87.0507,0.870507
2026-07-09,KGS,100,87.3672,0.873672
2026-07-10,KGS,100,86.8287,0.868287
2026-07-11,KGS,100,87.6681,0.876681
2026-07-14,KGS,100,87.6173,0.876173
2026-07-15,KGS,100,88.6122,0.886122
2026-07-16,KGS,100,89.1444,0.891444
2026-07-17,KGS,100,89.5576,0.895576
2026-07-18,KGS,100,89.6497,0.896497
2026-07-21,KGS,100,89.5551,0.895551
2026-07-22,KGS,100,89.8273,0.898273
2026-07-23,KGS,100,89.7377,0.897377
2026-07-24,KGS,100,89.6568,0.896568
2026-07-25,KGS,100,89.229,0.89229
2026-07-28,KGS,100,89.2135,0.892135
2026-07-29,KGS,100,89.992,0.89992
2026-07-30,KGS,100,90.7456,0.907456
2026-07-31,KGS,100,91.3177,0.913177
2026-08-01,KGS,100,90.8676,0.908676
2026-08-04,KGS,100,91.5594,0.915594
2026-08-05,KGS,100,92.772,0.92772
2026-08-06,KGS,100,92.5435,0.925435
2026-08-07,KGS,100,93.0906,0.930906
2026-08-08,KGS,100,93.9583,0.939583
2026-08-11,KGS,100,94.4608,0.944608
2026-08-12,KGS,100,94.1958,0.941958
2026-08-13,KGS,100,94.9087,0.949087
2026-08-14,KGS,100,95.8328,0.958328
2026-08-15,KGS,100,96.678,0.96678
2026-08-18,KGS,100,97.214,0.97214
2026-08-19,KGS,100,97.3865,0.973865
2026-08-20,KGS,100,97.3463,0.973463
2026-08-21,KGS,100,95.3183,0.953183
2026-08-22,KGS,100,94.8212,0.948212
2026-08-25,KGS,100,95.2405,0.952405
2026-08-26,KGS,100,96.5849,0.965849
2026-08-27,KGS,100,96.3774,0.963774
2026-08-28,KGS,100,98.2894,0.982894
2026-08-29,KGS,100,97.8853,0.978853
2026-09-01,KGS,100,98.7756,0.987756
2026-09-02,KGS,100,99.203,0.99203
