date,iso,nominal,rate,rate_per_unit
2000-01-01,UZS,100,19.29,0.1929
2000-02-01,UZS,100,20.12,0.20120000000000002
2000-03-01,UZS,100,19.94,0.19940000000000002
2000-04-01,UZS,100,19.34,0.1934
2000-05-01,UZS,100,19.03,0.19030000000000002
2000-06-01,UZS,100,11.89,0.1189
2000-07-01,UZS,100,10.99,0.1099
2000-08-01,UZS,100,10.06,0.10060000000000001
2000-09-01,UZS,100,9.59,0.0959
2000-10-01,UZS,100,9.27,0.09269999999999999
2000-11-01,UZS,100,9.11,0.0911
2000-12-01,UZS,100,8.81,0.08810000000000001
2001-01-01,UZS,100,8.66,0.0866
2001-02-01,UZS,1000,86.22,0.08622
2001-03-01,UZS,1000,85.85,0.08585
2001-04-01,UZS,1000,84.6,0.0846
2001-05-01,UZS,1000,83.04,0.08304
2001-06-01,UZS,1000,81.88,0.08188
2001-07-01,UZS,1000,77.47,0.07747
2001-08-01,UZS,1000,73.58,0.07357999999999999
2001-09-01,UZS,1000,70.32,0.07032
2001-10-01,UZS,1000,69.02,0.06902
2001-11-01,UZS,1000,68.72,0.06872
2001-12-01,UZS,1000,43.75,0.04375
2002-01-01,UZS,1000,43.8041,0.0438041
2002-02-01,UZS,1000,44.2708,0.0442708
2002-03-01,UZS,1000,44.6083,0.0446083
2002-04-01,UZS,1000,44.6786,0.044678600000000006
2002-05-01,UZS,1000,44.1299,0.0441299
2002-06-01,UZS,1000,42.9989,0.0429989
2002-07-01,UZS,1000,41.9159,0.0419159
2002-08-01,UZS,1000,41.3006,0.0413006
2002-09-01,UZS,1000,40.4655,0.0404655
2002-10-01,UZS,1000,39.1653,0.0391653
2002-11-01,UZS,1000,36.0466,0.0360466
2002-12-01,UZS,1000,34.6079,0.034607900000000004
2003-01-01,UZS,1000,33.4946,0.0334946
2003-02-01,UZS,1000,33.135,0.033135
2003-03-01,UZS,1000,32.7245,0.0327245
2003-04-01,UZS,1000,32.351,0.032351
2003-05-01,UZS,1000,32.1404,0.0321404
2003-06-01,UZS,1000,31.5818,0.0315818
2003-07-01,UZS,1000,31.1584,0.0311584
2003-08-01,UZS,1000,31.054,0.031054
2003-09-01,UZS,1000,31.3253,0.0313253
2003-10-01,UZS,1000,31.4087,0.0314087
2003-11-01,UZS,1000,30.6089,0.030608899999999998
2003-12-01,UZS,1000,30.4351,0.0304351
2004-01-01,UZS,1000,30.0743,0.0300743
2004-02-01,UZS,1000,28.9369,0.0289369
2004-03-01,UZS,1000,28.7624,0.0287624
2004-04-01,UZS,1000,28.4853,0.028485299999999998
2004-05-01,UZS,1000,28.7128,0.0287128
2004-06-01,UZS,1000,28.6339,0.0286339
2004-07-01,UZS,1000,28.4574,0.0284574
2004-08-01,UZS,1000,28.3946,0.0283946
2004-09-01,UZS,1000,28.2905,0.028290500000000003
2004-10-01,UZS,1000,28.0934,0.028093399999999998
2004-11-01,UZS,1000,27.5264,0.0275264
2004-12-01,UZS,1000,26.866,0.026866
2005-01-01,UZS,1000,26.2275,0.0262275
2005-02-01,UZS,1000,26.4215,0.0264215
2005-03-01,UZS,1000,25.9903,0.0259903
2005-04-01,UZS,1000,25.7644,0.0257644
2005-05-01,UZS,1000,25.5605,0.0255605
2005-06-01,UZS,1000,25.4781,0.0254781
2005-07-01,UZS,1000,25.7149,0.0257149
2005-08-01,UZS,1000,25.5908,0.0255908
2005-09-01,UZS,1000,25.2445,0.0252445
2005-10-01,UZS,1000,24.999,0.024999
2005-11-01,UZS,1000,24.6733,0.024673300000000002
2005-12-01,UZS,1000,24.6031,0.024603100000000003
2006-01-01,UZS,1000,24.3983,0.024398299999999998
2006-02-01,UZS,1000,23.696,0.023696000000000002
2006-03-01,UZS,1000,23.4278,0.023427800000000002
2006-04-01,UZS,1000,22.9443,0.022944299999999997
2006-05-01,UZS,1000,22.4107,0.0224107
2006-06-01,UZS,1000,22.0844,0.022084399999999997
2006-07-01,UZS,1000,22.0009,0.0220009
2006-08-01,UZS,1000,21.9034,0.0219034
2006-08-31,UZS,1000,21.7648,0.0217648
2006-09-30,UZS,1000,21.7515,0.0217515
2006-10-31,UZS,1000,21.702,0.021702000000000003
2006-11-30,UZS,1000,21.3007,0.0213007
2006-12-30,UZS,1000,21.2733,0.0212733
2007-01-31,UZS,1000,21.3879,0.021387899999999998
2007-02-28,UZS,1000,21.0418,0.0210418
2007-03-31,UZS,1000,20.8152,0.020815200000000002
2007-04-30,UZS,1000,20.5187,0.020518699999999997
2007-05-31,UZS,1000,20.5535,0.0205535
2007-06-30,UZS,1000,20.3922,0.0203922
2007-07-31,UZS,1000,20.1232,0.0201232
2007-08-31,UZS,1000,20.1691,0.0201691
2007-09-30,UZS,1000,19.5775,0.0195775
2007-10-31,UZS,1000,19.3057,0.019305700000000002
2007-11-30,UZS,1000,18.9555,0.0189555
2007-12-29,UZS,1000,19.0998,0.019099799999999997
2008-01-31,UZS,1000,18.9117,0.0189117
2008-02-29,UZS,1000,18.6771,0.0186771
2008-03-31,UZS,1000,18.0897,0.0180897
2008-04-30,UZS,1000,18.1021,0.0181021
2008-05-31,UZS,1000,18.1001,0.0181001
2008-06-30,UZS,1000,17.9745,0.017974499999999997
2008-07-31,UZS,1000,17.7608,0.0177608
2008-08-31,UZS,1000,18.7119,0.0187119
2008-09-30,UZS,1000,19.0077,0.0190077
2008-10-31,UZS,1000,20.2703,0.020270299999999998
2008-11-30,UZS,1000,20.2317,0.0202317
2008-12-31,UZS,1000,21.0513,0.021051300000000002
2009-01-31,UZS,1000,24.7656,0.0247656
2009-02-28,UZS,1000,25.363,0.025363
2009-03-31,UZS,1000,23.4108,0.0234108
2009-04-30,UZS,1000,23.1482,0.0231482
2009-05-31,UZS,1000,21.1266,0.0211266
2009-06-30,UZS,1000,21.0177,0.0210177
2009-07-31,UZS,1000,21.096,0.021096
2009-08-31,UZS,1000,21.1289,0.021128900000000003
2009-09-30,UZS,1000,20.1595,0.0201595
2009-10-31,UZS,1000,19.5172,0.0195172
2009-11-30,UZS,1000,19.779,0.019779
2009-12-31,UZS,1000,19.7566,0.0197566
2010-01-12,UZS,1000,19.4426,0.0194426
2010-01-13,UZS,1000,19.409,0.019409
2010-01-14,UZS,1000,19.583,0.019583
2010-01-15,UZS,1000,19.4436,0.0194436
2010-01-16,UZS,1000,19.4874,0.0194874
2010-01-19,UZS,1000,19.5112,0.0195112
2010-01-20,UZS,1000,19.4598,0.0194598
2010-01-21,UZS,1000,19.5258,0.0195258
2010-01-22,UZS,1000,19.5617,0.0195617
2010-01-23,UZS,1000,19.5598,0.0195598
2010-01-26,UZS,1000,19.7892,0.0197892
2010-01-27,UZS,1000,19.9332,0.0199332
2010-01-28,UZS,1000,19.8763,0.0198763
2010-01-29,UZS,1000,19.9229,0.0199229
2010-01-30,UZS,1000,19.9676,0.0199676
2010-02-02,UZS,1000,19.9469,0.0199469
2010-02-03,UZS,1000,19.8047,0.0198047
2010-02-04,UZS,1000,19.5618,0.0195618
2010-02-05,UZS,1000,19.6453,0.0196453
2010-02-06,UZS,1000,19.9472,0.0199472
2010-02-09,UZS,1000,19.9794,0.0199794
2010-02-10,UZS,1000,19.8863,0.0198863
2010-02-11,UZS,1000,19.8029,0.0198029
2010-02-12,UZS,1000,19.6797,0.0196797
2010-02-13,UZS,1000,19.7026,0.0197026
2010-02-16,UZS,1000,19.7425,0.0197425
2010-02-17,UZS,1000,19.6752,0.0196752
2010-02-18,UZS,1000,19.5828,0.0195828
2010-02-19,UZS,1000,19.629,0.019629
2010-02-20,UZS,1000,19.6532,0.0196532
2010-02-25,UZS,1000,19.5342,0.0195342
2010-02-26,UZS,1000,19.548,0.019548
2010-02-27,UZS,1000,19.5393,0.0195393
2010-02-28,UZS,1000,19.4805,0.0194805
2010-03-02,UZS,1000,19.4686,0.0194686
2010-03-03,UZS,1000,19.4658,0.0194658
2010-03-04,UZS,1000,19.3594,0.0193594
2010-03-05,UZS,1000,19.3644,0.0193644
2010-03-06,UZS,1000,19.374,0.019374
2010-03-10,UZS,1000,19.3177,0.0193177
2010-03-11,UZS,1000,19.3015,0.0193015
2010-03-12,UZS,1000,19.1265,0.0191265
2010-03-13,UZS,1000,19.0424,0.0190424
2010-03-16,UZS,1000,19.0072,0.0190072
2010-03-17,UZS,1000,19.0203,0.0190203
2010-03-18,UZS,1000,18.8706,0.0188706
2010-03-19,UZS,1000,18.8898,0.0188898
2010-03-20,UZS,1000,18.9119,0.0189119
2010-03-23,UZS,1000,18.9652,0.0189652
2010-03-24,UZS,1000,19.0503,0.0190503
2010-03-25,UZS,1000,19.1187,0.0191187
2010-03-26,UZS,1000,19.128,0.019128
2010-03-27,UZS,1000,19.0358,0.0190358
2010-03-30,UZS,1000,19.111,0.019111
2010-03-31,UZS,1000,18.8993,0.0188993
2010-04-01,UZS,1000,18.9841,0.0189841
2010-04-02,UZS,1000,18.9479,0.0189479
2010-04-03,UZS,1000,18.8063,0.0188063
2010-04-06,UZS,1000,18.764,0.018764
2010-04-07,UZS,1000,18.7845,0.0187845
2010-04-08,UZS,1000,18.8181,0.0188181
2010-04-09,UZS,1000,18.8864,0.0188864
2010-04-10,UZS,1000,18.8369,0.0188369
2010-04-13,UZS,1000,18.5925,0.0185925
2010-04-14,UZS,1000,18.6085,0.0186085
2010-04-15,UZS,1000,18.6181,0.0186181
2010-04-16,UZS,1000,18.5454,0.0185454
2010-04-17,UZS,1000,18.6105,0.0186105
2010-04-20,UZS,1000,18.7158,0.0187158
2010-04-21,UZS,1000,18.6393,0.0186393
2010-04-22,UZS,1000,18.6089,0.0186089
2010-04-23,UZS,1000,18.6334,0.0186334
2010-04-24,UZS,1000,18.7264,0.0187264
2010-04-27,UZS,1000,18.6074,0.0186074
2010-04-28,UZS,1000,18.5908,0.0185908
2010-04-29,UZS,1000,18.756,0.018756
2010-04-30,UZS,1000,18.6976,0.0186976
2010-05-01,UZS,1000,18.6114,0.0186114
2010-05-05,UZS,1000,18.7037,0.0187037
2010-05-06,UZS,1000,18.9482,0.0189482
2010-05-07,UZS,1000,19.3414,0.0193414
2010-05-08,UZS,1000,19.6109,0.0196109
2010-05-12,UZS,1000,19.3476,0.0193476
2010-05-13,UZS,1000,19.2106,0.0192106
2010-05-14,UZS,1000,18.9911,0.0189911
2010-05-15,UZS,1000,19.1169,0.0191169
2010-05-18,UZS,1000,19.5246,0.0195246
2010-05-19,UZS,1000,19.2907,0.0192907
2010-05-20,UZS,1000,19.4815,0.0194815
2010-05-21,UZS,1000,19.5177,0.0195177
2010-05-22,UZS,1000,19.7115,0.0197115
2010-05-25,UZS,1000,19.5958,0.0195958
2010-05-26,UZS,1000,19.9474,0.0199474
2010-05-27,UZS,1000,19.8584,0.0198584
2010-05-28,UZS,1000,19.5574,0.0195574
2010-05-29,UZS,1000,19.3148,0.0193148
2010-06-01,UZS,1000,19.4696,0.0194696
2010-06-02,UZS,1000,19.6788,0.0196788
2010-06-03,UZS,1000,19.7124,0.0197124
2010-06-04,UZS,1000,19.5252,0.0195252
2010-06-05,UZS,1000,19.6356,0.0196356
2010-06-08,UZS,1000,20.0852,0.0200852
2010-06-09,UZS,1000,19.9426,0.0199426
2010-06-10,UZS,1000,20.0121,0.0200121
2010-06-11,UZS,1000,19.9137,0.0199137
2010-06-12,UZS,1000,19.8336,0.0198336
2010-06-16,UZS,1000,19.7936,0.0197936
2010-06-17,UZS,1000,19.603,0.019603
2010-06-18,UZS,1000,19.6211,0.0196211
2010-06-19,UZS,1000,19.4315,0.0194315
2010-06-22,UZS,1000,19.3325,0.0193325
2010-06-23,UZS,1000,19.404,0.019404
2010-06-24,UZS,1000,19.4501,0.0194501
2010-06-25,UZS,1000,19.4787,0.0194787
2010-06-26,UZS,1000,19.5171,0.0195171
2010-06-29,UZS,1000,19.4588,0.0194588
2010-06-30,UZS,1000,19.5582,0.0195582
2010-07-01,UZS,1000,19.5959,0.0195959
2010-07-02,UZS,1000,19.6679,0.0196679
2010-07-03,UZS,1000,19.5575,0.0195575
2010-07-06,UZS,1000,19.5062,0.0195062
2010-07-07,UZS,1000,19.4731,0.0194731
2010-07-08,UZS,1000,19.4605,0.0194605
2010-07-09,UZS,1000,19.3702,0.0193702
2010-07-10,UZS,1000,19.2746,0.0192746
2010-07-13,UZS,1000,19.3291,0.0193291
2010-07-14,UZS,1000,19.3116,0.0193116
2010-07-15,UZS,1000,19.08,0.01908
2010-07-16,UZS,1000,19.0943,0.0190943
2010-07-17,UZS,1000,19.0315,0.0190315
2010-07-20,UZS,1000,19.1018,0.0191018
2010-07-21,UZS,1000,18.9967,0.0189967
2010-07-22,UZS,1000,18.968,0.018968
2010-07-23,UZS,1000,19.0395,0.0190395
2010-07-24,UZS,1000,18.9543,0.0189543
2010-07-27,UZS,1000,18.9023,0.0189023
2010-07-28,UZS,1000,18.8639,0.0188639
2010-07-29,UZS,1000,18.8139,0.0188139
2010-07-30,UZS,1000,18.8205,0.0188205
2010-07-31,UZS,1000,18.8016,0.0188016
2010-08-03,UZS,1000,18.8011,0.0188011
2010-08-04,UZS,1000,18.6653,0.0186653
2010-08-05,UZS,1000,18.558,0.018558
2010-08-06,UZS,1000,18.6,0.0186
2010-08-07,UZS,1000,18.5801,0.0185801
2010-08-10,UZS,1000,18.5722,0.0185722
2010-08-11,UZS,1000,18.6484,0.0186484
2010-08-12,UZS,1000,18.7609,0.0187609
2010-08-13,UZS,1000,18.9126,0.0189126
2010-08-14,UZS,1000,18.8943,0.0188943
2010-08-17,UZS,1000,18.9565,0.0189565
2010-08-18,UZS,1000,18.8987,0.0188987
2010-08-19,UZS,1000,18.8827,0.0188827
2010-08-20,UZS,1000,18.9062,0.0189062
2010-08-21,UZS,1000,18.935,0.018935
2010-08-24,UZS,1000,18.9934,0.0189934
2010-08-25,UZS,1000,19.0674,0.0190674
2010-08-26,UZS,1000,19.1541,0.0191541
2010-08-27,UZS,1000,19.1088,0.0191088
2010-08-28,UZS,1000,19.0308,0.0190308
2010-08-31,UZS,1000,19.0104,0.0190104
2010-09-01,UZS,1000,19.1362,0.0191362
2010-09-02,UZS,1000,19.0948,0.0190948
2010-09-03,UZS,1000,19.0239,0.0190239
2010-09-04,UZS,1000,19.0279,0.0190279
2010-09-07,UZS,1000,18.9565,0.0189565
2010-09-08,UZS,1000,19.0144,0.0190144
2010-09-09,UZS,1000,19.1106,0.0191106
2010-09-10,UZS,1000,19.1061,0.0191061
2010-09-11,UZS,1000,19.1145,0.0191145
2010-09-14,UZS,1000,18.9842,0.0189842
2010-09-15,UZS,1000,18.985,0.018985
2010-09-16,UZS,1000,19.0072,0.0190072
2010-09-17,UZS,1000,19.1813,0.0191813
2010-09-18,UZS,1000,19.2186,0.0192186
2010-09-21,UZS,1000,19.1557,0.0191557
2010-09-22,UZS,1000,19.2178,0.0192178
2010-09-23,UZS,1000,19.1382,0.0191382
2010-09-24,UZS,1000,19.1508,0.0191508
2010-09-25,UZS,1000,19.1168,0.0191168
2010-09-28,UZS,1000,18.9092,0.0189092
2010-09-29,UZS,1000,18.8874,0.0188874
2010-09-30,UZS,1000,18.765,0.018765
2010-10-01,UZS,1000,18.8326,0.0188326
2010-10-02,UZS,1000,18.8306,0.0188306
2010-10-05,UZS,1000,18.8224,0.0188224
2010-10-06,UZS,1000,18.7687,0.0187687
2010-10-07,UZS,1000,18.4337,0.0184337
2010-10-08,UZS,1000,18.2737,0.0182737
2010-10-09,UZS,1000,18.4434,0.0184434
2010-10-12,UZS,1000,18.396,0.018396
2010-10-13,UZS,1000,18.5284,0.0185284
2010-10-14,UZS,1000,18.5596,0.0185596
2010-10-15,UZS,1000,18.4392,0.0184392
2010-10-16,UZS,1000,18.558,0.018558
2010-10-19,UZS,1000,18.8041,0.0188041
2010-10-20,UZS,1000,18.7202,0.0187202
2010-10-21,UZS,1000,18.9551,0.0189551
2010-10-22,UZS,1000,18.917,0.018917
2010-10-23,UZS,1000,18.771,0.018771
2010-10-26,UZS,1000,18.6037,0.0186037
2010-10-27,UZS,1000,18.6927,0.0186927
2010-10-28,UZS,1000,18.7962,0.0187962
2010-10-29,UZS,1000,18.864,0.018864
2010-10-30,UZS,1000,18.9277,0.0189277
2010-11-02,UZS,1000,18.9226,0.0189226
2010-11-03,UZS,1000,18.9195,0.0189195
2010-11-04,UZS,1000,18.9052,0.0189052
2010-11-09,UZS,1000,18.9249,0.0189249
2010-11-10,UZS,1000,18.9417,0.0189417
2010-11-11,UZS,1000,18.8382,0.0188382
2010-11-12,UZS,1000,18.7266,0.0187266
2010-11-13,UZS,1000,18.8871,0.0188871
2010-11-14,UZS,1000,18.9296,0.0189296
2010-11-16,UZS,1000,18.943,0.018943
2010-11-17,UZS,1000,19.0613,0.0190613
2010-11-18,UZS,1000,19.2409,0.0192409
2010-11-19,UZS,1000,19.1297,0.0191297
2010-11-20,UZS,1000,18.9758,0.0189758
2010-11-23,UZS,1000,19.004,0.019004
2010-11-24,UZS,1000,19.1512,0.0191512
2010-11-25,UZS,1000,19.1688,0.0191688
2010-11-26,UZS,1000,19.1635,0.0191635
2010-11-27,UZS,1000,19.2062,0.0192062
2010-11-30,UZS,1000,19.1769,0.0191769
2010-12-01,UZS,1000,19.1771,0.0191771
2010-12-02,UZS,1000,19.2518,0.0192518
2010-12-03,UZS,1000,19.1883,0.0191883
2010-12-04,UZS,1000,19.1346,0.0191346
2010-12-07,UZS,1000,19.1485,0.0191485
2010-12-08,UZS,1000,19.092,0.019092
2010-12-09,UZS,1000,19.1037,0.0191037
2010-12-10,UZS,1000,18.9448,0.0189448
2010-12-11,UZS,1000,18.8698,0.0188698
2010-12-14,UZS,1000,18.8944,0.0188944
2010-12-15,UZS,1000,18.7824,0.0187824
2010-12-16,UZS,1000,18.7672,0.0187672
2010-12-17,UZS,1000,18.7873,0.0187873
2010-12-18,UZS,1000,18.7357,0.0187357
2010-12-21,UZS,1000,18.8007,0.0188007
2010-12-22,UZS,1000,18.7479,0.0187479
2010-12-23,UZS,1000,18.7478,0.0187478
2010-12-24,UZS,1000,18.6706,0.0186706
2010-12-25,UZS,1000,18.6618,0.0186618
2010-12-28,UZS,1000,18.5835,0.0185835
2010-12-29,UZS,1000,18.4585,0.0184585
2010-12-30,UZS,1000,18.5117,0.0185117
2010-12-31,UZS,1000,18.5835,0.0185835
2011-01-01,UZS,1000,18.5064,0.0185064
2011-01-12,UZS,1000,18.6301,0.0186301
2011-01-13,UZS,1000,18.4923,0.0184923
2011-01-14,UZS,1000,18.3061,0.0183061
2011-01-15,UZS,1000,18.2217,0.0182217
2011-01-18,UZS,1000,18.2822,0.0182822
2011-01-19,UZS,1000,18.1425,0.0181425
2011-01-20,UZS,1000,18.1043,0.0181043
2011-01-21,UZS,1000,18.1586,0.0181586
2011-01-22,UZS,1000,18.217,0.018217
2011-01-25,UZS,1000,18.1203,0.0181203
2011-01-26,UZS,1000,18.0483,0.0180483
2011-01-27,UZS,1000,18.0374,0.0180374
2011-01-28,UZS,1000,17.975,0.017975
2011-01-29,UZS,1000,17.9717,0.0179717
2011-02-01,UZS,1000,18.0525,0.0180525
2011-02-02,UZS,1000,17.9264,0.0179264
2011-02-03,UZS,1000,17.7856,0.0177856
2011-02-04,UZS,1000,17.7415,0.0177415
2011-02-05,UZS,1000,17.7806,0.0177806
2011-02-08,UZS,1000,17.7536,0.0177536
2011-02-09,UZS,1000,17.6534,0.0176534
2011-02-10,UZS,1000,17.6811,0.0176811
2011-02-11,UZS,1000,17.7128,0.0177128
2011-02-12,UZS,1000,17.6926,0.0176926
2011-02-15,UZS,1000,17.6554,0.0176554
2011-02-16,UZS,1000,17.6715,0.0176715
2011-02-17,UZS,1000,17.6272,0.0176272
2011-02-18,UZS,1000,17.6099,0.0176099
2011-02-19,UZS,1000,17.6182,0.0176182
2011-02-22,UZS,1000,17.5558,0.0175558
2011-02-23,UZS,1000,17.5942,0.0175942
2011-02-25,UZS,1000,17.5192,0.0175192
2011-02-26,UZS,1000,17.3867,0.0173867
2011-03-01,UZS,1000,17.364,0.017364
2011-03-02,UZS,1000,17.2486,0.0172486
2011-03-03,UZS,1000,17.1711,0.0171711
2011-03-04,UZS,1000,16.9882,0.0169882
2011-03-05,UZS,1000,16.9074,0.0169074
2011-03-06,UZS,1000,16.8976,0.0168976
2011-03-10,UZS,1000,16.9713,0.0169713
2011-03-11,UZS,1000,17.0258,0.0170258
2011-03-12,UZS,1000,17.1432,0.0171432
2011-03-15,UZS,1000,17.1625,0.0171625
2011-03-16,UZS,1000,17.1998,0.0171998
2011-03-17,UZS,1000,17.1178,0.0171178
2011-03-18,UZS,1000,17.1679,0.0171679
2011-03-19,UZS,1000,17.0091,0.0170091
2011-03-22,UZS,1000,16.9441,0.0169441
2011-03-23,UZS,1000,16.8178,0.0168178
2011-03-24,UZS,1000,16.8501,0.0168501
2011-03-25,UZS,1000,16.9285,0.0169285
2011-03-26,UZS,1000,16.8226,0.0168226
2011-03-29,UZS,1000,16.9342,0.0169342
2011-03-30,UZS,1000,16.894,0.016894
2011-03-31,UZS,1000,16.9449,0.0169449
2011-04-01,UZS,1000,16.9969,0.0169969
2011-04-02,UZS,1000,16.9088,0.0169088
2011-04-05,UZS,1000,16.7922,0.0167922
2011-04-06,UZS,1000,16.8117,0.0168117
2011-04-07,UZS,1000,16.7554,0.0167554
2011-04-08,UZS,1000,16.7626,0.0167626
2011-04-09,UZS,1000,16.6988,0.0166988
2011-04-12,UZS,1000,16.6125,0.0166125
2011-04-13,UZS,1000,16.6919,0.0166919
2011-04-14,UZS,1000,16.6735,0.0166735
2011-04-15,UZS,1000,16.7174,0.0167174
2011-04-16,UZS,1000,16.7368,0.0167368
2011-04-19,UZS,1000,16.7026,0.0167026
2011-04-20,UZS,1000,16.825,0.016825
2011-04-21,UZS,1000,16.6619,0.0166619
2011-04-22,UZS,1000,16.54,0.01654
2011-04-23,UZS,1000,16.5398,0.0165398
2011-04-26,UZS,1000,16.5711,0.0165711
2011-04-27,UZS,1000,16.4914,0.0164914
2011-04-28,UZS,1000,16.3838,0.0163838
2011-04-29,UZS,1000,16.2557,0.0162557
2011-04-30,UZS,1000,16.2584,0.0162584
2011-05-04,UZS,1000,16.1594,0.0161594
2011-05-05,UZS,1000,16.1788,0.0161788
2011-05-06,UZS,1000,16.086,0.016086
2011-05-07,UZS,1000,16.3226,0.0163226
2011-05-11,UZS,1000,16.4412,0.0164412
2011-05-12,UZS,1000,16.3021,0.0163021
2011-05-13,UZS,1000,16.4675,0.0164675
2011-05-14,UZS,1000,16.4101,0.0164101
2011-05-17,UZS,1000,16.5705,0.0165705
2011-05-18,UZS,1000,16.5445,0.0165445
2011-05-19,UZS,1000,16.5027,0.0165027
2011-05-20,UZS,1000,16.4522,0.0164522
2011-05-21,UZS,1000,16.4249,0.0164249
2011-05-24,UZS,1000,16.6764,0.0166764
2011-05-25,UZS,1000,16.7102,0.0167102
2011-05-26,UZS,1000,16.7351,0.0167351
2011-05-27,UZS,1000,16.5873,0.0165873
2011-05-28,UZS,1000,16.5219,0.0165219
2011-05-31,UZS,1000,16.4936,0.0164936
2011-06-01,UZS,1000,16.4419,0.0164419
2011-06-02,UZS,1000,16.4347,0.0164347
2011-06-03,UZS,1000,16.478,0.016478
2011-06-04,UZS,1000,16.38,0.01638
2011-06-07,UZS,1000,16.3213,0.0163213
2011-06-08,UZS,1000,16.3249,0.0163249
2011-06-09,UZS,1000,16.2681,0.0162681
2011-06-10,UZS,1000,16.279,0.016279
2011-06-11,UZS,1000,16.3304,0.0163304
2011-06-15,UZS,1000,16.3937,0.0163937
2011-06-16,UZS,1000,16.3921,0.0163921
2011-06-17,UZS,1000,16.565,0.016565
2011-06-18,UZS,1000,16.5578,0.0165578
2011-06-21,UZS,1000,16.5581,0.0165581
2011-06-22,UZS,1000,16.4603,0.0164603
2011-06-23,UZS,1000,16.3922,0.0163922
2011-06-24,UZS,1000,16.3974,0.0163974
2011-06-25,UZS,1000,16.4609,0.0164609
2011-06-28,UZS,1000,16.6577,0.0166577
2011-06-29,UZS,1000,16.5017,0.0165017
2011-06-30,UZS,1000,16.4085,0.0164085
2011-07-01,UZS,1000,16.2898,0.0162898
2011-07-02,UZS,1000,16.2787,0.0162787
2011-07-05,UZS,1000,16.2495,0.0162495
2011-07-06,UZS,1000,16.2837,0.0162837
2011-07-07,UZS,1000,16.3003,0.0163003
2011-07-08,UZS,1000,16.3556,0.0163556
2011-07-09,UZS,1000,16.2988,0.0162988
2011-07-12,UZS,1000,16.4133,0.0164133
2011-07-13,UZS,1000,16.5888,0.0165888
2011-07-14,UZS,1000,16.428,0.016428
2011-07-15,UZS,1000,16.3148,0.0163148
2011-07-16,UZS,1000,16.3536,0.0163536
2011-07-19,UZS,1000,16.3826,0.0163826
2011-07-20,UZS,1000,16.3669,0.0163669
2011-07-21,UZS,1000,16.2834,0.0162834
2011-07-22,UZS,1000,16.203,0.016203
2011-07-23,UZS,1000,16.092,0.016092
2011-07-26,UZS,1000,16.1062,0.0161062
2011-07-27,UZS,1000,15.9928,0.0159928
2011-07-28,UZS,1000,15.9101,0.0159101
2011-07-29,UZS,1000,15.9952,0.0159952
2011-07-30,UZS,1000,16.0467,0.0160467
2011-08-02,UZS,1000,15.9544,0.0159544
2011-08-03,UZS,1000,16.1254,0.0161254
2011-08-04,UZS,1000,16.1742,0.0161742
2011-08-05,UZS,1000,16.1223,0.0161223
2011-08-06,UZS,1000,16.4089,0.0164089
2011-08-09,UZS,1000,16.5148,0.0165148
2011-08-10,UZS,1000,17.0125,0.0170125
2011-08-11,UZS,1000,16.9488,0.0169488
2011-08-12,UZS,1000,17.0127,0.0170127
2011-08-13,UZS,1000,17.029,0.017029
2011-08-16,UZS,1000,16.6892,0.0166892
2011-08-17,UZS,1000,16.5784,0.0165784
2011-08-18,UZS,1000,16.5885,0.0165885
2011-08-19,UZS,1000,16.6987,0.0166987
2011-08-20,UZS,1000,16.9063,0.0169063
2011-08-23,UZS,1000,16.8974,0.0168974
2011-08-24,UZS,1000,16.7237,0.0167237
2011-08-25,UZS,1000,16.6942,0.0166942
2011-08-26,UZS,1000,16.6552,0.0166552
2011-08-27,UZS,1000,16.649,0.016649
2011-08-30,UZS,1000,16.5562,0.0165562
2011-08-31,UZS,1000,16.6405,0.0166405
2011-09-01,UZS,1000,16.6814,0.0166814
2011-09-02,UZS,1000,16.6602,0.0166602
2011-09-03,UZS,1000,16.7578,0.0167578
2011-09-06,UZS,1000,16.8955,0.0168955
2011-09-07,UZS,1000,17.0493,0.0170493
2011-09-08,UZS,1000,16.9801,0.0169801
2011-09-09,UZS,1000,16.9601,0.0169601
2011-09-10,UZS,1000,17.0686,0.0170686
2011-09-13,UZS,1000,17.4211,0.0174211
2011-09-14,UZS,1000,17.3543,0.0173543
2011-09-15,UZS,1000,17.4329,0.0174329
2011-09-16,UZS,1000,17.5132,0.0175132
2011-09-17,UZS,1000,17.5297,0.0175297
2011-09-20,UZS,1000,17.7221,0.0177221
2011-09-21,UZS,1000,18.0827,0.0180827
2011-09-22,UZS,1000,18.0345,0.0180345
2011-09-23,UZS,1000,18.3207,0.0183207
2011-09-24,UZS,1000,18.4342,0.0184342
2011-09-27,UZS,1000,18.6372,0.0186372
2011-09-28,UZS,1000,18.4473,0.0184473
2011-09-29,UZS,1000,18.2171,0.0182171
2011-09-30,UZS,1000,18.2498,0.0182498
2011-10-01,UZS,1000,18.3843,0.0183843
2011-10-04,UZS,1000,18.6585,0.0186585
2011-10-05,UZS,1000,18.7106,0.0187106
2011-10-06,UZS,1000,18.6471,0.0186471
2011-10-07,UZS,1000,18.5734,0.0185734
2011-10-08,UZS,1000,18.3974,0.0183974
2011-10-11,UZS,1000,18.2884,0.0182884
2011-10-12,UZS,1000,17.9555,0.0179555
2011-10-13,UZS,1000,17.9487,0.0179487
2011-10-14,UZS,1000,17.8266,0.0178266
2011-10-15,UZS,1000,17.7061,0.0177061
2011-10-18,UZS,1000,17.5613,0.0175613
2011-10-19,UZS,1000,17.6941,0.0176941
2011-10-20,UZS,1000,17.5931,0.0175931
2011-10-21,UZS,1000,17.8509,0.0178509
2011-10-22,UZS,1000,17.8266,0.0178266
2011-10-25,UZS,1000,17.5361,0.0175361
2011-10-26,UZS,1000,17.3121,0.0173121
2011-10-27,UZS,1000,17.3553,0.0173553
2011-10-28,UZS,1000,17.1673,0.0171673
2011-10-29,UZS,1000,16.9718,0.0169718
2011-11-01,UZS,1000,17.1006,0.0171006
2011-11-02,UZS,1000,17.3573,0.0173573
2011-11-03,UZS,1000,17.3789,0.0173789
2011-11-04,UZS,1000,17.47,0.01747
2011-11-08,UZS,1000,17.3146,0.0173146
2011-11-09,UZS,1000,17.24,0.01724
2011-11-10,UZS,1000,17.015,0.017015
2011-11-11,UZS,1000,17.4345,0.0174345
2011-11-12,UZS,1000,17.2552,0.0172552
2011-11-15,UZS,1000,17.1217,0.0171217
2011-11-16,UZS,1000,17.3297,0.0173297
2011-11-17,UZS,1000,17.4324,0.0174324
2011-11-18,UZS,1000,17.3713,0.0173713
2011-11-19,UZS,1000,17.4761,0.0174761
2011-11-22,UZS,1000,17.5045,0.0175045
2011-11-23,UZS,1000,17.5564,0.0175564
2011-11-24,UZS,1000,17.6424,0.0176424
2011-11-25,UZS,1000,17.7686,0.0177686
2011-11-26,UZS,1000,17.849,0.017849
2011-11-29,UZS,1000,17.7545,0.0177545
2011-11-30,UZS,1000,17.5942,0.0175942
2011-12-01,UZS,1000,17.6383,0.0176383
2011-12-02,UZS,1000,17.3285,0.0173285
2011-12-03,UZS,1000,17.3068,0.0173068
2011-12-06,UZS,1000,17.3612,0.0173612
2011-12-07,UZS,1000,17.4357,0.0174357
2011-12-08,UZS,1000,17.4637,0.0174637
2011-12-09,UZS,1000,17.5075,0.0175075
2011-12-10,UZS,1000,17.6972,0.0176972
2011-12-13,UZS,1000,17.6099,0.0176099
2011-12-14,UZS,1000,17.7173,0.0177173
2011-12-15,UZS,1000,17.7705,0.0177705
2011-12-16,UZS,1000,17.8433,0.0178433
2011-12-17,UZS,1000,17.7731,0.0177731
2011-12-20,UZS,1000,17.9198,0.0179198
2011-12-21,UZS,1000,17.8923,0.0178923
2011-12-22,UZS,1000,17.7319,0.0177319
2011-12-23,UZS,1000,17.6196,0.0176196
2011-12-24,UZS,1000,17.4488,0.0174488
2011-12-27,UZS,1000,17.4316,0.0174316
2011-12-28,UZS,1000,17.3524,0.0173524
2011-12-29,UZS,1000,17.584,0.017584
2011-12-30,UZS,1000,17.8383,0.0178383
2011-12-31,UZS,1000,17.9365,0.0179365
2012-01-11,UZS,1000,17.7061,0.0177061
2012-01-12,UZS,1000,17.6037,0.0176037
2012-01-13,UZS,1000,17.5993,0.0175993
2012-01-14,UZS,1000,17.545,0.017545
2012-01-17,UZS,1000,17.7402,0.0177402
2012-01-18,UZS,1000,17.5237,0.0175237
2012-01-19,UZS,1000,17.4819,0.0174819
2012-01-20,UZS,1000,17.4458,0.0174458
2012-01-21,UZS,1000,17.3406,0.0173406
2012-01-24,UZS,1000,17.3654,0.0173654
2012-01-25,UZS,1000,17.0754,0.0170754
2012-01-26,UZS,1000,16.9602,0.0169602
2012-01-27,UZS,1000,16.7905,0.0167905
2012-01-28,UZS,1000,16.7919,0.0167919
2012-01-31,UZS,1000,16.7931,0.0167931
2012-02-01,UZS,1000,16.7645,0.0167645
2012-02-02,UZS,1000,16.782,0.016782
2012-02-03,UZS,1000,16.66,0.01666
2012-02-04,UZS,1000,16.6892,0.0166892
2012-02-07,UZS,1000,16.6858,0.0166858
2012-02-08,UZS,1000,16.5609,0.0165609
2012-02-09,UZS,1000,16.3439,0.0163439
2012-02-10,UZS,1000,16.3365,0.0163365
2012-02-11,UZS,1000,16.4536,0.0164536
2012-02-14,UZS,1000,16.4509,0.0164509
2012-02-15,UZS,1000,16.5607,0.0165607
2012-02-16,UZS,1000,16.4477,0.0164477
2012-02-17,UZS,1000,16.5937,0.0165937
2012-02-18,UZS,1000,16.4775,0.0164775
2012-02-21,UZS,1000,16.3579,0.0163579
2012-02-22,UZS,1000,16.3231,0.0163231
2012-02-23,UZS,1000,16.3174,0.0163174
2012-02-25,UZS,1000,16.1419,0.0161419
2012-02-28,UZS,1000,15.9651,0.0159651
2012-02-29,UZS,1000,15.8686,0.0158686
2012-03-01,UZS,1000,15.8791,0.0158791
2012-03-02,UZS,1000,16.0233,0.0160233
2012-03-03,UZS,1000,16.0272,0.0160272
2012-03-06,UZS,1000,16.0235,0.0160235
2012-03-07,UZS,1000,16.1119,0.0161119
2012-03-08,UZS,1000,16.2275,0.0162275
2012-03-12,UZS,1000,16.161,0.016161
2012-03-13,UZS,1000,16.23,0.01623
2012-03-14,UZS,1000,16.1438,0.0161438
2012-03-15,UZS,1000,16.1457,0.0161457
2012-03-16,UZS,1000,16.1145,0.0161145
2012-03-17,UZS,1000,15.9923,0.0159923
2012-03-20,UZS,1000,15.9185,0.0159185
2012-03-21,UZS,1000,15.8558,0.0158558
2012-03-22,UZS,1000,15.879,0.015879
2012-03-23,UZS,1000,15.899,0.015899
2012-03-24,UZS,1000,15.9855,0.0159855
2012-03-27,UZS,1000,15.8916,0.0158916
2012-03-28,UZS,1000,15.7021,0.0157021
2012-03-29,UZS,1000,15.7768,0.0157768
2012-03-30,UZS,1000,15.8857,0.0158857
2012-03-31,UZS,1000,15.909,0.015909
2012-04-03,UZS,1000,15.9197,0.0159197
2012-04-04,UZS,1000,15.8635,0.0158635
2012-04-05,UZS,1000,15.9362,0.0159362
2012-04-06,UZS,1000,15.9371,0.0159371
2012-04-07,UZS,1000,15.9535,0.0159535
2012-04-10,UZS,1000,16.0484,0.0160484
2012-04-11,UZS,1000,16.0485,0.0160485
2012-04-12,UZS,1000,16.112,0.016112
2012-04-13,UZS,1000,15.9853,0.0159853
2012-04-14,UZS,1000,15.9324,0.0159324
2012-04-17,UZS,1000,16.0893,0.0160893
2012-04-18,UZS,1000,15.9939,0.0159939
2012-04-19,UZS,1000,15.9189,0.0159189
2012-04-20,UZS,1000,15.9266,0.0159266
2012-04-21,UZS,1000,15.9316,0.0159316
2012-04-24,UZS,1000,15.9136,0.0159136
2012-04-25,UZS,1000,15.8957,0.0158957
2012-04-26,UZS,1000,15.8101,0.0158101
2012-04-27,UZS,1000,15.773,0.015773
2012-04-28,UZS,1000,15.8518,0.0158518
2012-04-29,UZS,1000,15.8191,0.0158191
2012-05-03,UZS,1000,15.8235,0.0158235
2012-05-04,UZS,1000,15.8732,0.0158732
2012-05-05,UZS,1000,15.9436,0.0159436
2012-05-06,UZS,1000,16.0588,0.0160588
2012-05-11,UZS,1000,16.2644,0.0162644
2012-05-12,UZS,1000,16.2353,0.0162353
2012-05-13,UZS,1000,16.2077,0.0162077
2012-05-15,UZS,1000,16.2539,0.0162539
2012-05-16,UZS,1000,16.2886,0.0162886
2012-05-17,UZS,1000,16.6355,0.0166355
2012-05-18,UZS,1000,16.6172,0.0166172
2012-05-19,UZS,1000,16.8591,0.0168591
2012-05-22,UZS,1000,16.7335,0.0167335
2012-05-23,UZS,1000,16.6831,0.0166831
2012-05-24,UZS,1000,16.793,0.016793
2012-05-25,UZS,1000,16.9238,0.0169238
2012-05-26,UZS,1000,16.9947,0.0169947
2012-05-29,UZS,1000,17.0321,0.0170321
2012-05-30,UZS,1000,17.1707,0.0171707
2012-05-31,UZS,1000,17.3401,0.0173401
2012-06-01,UZS,1000,17.5893,0.0175893
2012-06-02,UZS,1000,18.028,0.018028
2012-06-05,UZS,1000,18.1889,0.0181889
2012-06-06,UZS,1000,17.7404,0.0177404
2012-06-07,UZS,1000,17.5207,0.0175207
2012-06-08,UZS,1000,17.2018,0.0172018
2012-06-09,UZS,1000,17.4923,0.0174923
2012-06-10,UZS,1000,17.4124,0.0174124
2012-06-14,UZS,1000,17.4292,0.0174292
2012-06-15,UZS,1000,17.3459,0.0173459
2012-06-16,UZS,1000,17.2489,0.0172489
2012-06-19,UZS,1000,17.1089,0.0171089
2012-06-20,UZS,1000,17.3219,0.0173219
2012-06-21,UZS,1000,17.284,0.017284
2012-06-22,UZS,1000,17.4907,0.0174907
2012-06-23,UZS,1000,17.8169,0.0178169
2012-06-26,UZS,1000,17.631,0.017631
2012-06-27,UZS,1000,17.633,0.017633
2012-06-28,UZS,1000,17.4232,0.0174232
2012-06-29,UZS,1000,17.4778,0.0174778
2012-06-30,UZS,1000,17.4118,0.0174118
2012-07-03,UZS,1000,17.2589,0.0172589
2012-07-04,UZS,1000,17.197,0.017197
2012-07-05,UZS,1000,17.0527,0.0170527
2012-07-06,UZS,1000,17.1937,0.0171937
2012-07-07,UZS,1000,17.2738,0.0172738
2012-07-10,UZS,1000,17.468,0.017468
2012-07-11,UZS,1000,17.4234,0.0174234
2012-07-12,UZS,1000,17.3456,0.0173456
2012-07-13,UZS,1000,17.2873,0.0172873
2012-07-14,UZS,1000,17.2562,0.0172562
2012-07-17,UZS,1000,17.2361,0.0172361
2012-07-18,UZS,1000,17.1699,0.0171699
2012-07-19,UZS,1000,17.0856,0.0170856
2012-07-20,UZS,1000,16.9128,0.0169128
2012-07-21,UZS,1000,16.8467,0.0168467
2012-07-24,UZS,1000,17.0708,0.0170708
2012-07-25,UZS,1000,17.1693,0.0171693
2012-07-26,UZS,1000,17.3447,0.0173447
2012-07-27,UZS,1000,17.1641,0.0171641
2012-07-28,UZS,1000,16.9487,0.0169487
2012-07-31,UZS,1000,16.9356,0.0169356
2012-08-01,UZS,1000,16.9449,0.0169449
2012-08-02,UZS,1000,16.9732,0.0169732
2012-08-03,UZS,1000,17.0383,0.0170383
2012-08-04,UZS,1000,17.0802,0.0170802
2012-08-07,UZS,1000,16.77,0.01677
2012-08-08,UZS,1000,16.6226,0.0166226
2012-08-09,UZS,1000,16.5989,0.0165989
2012-08-10,UZS,1000,16.4889,0.0164889
2012-08-11,UZS,1000,16.7071,0.0167071
2012-08-14,UZS,1000,16.6931,0.0166931
2012-08-15,UZS,1000,16.6064,0.0166064
2012-08-16,UZS,1000,16.6479,0.0166479
2012-08-17,UZS,1000,16.6729,0.0166729
2012-08-18,UZS,1000,16.6446,0.0166446
2012-08-21,UZS,1000,16.7332,0.0167332
2012-08-22,UZS,1000,16.704,0.016704
2012-08-23,UZS,1000,16.623,0.016623
2012-08-24,UZS,1000,16.5219,0.0165219
2012-08-25,UZS,1000,16.588,0.016588
2012-08-28,UZS,1000,16.6195,0.0166195
2012-08-29,UZS,1000,16.6967,0.0166967
2012-08-30,UZS,1000,16.7006,0.0167006
2012-08-31,UZS,1000,16.8043,0.0168043
2012-09-01,UZS,1000,16.9466,0.0169466
2012-09-04,UZS,1000,16.8686,0.0168686
2012-09-05,UZS,1000,16.718,0.016718
2012-09-06,UZS,1000,16.8536,0.0168536
2012-09-07,UZS,1000,16.7181,0.0167181
2012-09-08,UZS,1000,16.6218,0.0166218
2012-09-11,UZS,1000,16.4701,0.0164701
2012-09-12,UZS,1000,16.4625,0.0164625
2012-09-13,UZS,1000,16.3077,0.0163077
2012-09-14,UZS,1000,16.2669,0.0162669
2012-09-15,UZS,1000,15.9659,0.0159659
2012-09-18,UZS,1000,15.846,0.015846
2012-09-19,UZS,1000,15.9977,0.0159977
2012-09-20,UZS,1000,15.9553,0.0159553
2012-09-21,UZS,1000,16.3236,0.0163236
2012-09-22,UZS,1000,16.1121,0.0161121
2012-09-25,UZS,1000,16.1558,0.0161558
2012-09-26,UZS,1000,16.0739,0.0160739
2012-09-27,UZS,1000,16.1055,0.0161055
2012-09-28,UZS,1000,16.0916,0.0160916
2012-09-29,UZS,1000,15.9481,0.0159481
2012-10-02,UZS,1000,16.1218,0.0161218
2012-10-03,UZS,1000,16.0606,0.0160606
2012-10-04,UZS,1000,16.0912,0.0160912
2012-10-05,UZS,1000,16.0232,0.0160232
2012-10-06,UZS,1000,15.9477,0.0159477
2012-10-09,UZS,1000,16.0009,0.0160009
2012-10-10,UZS,1000,16.012,0.016012
2012-10-11,UZS,1000,16.0647,0.0160647
2012-10-12,UZS,1000,16.0467,0.0160467
2012-10-13,UZS,1000,15.9474,0.0159474
2012-10-16,UZS,1000,16.0016,0.0160016
2012-10-17,UZS,1000,15.8784,0.0158784
2012-10-18,UZS,1000,15.7999,0.0157999
2012-10-19,UZS,1000,15.7605,0.0157605
2012-10-20,UZS,1000,15.7927,0.0157927
2012-10-23,UZS,1000,15.8574,0.0158574
2012-10-24,UZS,1000,15.9362,0.0159362
2012-10-25,UZS,1000,16.0319,0.0160319
2012-10-26,UZS,1000,16.0043,0.0160043
2012-10-27,UZS,1000,16.1211,0.0161211
2012-10-30,UZS,1000,16.1002,0.0161002
2012-10-31,UZS,1000,16.1154,0.0161154
2012-11-01,UZS,1000,16.0383,0.0160383
2012-11-02,UZS,1000,16.0344,0.0160344
2012-11-03,UZS,1000,16.0421,0.0160421
2012-11-07,UZS,1000,16.1125,0.0161125
2012-11-08,UZS,1000,15.9711,0.0159711
2012-11-09,UZS,1000,16.0789,0.0160789
2012-11-10,UZS,1000,16.0695,0.0160695
2012-11-13,UZS,1000,16.1252,0.0161252
2012-11-14,UZS,1000,16.1818,0.0161818
2012-11-15,UZS,1000,16.1611,0.0161611
2012-11-16,UZS,1000,16.1434,0.0161434
2012-11-17,UZS,1000,16.1569,0.0161569
2012-11-20,UZS,1000,16.1311,0.0161311
2012-11-21,UZS,1000,15.982,0.015982
2012-11-22,UZS,1000,15.9797,0.0159797
2012-11-23,UZS,1000,15.8427,0.0158427
2012-11-24,UZS,1000,15.8326,0.0158326
2012-11-27,UZS,1000,15.7754,0.0157754
2012-11-28,UZS,1000,15.7352,0.0157352
2012-11-29,UZS,1000,15.8121,0.0158121
2012-11-30,UZS,1000,15.7693,0.0157693
2012-12-01,UZS,1000,15.6446,0.0156446
2012-12-04,UZS,1000,15.6576,0.0156576
2012-12-05,UZS,1000,15.7092,0.0157092
2012-12-06,UZS,1000,15.6227,0.0156227
2012-12-07,UZS,1000,15.6669,0.0156669
2012-12-08,UZS,1000,15.6955,0.0156955
2012-12-11,UZS,1000,15.6456,0.0156456
2012-12-12,UZS,1000,15.5858,0.0155858
2012-12-13,UZS,1000,15.5764,0.0155764
2012-12-14,UZS,1000,15.4841,0.0154841
2012-12-15,UZS,1000,15.5192,0.0155192
2012-12-18,UZS,1000,15.5638,0.0155638
2012-12-19,UZS,1000,15.61,0.01561
2012-12-20,UZS,1000,15.4965,0.0154965
2012-12-21,UZS,1000,15.5036,0.0155036
2012-12-22,UZS,1000,15.4914,0.0154914
2012-12-25,UZS,1000,15.5422,0.0155422
2012-12-26,UZS,1000,15.3809,0.0153809
2012-12-27,UZS,1000,15.3922,0.0153922
2012-12-28,UZS,1000,15.3478,0.0153478
2012-12-29,UZS,1000,15.3011,0.0153011
2012-12-30,UZS,1000,15.3011,0.0153011
2013-01-10,UZS,1000,15.318,0.015318
2013-01-11,UZS,1000,15.293,0.015293
2013-01-12,UZS,1000,15.2297,0.0152297
2013-01-15,UZS,1000,15.237,0.015237
2013-01-16,UZS,1000,15.2191,0.0152191
2013-01-17,UZS,1000,15.2572,0.0152572
2013-01-18,UZS,1000,15.2516,0.0152516
2013-01-19,UZS,1000,15.2174,0.0152174
2013-01-22,UZS,1000,15.2361,0.0152361
2013-01-23,UZS,1000,15.1505,0.0151505
2013-01-24,UZS,1000,15.1677,0.0151677
2013-01-25,UZS,1000,15.1696,0.0151696
2013-01-26,UZS,1000,15.1094,0.0151094
2013-01-29,UZS,1000,15.1261,0.0151261
2013-01-30,UZS,1000,15.1628,0.0151628
2013-01-31,UZS,1000,15.0227,0.0150227
2013-02-01,UZS,1000,15.0193,0.0150193
2013-02-02,UZS,1000,15.085,0.015085
2013-02-05,UZS,1000,15.0491,0.0150491
2013-02-06,UZS,1000,15.1487,0.0151487
2013-02-07,UZS,1000,15.0665,0.0150665
2013-02-08,UZS,1000,15.1193,0.0151193
2013-02-09,UZS,1000,15.1736,0.0151736
2013-02-12,UZS,1000,15.1743,0.0151743
2013-02-13,UZS,1000,15.1805,0.0151805
2013-02-14,UZS,1000,14.9598,0.0149598
2013-02-15,UZS,1000,15.1332,0.0151332
2013-02-16,UZS,1000,15.1516,0.0151516
2013-02-19,UZS,1000,15.1576,0.0151576
2013-02-20,UZS,1000,15.1586,0.0151586
2013-02-21,UZS,1000,14.9076,0.0149076
2013-02-22,UZS,1000,15.2119,0.0152119
2013-02-23,UZS,1000,15.2753,0.0152753
2013-02-26,UZS,1000,15.2638,0.0152638
2013-02-27,UZS,1000,15.3906,0.0153906
2013-02-28,UZS,1000,15.4064,0.0154064
2013-03-01,UZS,1000,15.3522,0.0153522
2013-03-02,UZS,1000,15.4154,0.0154154
2013-03-05,UZS,1000,15.4903,0.0154903
2013-03-06,UZS,1000,15.1509,0.0151509
2013-03-07,UZS,1000,15.1142,0.0151142
2013-03-08,UZS,1000,15.1837,0.0151837
2013-03-12,UZS,1000,15.1811,0.0151811
2013-03-13,UZS,1000,15.1423,0.0151423
2013-03-14,UZS,1000,15.128,0.015128
2013-03-15,UZS,1000,15.1312,0.0151312
2013-03-16,UZS,1000,15.1142,0.0151142
2013-03-19,UZS,1000,15.3321,0.0153321
2013-03-20,UZS,1000,15.112,0.015112
2013-03-21,UZS,1000,15.3533,0.0153533
2013-03-22,UZS,1000,15.1581,0.0151581
2013-03-23,UZS,1000,15.1779,0.0151779
2013-03-26,UZS,1000,15.2407,0.0152407
2013-03-27,UZS,1000,15.3078,0.0153078
2013-03-28,UZS,1000,15.4183,0.0154183
2013-03-29,UZS,1000,15.1682,0.0151682
2013-03-30,UZS,1000,15.2109,0.0152109
2013-04-02,UZS,1000,15.3917,0.0153917
2013-04-03,UZS,1000,15.2017,0.0152017
2013-04-04,UZS,1000,15.343,0.015343
2013-04-05,UZS,1000,15.4998,0.0154998
2013-04-06,UZS,1000,15.4511,0.0154511
2013-04-09,UZS,1000,15.448,0.015448
2013-04-10,UZS,1000,15.2126,0.0152126
2013-04-11,UZS,1000,15.1298,0.0151298
2013-04-12,UZS,1000,15.0568,0.0150568
2013-04-13,UZS,1000,15.0772,0.0150772
2013-04-16,UZS,1000,15.2596,0.0152596
2013-04-17,UZS,1000,15.2973,0.0152973
2013-04-18,UZS,1000,15.187,0.015187
2013-04-19,UZS,1000,15.4294,0.0154294
2013-04-20,UZS,1000,15.2981,0.0152981
2013-04-23,UZS,1000,15.357,0.015357
2013-04-24,UZS,1000,15.3487,0.0153487
2013-04-25,UZS,1000,15.3246,0.0153246
2013-04-26,UZS,1000,15.1913,0.0151913
2013-04-27,UZS,1000,15.1551,0.0151551
2013-04-30,UZS,1000,15.2915,0.0152915
2013-05-01,UZS,1000,15.0294,0.0150294
2013-05-07,UZS,1000,15.06,0.01506
2013-05-08,UZS,1000,15.0103,0.0150103
2013-05-09,UZS,1000,15.0123,0.0150123
2013-05-14,UZS,1000,15.1583,0.0151583
2013-05-15,UZS,1000,15.0955,0.0150955
2013-05-16,UZS,1000,15.1607,0.0151607
2013-05-17,UZS,1000,15.1515,0.0151515
2013-05-18,UZS,1000,15.1401,0.0151401
2013-05-21,UZS,1000,15.2474,0.0152474
2013-05-22,UZS,1000,14.9889,0.0149889
2013-05-23,UZS,1000,15.0285,0.0150285
2013-05-24,UZS,1000,15.1413,0.0151413
2013-05-25,UZS,1000,15.0705,0.0150705
2013-05-28,UZS,1000,15.0565,0.0150565
2013-05-29,UZS,1000,15.093,0.015093
2013-05-30,UZS,1000,15.1285,0.0151285
2013-05-31,UZS,1000,15.1617,0.0151617
2013-06-01,UZS,1000,15.2838,0.0152838
2013-06-04,UZS,1000,15.6794,0.0156794
2013-06-05,UZS,1000,15.2687,0.0152687
2013-06-06,UZS,1000,15.48,0.01548
2013-06-07,UZS,1000,15.3957,0.0153957
2013-06-08,UZS,1000,15.4405,0.0154405
2013-06-11,UZS,1000,15.4848,0.0154848
2013-06-12,UZS,1000,15.4926,0.0154926
2013-06-14,UZS,1000,15.6189,0.0156189
2013-06-15,UZS,1000,15.1985,0.0151985
2013-06-18,UZS,1000,15.1502,0.0151502
2013-06-19,UZS,1000,15.2292,0.0152292
2013-06-20,UZS,1000,15.3428,0.0153428
2013-06-21,UZS,1000,15.618,0.015618
2013-06-22,UZS,1000,15.6367,0.0156367
2013-06-25,UZS,1000,15.7275,0.0157275
2013-06-26,UZS,1000,15.6004,0.0156004
2013-06-27,UZS,1000,15.6794,0.0156794
2013-06-28,UZS,1000,15.6779,0.0156779
2013-06-29,UZS,1000,15.598,0.015598
2013-07-02,UZS,1000,15.6885,0.0156885
2013-07-03,UZS,1000,15.7178,0.0157178
2013-07-04,UZS,1000,15.8192,0.0158192
2013-07-05,UZS,1000,15.7982,0.0157982
2013-07-06,UZS,1000,15.8288,0.0158288
2013-07-09,UZS,1000,15.8747,0.0158747
2013-07-10,UZS,1000,15.7319,0.0157319
2013-07-11,UZS,1000,15.6571,0.0156571
2013-07-12,UZS,1000,15.4953,0.0154953
2013-07-13,UZS,1000,15.5294,0.0155294
2013-07-16,UZS,1000,15.5195,0.0155195
2013-07-17,UZS,1000,15.4592,0.0154592
2013-07-18,UZS,1000,15.4133,0.0154133
2013-07-19,UZS,1000,15.3918,0.0153918
2013-07-20,UZS,1000,15.4056,0.0154056
2013-07-23,UZS,1000,15.3374,0.0153374
2013-07-24,UZS,1000,15.3312,0.0153312
2013-07-25,UZS,1000,15.3591,0.0153591
2013-07-26,UZS,1000,15.45,0.01545
2013-07-27,UZS,1000,15.4715,0.0154715
2013-07-30,UZS,1000,15.5788,0.0155788
2013-07-31,UZS,1000,15.337,0.015337
2013-08-01,UZS,1000,15.6517,0.0156517
2013-08-02,UZS,1000,15.6164,0.0156164
2013-08-03,UZS,1000,15.6862,0.0156862
2013-08-06,UZS,1000,15.5798,0.0155798
2013-08-07,UZS,1000,15.5703,0.0155703
2013-08-08,UZS,1000,15.5957,0.0155957
2013-08-09,UZS,1000,15.5672,0.0155672
2013-08-10,UZS,1000,15.5296,0.0155296
2013-08-13,UZS,1000,15.5329,0.0155329
2013-08-14,UZS,1000,15.5825,0.0155825
2013-08-15,UZS,1000,15.4117,0.0154117
2013-08-16,UZS,1000,15.5699,0.0155699
2013-08-17,UZS,1000,15.5497,0.0155497
2013-08-20,UZS,1000,15.5405,0.0155405
2013-08-21,UZS,1000,15.5773,0.0155773
2013-08-22,UZS,1000,15.55,0.01555
2013-08-23,UZS,1000,15.6413,0.0156413
2013-08-24,UZS,1000,15.5811,0.0155811
2013-08-27,UZS,1000,15.5308,0.0155308
2013-08-28,UZS,1000,15.5687,0.0155687
2013-08-29,UZS,1000,15.4217,0.0154217
2013-08-30,UZS,1000,15.595,0.015595
2013-08-31,UZS,1000,15.6311,0.0156311
2013-09-03,UZS,1000,15.626,0.015626
2013-09-04,UZS,1000,15.6811,0.0156811
2013-09-05,UZS,1000,15.7263,0.0157263
2013-09-06,UZS,1000,15.6908,0.0156908
2013-09-07,UZS,1000,15.7114,0.0157114
2013-09-10,UZS,1000,15.6636,0.0156636
2013-09-11,UZS,1000,15.5357,0.0155357
2013-09-12,UZS,1000,15.4901,0.0154901
2013-09-13,UZS,1000,15.3539,0.0153539
2013-09-14,UZS,1000,15.3892,0.0153892
2013-09-17,UZS,1000,15.1778,0.0151778
2013-09-18,UZS,1000,15.1933,0.0151933
2013-09-19,UZS,1000,14.8083,0.0148083
2013-09-20,UZS,1000,14.5371,0.0145371
2013-09-21,UZS,1000,14.573,0.014573
2013-09-24,UZS,1000,14.6513,0.0146513
2013-09-25,UZS,1000,14.7985,0.0147985
2013-09-26,UZS,1000,14.6253,0.0146253
2013-09-27,UZS,1000,14.7349,0.0147349
2013-09-28,UZS,1000,15.0372,0.0150372
2013-10-01,UZS,1000,15.2513,0.0152513
2013-10-02,UZS,1000,14.9833,0.0149833
2013-10-03,UZS,1000,14.9805,0.0149805
2013-10-04,UZS,1000,14.921,0.014921
2013-10-05,UZS,1000,14.9062,0.0149062
2013-10-08,UZS,1000,14.9852,0.0149852
2013-10-09,UZS,1000,14.9322,0.0149322
2013-10-10,UZS,1000,14.9685,0.0149685
2013-10-11,UZS,1000,14.9694,0.0149694
2013-10-12,UZS,1000,14.8894,0.0148894
2013-10-15,UZS,1000,14.9174,0.0149174
2013-10-16,UZS,1000,14.918,0.014918
2013-10-17,UZS,1000,14.9127,0.0149127
2013-10-18,UZS,1000,14.8046,0.0148046
2013-10-19,UZS,1000,14.6925,0.0146925
2013-10-22,UZS,1000,14.7146,0.0147146
2013-10-23,UZS,1000,14.7029,0.0147029
2013-10-24,UZS,1000,14.6054,0.0146054
2013-10-25,UZS,1000,14.5705,0.0145705
2013-10-26,UZS,1000,14.5778,0.0145778
2013-10-29,UZS,1000,14.6464,0.0146464
2013-10-30,UZS,1000,14.6736,0.0146736
2013-10-31,UZS,1000,14.7239,0.0147239
2013-11-01,UZS,1000,14.7306,0.0147306
2013-11-02,UZS,1000,14.7856,0.0147856
2013-11-06,UZS,1000,14.8229,0.0148229
2013-11-07,UZS,1000,14.8957,0.0148957
2013-11-08,UZS,1000,14.8329,0.0148329
2013-11-09,UZS,1000,14.9097,0.0149097
2013-11-12,UZS,1000,14.9689,0.0149689
2013-11-13,UZS,1000,15.0012,0.0150012
2013-11-14,UZS,1000,15.013,0.015013
2013-11-15,UZS,1000,14.9462,0.0149462
2013-11-16,UZS,1000,14.95,0.01495
2013-11-19,UZS,1000,14.8906,0.0148906
2013-11-20,UZS,1000,14.8903,0.0148903
2013-11-21,UZS,1000,14.9369,0.0149369
2013-11-22,UZS,1000,15.0698,0.0150698
2013-11-23,UZS,1000,15.0185,0.0150185
2013-11-26,UZS,1000,14.965,0.014965
2013-11-27,UZS,1000,15.0287,0.0150287
2013-11-28,UZS,1000,15.0497,0.0150497
2013-11-29,UZS,1000,15.1086,0.0151086
2013-11-30,UZS,1000,15.1352,0.0151352
2013-12-03,UZS,1000,15.1155,0.0151155
2013-12-04,UZS,1000,15.1256,0.0151256
2013-12-05,UZS,1000,15.1334,0.0151334
2013-12-06,UZS,1000,15.0655,0.0150655
2013-12-07,UZS,1000,14.9984,0.0149984
2013-12-10,UZS,1000,14.9263,0.0149263
2013-12-11,UZS,1000,14.8954,0.0148954
2013-12-12,UZS,1000,14.878,0.014878
2013-12-13,UZS,1000,14.8804,0.0148804
2013-12-14,UZS,1000,14.9257,0.0149257
2013-12-17,UZS,1000,14.9254,0.0149254
2013-12-18,UZS,1000,14.9181,0.0149181
2013-12-19,UZS,1000,14.9593,0.0149593
2013-12-20,UZS,1000,14.9581,0.0149581
2013-12-21,UZS,1000,14.967,0.014967
2013-12-24,UZS,1000,14.9639,0.0149639
2013-12-25,UZS,1000,14.8176,0.0148176
2013-12-26,UZS,1000,14.8268,0.0148268
2013-12-27,UZS,1000,14.837,0.014837
2013-12-28,UZS,1000,14.6644,0.0146644
2013-12-31,UZS,1000,14.6276,0.0146276
2014-01-01,UZS,1000,14.6452,0.0146452
2014-01-10,UZS,1000,14.9345,0.0149345
2014-01-11,UZS,1000,14.9577,0.0149577
2014-01-14,UZS,1000,14.9191,0.0149191
2014-01-15,UZS,1000,14.9387,0.0149387
2014-01-16,UZS,1000,15.0186,0.0150186
2014-01-17,UZS,1000,15.0456,0.0150456
2014-01-18,UZS,1000,15.0537,0.0150537
2014-01-21,UZS,1000,15.1545,0.0151545
2014-01-22,UZS,1000,15.2325,0.0152325
2014-01-23,UZS,1000,15.2562,0.0152562
2014-01-24,UZS,1000,15.3235,0.0153235
2014-01-25,UZS,1000,15.4324,0.0154324
2014-01-28,UZS,1000,15.6348,0.0156348
2014-01-29,UZS,1000,15.5968,0.0155968
2014-01-30,UZS,1000,15.5761,0.0155761
2014-01-31,UZS,1000,15.876,0.015876
2014-02-01,UZS,1000,15.8468,0.0158468
2014-02-04,UZS,1000,15.8643,0.0158643
2014-02-05,UZS,1000,15.897,0.015897
2014-02-06,UZS,1000,15.6557,0.0156557
2014-02-07,UZS,1000,15.5595,0.0155595
2014-02-08,UZS,1000,15.5107,0.0155107
2014-02-11,UZS,1000,15.6171,0.0156171
2014-02-12,UZS,1000,15.5619,0.0155619
2014-02-13,UZS,1000,15.5454,0.0155454
2014-02-14,UZS,1000,15.5804,0.0155804
2014-02-15,UZS,1000,15.8027,0.0158027
2014-02-18,UZS,1000,15.7388,0.0157388
2014-02-19,UZS,1000,15.8021,0.0158021
2014-02-20,UZS,1000,15.8794,0.0158794
2014-02-21,UZS,1000,15.9674,0.0159674
2014-02-22,UZS,1000,15.9548,0.0159548
2014-02-25,UZS,1000,15.8532,0.0158532
2014-02-26,UZS,1000,15.8427,0.0158427
2014-02-27,UZS,1000,15.9267,0.0159267
2014-02-28,UZS,1000,16.058,0.016058
2014-03-01,UZS,1000,16.1107,0.0161107
2014-03-04,UZS,1000,16.2042,0.0162042
2014-03-05,UZS,1000,16.1354,0.0161354
2014-03-06,UZS,1000,16.0022,0.0160022
2014-03-07,UZS,1000,16.0094,0.0160094
2014-03-08,UZS,1000,16.0486,0.0160486
2014-03-12,UZS,1000,16.0997,0.0160997
2014-03-13,UZS,1000,16.1445,0.0161445
2014-03-14,UZS,1000,16.1312,0.0161312
2014-03-15,UZS,1000,16.2264,0.0162264
2014-03-18,UZS,1000,16.2891,0.0162891
2014-03-19,UZS,1000,16.1707,0.0161707
2014-03-20,UZS,1000,16.0777,0.0160777
2014-03-21,UZS,1000,16.048,0.016048
2014-03-22,UZS,1000,16.0645,0.0160645
2014-03-25,UZS,1000,15.9604,0.0159604
2014-03-26,UZS,1000,15.8219,0.0158219
2014-03-27,UZS,1000,15.6062,0.0156062
2014-03-28,UZS,1000,15.6675,0.0156675
2014-03-29,UZS,1000,15.7212,0.0157212
2014-04-01,UZS,1000,15.6852,0.0156852
2014-04-02,UZS,1000,15.3952,0.0153952
2014-04-03,UZS,1000,15.5157,0.0155157
2014-04-04,UZS,1000,15.6318,0.0156318
2014-04-05,UZS,1000,15.6461,0.0156461
2014-04-08,UZS,1000,15.6453,0.0156453
2014-04-09,UZS,1000,15.6804,0.0156804
2014-04-10,UZS,1000,15.7694,0.0157694
2014-04-11,UZS,1000,15.6989,0.0156989
2014-04-12,UZS,1000,15.6589,0.0156589
2014-04-15,UZS,1000,15.8124,0.0158124
2014-04-16,UZS,1000,15.7562,0.0157562
2014-04-17,UZS,1000,15.8251,0.0158251
2014-04-18,UZS,1000,15.7582,0.0157582
2014-04-19,UZS,1000,15.5872,0.0155872
2014-04-22,UZS,1000,15.6442,0.0156442
2014-04-23,UZS,1000,15.6279,0.0156279
2014-04-24,UZS,1000,15.6072,0.0156072
2014-04-25,UZS,1000,15.623,0.015623
2014-04-26,UZS,1000,15.7169,0.0157169
2014-04-29,UZS,1000,15.7656,0.0157656
2014-04-30,UZS,1000,15.6571,0.0156571
2014-05-01,UZS,1000,15.6941,0.0156941
2014-05-06,UZS,1000,15.7185,0.0157185
2014-05-07,UZS,1000,15.6382,0.0156382
2014-05-08,UZS,1000,15.5553,0.0155553
2014-05-09,UZS,1000,15.3525,0.0153525
2014-05-13,UZS,1000,15.4291,0.0154291
2014-05-14,UZS,1000,15.2844,0.0152844
2014-05-15,UZS,1000,15.2099,0.0152099
2014-05-16,UZS,1000,15.2062,0.0152062
2014-05-17,UZS,1000,15.2408,0.0152408
2014-05-20,UZS,1000,15.2232,0.0152232
2014-05-21,UZS,1000,15.1624,0.0151624
2014-05-22,UZS,1000,15.1217,0.0151217
2014-05-23,UZS,1000,15.022,0.015022
2014-05-24,UZS,1000,15.0368,0.0150368
2014-05-27,UZS,1000,14.933,0.014933
2014-05-28,UZS,1000,15.0119,0.0150119
2014-05-29,UZS,1000,15.1137,0.0151137
2014-05-30,UZS,1000,15.0878,0.0150878
2014-05-31,UZS,1000,15.1257,0.0151257
2014-06-03,UZS,1000,15.1926,0.0151926
2014-06-04,UZS,1000,15.2461,0.0152461
2014-06-05,UZS,1000,15.3019,0.0153019
2014-06-06,UZS,1000,15.1994,0.0151994
2014-06-07,UZS,1000,15.0918,0.0150918
2014-06-10,UZS,1000,14.9494,0.0149494
2014-06-11,UZS,1000,14.9659,0.0149659
2014-06-12,UZS,1000,14.9461,0.0149461
2014-06-17,UZS,1000,15.0518,0.0150518
2014-06-18,UZS,1000,15.1581,0.0151581
2014-06-19,UZS,1000,15.1641,0.0151641
2014-06-20,UZS,1000,14.9373,0.0149373
2014-06-21,UZS,1000,14.988,0.014988
2014-06-24,UZS,1000,14.9274,0.0149274
2014-06-25,UZS,1000,14.7974,0.0147974
2014-06-26,UZS,1000,14.7651,0.0147651
2014-06-27,UZS,1000,14.6971,0.0146971
2014-06-28,UZS,1000,14.6447,0.0146447
2014-07-01,UZS,1000,14.7374,0.0147374
2014-07-02,UZS,1000,14.9047,0.0149047
2014-07-03,UZS,1000,14.9143,0.0149143
2014-07-04,UZS,1000,14.8905,0.0148905
2014-07-05,UZS,1000,14.9465,0.0149465
2014-07-08,UZS,1000,15.0534,0.0150534
2014-07-09,UZS,1000,14.991,0.014991
2014-07-10,UZS,1000,14.8386,0.0148386
2014-07-11,UZS,1000,14.7339,0.0147339
2014-07-12,UZS,1000,14.8309,0.0148309
2014-07-15,UZS,1000,14.9421,0.0149421
2014-07-16,UZS,1000,14.9677,0.0149677
2014-07-17,UZS,1000,14.9734,0.0149734
2014-07-18,UZS,1000,15.1539,0.0151539
2014-07-19,UZS,1000,15.3119,0.0153119
2014-07-22,UZS,1000,15.2802,0.0152802
2014-07-23,UZS,1000,15.2579,0.0152579
2014-07-24,UZS,1000,15.1584,0.0151584
2014-07-25,UZS,1000,15.2753,0.0152753
2014-07-26,UZS,1000,15.2643,0.0152643
2014-07-29,UZS,1000,15.1818,0.0151818
2014-07-30,UZS,1000,15.3056,0.0153056
2014-07-31,UZS,1000,15.3456,0.0153456
2014-08-01,UZS,1000,15.224,0.015224
2014-08-02,UZS,1000,15.3457,0.0153457
2014-08-05,UZS,1000,15.317,0.015317
2014-08-06,UZS,1000,15.3764,0.0153764
2014-08-07,UZS,1000,15.5102,0.0155102
2014-08-08,UZS,1000,15.5701,0.0155701
2014-08-09,UZS,1000,15.6545,0.0156545
2014-08-12,UZS,1000,15.4833,0.0154833
2014-08-13,UZS,1000,15.5011,0.0155011
2014-08-14,UZS,1000,15.5583,0.0155583
2014-08-15,UZS,1000,15.4798,0.0154798
2014-08-16,UZS,1000,15.4635,0.0154635
2014-08-19,UZS,1000,15.4755,0.0154755
2014-08-20,UZS,1000,15.4025,0.0154025
2014-08-21,UZS,1000,15.4514,0.0154514
2014-08-22,UZS,1000,15.4974,0.0154974
2014-08-23,UZS,1000,15.357,0.015357
2014-08-26,UZS,1000,15.4071,0.0154071
2014-08-27,UZS,1000,15.3899,0.0153899
2014-08-28,UZS,1000,15.5473,0.0155473
2014-08-29,UZS,1000,15.6185,0.0156185
2014-08-30,UZS,1000,15.888,0.015888
2014-09-02,UZS,1000,16.0441,0.0160441
2014-09-03,UZS,1000,16.0671,0.0160671
2014-09-04,UZS,1000,16.0855,0.0160855
2014-09-05,UZS,1000,15.8637,0.0158637
2014-09-06,UZS,1000,15.9146,0.0159146
2014-09-09,UZS,1000,15.9856,0.0159856
2014-09-10,UZS,1000,15.9595,0.0159595
2014-09-11,UZS,1000,16.0213,0.0160213
2014-09-12,UZS,1000,16.1103,0.0161103
2014-09-13,UZS,1000,16.2304,0.0162304
2014-09-16,UZS,1000,16.3733,0.0163733
2014-09-17,UZS,1000,16.6835,0.0166835
2014-09-18,UZS,1000,16.5398,0.0165398
2014-09-19,UZS,1000,16.5607,0.0165607
2014-09-20,UZS,1000,16.5575,0.0165575
2014-09-23,UZS,1000,16.6285,0.0166285
2014-09-24,UZS,1000,16.6669,0.0166669
2014-09-25,UZS,1000,16.5444,0.0165444
2014-09-26,UZS,1000,16.5089,0.0165089
2014-09-27,UZS,1000,16.6915,0.0166915
2014-09-30,UZS,1000,16.977,0.016977
2014-10-01,UZS,1000,16.6358,0.0166358
2014-10-02,UZS,1000,17.095,0.017095
2014-10-03,UZS,1000,17.0463,0.0170463
2014-10-04,UZS,1000,17.1112,0.0171112
2014-10-07,UZS,1000,17.2336,0.0172336
2014-10-08,UZS,1000,17.13,0.01713
2014-10-09,UZS,1000,17.2336,0.0172336
2014-10-10,UZS,1000,16.8589,0.0168589
2014-10-11,UZS,1000,16.9569,0.0169569
2014-10-14,UZS,1000,17.0044,0.0170044
2014-10-15,UZS,1000,17.091,0.017091
2014-10-16,UZS,1000,17.2644,0.0172644
2014-10-17,UZS,1000,17.152,0.017152
2014-10-18,UZS,1000,17.278,0.017278
2014-10-21,UZS,1000,17.2092,0.0172092
2014-10-22,UZS,1000,17.2802,0.0172802
2014-10-23,UZS,1000,17.2452,0.0172452
2014-10-24,UZS,1000,17.4678,0.0174678
2014-10-25,UZS,1000,17.6001,0.0176001
2014-10-28,UZS,1000,17.6589,0.0176589
2014-10-29,UZS,1000,17.7826,0.0177826
2014-10-30,UZS,1000,17.8913,0.0178913
2014-10-31,UZS,1000,18.2025,0.0182025
2014-11-01,UZS,1000,17.602,0.017602
2014-11-06,UZS,1000,18.5907,0.0185907
2014-11-07,UZS,1000,18.9199,0.0189199
2014-11-08,UZS,1000,20.0471,0.0200471
2014-11-11,UZS,1000,19.216,0.019216
2014-11-12,UZS,1000,19.2409,0.0192409
2014-11-13,UZS,1000,19.368,0.019368
2014-11-14,UZS,1000,19.2783,0.0192783
2014-11-15,UZS,1000,19.8086,0.0198086
2014-11-18,UZS,1000,19.7839,0.0197839
2014-11-19,UZS,1000,19.6011,0.0196011
2014-11-20,UZS,1000,19.6218,0.0196218
2014-11-21,UZS,1000,19.4864,0.0194864
2014-11-22,UZS,1000,19.1058,0.0191058
2014-11-25,UZS,1000,18.6855,0.0186855
2014-11-26,UZS,1000,18.7314,0.0187314
2014-11-27,UZS,1000,19.3347,0.0193347
2014-11-28,UZS,1000,19.8505,0.0198505
2014-11-29,UZS,1000,20.5415,0.0205415
2014-12-02,UZS,1000,21.5764,0.0215764
2014-12-03,UZS,1000,21.1057,0.0211057
2014-12-04,UZS,1000,22.6082,0.0226082
2014-12-05,UZS,1000,21.9061,0.0219061
2014-12-06,UZS,1000,22.0789,0.0220789
2014-12-09,UZS,1000,22.1617,0.0221617
2014-12-10,UZS,1000,22.5374,0.0225374
2014-12-11,UZS,1000,22.5242,0.0225242
2014-12-12,UZS,1000,22.7389,0.0227389
2014-12-13,UZS,1000,23.6098,0.0236098
2014-12-16,UZS,1000,24.2133,0.0242133
2014-12-17,UZS,1000,25.3323,0.0253323
2014-12-18,UZS,1000,28.0805,0.0280805
2014-12-19,UZS,1000,24.6909,0.0246909
2014-12-20,UZS,1000,25.1382,0.0251382
2014-12-23,UZS,1000,23.1723,0.0231723
2014-12-24,UZS,1000,22.5658,0.0225658
2014-12-25,UZS,1000,22.5338,0.0225338
2014-12-26,UZS,1000,21.7583,0.0217583
2014-12-27,UZS,1000,21.5178,0.0215178
2014-12-30,UZS,1000,23.439,0.023439
2014-12-31,UZS,1000,23.2242,0.0232242
2015-01-01,UZS,1000,23.2157,0.0232157
2015-01-13,UZS,1000,25.878,0.025878
2015-01-14,UZS,1000,26.7468,0.0267468
2015-01-15,UZS,1000,27.2648,0.0272648
2015-01-16,UZS,1000,26.7432,0.0267432
2015-01-17,UZS,1000,26.8834,0.0268834
2015-01-20,UZS,1000,26.8007,0.0268007
2015-01-21,UZS,1000,26.7414,0.0267414
2015-01-22,UZS,1000,26.9758,0.0269758
2015-01-23,UZS,1000,26.9117,0.0269117
2015-01-24,UZS,1000,26.0858,0.0260858
2015-01-27,UZS,1000,26.9914,0.0269914
2015-01-28,UZS,1000,27.837,0.027837
2015-01-29,UZS,1000,27.5641,0.0275641
2015-01-30,UZS,1000,28.2126,0.0282126
2015-01-31,UZS,1000,28.2942,0.0282942
2015-02-03,UZS,1000,28.5958,0.0285958
2015-02-04,UZS,1000,27.7515,0.0277515
2015-02-05,UZS,1000,26.7991,0.0267991
2015-02-06,UZS,1000,28.0619,0.0280619
2015-02-07,UZS,1000,27.0115,0.0270115
2015-02-10,UZS,1000,26.9046,0.0269046
2015-02-11,UZS,1000,26.6044,0.0266044
2015-02-12,UZS,1000,26.7443,0.0267443
2015-02-13,UZS,1000,26.7609,0.0267609
2015-02-14,UZS,1000,26.5658,0.0265658
2015-02-17,UZS,1000,25.5247,0.0255247
2015-02-18,UZS,1000,25.6021,0.0256021
2015-02-19,UZS,1000,25.4176,0.0254176
2015-02-20,UZS,1000,25.2564,0.0252564
2015-02-21,UZS,1000,25.04,0.02504
2015-02-25,UZS,1000,25.764,0.025764
2015-02-26,UZS,1000,25.3917,0.0253917
2015-02-27,UZS,1000,24.6292,0.0246292
2015-02-28,UZS,1000,24.8064,0.0248064
2015-03-03,UZS,1000,25.2243,0.0252243
2015-03-04,UZS,1000,25.2489,0.0252489
2015-03-05,UZS,1000,25.0504,0.0250504
2015-03-06,UZS,1000,25.0895,0.0250895
2015-03-07,UZS,1000,24.3383,0.0243383
2015-03-11,UZS,1000,24.5309,0.0245309
2015-03-12,UZS,1000,25.3354,0.0253354
2015-03-13,UZS,1000,24.67,0.02467
2015-03-14,UZS,1000,24.7945,0.0247945
2015-03-17,UZS,1000,25.1618,0.0251618
2015-03-18,UZS,1000,24.8695,0.0248695
2015-03-19,UZS,1000,24.7073,0.0247073
2015-03-20,UZS,1000,24.1741,0.0241741
2015-03-21,UZS,1000,24.2073,0.0242073
2015-03-24,UZS,1000,23.9892,0.0239892
2015-03-25,UZS,1000,23.6584,0.0236584
2015-03-26,UZS,1000,23.0937,0.0230937
2015-03-27,UZS,1000,22.7529,0.0227529
2015-03-28,UZS,1000,23.2305,0.0232305
2015-03-31,UZS,1000,23.4778,0.0234778
2015-04-01,UZS,1000,23.1619,0.0231619
2015-04-02,UZS,1000,23.3882,0.0233882
2015-04-03,UZS,1000,22.8876,0.0228876
2015-04-04,UZS,1000,22.7014,0.0227014
2015-04-07,UZS,1000,22.6412,0.0226412
2015-04-08,UZS,1000,22.1331,0.0221331
2015-04-09,UZS,1000,21.6541,0.0216541
2015-04-10,UZS,1000,21.0591,0.0210591
2015-04-11,UZS,1000,20.4681,0.0204681
2015-04-14,UZS,1000,21.053,0.021053
2015-04-15,UZS,1000,20.765,0.020765
2015-04-16,UZS,1000,20.161,0.020161
2015-04-17,UZS,1000,19.862,0.019862
2015-04-18,UZS,1000,20.1876,0.0201876
2015-04-21,UZS,1000,20.6083,0.0206083
2015-04-22,UZS,1000,21.5203,0.0215203
2015-04-23,UZS,1000,21.4194,0.0214194
2015-04-24,UZS,1000,20.5992,0.0205992
2015-04-25,UZS,1000,20.2202,0.0202202
2015-04-28,UZS,1000,20.7119,0.0207119
2015-04-29,UZS,1000,21.0479,0.0210479
2015-04-30,UZS,1000,20.806,0.020806
2015-05-01,UZS,1000,20.5956,0.0205956
2015-05-06,UZS,1000,20.8447,0.0208447
2015-05-07,UZS,1000,19.8576,0.0198576
2015-05-08,UZS,1000,20.0245,0.0200245
2015-05-09,UZS,1000,20.1954,0.0201954
2015-05-13,UZS,1000,20.164,0.020164
2015-05-14,UZS,1000,19.6496,0.0196496
2015-05-15,UZS,1000,19.872,0.019872
2015-05-16,UZS,1000,19.8301,0.0198301
2015-05-19,UZS,1000,19.4722,0.0194722
2015-05-20,UZS,1000,19.4532,0.0194532
2015-05-21,UZS,1000,19.7196,0.0197196
2015-05-22,UZS,1000,19.7314,0.0197314
2015-05-23,UZS,1000,19.7032,0.0197032
2015-05-26,UZS,1000,19.7627,0.0197627
2015-05-27,UZS,1000,19.9454,0.0199454
2015-05-28,UZS,1000,20.1492,0.0201492
2015-05-29,UZS,1000,20.6683,0.0206683
2015-05-30,UZS,1000,20.8961,0.0208961
2015-06-02,UZS,1000,20.878,0.020878
2015-06-03,UZS,1000,21.0603,0.0210603
2015-06-04,UZS,1000,20.9141,0.0209141
2015-06-05,UZS,1000,21.7355,0.0217355
2015-06-06,UZS,1000,22.2317,0.0222317
2015-06-09,UZS,1000,22.05,0.02205
2015-06-10,UZS,1000,21.9945,0.0219945
2015-06-11,UZS,1000,21.5834,0.0215834
2015-06-12,UZS,1000,21.4679,0.0214679
2015-06-16,UZS,1000,21.7059,0.0217059
2015-06-17,UZS,1000,21.1925,0.0211925
2015-06-18,UZS,1000,21.2204,0.0212204
2015-06-19,UZS,1000,20.9961,0.0209961
2015-06-20,UZS,1000,21.1397,0.0211397
2015-06-23,UZS,1000,21.044,0.021044
2015-06-24,UZS,1000,21.2581,0.0212581
2015-06-25,UZS,1000,21.2057,0.0212057
2015-06-26,UZS,1000,21.4128,0.0214128
2015-06-27,UZS,1000,21.4531,0.0214531
2015-06-30,UZS,1000,21.7315,0.0217315
2015-07-01,UZS,1000,21.8557,0.0218557
2015-07-02,UZS,1000,21.6956,0.0216956
2015-07-03,UZS,1000,21.783,0.021783
2015-07-04,UZS,1000,21.7207,0.0217207
2015-07-07,UZS,1000,22.032,0.022032
2015-07-08,UZS,1000,22.3338,0.0223338
2015-07-09,UZS,1000,22.3244,0.0223244
2015-07-10,UZS,1000,22.2406,0.0222406
2015-07-11,UZS,1000,22.1448,0.0221448
2015-07-14,UZS,1000,22.1384,0.0221384
2015-07-15,UZS,1000,22.2109,0.0222109
2015-07-16,UZS,1000,22.0913,0.0220913
2015-07-17,UZS,1000,22.1769,0.0221769
2015-07-18,UZS,1000,22.1607,0.0221607
2015-07-21,UZS,1000,22.1123,0.0221123
2015-07-22,UZS,1000,22.2666,0.0222666
2015-07-23,UZS,1000,22.1535,0.0221535
2015-07-24,UZS,1000,22.3182,0.0223182
2015-07-25,UZS,1000,22.5739,0.0225739
2015-07-28,UZS,1000,22.8367,0.0228367
2015-07-29,UZS,1000,23.4058,0.0234058
2015-07-30,UZS,1000,23.2103,0.0232103
2015-07-31,UZS,1000,22.909,0.022909
2015-08-01,UZS,1000,23.4353,0.0234353
2015-08-04,UZS,1000,24.2105,0.0242105
2015-08-05,UZS,1000,24.368,0.024368
2015-08-06,UZS,1000,24.2812,0.0242812
2015-08-07,UZS,1000,24.723,0.024723
2015-08-08,UZS,1000,24.725,0.024725
2015-08-11,UZS,1000,24.9991,0.0249991
2015-08-12,UZS,1000,24.5475,0.0245475
2015-08-13,UZS,1000,25.1516,0.0251516
2015-08-14,UZS,1000,24.7769,0.0247769
2015-08-15,UZS,1000,25.1691,0.0251691
2015-08-18,UZS,1000,25.3398,0.0253398
2015-08-19,UZS,1000,25.3872,0.0253872
2015-08-20,UZS,1000,25.3558,0.0253558
2015-08-21,UZS,1000,25.8237,0.0258237
2015-08-22,UZS,1000,26.2815,0.0262815
2015-08-25,UZS,1000,27.2836,0.0272836
2015-08-26,UZS,1000,26.9231,0.0269231
2015-08-27,UZS,1000,26.7313,0.0267313
2015-08-28,UZS,1000,26.0113,0.0260113
2015-08-29,UZS,1000,25.6374,0.0256374
2015-09-01,UZS,1000,25.7389,0.0257389
2015-09-02,UZS,1000,25.2315,0.0252315
2015-09-03,UZS,1000,25.634,0.025634
2015-09-04,UZS,1000,25.7237,0.0257237
2015-09-05,UZS,1000,25.9827,0.0259827
2015-09-08,UZS,1000,26.282,0.026282
2015-09-09,UZS,1000,26.4589,0.0264589
2015-09-10,UZS,1000,25.9585,0.0259585
2015-09-11,UZS,1000,26.2941,0.0262941
2015-09-12,UZS,1000,26.1072,0.0261072
2015-09-15,UZS,1000,26.0283,0.0260283
2015-09-16,UZS,1000,25.6816,0.0256816
2015-09-17,UZS,1000,25.2112,0.0252112
2015-09-18,UZS,1000,25.043,0.025043
2015-09-19,UZS,1000,25.1511,0.0251511
2015-09-22,UZS,1000,25.3431,0.0253431
2015-09-23,UZS,1000,25.3058,0.0253058
2015-09-24,UZS,1000,25.2065,0.0252065
2015-09-25,UZS,1000,25.3874,0.0253874
2015-09-26,UZS,1000,25.0659,0.0250659
2015-09-29,UZS,1000,25.0658,0.0250658
2015-09-30,UZS,1000,25.3295,0.0253295
2015-10-01,UZS,1000,25.0902,0.0250902
2015-10-02,UZS,1000,24.8504,0.0248504
2015-10-03,UZS,1000,25.1685,0.0251685
2015-10-06,UZS,1000,25.1147,0.0251147
2015-10-07,UZS,1000,24.6297,0.0246297
2015-10-08,UZS,1000,23.7523,0.0237523
2015-10-09,UZS,1000,23.6142,0.0236142
2015-10-10,UZS,1000,23.2802,0.0232802
2015-10-13,UZS,1000,23.2346,0.0232346
2015-10-14,UZS,1000,23.6592,0.0236592
2015-10-15,UZS,1000,23.8207,0.0238207
2015-10-16,UZS,1000,23.5324,0.0235324
2015-10-17,UZS,1000,23.2156,0.0232156
2015-10-20,UZS,1000,23.3353,0.0233353
2015-10-21,UZS,1000,23.6088,0.0236088
2015-10-22,UZS,1000,23.4837,0.0234837
2015-10-23,UZS,1000,23.5605,0.0235605
2015-10-24,UZS,1000,23.2377,0.0232377
2015-10-27,UZS,1000,23.4977,0.0234977
2015-10-28,UZS,1000,23.8275,0.0238275
2015-10-29,UZS,1000,24.5088,0.0245088
2015-10-30,UZS,1000,23.9883,0.0239883
2015-10-31,UZS,1000,24.0831,0.0240831
2015-11-03,UZS,1000,23.8502,0.0238502
2015-11-04,UZS,1000,23.7182,0.0237182
2015-11-06,UZS,1000,23.5509,0.0235509
2015-11-07,UZS,1000,23.6653,0.0236653
2015-11-10,UZS,1000,24.0374,0.0240374
2015-11-11,UZS,1000,23.7604,0.0237604
2015-11-12,UZS,1000,23.8263,0.0238263
2015-11-13,UZS,1000,24.1974,0.0241974
2015-11-14,UZS,1000,24.6338,0.0246338
2015-11-17,UZS,1000,24.6151,0.0246151
2015-11-18,UZS,1000,24.2968,0.0242968
2015-11-19,UZS,1000,24.0365,0.0240365
2015-11-20,UZS,1000,24.104,0.024104
2015-11-21,UZS,1000,24.0695,0.0240695
2015-11-24,UZS,1000,24.2953,0.0242953
2015-11-25,UZS,1000,24.2591,0.0242591
2015-11-26,UZS,1000,23.9236,0.0239236
2015-11-27,UZS,1000,24.0159,0.0240159
2015-11-28,UZS,1000,24.2191,0.0242191
2015-12-01,UZS,1000,24.2642,0.0242642
2015-12-02,UZS,1000,24.0677,0.0240677
2015-12-03,UZS,1000,24.5368,0.0245368
2015-12-04,UZS,1000,24.8694,0.0248694
2015-12-05,UZS,1000,24.7875,0.0247875
2015-12-08,UZS,1000,25.0973,0.0250973
2015-12-09,UZS,1000,25.4508,0.0254508
2015-12-10,UZS,1000,25.4225,0.0254225
2015-12-11,UZS,1000,25.4467,0.0254467
2015-12-12,UZS,1000,25.2465,0.0252465
2015-12-15,UZS,1000,25.695,0.025695
2015-12-16,UZS,1000,25.9449,0.0259449
2015-12-17,UZS,1000,25.788,0.025788
2015-12-18,UZS,1000,25.8821,0.0258821
2015-12-19,UZS,1000,25.888,0.025888
2015-12-22,UZS,1000,25.911,0.025911
2015-12-23,UZS,1000,25.8622,0.0258622
2015-12-24,UZS,1000,25.7471,0.0257471
2015-12-25,UZS,1000,25.2512,0.0252512
2015-12-26,UZS,1000,25.2267,0.0252267
2015-12-29,UZS,1000,25.7125,0.0257125
2015-12-30,UZS,1000,26.3182,0.0263182
2015-12-31,UZS,1000,26.4547,0.0264547
2016-01-01,UZS,1000,26.4911,0.0264911
2016-01-12,UZS,1000,27.0287,0.0270287
2016-01-13,UZS,1000,27.2612,0.0272612
2016-01-14,UZS,1000,27.5216,0.0275216
2016-01-15,UZS,1000,27.213,0.027213
2016-01-16,UZS,1000,27.2376,0.0272376
2016-01-19,UZS,1000,27.9957,0.0279957
2016-01-20,UZS,1000,27.9808,0.0279808
2016-01-21,UZS,1000,28.3285,0.0283285
2016-01-22,UZS,1000,29.8221,0.0298221
2016-01-23,UZS,1000,28.6018,0.0286018
2016-01-26,UZS,1000,27.6168,0.0276168
2016-01-27,UZS,1000,29.0726,0.0290726
2016-01-28,UZS,1000,28.0429,0.0280429
2016-01-29,UZS,1000,27.4352,0.0274352
2016-01-30,UZS,1000,26.7422,0.0267422
2016-02-02,UZS,1000,27.1624,0.0271624
2016-02-03,UZS,1000,27.7519,0.0277519
2016-02-04,UZS,1000,28.2363,0.0282363
2016-02-05,UZS,1000,26.9418,0.0269418
2016-02-06,UZS,1000,27.2807,0.0272807
2016-02-09,UZS,1000,27.1307,0.0271307
2016-02-10,UZS,1000,27.8023,0.0278023
2016-02-11,UZS,1000,27.989,0.027989
2016-02-12,UZS,1000,27.8866,0.0278866
2016-02-13,UZS,1000,28.0406,0.0280406
2016-02-16,UZS,1000,27.552,0.027552
2016-02-17,UZS,1000,27.0372,0.0270372
2016-02-18,UZS,1000,27.6065,0.0276065
2016-02-19,UZS,1000,26.5042,0.0265042
2016-02-20,UZS,1000,26.8138,0.0268138
2016-02-21,UZS,1000,27.084,0.027084
2016-02-25,UZS,1000,26.8327,0.0268327
2016-02-26,UZS,1000,26.8328,0.0268328
2016-02-27,UZS,1000,26.3752,0.0263752
2016-03-01,UZS,1000,26.6782,0.0266782
2016-03-02,UZS,1000,26.0111,0.0260111
2016-03-03,UZS,1000,25.8789,0.0258789
2016-03-04,UZS,1000,25.9488,0.0259488
2016-03-05,UZS,1000,25.7242,0.0257242
2016-03-10,UZS,1000,25.3511,0.0253511
2016-03-11,UZS,1000,24.9012,0.0249012
2016-03-12,UZS,1000,24.6,0.0246
2016-03-15,UZS,1000,24.5466,0.0245466
2016-03-16,UZS,1000,24.6905,0.0246905
2016-03-17,UZS,1000,24.8776,0.0248776
2016-03-18,UZS,1000,24.0139,0.0240139
2016-03-19,UZS,1000,23.9757,0.0239757
2016-03-22,UZS,1000,24.1264,0.0241264
2016-03-23,UZS,1000,23.7229,0.0237229
2016-03-24,UZS,1000,23.6921,0.0236921
2016-03-25,UZS,1000,24.1615,0.0241615
2016-03-26,UZS,1000,24.0121,0.0240121
2016-03-29,UZS,1000,23.7827,0.0237827
2016-03-30,UZS,1000,24.1669,0.0241669
2016-03-31,UZS,1000,23.7804,0.0237804
2016-04-01,UZS,1000,23.8088,0.0238088
2016-04-02,UZS,1000,23.3797,0.0233797
2016-04-05,UZS,1000,23.9037,0.0239037
2016-04-06,UZS,1000,24.0035,0.0240035
2016-04-07,UZS,1000,23.8751,0.0238751
2016-04-08,UZS,1000,23.6635,0.0236635
2016-04-09,UZS,1000,23.404,0.023404
2016-04-12,UZS,1000,23.2669,0.0232669
2016-04-13,UZS,1000,23.0127,0.0230127
2016-04-14,UZS,1000,22.7692,0.0227692
2016-04-15,UZS,1000,23.0088,0.0230088
2016-04-16,UZS,1000,22.853,0.022853
2016-04-19,UZS,1000,23.6237,0.0236237
2016-04-20,UZS,1000,22.7547,0.0227547
2016-04-21,UZS,1000,22.9054,0.0229054
2016-04-22,UZS,1000,22.5235,0.0225235
2016-04-23,UZS,1000,22.9134,0.0229134
2016-04-26,UZS,1000,23.0791,0.0230791
2016-04-27,UZS,1000,22.9713,0.0229713
2016-04-28,UZS,1000,22.4696,0.0224696
2016-04-29,UZS,1000,22.4529,0.0224529
2016-04-30,UZS,1000,22.1916,0.0221916
2016-05-05,UZS,1000,22.8573,0.0228573
2016-05-06,UZS,1000,22.7763,0.0227763
2016-05-07,UZS,1000,22.8409,0.0228409
2016-05-11,UZS,1000,22.8874,0.0228874
2016-05-12,UZS,1000,22.866,0.022866
2016-05-13,UZS,1000,22.4389,0.0224389
2016-05-14,UZS,1000,22.444,0.022444
2016-05-17,UZS,1000,22.4376,0.0224376
2016-05-18,UZS,1000,22.3077,0.0223077
2016-05-19,UZS,1000,22.5135,0.0225135
2016-05-20,UZS,1000,22.9342,0.0229342
2016-05-21,UZS,1000,23.0078,0.0230078
2016-05-24,UZS,1000,23.0826,0.0230826
2016-05-25,UZS,1000,23.0173,0.0230173
2016-05-26,UZS,1000,22.621,0.022621
2016-05-27,UZS,1000,22.3692,0.0223692
2016-05-28,UZS,1000,22.2361,0.0222361
2016-05-31,UZS,1000,22.2875,0.0222875
2016-06-01,UZS,1000,22.2584,0.0222584
2016-06-02,UZS,1000,22.5053,0.0225053
2016-06-03,UZS,1000,22.6038,0.0226038
2016-06-04,UZS,1000,22.7005,0.0227005
2016-06-07,UZS,1000,22.3545,0.0223545
2016-06-08,UZS,1000,22.1799,0.0221799
2016-06-09,UZS,1000,21.9999,0.0219999
2016-06-10,UZS,1000,21.6951,0.0216951
2016-06-11,UZS,1000,22.0319,0.0220319
2016-06-15,UZS,1000,22.4976,0.0224976
2016-06-16,UZS,1000,22.4738,0.0224738
2016-06-17,UZS,1000,22.4554,0.0224554
2016-06-18,UZS,1000,22.2964,0.0222964
2016-06-21,UZS,1000,21.8945,0.0218945
2016-06-22,UZS,1000,21.8057,0.0218057
2016-06-23,UZS,1000,21.6722,0.0216722
2016-06-24,UZS,1000,21.9152,0.0219152
2016-06-25,UZS,1000,22.3647,0.0223647
2016-06-28,UZS,1000,22.2044,0.0222044
2016-06-29,UZS,1000,22.1193,0.0221193
2016-06-30,UZS,1000,21.8192,0.0218192
2016-07-01,UZS,1000,21.8062,0.0218062
2016-07-02,UZS,1000,21.7743,0.0217743
2016-07-05,UZS,1000,21.6983,0.0216983
2016-07-06,UZS,1000,21.897,0.021897
2016-07-07,UZS,1000,22.0356,0.0220356
2016-07-08,UZS,1000,21.7192,0.0217192
2016-07-09,UZS,1000,21.8014,0.0218014
2016-07-12,UZS,1000,21.8005,0.0218005
2016-07-13,UZS,1000,21.7135,0.0217135
2016-07-14,UZS,1000,21.6158,0.0216158
2016-07-15,UZS,1000,21.5297,0.0215297
2016-07-16,UZS,1000,21.4135,0.0214135
2016-07-19,UZS,1000,21.3588,0.0213588
2016-07-20,UZS,1000,21.2586,0.0212586
2016-07-21,UZS,1000,21.4106,0.0214106
2016-07-22,UZS,1000,21.5839,0.0215839
2016-07-23,UZS,1000,21.8852,0.0218852
2016-07-26,UZS,1000,21.9319,0.0219319
2016-07-27,UZS,1000,22.2323,0.0222323
2016-07-28,UZS,1000,22.317,0.022317
2016-07-29,UZS,1000,22.3882,0.0223882
2016-07-30,UZS,1000,22.7292,0.0227292
2016-08-02,UZS,1000,22.3577,0.0223577
2016-08-03,UZS,1000,22.557,0.022557
2016-08-04,UZS,1000,22.4721,0.0224721
2016-08-05,UZS,1000,22.3775,0.0223775
2016-08-06,UZS,1000,22.1271,0.0221271
2016-08-09,UZS,1000,21.9166,0.0219166
2016-08-10,UZS,1000,21.872,0.021872
2016-08-11,UZS,1000,21.8965,0.0218965
2016-08-12,UZS,1000,21.9647,0.0219647
2016-08-13,UZS,1000,21.6039,0.0216039
2016-08-16,UZS,1000,21.5679,0.0215679
2016-08-17,UZS,1000,21.4652,0.0214652
2016-08-18,UZS,1000,21.453,0.021453
2016-08-19,UZS,1000,21.3108,0.0213108
2016-08-20,UZS,1000,21.4417,0.0214417
2016-08-23,UZS,1000,21.5462,0.0215462
2016-08-24,UZS,1000,21.702,0.021702
2016-08-25,UZS,1000,21.6987,0.0216987
2016-08-26,UZS,1000,21.7574,0.0217574
2016-08-27,UZS,1000,21.7023,0.0217023
2016-08-30,UZS,1000,21.8319,0.0218319
2016-08-31,UZS,1000,21.6863,0.0216863
2016-09-01,UZS,1000,21.8239,0.0218239
2016-09-02,UZS,1000,21.8249,0.0218249
2016-09-03,UZS,1000,22.0296,0.0220296
2016-09-06,UZS,1000,21.6259,0.0216259
2016-09-07,UZS,1000,21.697,0.021697
2016-09-08,UZS,1000,21.568,0.021568
2016-09-09,UZS,1000,21.4531,0.0214531
2016-09-10,UZS,1000,21.5308,0.0215308
2016-09-13,UZS,1000,21.8302,0.0218302
2016-09-14,UZS,1000,21.7849,0.0217849
2016-09-15,UZS,1000,21.8546,0.0218546
2016-09-16,UZS,1000,21.9512,0.0219512
2016-09-17,UZS,1000,21.8835,0.0218835
2016-09-20,UZS,1000,21.8577,0.0218577
2016-09-21,UZS,1000,21.5479,0.0215479
2016-09-22,UZS,1000,21.5526,0.0215526
2016-09-23,UZS,1000,21.3716,0.0213716
2016-09-24,UZS,1000,21.4094,0.0214094
2016-09-27,UZS,1000,21.5126,0.0215126
2016-09-28,UZS,1000,21.3732,0.0213732
2016-09-29,UZS,1000,21.2461,0.0212461
2016-09-30,UZS,1000,20.9897,0.0209897
2016-10-01,UZS,1000,21.0618,0.0210618
2016-10-04,UZS,1000,20.7869,0.0207869
2016-10-05,UZS,1000,20.5813,0.0205813
2016-10-06,UZS,1000,20.4848,0.0204848
2016-10-07,UZS,1000,20.4692,0.0204692
2016-10-08,UZS,1000,20.4608,0.0204608
2016-10-11,UZS,1000,20.4764,0.0204764
2016-10-12,UZS,1000,20.3917,0.0203917
2016-10-13,UZS,1000,20.521,0.020521
2016-10-14,UZS,1000,20.7693,0.0207693
2016-10-15,UZS,1000,20.6875,0.0206875
2016-10-18,UZS,1000,20.6016,0.0206016
2016-10-19,UZS,1000,20.4853,0.0204853
2016-10-20,UZS,1000,20.3857,0.0203857
2016-10-21,UZS,1000,20.3321,0.0203321
2016-10-22,UZS,1000,20.342,0.020342
2016-10-25,UZS,1000,20.272,0.020272
2016-10-26,UZS,1000,20.0933,0.0200933
2016-10-27,UZS,1000,20.188,0.020188
2016-10-28,UZS,1000,20.4476,0.0204476
2016-10-29,UZS,1000,20.41,0.02041
2016-11-01,UZS,1000,20.3784,0.0203784
2016-11-02,UZS,1000,20.3736,0.0203736
2016-11-03,UZS,1000,20.4372,0.0204372
2016-11-04,UZS,1000,20.4853,0.0204853
2016-11-08,UZS,1000,20.549,0.020549
2016-11-09,UZS,1000,20.5469,0.0205469
2016-11-10,UZS,1000,20.6439,0.0206439
2016-11-11,UZS,1000,20.3583,0.0203583
2016-11-12,UZS,1000,20.9028,0.0209028
2016-11-15,UZS,1000,20.9813,0.0209813
2016-11-16,UZS,1000,21.0112,0.0210112
2016-11-17,UZS,1000,20.7078,0.0207078
2016-11-18,UZS,1000,20.7067,0.0207067
2016-11-19,UZS,1000,20.7995,0.0207995
2016-11-22,UZS,1000,20.3826,0.0203826
2016-11-23,UZS,1000,20.1514,0.0201514
2016-11-24,UZS,1000,20.2559,0.0202559
2016-11-25,UZS,1000,20.4713,0.0204713
2016-11-26,UZS,1000,20.481,0.020481
2016-11-29,UZS,1000,20.5754,0.0205754
2016-11-30,UZS,1000,20.6109,0.0206109
2016-12-01,UZS,1000,20.7105,0.0207105
2016-12-02,UZS,1000,20.2033,0.0202033
2016-12-03,UZS,1000,20.366,0.020366
2016-12-06,UZS,1000,20.2934,0.0202934
2016-12-07,UZS,1000,20.2775,0.0202775
2016-12-08,UZS,1000,20.1169,0.0201169
2016-12-09,UZS,1000,19.9654,0.0199654
2016-12-10,UZS,1000,19.9379,0.0199379
2016-12-13,UZS,1000,19.2216,0.0192216
2016-12-14,UZS,1000,19.0543,0.0190543
2016-12-15,UZS,1000,19.0025,0.0190025
2016-12-16,UZS,1000,19.2435,0.0192435
2016-12-17,UZS,1000,19.3275,0.0193275
2016-12-20,UZS,1000,19.205,0.019205
2016-12-21,UZS,1000,19.2333,0.0192333
2016-12-22,UZS,1000,19.0668,0.0190668
2016-12-23,UZS,1000,18.9904,0.0189904
2016-12-24,UZS,1000,18.9868,0.0189868
2016-12-27,UZS,1000,19.0042,0.0190042
2016-12-28,UZS,1000,18.9887,0.0189887
2016-12-29,UZS,1000,18.9288,0.0189288
2016-12-30,UZS,1000,18.8059,0.0188059
2016-12-31,UZS,1000,18.9257,0.0189257
2017-01-10,UZS,1000,18.7175,0.0187175
2017-01-11,UZS,1000,18.4819,0.0184819
2017-01-12,UZS,1000,18.5397,0.0185397
2017-01-13,UZS,1000,18.3465,0.0183465
2017-01-14,UZS,1000,18.3411,0.0183411
2017-01-17,UZS,1000,18.4256,0.0184256
2017-01-18,UZS,1000,18.2774,0.0182774
2017-01-19,UZS,1000,18.2102,0.0182102
2017-01-20,UZS,1000,18.2341,0.0182341
2017-01-21,UZS,1000,18.343,0.018343
2017-01-24,UZS,1000,18.3087,0.0183087
2017-01-25,UZS,1000,18.1091,0.0181091
2017-01-26,UZS,1000,18.0883,0.0180883
2017-01-27,UZS,1000,18.2651,0.0182651
2017-01-28,UZS,1000,18.4916,0.0184916
2017-01-31,UZS,1000,18.4545,0.0184545
2017-02-01,UZS,1000,18.4593,0.0184593
2017-02-02,UZS,1000,18.5455,0.0185455
2017-02-03,UZS,1000,18.4742,0.0184742
2017-02-04,UZS,1000,18.2898,0.0182898
2017-02-07,UZS,1000,18.121,0.018121
2017-02-08,UZS,1000,17.9646,0.0179646
2017-02-09,UZS,1000,18.089,0.018089
2017-02-10,UZS,1000,17.9512,0.0179512
2017-02-11,UZS,1000,17.9135,0.0179135
2017-02-14,UZS,1000,17.5448,0.0175448
2017-02-15,UZS,1000,17.4472,0.0174472
2017-02-16,UZS,1000,17.1516,0.0171516
2017-02-17,UZS,1000,17.2922,0.0172922
2017-02-18,UZS,1000,17.4385,0.0174385
2017-02-21,UZS,1000,17.5891,0.0175891
2017-02-22,UZS,1000,17.533,0.017533
2017-02-23,UZS,1000,17.3907,0.0173907
2017-02-28,UZS,1000,17.2947,0.0172947
2017-03-01,UZS,1000,17.3385,0.0173385
2017-03-02,UZS,1000,17.4888,0.0174888
2017-03-03,UZS,1000,17.5133,0.0175133
2017-03-04,UZS,1000,17.68,0.01768
2017-03-07,UZS,1000,17.5186,0.0175186
2017-03-08,UZS,1000,17.5333,0.0175333
2017-03-10,UZS,1000,17.7364,0.0177364
2017-03-11,UZS,1000,17.8743,0.0178743
2017-03-14,UZS,1000,17.125,0.017125
2017-03-15,UZS,1000,16.8344,0.0168344
2017-03-16,UZS,1000,16.8749,0.0168749
2017-03-17,UZS,1000,16.6506,0.0166506
2017-03-18,UZS,1000,16.5527,0.0165527
2017-03-21,UZS,1000,16.3764,0.0163764
2017-03-22,UZS,1000,16.3755,0.0163755
2017-03-23,UZS,1000,16.5052,0.0165052
2017-03-24,UZS,1000,16.4822,0.0164822
2017-03-25,UZS,1000,16.1669,0.0161669
2017-03-28,UZS,1000,16.0629,0.0160629
2017-03-29,UZS,1000,16.0384,0.0160384
2017-03-30,UZS,1000,16.1085,0.0161085
2017-03-31,UZS,1000,15.5482,0.0155482
2017-04-01,UZS,1000,15.5749,0.0155749
2017-04-04,UZS,1000,15.6247,0.0156247
2017-04-05,UZS,1000,15.6101,0.0156101
2017-04-06,UZS,1000,15.4403,0.0154403
2017-04-07,UZS,1000,15.5903,0.0155903
2017-04-08,UZS,1000,15.7368,0.0157368
2017-04-11,UZS,1000,15.8447,0.0158447
2017-04-12,UZS,1000,15.6084,0.0156084
2017-04-13,UZS,1000,15.5495,0.0155495
2017-04-14,UZS,1000,15.5116,0.0155116
2017-04-15,UZS,1000,15.4202,0.0154202
2017-04-18,UZS,1000,15.4238,0.0154238
2017-04-19,UZS,1000,15.2164,0.0152164
2017-04-20,UZS,1000,15.2733,0.0152733
2017-04-21,UZS,1000,15.3389,0.0153389
2017-04-22,UZS,1000,15.2801,0.0152801
2017-04-25,UZS,1000,15.2473,0.0152473
2017-04-26,UZS,1000,15.0648,0.0150648
2017-04-27,UZS,1000,15.1992,0.0151992
2017-04-28,UZS,1000,15.3684,0.0153684
2017-04-29,UZS,1000,15.3802,0.0153802
2017-05-03,UZS,1000,15.2563,0.0152563
2017-05-04,UZS,1000,15.2859,0.0152859
2017-05-05,UZS,1000,15.414,0.015414
2017-05-06,UZS,1000,15.6729,0.0156729
2017-05-11,UZS,1000,15.5508,0.0155508
2017-05-12,UZS,1000,15.1672,0.0151672
2017-05-13,UZS,1000,15.1749,0.0151749
2017-05-16,UZS,1000,15.0135,0.0150135
2017-05-17,UZS,1000,14.8483,0.0148483
2017-05-18,UZS,1000,14.9626,0.0149626
2017-05-19,UZS,1000,15.1511,0.0151511
2017-05-20,UZS,1000,15.1018,0.0151018
2017-05-23,UZS,1000,14.9073,0.0149073
2017-05-24,UZS,1000,14.8033,0.0148033
2017-05-25,UZS,1000,14.7297,0.0147297
2017-05-26,UZS,1000,14.6763,0.0146763
2017-05-27,UZS,1000,14.8558,0.0148558
2017-05-30,UZS,1000,14.8457,0.0148457
2017-05-31,UZS,1000,14.5793,0.0145793
2017-06-01,UZS,1000,14.7397,0.0147397
2017-06-02,UZS,1000,14.6991,0.0146991
2017-06-03,UZS,1000,14.7386,0.0147386
2017-06-06,UZS,1000,14.7198,0.0147198
2017-06-07,UZS,1000,14.6333,0.0146333
2017-06-08,UZS,1000,14.6108,0.0146108
2017-06-09,UZS,1000,14.7136,0.0147136
2017-06-10,UZS,1000,14.714,0.014714
2017-06-14,UZS,1000,14.5802,0.0145802
2017-06-15,UZS,1000,14.6157,0.0146157
2017-06-16,UZS,1000,14.7367,0.0147367
2017-06-17,UZS,1000,14.8167,0.0148167
2017-06-20,UZS,1000,14.8452,0.0148452
2017-06-21,UZS,1000,14.9055,0.0149055
2017-06-22,UZS,1000,15.2749,0.0152749
2017-06-23,UZS,1000,15.3014,0.0153014
2017-06-24,UZS,1000,15.1797,0.0151797
2017-06-27,UZS,1000,15.0131,0.0150131
2017-06-28,UZS,1000,14.9798,0.0149798
2017-06-29,UZS,1000,15.1659,0.0151659
2017-06-30,UZS,1000,14.926,0.014926
2017-07-01,UZS,1000,15.0079,0.0150079
2017-07-04,UZS,1000,14.8969,0.0148969
2017-07-05,UZS,1000,14.9683,0.0149683
2017-07-06,UZS,1000,14.9449,0.0149449
2017-07-07,UZS,1000,15.1115,0.0151115
2017-07-08,UZS,1000,15.1457,0.0151457
2017-07-11,UZS,1000,15.1262,0.0151262
2017-07-12,UZS,1000,15.132,0.015132
2017-07-13,UZS,1000,15.1013,0.0151013
2017-07-14,UZS,1000,14.9916,0.0149916
2017-07-15,UZS,1000,14.9165,0.0149165
2017-07-18,UZS,1000,14.713,0.014713
2017-07-19,UZS,1000,14.6831,0.0146831
2017-07-20,UZS,1000,14.6549,0.0146549
2017-07-21,UZS,1000,14.6171,0.0146171
2017-07-22,UZS,1000,14.5786,0.0145786
2017-07-25,UZS,1000,14.7577,0.0147577
2017-07-26,UZS,1000,14.7992,0.0147992
2017-07-27,UZS,1000,14.8219,0.0148219
2017-07-28,UZS,1000,14.7019,0.0147019
2017-07-29,UZS,1000,14.6299,0.0146299
2017-08-01,UZS,1000,14.7563,0.0147563
2017-08-02,UZS,1000,14.6022,0.0146022
2017-08-03,UZS,1000,14.7818,0.0147818
2017-08-04,UZS,1000,14.823,0.014823
2017-08-05,UZS,1000,14.7201,0.0147201
2017-08-08,UZS,1000,14.6548,0.0146548
2017-08-09,UZS,1000,14.6421,0.0146421
2017-08-10,UZS,1000,14.5309,0.0145309
2017-08-11,UZS,1000,14.5249,0.0145249
2017-08-12,UZS,1000,14.5873,0.0145873
2017-08-15,UZS,1000,14.4918,0.0144918
2017-08-16,UZS,1000,14.425,0.014425
2017-08-17,UZS,1000,14.3589,0.0143589
2017-08-18,UZS,1000,14.2616,0.0142616
2017-08-19,UZS,1000,14.2889,0.0142889
2017-08-22,UZS,1000,14.2359,0.0142359
2017-08-23,UZS,1000,14.1176,0.0141176
2017-08-24,UZS,1000,14.1388,0.0141388
2017-08-25,UZS,1000,14.1405,0.0141405
2017-08-26,UZS,1000,14.1424,0.0141424
2017-08-29,UZS,1000,13.9987,0.0139987
2017-08-30,UZS,1000,13.9955,0.0139955
2017-08-31,UZS,1000,14.0435,0.0140435
2017-09-01,UZS,1000,14.0027,0.0140027
2017-09-02,UZS,1000,13.8889,0.0138889
2017-09-05,UZS,1000,13.7237,0.0137237
2017-09-06,UZS,10000,71.4201,0.00714201
2017-09-07,UZS,10000,70.7885,0.00707885
2017-09-08,UZS,10000,70.5446,0.00705446
2017-09-09,UZS,10000,70.3662,0.00703662
2017-09-12,UZS,10000,70.5969,0.00705969
2017-09-13,UZS,10000,70.7682,0.00707682
2017-09-14,UZS,10000,71.2643,0.00712643
2017-09-15,UZS,10000,71.3914,0.00713914
2017-09-16,UZS,10000,71.0982,0.00710982
2017-09-19,UZS,10000,71.2113,0.00712113
2017-09-20,UZS,10000,71.9407,0.00719407
2017-09-21,UZS,10000,71.9643,0.00719643
2017-09-22,UZS,10000,72.0824,0.00720824
2017-09-23,UZS,10000,71.3789,0.00713789
2017-09-26,UZS,10000,71.2673,0.00712673
2017-09-27,UZS,10000,71.0808,0.00710808
2017-09-28,UZS,10000,71.9105,0.00719105
2017-09-29,UZS,10000,72.4257,0.00724257
2017-09-30,UZS,10000,71.901,0.0071901
2017-10-03,UZS,10000,71.667,0.0071667
2017-10-04,UZS,10000,71.8765,0.00718765
2017-10-05,UZS,10000,71.6851,0.00716851
2017-10-06,UZS,10000,71.4344,0.00714344
2017-10-07,UZS,10000,71.6571,0.00716571
2017-10-10,UZS,10000,72.3441,0.00723441
2017-10-11,UZS,10000,72.1203,0.00721203
2017-10-12,UZS,10000,71.8552,0.00718552
2017-10-13,UZS,10000,71.6425,0.00716425
2017-10-14,UZS,10000,71.5594,0.00715594
2017-10-17,UZS,10000,70.8961,0.00708961
2017-10-18,UZS,10000,71.1513,0.00711513
2017-10-19,UZS,10000,71.068,0.0071068
2017-10-20,UZS,10000,71.4386,0.00714386
2017-10-21,UZS,10000,71.3657,0.00713657
2017-10-24,UZS,10000,71.3144,0.00713144
2017-10-25,UZS,10000,71.3695,0.00713695
2017-10-26,UZS,10000,71.3963,0.00713963
2017-10-27,UZS,10000,71.5826,0.00715826
2017-10-28,UZS,10000,71.9779,0.00719779
2017-10-31,UZS,10000,71.7164,0.00717164
2017-11-01,UZS,10000,71.945,0.0071945
2017-11-02,UZS,10000,71.9918,0.00719918
2017-11-03,UZS,10000,71.9066,0.00719066
2017-11-04,UZS,10000,72.3307,0.00723307
2017-11-08,UZS,10000,72.4574,0.00724574
2017-11-09,UZS,10000,73.4394,0.00734394
2017-11-10,UZS,10000,73.4453,0.00734453
2017-11-11,UZS,10000,73.4801,0.00734801
2017-11-14,UZS,10000,73.358,0.0073358
2017-11-15,UZS,10000,73.886,0.0073886
2017-11-16,UZS,10000,74.6647,0.00746647
2017-11-17,UZS,10000,74.3434,0.00743434
2017-11-18,UZS,10000,73.9006,0.00739006
2017-11-21,UZS,10000,73.4574,0.00734574
2017-11-22,UZS,10000,73.5432,0.00735432
2017-11-23,UZS,10000,73.0443,0.00730443
2017-11-24,UZS,10000,72.3085,0.00723085
2017-11-25,UZS,10000,72.3946,0.00723946
2017-11-28,UZS,10000,72.0798,0.00720798
2017-11-29,UZS,10000,72.1512,0.00721512
2017-11-30,UZS,10000,72.0504,0.00720504
2017-12-01,UZS,10000,72.3595,0.00723595
2017-12-02,UZS,10000,72.2815,0.00722815
2017-12-05,UZS,10000,72.8657,0.00728657
2017-12-06,UZS,10000,72.4929,0.00724929
2017-12-07,UZS,10000,72.784,0.0072784
2017-12-08,UZS,10000,73.2369,0.00732369
2017-12-09,UZS,10000,73.22,0.007322
2017-12-12,UZS,10000,73.1626,0.00731626
2017-12-13,UZS,10000,72.7101,0.00727101
2017-12-14,UZS,10000,73.0902,0.00730902
2017-12-15,UZS,10000,72.5509,0.00725509
2017-12-16,UZS,10000,72.7863,0.00727863
2017-12-19,UZS,10000,72.5334,0.00725334
2017-12-20,UZS,10000,72.3458,0.00723458
2017-12-21,UZS,10000,72.4758,0.00724758
2017-12-22,UZS,10000,72.2815,0.00722815
2017-12-23,UZS,10000,72.2617,0.00722617
2017-12-26,UZS,10000,71.8363,0.00718363
2017-12-27,UZS,10000,71.2769,0.00712769
2017-12-28,UZS,10000,70.7562,0.00707562
2017-12-29,UZS,10000,70.9712,0.00709712
2017-12-30,UZS,10000,70.9358,0.00709358
2018-01-10,UZS,10000,70.0987,0.00700987
2018-01-11,UZS,10000,69.8862,0.00698862
2018-01-12,UZS,10000,70.0365,0.00700365
2018-01-13,UZS,10000,69.5697,0.00695697
2018-01-16,UZS,10000,69.243,0.0069243
2018-01-17,UZS,10000,69.2182,0.00692182
2018-01-18,UZS,10000,69.4698,0.00694698
2018-01-19,UZS,10000,69.675,0.0069675
2018-01-20,UZS,10000,69.4657,0.00694657
2018-01-23,UZS,10000,69.511,0.0069511
2018-01-24,UZS,10000,69.0987,0.00690987
2018-01-25,UZS,10000,69.0709,0.00690709
2018-01-26,UZS,10000,68.5075,0.00685075
2018-01-27,UZS,10000,68.3845,0.00683845
2018-01-30,UZS,10000,68.9506,0.00689506
2018-01-31,UZS,10000,68.8517,0.00688517
2018-02-01,UZS,10000,68.7203,0.00687203
2018-02-02,UZS,10000,68.8148,0.00688148
2018-02-03,UZS,10000,68.5451,0.00685451
2018-02-06,UZS,10000,69.2631,0.00692631
2018-02-07,UZS,10000,69.8917,0.00698917
2018-02-08,UZS,10000,69.5664,0.00695664
2018-02-09,UZS,10000,70.446,0.0070446
2018-02-10,UZS,10000,71.0547,0.00710547
2018-02-13,UZS,10000,70.8658,0.00708658
2018-02-14,UZS,10000,70.552,0.0070552
2018-02-15,UZS,10000,70.3319,0.00703319
2018-02-16,UZS,10000,69.113,0.0069113
2018-02-17,UZS,10000,68.8241,0.00688241
2018-02-20,UZS,10000,68.81,0.006881
2018-02-21,UZS,10000,69.0725,0.00690725
2018-02-22,UZS,10000,69.2359,0.00692359
2018-02-23,UZS,10000,69.3668,0.00693668
2018-02-27,UZS,10000,68.3419,0.00683419
2018-02-28,UZS,10000,68.1283,0.00681283
2018-03-01,UZS,10000,68.9878,0.00689878
2018-03-02,UZS,10000,69.0612,0.00690612
2018-03-03,UZS,10000,69.3392,0.00693392
2018-03-06,UZS,10000,69.876,0.0069876
2018-03-07,UZS,10000,69.216,0.0069216
2018-03-08,UZS,10000,69.5798,0.00695798
2018-03-13,UZS,10000,69.3484,0.00693484
2018-03-14,UZS,10000,69.9454,0.00699454
2018-03-15,UZS,10000,69.947,0.0069947
2018-03-16,UZS,10000,70.0471,0.00700471
2018-03-17,UZS,10000,70.6313,0.00706313
2018-03-20,UZS,10000,70.7023,0.00707023
2018-03-21,UZS,10000,70.8881,0.00708881
2018-03-22,UZS,10000,70.6327,0.00706327
2018-03-23,UZS,10000,69.8265,0.00698265
2018-03-24,UZS,10000,70.1563,0.00701563
2018-03-27,UZS,10000,70.0246,0.00700246
2018-03-28,UZS,10000,70.2392,0.00702392
2018-03-29,UZS,10000,70.721,0.0070721
2018-03-30,UZS,10000,70.9789,0.00709789
2018-03-31,UZS,10000,70.3586,0.00703586
2018-04-03,UZS,10000,70.3833,0.00703833
2018-04-04,UZS,10000,71.0261,0.00710261
2018-04-05,UZS,10000,71.3064,0.00713064
2018-04-06,UZS,10000,71.078,0.0071078
2018-04-07,UZS,10000,71.3911,0.00713911
2018-04-10,UZS,10000,72.3023,0.00723023
2018-04-11,UZS,10000,77.0474,0.00770474
2018-04-12,UZS,10000,79.139,0.0079139
2018-04-13,UZS,10000,76.6721,0.00766721
2018-04-14,UZS,10000,75.8882,0.00758882
2018-04-17,UZS,10000,76.9358,0.00769358
2018-04-18,UZS,10000,75.7008,0.00757008
2018-04-19,UZS,10000,76.2065,0.00762065
2018-04-20,UZS,10000,75.3663,0.00753663
2018-04-21,UZS,10000,75.922,0.0075922
2018-04-24,UZS,10000,76.4684,0.00764684
2018-04-25,UZS,10000,76.4294,0.00764294
2018-04-26,UZS,10000,76.5346,0.00765346
2018-04-27,UZS,10000,77.5924,0.00775924
2018-04-28,UZS,10000,77.745,0.0077745
2018-04-29,UZS,10000,76.845,0.0076845
2018-05-04,UZS,10000,78.6872,0.00786872
2018-05-05,UZS,10000,78.3347,0.00783347
2018-05-08,UZS,10000,77.7318,0.00777318
2018-05-09,UZS,10000,78.1817,0.00781817
2018-05-11,UZS,10000,77.5795,0.00775795
2018-05-12,UZS,10000,76.602,0.0076602
2018-05-15,UZS,10000,76.6433,0.00766433
2018-05-16,UZS,10000,77.1467,0.00771467
2018-05-17,UZS,10000,77.6288,0.00776288
2018-05-18,UZS,10000,77.0285,0.00770285
2018-05-19,UZS,10000,77.1771,0.00771771
2018-05-22,UZS,10000,77.9146,0.00779146
2018-05-23,UZS,10000,76.6241,0.00766241
2018-05-24,UZS,10000,77.0129,0.00770129
2018-05-25,UZS,10000,76.79,0.007679
2018-05-26,UZS,10000,77.1026,0.00771026
2018-05-29,UZS,10000,77.8592,0.00778592
2018-05-30,UZS,10000,78.4766,0.00784766
2018-05-31,UZS,10000,78.4161,0.00784161
2018-06-01,UZS,10000,77.6964,0.00776964
2018-06-02,UZS,10000,77.7769,0.00777769
2018-06-05,UZS,10000,77.5839,0.00775839
2018-06-06,UZS,10000,78.0234,0.00780234
2018-06-07,UZS,10000,78.0539,0.00780539
2018-06-08,UZS,10000,77.8096,0.00778096
2018-06-09,UZS,10000,78.8865,0.00788865
2018-06-10,UZS,10000,78.4777,0.00784777
2018-06-14,UZS,10000,79.4917,0.00794917
2018-06-15,UZS,10000,78.8987,0.00788987
2018-06-16,UZS,10000,79.2544,0.00792544
2018-06-19,UZS,10000,80.2678,0.00802678
2018-06-20,UZS,10000,81.3566,0.00813566
2018-06-21,UZS,10000,80.6921,0.00806921
2018-06-22,UZS,10000,80.9078,0.00809078
2018-06-23,UZS,10000,80.2228,0.00802228
2018-06-26,UZS,10000,79.846,0.0079846
2018-06-27,UZS,10000,79.6433,0.00796433
2018-06-28,UZS,10000,80.2067,0.00802067
2018-06-29,UZS,10000,80.4037,0.00804037
2018-06-30,UZS,10000,79.7247,0.00797247
2018-07-03,UZS,10000,80.2111,0.00802111
2018-07-04,UZS,10000,80.6884,0.00806884
2018-07-05,UZS,10000,80.5819,0.00805819
2018-07-06,UZS,10000,80.6248,0.00806248
2018-07-07,UZS,10000,80.4481,0.00804481
2018-07-10,UZS,10000,80.0811,0.00800811
2018-07-11,UZS,10000,79.9194,0.00799194
2018-07-12,UZS,10000,79.4763,0.00794763
2018-07-13,UZS,10000,79.7515,0.00797515
2018-07-14,UZS,10000,79.7264,0.00797264
2018-07-17,UZS,10000,79.678,0.0079678
2018-07-18,UZS,10000,80.0965,0.00800965
2018-07-19,UZS,10000,80.7681,0.00807681
2018-07-20,UZS,10000,81.2484,0.00812484
2018-07-21,UZS,10000,81.5234,0.00815234
2018-07-24,UZS,10000,81.1471,0.00811471
2018-07-25,UZS,10000,80.7815,0.00807815
2018-07-26,UZS,10000,80.987,0.0080987
2018-07-27,UZS,10000,80.8117,0.00808117
2018-07-28,UZS,10000,80.8429,0.00808429
2018-07-31,UZS,10000,80.5979,0.00805979
2018-08-01,UZS,10000,80.0189,0.00800189
2018-08-02,UZS,10000,80.2877,0.00802877
2018-08-03,UZS,10000,81.028,0.0081028
2018-08-04,UZS,10000,81.4375,0.00814375
2018-08-07,UZS,10000,81.4922,0.00814922
2018-08-08,UZS,10000,81.6422,0.00816422
2018-08-09,UZS,10000,81.7101,0.00817101
2018-08-10,UZS,10000,85.1672,0.00851672
2018-08-11,UZS,10000,85.966,0.0085966
2018-08-14,UZS,10000,87.6569,0.00876569
2018-08-15,UZS,10000,85.6902,0.00856902
2018-08-16,UZS,10000,85.206,0.0085206
2018-08-17,UZS,10000,85.8684,0.00858684
2018-08-18,UZS,10000,85.8481,0.00858481
2018-08-21,UZS,10000,86.2397,0.00862397
2018-08-22,UZS,10000,86.0844,0.00860844
2018-08-23,UZS,10000,86.6455,0.00866455
2018-08-24,UZS,10000,87.8113,0.00878113
2018-08-25,UZS,10000,86.8697,0.00868697
2018-08-28,UZS,10000,86.3638,0.00863638
2018-08-29,UZS,10000,86.0984,0.00860984
2018-08-30,UZS,10000,87.0617,0.00870617
2018-08-31,UZS,10000,86.9812,0.00869812
2018-09-01,UZS,10000,86.9333,0.00869333
2018-09-04,UZS,10000,86.5496,0.00865496
2018-09-05,UZS,10000,87.226,0.0087226
2018-09-06,UZS,10000,87.4678,0.00874678
2018-09-07,UZS,10000,87.1963,0.00871963
2018-09-08,UZS,10000,88.0141,0.00880141
2018-09-11,UZS,10000,89.085,0.0089085
2018-09-12,UZS,10000,89.0016,0.00890016
2018-09-13,UZS,10000,88.4908,0.00884908
2018-09-14,UZS,10000,87.3005,0.00873005
2018-09-15,UZS,10000,86.8498,0.00868498
2018-09-18,UZS,10000,86.7394,0.00867394
2018-09-19,UZS,10000,84.2895,0.00842895
2018-09-20,UZS,10000,83.3455,0.00833455
2018-09-21,UZS,10000,82.6772,0.00826772
2018-09-22,UZS,10000,82.4206,0.00824206
2018-09-25,UZS,10000,82.3083,0.00823083
2018-09-26,UZS,10000,81.4734,0.00814734
2018-09-27,UZS,10000,81.3918,0.00813918
2018-09-28,UZS,10000,81.4871,0.00814871
2018-09-29,UZS,10000,81.1865,0.00811865
2018-10-02,UZS,10000,81.1641,0.00811641
2018-10-03,UZS,10000,80.7279,0.00807279
2018-10-04,UZS,10000,79.9844,0.00799844
2018-10-05,UZS,10000,80.9466,0.00809466
2018-10-06,UZS,10000,81.4546,0.00814546
2018-10-09,UZS,10000,81.8721,0.00818721
2018-10-10,UZS,10000,81.1671,0.00811671
2018-10-11,UZS,10000,80.8979,0.00808979
2018-10-12,UZS,10000,81.6187,0.00816187
2018-10-13,UZS,10000,80.6443,0.00806443
2018-10-16,UZS,10000,80.37,0.008037
2018-10-17,UZS,10000,79.8372,0.00798372
2018-10-18,UZS,10000,79.6811,0.00796811
2018-10-19,UZS,10000,80.0729,0.00800729
2018-10-20,UZS,10000,80.1826,0.00801826
2018-10-23,UZS,10000,79.5641,0.00795641
2018-10-24,UZS,10000,79.3938,0.00793938
2018-10-25,UZS,10000,79.783,0.0079783
2018-10-26,UZS,10000,79.9261,0.00799261
2018-10-27,UZS,10000,79.7886,0.00797886
2018-10-30,UZS,10000,80.0055,0.00800055
2018-10-31,UZS,10000,79.8536,0.00798536
2018-11-01,UZS,10000,79.6375,0.00796375
2018-11-02,UZS,10000,79.7049,0.00797049
2018-11-03,UZS,10000,79.6177,0.00796177
2018-11-07,UZS,10000,79.9898,0.00799898
2018-11-08,UZS,10000,80.1118,0.00801118
2018-11-09,UZS,10000,80.2617,0.00802617
2018-11-10,UZS,10000,81.0304,0.00810304
2018-11-13,UZS,10000,81.8475,0.00818475
2018-11-14,UZS,10000,81.8271,0.00818271
2018-11-15,UZS,10000,82.2095,0.00822095
2018-11-16,UZS,10000,80.5391,0.00805391
2018-11-17,UZS,10000,79.6537,0.00796537
2018-11-20,UZS,10000,79.8043,0.00798043
2018-11-21,UZS,10000,79.2354,0.00792354
2018-11-22,UZS,10000,79.672,0.0079672
2018-11-23,UZS,10000,79.2648,0.00792648
2018-11-24,UZS,10000,79.3309,0.00793309
2018-11-27,UZS,10000,80.3467,0.00803467
2018-11-28,UZS,10000,80.3127,0.00803127
2018-11-29,UZS,10000,80.8742,0.00808742
2018-11-30,UZS,10000,80.2909,0.00802909
2018-12-01,UZS,10000,80.1695,0.00801695
2018-12-04,UZS,10000,79.8779,0.00798779
2018-12-05,UZS,10000,79.9647,0.00799647
2018-12-06,UZS,10000,80.3678,0.00803678
2018-12-07,UZS,10000,80.2637,0.00802637
2018-12-08,UZS,10000,80.4862,0.00804862
2018-12-11,UZS,10000,79.6671,0.00796671
2018-12-12,UZS,10000,80.207,0.0080207
2018-12-13,UZS,10000,79.9297,0.00799297
2018-12-14,UZS,10000,79.7173,0.00797173
2018-12-15,UZS,10000,80.1244,0.00801244
2018-12-18,UZS,10000,80.1683,0.00801683
2018-12-19,UZS,10000,80.1932,0.00801932
2018-12-20,UZS,10000,80.6338,0.00806338
2018-12-21,UZS,10000,80.9208,0.00809208
2018-12-22,UZS,10000,81.6865,0.00816865
2018-12-25,UZS,10000,82.1898,0.00821898
2018-12-26,UZS,10000,82.4323,0.00824323
2018-12-27,UZS,10000,82.6269,0.00826269
2018-12-28,UZS,10000,82.6148,0.00826148
2018-12-29,UZS,10000,83.3892,0.00833892
2018-12-30,UZS,10000,83.3278,0.00833278
2019-01-10,UZS,10000,80.4595,0.00804595
2019-01-11,UZS,10000,80.1968,0.00801968
2019-01-12,UZS,10000,80.2642,0.00802642
2019-01-15,UZS,10000,80.6185,0.00806185
2019-01-16,UZS,10000,80.3702,0.00803702
2019-01-17,UZS,10000,79.895,0.0079895
2019-01-18,UZS,10000,79.6056,0.00796056
2019-01-19,UZS,10000,79.3797,0.00793797
2019-01-22,UZS,10000,79.5093,0.00795093
2019-01-23,UZS,10000,79.6517,0.00796517
2019-01-24,UZS,10000,79.1721,0.00791721
2019-01-25,UZS,10000,78.7783,0.00787783
2019-01-26,UZS,10000,78.7792,0.00787792
2019-01-29,UZS,10000,78.7161,0.00787161
2019-01-30,UZS,10000,79.2847,0.00792847
2019-01-31,UZS,10000,78.8538,0.00788538
2019-02-01,UZS,10000,77.9704,0.00779704
2019-02-02,UZS,10000,78.3305,0.00783305
2019-02-05,UZS,10000,78.2187,0.00782187
2019-02-06,UZS,10000,78.0442,0.00780442
2019-02-07,UZS,10000,78.3563,0.00783563
2019-02-08,UZS,10000,78.6042,0.00786042
2019-02-09,UZS,10000,78.6317,0.00786317
2019-02-12,UZS,10000,78.166,0.0078166
2019-02-13,UZS,10000,78.3003,0.00783003
2019-02-14,UZS,10000,78.2243,0.00782243
2019-02-15,UZS,10000,79.2871,0.00792871
2019-02-16,UZS,10000,79.4559,0.00794559
2019-02-19,UZS,10000,78.911,0.0078911
2019-02-20,UZS,10000,78.891,0.0078891
2019-02-21,UZS,10000,78.4743,0.00784743
2019-02-22,UZS,10000,78.12,0.007812
2019-02-23,UZS,10000,78.0664,0.00780664
2019-02-26,UZS,10000,77.7846,0.00777846
2019-02-27,UZS,10000,78.0876,0.00780876
2019-02-28,UZS,10000,78.2528,0.00782528
2019-03-01,UZS,10000,78.4852,0.00784852
2019-03-02,UZS,10000,78.3212,0.00783212
2019-03-05,UZS,10000,78.3496,0.00783496
2019-03-06,UZS,10000,78.3995,0.00783995
2019-03-07,UZS,10000,78.4504,0.00784504
2019-03-08,UZS,10000,78.6186,0.00786186
2019-03-12,UZS,10000,78.8403,0.00788403
2019-03-13,UZS,10000,78.5604,0.00785604
2019-03-14,UZS,10000,78.3475,0.00783475
2019-03-15,UZS,10000,78.2364,0.00782364
2019-03-16,UZS,10000,78.1457,0.00781457
2019-03-19,UZS,10000,77.2486,0.00772486
2019-03-20,UZS,10000,76.7913,0.00767913
2019-03-21,UZS,10000,76.7476,0.00767476
2019-03-22,UZS,10000,76.0824,0.00760824
2019-03-23,UZS,10000,76.1163,0.00761163
2019-03-26,UZS,10000,76.9543,0.00769543
2019-03-27,UZS,10000,76.6419,0.00766419
2019-03-28,UZS,10000,77.0107,0.00770107
2019-03-29,UZS,10000,77.2596,0.00772596
2019-03-30,UZS,10000,77.1802,0.00771802
2019-04-02,UZS,10000,77.8568,0.00778568
2019-04-03,UZS,10000,77.7621,0.00777621
2019-04-04,UZS,10000,77.4138,0.00774138
2019-04-05,UZS,10000,77.6135,0.00776135
2019-04-06,UZS,10000,77.7102,0.00777102
2019-04-09,UZS,10000,77.493,0.0077493
2019-04-10,UZS,10000,76.669,0.0076669
2019-04-11,UZS,10000,76.9674,0.00769674
2019-04-12,UZS,10000,76.2222,0.00762222
2019-04-13,UZS,10000,76.3618,0.00763618
2019-04-16,UZS,10000,76.0421,0.00760421
2019-04-17,UZS,10000,76.1333,0.00761333
2019-04-18,UZS,10000,75.649,0.0075649
2019-04-19,UZS,10000,75.7735,0.00757735
2019-04-20,UZS,10000,75.6447,0.00756447
2019-04-23,UZS,10000,75.4608,0.00754608
2019-04-24,UZS,10000,75.5915,0.00755915
2019-04-25,UZS,10000,75.8537,0.00758537
2019-04-26,UZS,10000,76.6448,0.00766448
2019-04-27,UZS,10000,76.6528,0.00766528
2019-04-30,UZS,10000,76.6593,0.00766593
2019-05-01,UZS,10000,76.5281,0.00765281
2019-05-07,UZS,10000,77.3683,0.00773683
2019-05-08,UZS,10000,77.2124,0.00772124
2019-05-09,UZS,10000,77.2267,0.00772267
2019-05-14,UZS,10000,77.49,0.007749
2019-05-15,UZS,10000,77.2038,0.00772038
2019-05-16,UZS,10000,76.6929,0.00766929
2019-05-17,UZS,10000,76.351,0.0076351
2019-05-18,UZS,10000,76.4372,0.00764372
2019-05-21,UZS,10000,76.2671,0.00762671
2019-05-22,UZS,10000,76.3898,0.00763898
2019-05-23,UZS,10000,76.1557,0.00761557
2019-05-24,UZS,10000,76.2452,0.00762452
2019-05-25,UZS,10000,76.3862,0.00763862
2019-05-28,UZS,10000,76.2123,0.00762123
2019-05-29,UZS,10000,76.0772,0.00760772
2019-05-30,UZS,10000,76.5122,0.00765122
2019-05-31,UZS,10000,76.6889,0.00766889
2019-06-01,UZS,10000,77.0721,0.00770721
2019-06-04,UZS,10000,77.274,0.0077274
2019-06-05,UZS,10000,76.5564,0.00765564
2019-06-06,UZS,10000,76.5039,0.00765039
2019-06-07,UZS,10000,76.6326,0.00766326
2019-06-08,UZS,10000,76.5685,0.00765685
2019-06-11,UZS,10000,76.1312,0.00761312
2019-06-12,UZS,10000,75.7569,0.00757569
2019-06-14,UZS,10000,75.8926,0.00758926
2019-06-15,UZS,10000,75.6592,0.00756592
2019-06-18,UZS,10000,75.5253,0.00755253
2019-06-19,UZS,10000,75.3937,0.00753937
2019-06-20,UZS,10000,74.9768,0.00749768
2019-06-21,UZS,10000,74.2833,0.00742833
2019-06-22,UZS,10000,73.9809,0.00739809
2019-06-25,UZS,10000,73.723,0.0073723
2019-06-26,UZS,10000,73.0423,0.00730423
2019-06-27,UZS,10000,73.3757,0.00733757
2019-06-28,UZS,10000,73.6523,0.00736523
2019-06-29,UZS,10000,73.6878,0.00736878
2019-07-02,UZS,10000,73.6628,0.00736628
2019-07-03,UZS,10000,73.7574,0.00737574
2019-07-04,UZS,10000,74.0706,0.00740706
2019-07-05,UZS,10000,73.9612,0.00739612
2019-07-06,UZS,10000,74.1744,0.00741744
2019-07-09,UZS,10000,74.5078,0.00745078
2019-07-10,UZS,10000,74.3552,0.00743552
2019-07-11,UZS,10000,74.3935,0.00743935
2019-07-12,UZS,10000,73.4555,0.00734555
2019-07-13,UZS,10000,73.629,0.0073629
2019-07-16,UZS,10000,73.2615,0.00732615
2019-07-17,UZS,10000,73.1917,0.00731917
2019-07-18,UZS,10000,73.4051,0.00734051
2019-07-19,UZS,10000,73.3494,0.00733494
2019-07-20,UZS,10000,73.2542,0.00732542
2019-07-23,UZS,10000,73.3838,0.00733838
2019-07-24,UZS,10000,73.1972,0.00731972
2019-07-25,UZS,10000,73.3717,0.00733717
2019-07-26,UZS,10000,73.2512,0.00732512
2019-07-27,UZS,10000,73.2163,0.00732163
2019-07-30,UZS,10000,73.4933,0.00734933
2019-07-31,UZS,10000,73.1505,0.00731505
2019-08-01,UZS,10000,73.4135,0.00734135
2019-08-02,UZS,10000,73.6755,0.00736755
2019-08-03,UZS,10000,74.587,0.0074587
2019-08-06,UZS,10000,75.0627,0.00750627
2019-08-07,UZS,10000,74.9257,0.00749257
2019-08-08,UZS,10000,74.7995,0.00747995
2019-08-09,UZS,10000,75.0566,0.00750566
2019-08-10,UZS,10000,74.9846,0.00749846
2019-08-13,UZS,10000,75.1849,0.00751849
2019-08-14,UZS,10000,75.8978,0.00758978
2019-08-15,UZS,10000,75.2634,0.00752634
2019-08-16,UZS,10000,74.5949,0.00745949
2019-08-17,UZS,10000,73.2172,0.00732172
2019-08-20,UZS,10000,72.7958,0.00727958
2019-08-21,UZS,10000,72.988,0.0072988
2019-08-22,UZS,10000,71.7437,0.00717437
2019-08-23,UZS,10000,69.7006,0.00697006
2019-08-24,UZS,10000,69.9111,0.00699111
2019-08-27,UZS,10000,70.3717,0.00703717
2019-08-28,UZS,10000,70.4902,0.00704902
2019-08-29,UZS,10000,70.6518,0.00706518
2019-08-30,UZS,10000,71.0076,0.00710076
2019-08-31,UZS,10000,70.7337,0.00707337
2019-09-03,UZS,10000,71.073,0.0071073
2019-09-04,UZS,10000,71.3757,0.00713757
2019-09-05,UZS,10000,70.7449,0.00707449
2019-09-06,UZS,10000,70.2689,0.00702689
2019-09-07,UZS,10000,70.2107,0.00702107
2019-09-10,UZS,10000,69.7551,0.00697551
2019-09-11,UZS,10000,69.6163,0.00696163
2019-09-12,UZS,10000,69.6086,0.00696086
2019-09-13,UZS,10000,69.352,0.0069352
2019-09-14,UZS,10000,68.5863,0.00685863
2019-09-17,UZS,10000,67.9013,0.00679013
2019-09-18,UZS,10000,68.2141,0.00682141
2019-09-19,UZS,10000,68.5415,0.00685415
2019-09-20,UZS,10000,68.319,0.0068319
2019-09-21,UZS,10000,67.9241,0.00679241
2019-09-24,UZS,10000,68.0269,0.00680269
2019-09-25,UZS,10000,67.5567,0.00675567
2019-09-26,UZS,10000,68.0671,0.00680671
2019-09-27,UZS,10000,68.1748,0.00681748
2019-09-28,UZS,10000,68.273,0.0068273
2019-10-01,UZS,10000,68.5116,0.00685116
2019-10-02,UZS,10000,68.8788,0.00688788
2019-10-03,UZS,10000,69.3587,0.00693587
2019-10-04,UZS,10000,69.1047,0.00691047
2019-10-05,UZS,10000,68.9973,0.00689973
2019-10-08,UZS,10000,68.7808,0.00687808
2019-10-09,UZS,10000,68.8977,0.00688977
2019-10-10,UZS,10000,69.1424,0.00691424
2019-10-11,UZS,10000,68.6914,0.00686914
2019-10-12,UZS,10000,68.0336,0.00680336
2019-10-15,UZS,10000,68.2316,0.00682316
2019-10-16,UZS,10000,68.0665,0.00680665
2019-10-17,UZS,10000,68.1626,0.00681626
2019-10-18,UZS,10000,67.8119,0.00678119
2019-10-19,UZS,10000,67.8199,0.00678199
2019-10-22,UZS,10000,67.6326,0.00676326
2019-10-23,UZS,10000,67.4085,0.00674085
2019-10-24,UZS,10000,67.5844,0.00675844
2019-10-25,UZS,10000,67.6483,0.00676483
2019-10-26,UZS,10000,67.6497,0.00676497
2019-10-29,UZS,10000,67.598,0.0067598
2019-10-30,UZS,10000,67.4518,0.00674518
2019-10-31,UZS,10000,67.5195,0.00675195
2019-11-01,UZS,10000,67.4152,0.00674152
2019-11-02,UZS,10000,67.6867,0.00676867
2019-11-06,UZS,10000,66.7878,0.00667878
2019-11-07,UZS,10000,67.1468,0.00671468
2019-11-08,UZS,10000,67.2388,0.00672388
2019-11-09,UZS,10000,67.2252,0.00672252
2019-11-12,UZS,10000,67.4178,0.00674178
2019-11-13,UZS,10000,67.2491,0.00672491
2019-11-14,UZS,10000,67.6155,0.00676155
2019-11-15,UZS,10000,67.5896,0.00675896
2019-11-16,UZS,10000,67.2506,0.00672506
2019-11-19,UZS,10000,67.1097,0.00671097
2019-11-20,UZS,10000,67.1228,0.00671228
2019-11-21,UZS,10000,67.3908,0.00673908
2019-11-22,UZS,10000,67.1964,0.00671964
2019-11-23,UZS,10000,66.9927,0.00669927
2019-11-26,UZS,10000,67.0491,0.00670491
2019-11-27,UZS,10000,67.4313,0.00674313
2019-11-28,UZS,10000,67.3771,0.00673771
2019-11-29,UZS,10000,67.512,0.0067512
2019-11-30,UZS,10000,67.3835,0.00673835
2019-12-03,UZS,10000,67.7284,0.00677284
2019-12-04,UZS,10000,67.3387,0.00673387
2019-12-05,UZS,10000,67.4955,0.00674955
2019-12-06,UZS,10000,66.9958,0.00669958
2019-12-07,UZS,10000,66.9946,0.00669946
2019-12-10,UZS,10000,67.0009,0.00670009
2019-12-11,UZS,10000,66.7494,0.00667494
2019-12-12,UZS,10000,66.7352,0.00667352
2019-12-13,UZS,10000,66.2917,0.00662917
2019-12-14,UZS,10000,65.6739,0.00656739
2019-12-17,UZS,10000,65.8124,0.00658124
2019-12-18,UZS,10000,65.6007,0.00656007
2019-12-19,UZS,10000,65.704,0.0065704
2019-12-20,UZS,10000,65.5955,0.00655955
2019-12-21,UZS,10000,65.5193,0.00655193
2019-12-24,UZS,10000,65.3042,0.00653042
2019-12-25,UZS,10000,65.2675,0.00652675
2019-12-26,UZS,10000,64.7941,0.00647941
2019-12-27,UZS,10000,64.8479,0.00648479
2019-12-28,UZS,10000,65.184,0.0065184
2019-12-31,UZS,10000,64.9929,0.00649929
2020-01-01,UZS,10000,65.1121,0.00651121
2020-01-10,UZS,10000,64.0188,0.00640188
2020-01-11,UZS,10000,64.4341,0.00644341
2020-01-14,UZS,10000,63.8862,0.00638862
2020-01-15,UZS,10000,64.3028,0.00643028
2020-01-16,UZS,10000,64.3225,0.00643225
2020-01-17,UZS,10000,64.4654,0.00644654
2020-01-18,UZS,10000,64.4936,0.00644936
2020-01-21,UZS,10000,64.5306,0.00645306
2020-01-22,UZS,10000,64.8649,0.00648649
2020-01-23,UZS,10000,64.768,0.0064768
2020-01-24,UZS,10000,64.7419,0.00647419
2020-01-25,UZS,10000,64.5868,0.00645868
2020-01-28,UZS,10000,65.071,0.0065071
2020-01-29,UZS,10000,65.818,0.0065818
2020-01-30,UZS,10000,65.2425,0.00652425
2020-01-31,UZS,10000,66.1239,0.00661239
2020-02-01,UZS,10000,66.0215,0.00660215
2020-02-04,UZS,10000,67.1314,0.00671314
2020-02-05,UZS,10000,66.5557,0.00665557
2020-02-06,UZS,10000,66.1856,0.00661856
2020-02-07,UZS,10000,65.8167,0.00658167
2020-02-08,UZS,10000,66.4846,0.00664846
2020-02-11,UZS,10000,66.958,0.0066958
2020-02-12,UZS,10000,67.1451,0.00671451
2020-02-13,UZS,10000,66.2955,0.00662955
2020-02-14,UZS,10000,66.8365,0.00668365
2020-02-15,UZS,10000,66.5341,0.00665341
2020-02-18,UZS,10000,66.4238,0.00664238
2020-02-19,UZS,10000,66.8657,0.00668657
2020-02-20,UZS,10000,66.8844,0.00668844
2020-02-21,UZS,10000,66.9411,0.00669411
2020-02-22,UZS,10000,67.483,0.0067483
2020-02-26,UZS,10000,68.1088,0.00681088
2020-02-27,UZS,10000,68.8283,0.00688283
2020-02-28,UZS,10000,69.0483,0.00690483
2020-02-29,UZS,10000,70.5019,0.00705019
2020-03-03,UZS,10000,69.6259,0.00696259
2020-03-04,UZS,10000,69.8452,0.00698452
2020-03-05,UZS,10000,69.455,0.0069455
2020-03-06,UZS,10000,69.7349,0.00697349
2020-03-07,UZS,10000,71.1384,0.00711384
2020-03-11,UZS,10000,75.8433,0.00758433
2020-03-12,UZS,10000,75.0914,0.00750914
2020-03-13,UZS,10000,77.9193,0.00779193
2020-03-14,UZS,10000,76.8219,0.00768219
2020-03-17,UZS,10000,77.733,0.0077733
2020-03-18,UZS,10000,77.5988,0.00775988
2020-03-19,UZS,10000,81.1034,0.00811034
2020-03-20,UZS,10000,84.1959,0.00841959
2020-03-21,UZS,10000,81.9767,0.00819767
2020-03-24,UZS,10000,84.9569,0.00849569
2020-03-25,UZS,10000,82.6946,0.00826946
2020-03-26,UZS,10000,81.6059,0.00816059
2020-03-27,UZS,10000,82.5813,0.00825813
2020-03-28,UZS,10000,81.543,0.0081543
2020-04-07,UZS,10000,79.4999,0.00794999
2020-04-08,UZS,10000,78.0865,0.00780865
2020-04-09,UZS,10000,78.0846,0.00780846
2020-04-10,UZS,10000,77.7536,0.00777536
2020-04-11,UZS,10000,76.1188,0.00761188
2020-04-14,UZS,10000,76.6271,0.00766271
2020-04-15,UZS,10000,75.1024,0.00751024
2020-04-16,UZS,10000,75.2726,0.00752726
2020-04-17,UZS,10000,73.8187,0.00738187
2020-04-18,UZS,10000,72.9232,0.00729232
2020-04-21,UZS,10000,73.8314,0.00738314
2020-04-22,UZS,10000,75.3148,0.00753148
2020-04-23,UZS,10000,76.0905,0.00760905
2020-04-24,UZS,10000,74.0771,0.00740771
2020-04-25,UZS,10000,73.6702,0.00736702
2020-04-28,UZS,10000,73.4892,0.00734892
2020-04-29,UZS,10000,73.5628,0.00735628
2020-04-30,UZS,10000,72.6935,0.00726935
2020-05-01,UZS,10000,71.871,0.0071871
2020-05-07,UZS,10000,73.0273,0.00730273
2020-05-08,UZS,10000,73.1704,0.00731704
2020-05-09,UZS,10000,72.8238,0.00728238
2020-05-13,UZS,10000,72.569,0.0072569
2020-05-14,UZS,10000,72.5866,0.00725866
2020-05-15,UZS,10000,72.9296,0.00729296
2020-05-16,UZS,10000,72.1593,0.00721593
2020-05-19,UZS,10000,71.9367,0.00719367
2020-05-20,UZS,10000,71.3642,0.00713642
2020-05-21,UZS,10000,71.2761,0.00712761
2020-05-22,UZS,10000,70.0169,0.00700169
2020-05-23,UZS,10000,70.993,0.0070993
2020-05-26,UZS,10000,70.6495,0.00706495
2020-05-27,UZS,10000,70.1378,0.00701378
2020-05-28,UZS,10000,70.0875,0.00700875
2020-05-29,UZS,10000,70.1244,0.00701244
2020-05-30,UZS,10000,69.782,0.0069782
2020-06-02,UZS,10000,68.7557,0.00687557
2020-06-03,UZS,10000,67.975,0.0067975
2020-06-04,UZS,10000,67.338,0.0067338
2020-06-05,UZS,10000,68.0065,0.00680065
2020-06-06,UZS,10000,67.6243,0.00676243
2020-06-09,UZS,10000,67.3094,0.00673094
2020-06-10,UZS,10000,67.6796,0.00676796
2020-06-11,UZS,10000,67.6242,0.00676242
2020-06-12,UZS,10000,68.087,0.0068087
2020-06-16,UZS,10000,69.1707,0.00691707
2020-06-17,UZS,10000,68.6202,0.00686202
2020-06-18,UZS,10000,68.3006,0.00683006
2020-06-19,UZS,10000,68.3803,0.00683803
2020-06-20,UZS,10000,68.4095,0.00684095
2020-06-23,UZS,10000,68.3893,0.00683893
2020-06-24,UZS,10000,67.667,0.0067667
2020-06-25,UZS,10000,67.6686,0.00676686
2020-06-26,UZS,10000,68.2444,0.00682444
2020-06-27,UZS,10000,67.9528,0.00679528
2020-06-30,UZS,10000,68.6875,0.00686875
2020-07-01,UZS,10000,69.2408,0.00692408
2020-07-02,UZS,10000,69.1347,0.00691347
2020-07-03,UZS,10000,69.2457,0.00692457
2020-07-04,UZS,10000,69.2984,0.00692984
2020-07-07,UZS,10000,70.0038,0.00700038
2020-07-08,UZS,10000,70.8631,0.00708631
2020-07-09,UZS,10000,69.946,0.0069946
2020-07-10,UZS,10000,69.5949,0.00695949
2020-07-11,UZS,10000,69.9085,0.00699085
2020-07-14,UZS,10000,69.3471,0.00693471
2020-07-15,UZS,10000,69.6236,0.00696236
2020-07-16,UZS,10000,69.446,0.0069446
2020-07-17,UZS,10000,69.7113,0.00697113
2020-07-18,UZS,10000,70.1839,0.00701839
2020-07-21,UZS,10000,70.4827,0.00704827
2020-07-22,UZS,10000,69.5958,0.00695958
2020-07-23,UZS,10000,69.3295,0.00693295
2020-07-24,UZS,10000,69.5008,0.00695008
2020-07-25,UZS,10000,70.0836,0.00700836
2020-07-28,UZS,10000,70.0715,0.00700715
2020-07-29,UZS,10000,70.4335,0.00704335
2020-07-30,UZS,10000,70.7651,0.00707651
2020-07-31,UZS,10000,71.8709,0.00718709
2020-08-01,UZS,10000,71.9321,0.00719321
2020-08-04,UZS,10000,72.5835,0.00725835
2020-08-05,UZS,10000,71.8713,0.00718713
2020-08-06,UZS,10000,71.7734,0.00717734
2020-08-07,UZS,10000,71.5384,0.00715384
2020-08-08,UZS,10000,72.1241,0.00721241
2020-08-11,UZS,10000,72.06,0.007206
2020-08-12,UZS,10000,71.4168,0.00714168
2020-08-13,UZS,10000,71.5767,0.00715767
2020-08-14,UZS,10000,71.9399,0.00719399
2020-08-15,UZS,10000,71.3812,0.00713812
2020-08-18,UZS,10000,71.1393,0.00711393
2020-08-19,UZS,10000,71.5503,0.00715503
2020-08-20,UZS,10000,71.4758,0.00714758
2020-08-21,UZS,10000,71.8946,0.00718946
2020-08-22,UZS,10000,72.1799,0.00721799
2020-08-25,UZS,10000,72.4902,0.00724902
2020-08-26,UZS,10000,72.6314,0.00726314
2020-08-27,UZS,10000,73.6031,0.00736031
2020-08-28,UZS,10000,73.1791,0.00731791
2020-08-29,UZS,10000,72.5982,0.00725982
2020-09-01,UZS,10000,71.9135,0.00719135
2020-09-02,UZS,10000,71.7001,0.00717001
2020-09-03,UZS,10000,71.931,0.0071931
2020-09-04,UZS,10000,73.4982,0.00734982
2020-09-05,UZS,10000,73.22,0.007322
2020-09-08,UZS,10000,73.618,0.0073618
2020-09-09,UZS,10000,73.9818,0.00739818
2020-09-10,UZS,10000,74.0858,0.00740858
2020-09-11,UZS,10000,73.5561,0.00735561
2020-09-12,UZS,10000,72.9349,0.00729349
2020-09-15,UZS,10000,72.7647,0.00727647
2020-09-16,UZS,10000,73.2259,0.00732259
2020-09-17,UZS,10000,72.9721,0.00729721
2020-09-18,UZS,10000,73.2315,0.00732315
2020-09-19,UZS,10000,73.0735,0.00730735
2020-09-22,UZS,10000,74.0535,0.00740535
2020-09-23,UZS,10000,74.2804,0.00742804
2020-09-24,UZS,10000,74.3616,0.00743616
2020-09-25,UZS,10000,75.1636,0.00751636
2020-09-26,UZS,10000,74.8145,0.00748145
2020-09-29,UZS,10000,76.6179,0.00766179
2020-09-30,UZS,10000,77.6047,0.00776047
2020-10-01,UZS,10000,76.7284,0.00767284
2020-10-02,UZS,10000,74.8724,0.00748724
2020-10-03,UZS,10000,76.0533,0.00760533
2020-10-06,UZS,10000,76.0889,0.00760889
2020-10-07,UZS,10000,75.8496,0.00758496
2020-10-08,UZS,10000,75.444,0.0075444
2020-10-09,UZS,10000,75.2736,0.00752736
2020-10-10,UZS,10000,74.4164,0.00744164
2020-10-13,UZS,10000,74.412,0.0074412
2020-10-14,UZS,10000,74.6648,0.00746648
2020-10-15,UZS,10000,74.6555,0.00746555
2020-10-16,UZS,10000,75.303,0.0075303
2020-10-17,UZS,10000,75.3206,0.00753206
2020-10-20,UZS,10000,75.1076,0.00751076
2020-10-21,UZS,10000,75.0029,0.00750029
2020-10-22,UZS,10000,74.3411,0.00743411
2020-10-23,UZS,10000,74.3181,0.00743181
2020-10-24,UZS,10000,73.7953,0.00737953
2020-10-27,UZS,10000,73.7808,0.00737808
2020-10-28,UZS,10000,73.7917,0.00737917
2020-10-29,UZS,10000,74.8499,0.00748499
2020-10-30,UZS,10000,76.1219,0.00761219
2020-10-31,UZS,10000,76.5682,0.00765682
2020-11-03,UZS,10000,77.7675,0.00777675
2020-11-04,UZS,10000,77.1696,0.00771696
2020-11-06,UZS,10000,75.7223,0.00757223
2020-11-07,UZS,10000,74.4981,0.00744981
2020-11-10,UZS,10000,74.2703,0.00742703
2020-11-11,UZS,10000,73.7359,0.00737359
2020-11-12,UZS,10000,73.4256,0.00734256
2020-11-13,UZS,10000,74.2997,0.00742997
2020-11-14,UZS,10000,74.632,0.0074632
2020-11-17,UZS,10000,74.2396,0.00742396
2020-11-18,UZS,10000,73.3842,0.00733842
2020-11-19,UZS,10000,73.2813,0.00732813
2020-11-20,UZS,10000,73.3935,0.00733935
2020-11-21,UZS,10000,73.1523,0.00731523
2020-11-24,UZS,10000,73.1204,0.00731204
2020-11-25,UZS,10000,73.1731,0.00731731
2020-11-26,UZS,10000,72.4664,0.00724664
2020-11-27,UZS,10000,72.4463,0.00724463
2020-11-28,UZS,10000,72.8381,0.00728381
2020-12-01,UZS,10000,73.5449,0.00735449
2020-12-02,UZS,10000,73.1922,0.00731922
2020-12-03,UZS,10000,72.5159,0.00725159
2020-12-04,UZS,10000,72.1174,0.00721174
2020-12-05,UZS,10000,71.2095,0.00712095
2020-12-08,UZS,10000,71.6635,0.00716635
2020-12-09,UZS,10000,70.5365,0.00705365
2020-12-10,UZS,10000,70.1955,0.00701955
2020-12-11,UZS,10000,70.5855,0.00705855
2020-12-12,UZS,10000,70.0172,0.00700172
2020-12-15,UZS,10000,70.3863,0.00703863
2020-12-16,UZS,10000,70.1945,0.00701945
2020-12-17,UZS,10000,70.1042,0.00701042
2020-12-18,UZS,10000,69.7479,0.00697479
2020-12-19,UZS,10000,70.0704,0.00700704
2020-12-22,UZS,10000,71.2996,0.00712996
2020-12-23,UZS,10000,71.9261,0.00719261
2020-12-24,UZS,10000,72.0439,0.00720439
2020-12-25,UZS,10000,71.4387,0.00714387
2020-12-26,UZS,10000,70.3437,0.00703437
2020-12-29,UZS,10000,70.368,0.0070368
2020-12-30,UZS,10000,70.3038,0.00703038
2020-12-31,UZS,10000,70.6269,0.00706269
2021-01-01,UZS,10000,70.5128,0.00705128
2021-01-12,UZS,10000,71.3039,0.00713039
2021-01-13,UZS,10000,70.9108,0.00709108
2021-01-14,UZS,10000,70.2043,0.00702043
2021-01-15,UZS,10000,70.5508,0.00705508
2021-01-16,UZS,10000,70.2224,0.00702224
2021-01-19,UZS,10000,70.6312,0.00706312
2021-01-20,UZS,10000,70.2082,0.00702082
2021-01-21,UZS,10000,69.8565,0.00698565
2021-01-22,UZS,10000,69.8702,0.00698702
2021-01-23,UZS,10000,70.815,0.0070815
2021-01-26,UZS,10000,71.2869,0.00712869
2021-01-27,UZS,10000,71.9037,0.00719037
2021-01-28,UZS,10000,71.3379,0.00713379
2021-01-29,UZS,10000,72.4268,0.00724268
2021-01-30,UZS,10000,72.8993,0.00728993
2021-02-02,UZS,10000,71.7801,0.00717801
2021-02-03,UZS,10000,72.0132,0.00720132
2021-02-04,UZS,10000,72.1792,0.00721792
2021-02-05,UZS,10000,71.8464,0.00718464
2021-02-06,UZS,10000,71.8076,0.00718076
2021-02-09,UZS,10000,70.4527,0.00704527
2021-02-10,UZS,10000,70.8597,0.00708597
2021-02-11,UZS,10000,70.1299,0.00701299
2021-02-12,UZS,10000,70.04,0.007004
2021-02-13,UZS,10000,70.211,0.0070211
2021-02-16,UZS,10000,69.5335,0.00695335
2021-02-17,UZS,10000,69.534,0.0069534
2021-02-18,UZS,10000,70.0728,0.00700728
2021-02-19,UZS,10000,70.1223,0.00701223
2021-02-20,UZS,10000,70.3515,0.00703515
2021-02-21,UZS,10000,70.2444,0.00702444
2021-02-25,UZS,10000,69.9582,0.00699582
2021-02-26,UZS,10000,69.6179,0.00696179
2021-02-27,UZS,10000,70.6335,0.00706335
2021-03-02,UZS,10000,70.348,0.0070348
2021-03-03,UZS,10000,70.9087,0.00709087
2021-03-04,UZS,10000,70.0176,0.00700176
2021-03-05,UZS,10000,70.3563,0.00703563
2021-03-06,UZS,10000,71.0331,0.00710331
2021-03-10,UZS,10000,70.7907,0.00707907
2021-03-11,UZS,10000,70.5306,0.00705306
2021-03-12,UZS,10000,69.9735,0.00699735
2021-03-13,UZS,10000,69.9174,0.00699174
2021-03-16,UZS,10000,69.6191,0.00696191
2021-03-17,UZS,10000,69.2988,0.00692988
2021-03-18,UZS,10000,69.383,0.0069383
2021-03-19,UZS,10000,69.9931,0.00699931
2021-03-20,UZS,10000,70.5148,0.00705148
2021-03-23,UZS,10000,71.0157,0.00710157
2021-03-24,UZS,10000,71.7296,0.00717296
2021-03-25,UZS,10000,72.5534,0.00725534
2021-03-26,UZS,10000,72.4937,0.00724937
2021-03-27,UZS,10000,72.2165,0.00722165
2021-03-30,UZS,10000,72.2041,0.00722041
2021-03-31,UZS,10000,72.1905,0.00721905
2021-04-01,UZS,10000,72.2076,0.00722076
2021-04-02,UZS,10000,72.2962,0.00722962
2021-04-03,UZS,10000,72.641,0.0072641
2021-04-06,UZS,10000,73.1488,0.00731488
2021-04-07,UZS,10000,72.934,0.0072934
2021-04-08,UZS,10000,74.2955,0.00742955
2021-04-09,UZS,10000,73.5751,0.00735751
2021-04-10,UZS,10000,73.6801,0.00736801
2021-04-13,UZS,10000,73.975,0.0073975
2021-04-14,UZS,10000,73.7475,0.00737475
2021-04-15,UZS,10000,72.1312,0.00721312
2021-04-16,UZS,10000,73.3361,0.00733361
2021-04-17,UZS,10000,71.9046,0.00719046
2021-04-20,UZS,10000,72.5341,0.00725341
2021-04-21,UZS,10000,72.2194,0.00722194
2021-04-22,UZS,10000,72.8996,0.00728996
2021-04-23,UZS,10000,72.4238,0.00724238
2021-04-24,UZS,10000,71.2744,0.00712744
2021-04-27,UZS,10000,70.9406,0.00709406
2021-04-28,UZS,10000,71.0623,0.00710623
2021-04-29,UZS,10000,71.1705,0.00711705
2021-04-30,UZS,10000,70.739,0.0070739
2021-05-01,UZS,10000,71.2193,0.00712193
2021-05-05,UZS,10000,71.5198,0.00715198
2021-05-06,UZS,10000,71.2023,0.00712023
2021-05-07,UZS,10000,71.0175,0.00710175
2021-05-08,UZS,10000,70.6508,0.00706508
2021-05-12,UZS,10000,70.426,0.0070426
2021-05-13,UZS,10000,70.229,0.0070229
2021-05-14,UZS,10000,70.4747,0.00704747
2021-05-15,UZS,10000,70.1336,0.00701336
2021-05-18,UZS,10000,69.9979,0.00699979
2021-05-19,UZS,10000,69.7506,0.00697506
2021-05-20,UZS,10000,69.6585,0.00696585
2021-05-21,UZS,10000,69.5265,0.00695265
2021-05-22,UZS,10000,69.4301,0.00694301
2021-05-25,UZS,10000,69.5071,0.00695071
2021-05-26,UZS,10000,69.384,0.0069384
2021-05-27,UZS,10000,69.3047,0.00693047
2021-05-28,UZS,10000,69.2353,0.00692353
2021-05-29,UZS,10000,69.4936,0.00694936
2021-06-01,UZS,10000,69.2741,0.00692741
2021-06-02,UZS,10000,69.3032,0.00693032
2021-06-03,UZS,10000,69.6015,0.00696015
2021-06-04,UZS,10000,69.4393,0.00694393
2021-06-05,UZS,10000,69.5234,0.00695234
2021-06-08,UZS,10000,69.1434,0.00691434
2021-06-09,UZS,10000,69.1462,0.00691462
2021-06-10,UZS,10000,68.2933,0.00682933
2021-06-11,UZS,10000,68.295,0.0068295
2021-06-12,UZS,10000,67.6989,0.00676989
2021-06-16,UZS,10000,67.7084,0.00677084
2021-06-17,UZS,10000,67.8525,0.00678525
2021-06-18,UZS,10000,68.2975,0.00682975
2021-06-19,UZS,10000,68.2557,0.00682557
2021-06-22,UZS,10000,69.2671,0.00692671
2021-06-23,UZS,10000,69.1104,0.00691104
2021-06-24,UZS,10000,68.6746,0.00686746
2021-06-25,UZS,10000,68.4136,0.00684136
2021-06-26,UZS,10000,68.3101,0.00683101
2021-06-29,UZS,10000,68.2467,0.00682467
2021-06-30,UZS,10000,68.3607,0.00683607
2021-07-01,UZS,10000,68.5727,0.00685727
2021-07-02,UZS,10000,68.8401,0.00688401
2021-07-03,UZS,10000,69.5319,0.00695319
2021-07-06,UZS,10000,69.1136,0.00691136
2021-07-07,UZS,10000,69.1606,0.00691606
2021-07-08,UZS,10000,69.8492,0.00698492
2021-07-09,UZS,10000,70.7717,0.00707717
2021-07-10,UZS,10000,70.0491,0.00700491
2021-07-13,UZS,10000,70.2666,0.00702666
2021-07-14,UZS,10000,69.7255,0.00697255
2021-07-15,UZS,10000,69.6056,0.00696056
2021-07-16,UZS,10000,69.6245,0.00696245
2021-07-17,UZS,10000,69.6347,0.00696347
2021-07-20,UZS,10000,69.9666,0.00699666
2021-07-21,UZS,10000,70.2834,0.00702834
2021-07-22,UZS,10000,70.287,0.0070287
2021-07-23,UZS,10000,69.5319,0.00695319
2021-07-24,UZS,10000,69.5996,0.00695996
2021-07-27,UZS,10000,69.6779,0.00696779
2021-07-28,UZS,10000,69.2922,0.00692922
2021-07-29,UZS,10000,68.9867,0.00689867
2021-07-30,UZS,10000,68.7361,0.00687361
2021-07-31,UZS,10000,68.8365,0.00688365
2021-08-03,UZS,10000,68.608,0.0068608
2021-08-04,UZS,10000,68.3991,0.00683991
2021-08-05,UZS,10000,68.366,0.0068366
2021-08-06,UZS,10000,68.7992,0.00687992
2021-08-07,UZS,10000,68.8728,0.00688728
2021-08-10,UZS,10000,69.0876,0.00690876
2021-08-11,UZS,10000,69.2475,0.00692475
2021-08-12,UZS,10000,69.4484,0.00694484
2021-08-13,UZS,10000,69.0121,0.00690121
2021-08-14,UZS,10000,68.8457,0.00688457
2021-08-17,UZS,10000,68.6998,0.00686998
2021-08-18,UZS,10000,68.9262,0.00689262
2021-08-19,UZS,10000,68.9647,0.00689647
2021-08-20,UZS,10000,69.6639,0.00696639
2021-08-21,UZS,10000,69.9436,0.00699436
2021-08-24,UZS,10000,69.6075,0.00696075
2021-08-25,UZS,10000,69.4911,0.00694911
2021-08-26,UZS,10000,69.344,0.0069344
2021-08-27,UZS,10000,69.4488,0.00694488
2021-08-28,UZS,10000,69.5314,0.00695314
2021-08-31,UZS,10000,69.1441,0.00691441
2021-09-01,UZS,10000,68.7852,0.00687852
2021-09-02,UZS,10000,68.5953,0.00685953
2021-09-03,UZS,10000,68.2747,0.00682747
2021-09-04,UZS,10000,68.2794,0.00682794
2021-09-07,UZS,10000,68.3664,0.00683664
2021-09-08,UZS,10000,68.4983,0.00684983
2021-09-09,UZS,10000,68.6681,0.00686681
2021-09-10,UZS,10000,68.4545,0.00684545
2021-09-11,UZS,10000,68.2034,0.00682034
2021-09-14,UZS,10000,68.5072,0.00685072
2021-09-15,UZS,10000,68.2681,0.00682681
2021-09-16,UZS,10000,68.1712,0.00681712
2021-09-17,UZS,10000,67.6564,0.00676564
2021-09-18,UZS,10000,67.9335,0.00679335
2021-09-21,UZS,10000,68.7005,0.00687005
2021-09-22,UZS,10000,68.5026,0.00685026
2021-09-23,UZS,10000,68.1885,0.00681885
2021-09-24,UZS,10000,68.1002,0.00681002
2021-09-25,UZS,10000,68.4237,0.00684237
2021-09-28,UZS,10000,68.2262,0.00682262
2021-09-29,UZS,10000,67.9825,0.00679825
2021-09-30,UZS,10000,68.1561,0.00681561
2021-10-01,UZS,10000,67.9619,0.00679619
2021-10-02,UZS,10000,68.2019,0.00682019
2021-10-05,UZS,10000,68.2042,0.00682042
2021-10-06,UZS,10000,67.963,0.0067963
2021-10-07,UZS,10000,67.8965,0.00678965
2021-10-08,UZS,10000,67.7398,0.00677398
2021-10-09,UZS,10000,67.418,0.0067418
2021-10-12,UZS,10000,67.0738,0.00670738
2021-10-13,UZS,10000,67.3918,0.00673918
2021-10-14,UZS,10000,67.2572,0.00672572
2021-10-15,UZS,10000,67.0882,0.00670882
2021-10-16,UZS,10000,66.5107,0.00665107
2021-10-19,UZS,10000,66.4843,0.00664843
2021-10-20,UZS,10000,66.3207,0.00663207
2021-10-21,UZS,10000,66.3927,0.00663927
2021-10-22,UZS,10000,66.4579,0.00664579
2021-10-23,UZS,10000,66.276,0.0066276
2021-10-26,UZS,10000,65.5278,0.00655278
2021-10-27,UZS,10000,65.0328,0.00650328
2021-10-28,UZS,10000,65.343,0.0065343
2021-10-29,UZS,10000,66.0554,0.00660554
2021-10-30,UZS,10000,66.0114,0.00660114
2021-11-02,UZS,10000,66.5963,0.00665963
2021-11-03,UZS,10000,66.8641,0.00668641
2021-11-04,UZS,10000,66.736,0.0066736
2021-11-09,UZS,10000,66.6938,0.00666938
2021-11-10,UZS,10000,66.6666,0.00666666
2021-11-11,UZS,10000,66.1933,0.00661933
2021-11-12,UZS,10000,66.4437,0.00664437
2021-11-13,UZS,10000,66.9135,0.00669135
2021-11-16,UZS,10000,67.3112,0.00673112
2021-11-17,UZS,10000,67.6744,0.00676744
2021-11-18,UZS,10000,67.8002,0.00678002
2021-11-19,UZS,10000,67.5039,0.00675039
2021-11-20,UZS,10000,67.5715,0.00675715
2021-11-23,UZS,10000,68.3813,0.00683813
2021-11-24,UZS,10000,69.5728,0.00695728
2021-11-25,UZS,10000,69.0866,0.00690866
2021-11-26,UZS,10000,69.4254,0.00694254
2021-11-27,UZS,10000,70.2643,0.00702643
2021-11-30,UZS,10000,69.5755,0.00695755
2021-12-01,UZS,10000,69.4284,0.00694284
2021-12-02,UZS,10000,68.6472,0.00686472
2021-12-03,UZS,10000,68.7909,0.00687909
2021-12-04,UZS,10000,68.5323,0.00685323
2021-12-07,UZS,10000,68.3685,0.00683685
2021-12-08,UZS,10000,68.8407,0.00688407
2021-12-09,UZS,10000,68.4879,0.00684879
2021-12-10,UZS,10000,68.2602,0.00682602
2021-12-11,UZS,10000,68.1806,0.00681806
2021-12-14,UZS,10000,67.9258,0.00679258
2021-12-15,UZS,10000,67.8624,0.00678624
2021-12-16,UZS,10000,68.0968,0.00680968
2021-12-17,UZS,10000,67.9315,0.00679315
2021-12-18,UZS,10000,68.018,0.0068018
2021-12-21,UZS,10000,68.6559,0.00686559
2021-12-22,UZS,10000,68.2892,0.00682892
2021-12-23,UZS,10000,68.0868,0.00680868
2021-12-24,UZS,10000,67.6202,0.00676202
2021-12-25,UZS,10000,67.7218,0.00677218
2021-12-28,UZS,10000,67.8194,0.00678194
2021-12-29,UZS,10000,67.9879,0.00679879
2021-12-30,UZS,10000,68.1313,0.00681313
2021-12-31,UZS,10000,68.5504,0.00685504
2022-01-11,UZS,10000,69.4501,0.00694501
2022-01-12,UZS,10000,69.1765,0.00691765
2022-01-13,UZS,10000,68.892,0.0068892
2022-01-14,UZS,10000,68.9298,0.00689298
2022-01-15,UZS,10000,70.0374,0.00700374
2022-01-18,UZS,10000,70.1482,0.00701482
2022-01-19,UZS,10000,70.4197,0.00704197
2022-01-20,UZS,10000,71.0569,0.00710569
2022-01-21,UZS,10000,70.6656,0.00706656
2022-01-22,UZS,10000,70.7797,0.00707797
2022-01-25,UZS,10000,71.5146,0.00715146
2022-01-26,UZS,10000,72.6487,0.00726487
2022-01-27,UZS,10000,72.9744,0.00729744
2022-01-28,UZS,10000,73.0722,0.00730722
2022-01-29,UZS,10000,71.9329,0.00719329
2022-02-01,UZS,10000,71.6311,0.00716311
2022-02-02,UZS,10000,71.3847,0.00713847
2022-02-03,UZS,10000,70.7342,0.00707342
2022-02-04,UZS,10000,70.8079,0.00708079
2022-02-05,UZS,10000,70.1887,0.00701887
2022-02-08,UZS,10000,69.7323,0.00697323
2022-02-09,UZS,10000,69.3855,0.00693855
2022-02-10,UZS,10000,69.0044,0.00690044
2022-02-11,UZS,10000,68.9655,0.00689655
2022-02-12,UZS,10000,69.1043,0.00691043
2022-02-15,UZS,10000,70.508,0.0070508
2022-02-16,UZS,10000,70.2378,0.00702378
2022-02-17,UZS,10000,69.2193,0.00692193
2022-02-18,UZS,10000,69.8498,0.00698498
2022-02-19,UZS,10000,69.7854,0.00697854
2022-02-22,UZS,10000,70.8104,0.00708104
2022-02-23,UZS,10000,74.1793,0.00741793
2022-02-25,UZS,10000,80.1905,0.00801905
2022-02-26,UZS,10000,77.0723,0.00770723
2022-03-01,UZS,10000,86.3067,0.00863067
2022-03-02,UZS,10000,84.384,0.0084384
2022-03-03,UZS,10000,94.964,0.0094964
2022-03-04,UZS,1000,10.2643,0.0102643
2022-03-05,UZS,10000,97.0734,0.00970734
2022-03-06,UZS,10000,96.9828,0.00969828
2022-03-10,UZS,1000,10.6526,0.0106526
2022-03-11,UZS,1000,11.0589,0.0110589
2022-03-12,UZS,1000,10.7062,0.0107062
2022-03-15,UZS,1000,10.5423,0.0105423
2022-03-16,UZS,1000,10.1649,0.0101649
2022-03-17,UZS,10000,98.5216,0.00985216
2022-03-18,UZS,10000,92.535,0.0092535
2022-03-19,UZS,10000,91.7873,0.00917873
2022-03-22,UZS,10000,91.105,0.0091105
2022-03-23,UZS,10000,90.2096,0.00902096
2022-03-24,UZS,10000,89.4243,0.00894243
2022-03-25,UZS,10000,83.391,0.0083391
2022-03-26,UZS,10000,83.2809,0.00832809
2022-03-29,UZS,10000,81.619,0.0081619
2022-03-30,UZS,10000,75.2379,0.00752379
2022-03-31,UZS,10000,75.4671,0.00754671
2022-04-01,UZS,10000,74.9024,0.00749024
2022-04-02,UZS,10000,73.1867,0.00731867
2022-04-05,UZS,10000,73.2977,0.00732977
2022-04-06,UZS,10000,73.0613,0.00730613
2022-04-07,UZS,10000,72.5478,0.00725478
2022-04-08,UZS,10000,67.0633,0.00670633
2022-04-09,UZS,10000,65.8746,0.00658746
2022-04-12,UZS,10000,69.7768,0.00697768
2022-04-13,UZS,10000,70.284,0.0070284
2022-04-14,UZS,10000,70.5675,0.00705675
2022-04-15,UZS,10000,71.708,0.0071708
2022-04-16,UZS,10000,70.71,0.007071
2022-04-19,UZS,10000,70.3159,0.00703159
2022-04-20,UZS,10000,70.0732,0.00700732
2022-04-21,UZS,10000,68.4593,0.00684593
2022-04-22,UZS,10000,66.4779,0.00664779
2022-04-23,UZS,10000,65.0367,0.00650367
2022-04-26,UZS,10000,65.1503,0.00651503
2022-04-27,UZS,10000,64.6479,0.00646479
2022-04-28,UZS,10000,64.9414,0.00649414
2022-04-29,UZS,10000,64.549,0.0064549
2022-04-30,UZS,10000,63.5286,0.00635286
2022-05-05,UZS,10000,62.0906,0.00620906
2022-05-06,UZS,10000,59.3424,0.00593424
2022-05-07,UZS,10000,60.529,0.0060529
2022-05-12,UZS,10000,61.6724,0.00616724
2022-05-13,UZS,10000,58.8232,0.00588232
2022-05-14,UZS,10000,57.1201,0.00571201
2022-05-17,UZS,10000,56.9002,0.00569002
2022-05-18,UZS,10000,56.9132,0.00569132
2022-05-19,UZS,10000,57.0328,0.00570328
2022-05-20,UZS,10000,56.0646,0.00560646
2022-05-21,UZS,10000,53.1071,0.00531071
2022-05-24,UZS,10000,52.4635,0.00524635
2022-05-25,UZS,10000,51.3933,0.00513933
2022-05-26,UZS,10000,50.8352,0.00508352
2022-05-27,UZS,10000,56.0874,0.00560874
2022-05-28,UZS,10000,60.119,0.0060119
2022-05-31,UZS,10000,57.1838,0.00571838
2022-06-01,UZS,10000,55.9509,0.00559509
2022-06-02,UZS,10000,55.9571,0.00559571
2022-06-03,UZS,10000,56.0791,0.00560791
2022-06-04,UZS,10000,56.3599,0.00563599
2022-06-07,UZS,10000,55.4932,0.00554932
2022-06-08,UZS,10000,55.2558,0.00552558
2022-06-09,UZS,10000,54.5203,0.00545203
2022-06-10,UZS,10000,52.8892,0.00528892
2022-06-11,UZS,10000,52.4245,0.00524245
2022-06-15,UZS,10000,51.9392,0.00519392
2022-06-16,UZS,10000,51.6285,0.00516285
2022-06-17,UZS,10000,51.8873,0.00518873
2022-06-18,UZS,10000,51.6981,0.00516981
2022-06-21,UZS,10000,51.2991,0.00512991
2022-06-22,UZS,10000,50.0618,0.00500618
2022-06-23,UZS,10000,48.8976,0.00488976
2022-06-24,UZS,10000,49.1909,0.00491909
2022-06-25,UZS,10000,49.236,0.0049236
2022-06-28,UZS,10000,49.2293,0.00492293
2022-06-29,UZS,10000,48.9396,0.00489396
2022-06-30,UZS,10000,47.3661,0.00473661
2022-07-01,UZS,10000,48.3528,0.00483528
2022-07-02,UZS,10000,49.4827,0.00494827
2022-07-05,UZS,10000,50.7699,0.00507699
2022-07-06,UZS,10000,53.9942,0.00539942
2022-07-07,UZS,10000,57.9284,0.00579284
2022-07-08,UZS,10000,57.9936,0.00579936
2022-07-09,UZS,10000,56.1444,0.00561444
2022-07-12,UZS,10000,56.1793,0.00561793
2022-07-13,UZS,10000,53.9337,0.00539337
2022-07-14,UZS,10000,53.5995,0.00535995
2022-07-15,UZS,10000,53.2746,0.00532746
2022-07-16,UZS,10000,52.8135,0.00528135
2022-07-19,UZS,10000,51.5594,0.00515594
2022-07-20,UZS,10000,50.6278,0.00506278
2022-07-21,UZS,10000,50.2026,0.00502026
2022-07-22,UZS,10000,51.777,0.0051777
2022-07-23,UZS,10000,52.6537,0.00526537
2022-07-26,UZS,10000,52.9141,0.00529141
2022-07-27,UZS,10000,53.4879,0.00534879
2022-07-28,UZS,10000,54.9442,0.00549442
2022-07-29,UZS,10000,55.0182,0.00550182
2022-07-30,UZS,10000,56.206,0.0056206
2022-08-02,UZS,10000,56.8627,0.00568627
2022-08-03,UZS,10000,54.985,0.0054985
2022-08-04,UZS,10000,54.9605,0.00549605
2022-08-05,UZS,10000,55.0675,0.00550675
2022-08-06,UZS,10000,55.2841,0.00552841
2022-08-09,UZS,10000,55.4073,0.00554073
2022-08-10,UZS,10000,55.5212,0.00555212
2022-08-11,UZS,10000,55.563,0.0055563
2022-08-12,UZS,10000,55.5955,0.00555955
2022-08-13,UZS,10000,55.7582,0.00557582
2022-08-16,UZS,10000,56.2502,0.00562502
2022-08-17,UZS,10000,56.1616,0.00561616
2022-08-18,UZS,10000,55.383,0.0055383
2022-08-19,UZS,10000,54.7787,0.00547787
2022-08-20,UZS,10000,54.0761,0.00540761
2022-08-23,UZS,10000,54.7236,0.00547236
2022-08-24,UZS,10000,54.9469,0.00549469
2022-08-25,UZS,10000,55.1026,0.00551026
2022-08-26,UZS,10000,54.8209,0.00548209
2022-08-27,UZS,10000,55.0516,0.00550516
2022-08-30,UZS,10000,55.2169,0.00552169
2022-08-31,UZS,10000,55.3799,0.00553799
2022-09-01,UZS,10000,55.113,0.0055113
2022-09-02,UZS,10000,55.1116,0.00551116
2022-09-03,UZS,10000,55.2344,0.00552344
2022-09-06,UZS,10000,55.5788,0.00555788
2022-09-07,UZS,10000,55.4197,0.00554197
2022-09-08,UZS,10000,55.7654,0.00557654
2022-09-09,UZS,10000,55.2856,0.00552856
2022-09-10,UZS,10000,55.0845,0.00550845
2022-09-13,UZS,10000,55.186,0.0055186
2022-09-14,UZS,10000,54.8548,0.00548548
2022-09-15,UZS,10000,54.6388,0.00546388
2022-09-16,UZS,10000,54.6138,0.00546138
2022-09-17,UZS,10000,54.823,0.0054823
2022-09-20,UZS,10000,54.8827,0.00548827
2022-09-21,UZS,10000,54.6627,0.00546627
2022-09-22,UZS,10000,55.5853,0.00555853
2022-09-23,UZS,10000,54.4916,0.00544916
2022-09-24,UZS,10000,52.7692,0.00527692
2022-09-27,UZS,10000,52.5823,0.00525823
2022-09-28,UZS,10000,52.6558,0.00526558
2022-09-29,UZS,10000,53.0149,0.00530149
2022-09-30,UZS,10000,52.1947,0.00521947
2022-10-01,UZS,10000,50.2076,0.00502076
2022-10-04,UZS,10000,52.3096,0.00523096
2022-10-05,UZS,10000,53.5089,0.00535089
2022-10-06,UZS,10000,53.9527,0.00539527
2022-10-07,UZS,10000,54.636,0.0054636
2022-10-08,UZS,10000,55.3622,0.00553622
2022-10-11,UZS,10000,56.385,0.0056385
2022-10-12,UZS,10000,57.5293,0.00575293
2022-10-13,UZS,10000,57.5203,0.00575203
2022-10-14,UZS,10000,57.2239,0.00572239
2022-10-15,UZS,10000,56.7648,0.00567648
2022-10-18,UZS,10000,55.4855,0.00554855
2022-10-19,UZS,10000,55.3726,0.00553726
2022-10-20,UZS,10000,55.2013,0.00552013
2022-10-21,UZS,10000,55.1636,0.00551636
2022-10-22,UZS,10000,54.9511,0.00549511
2022-10-25,UZS,10000,54.9779,0.00549779
2022-10-26,UZS,10000,55.1901,0.00551901
2022-10-27,UZS,10000,55.1976,0.00551976
2022-10-28,UZS,10000,55.0051,0.00550051
2022-10-29,UZS,10000,55.0823,0.00550823
2022-11-01,UZS,10000,55.1165,0.00551165
2022-11-02,UZS,10000,54.9963,0.00549963
2022-11-03,UZS,10000,55.3619,0.00553619
2022-11-04,UZS,10000,55.9015,0.00559015
2022-11-08,UZS,10000,55.0076,0.00550076
2022-11-09,UZS,10000,54.5852,0.00545852
2022-11-10,UZS,10000,54.7288,0.00547288
2022-11-11,UZS,10000,54.8315,0.00548315
2022-11-12,UZS,10000,53.7907,0.00537907
2022-11-15,UZS,10000,53.8938,0.00538938
2022-11-16,UZS,10000,53.8975,0.00538975
2022-11-17,UZS,10000,54.0241,0.00540241
2022-11-18,UZS,10000,53.9926,0.00539926
2022-11-19,UZS,10000,53.8661,0.00538661
2022-11-22,UZS,10000,54.174,0.0054174
2022-11-23,UZS,10000,54.1448,0.00541448
2022-11-24,UZS,10000,53.9788,0.00539788
2022-11-25,UZS,10000,53.808,0.0053808
2022-11-26,UZS,10000,53.8536,0.00538536
2022-11-29,UZS,10000,54.0205,0.00540205
2022-11-30,UZS,10000,54.3831,0.00543831
2022-12-01,UZS,10000,54.2945,0.00542945
2022-12-02,UZS,10000,54.5811,0.00545811
2022-12-03,UZS,10000,55.0182,0.00550182
2022-12-06,UZS,10000,55.2405,0.00552405
2022-12-07,UZS,10000,55.7958,0.00557958
2022-12-08,UZS,10000,55.7712,0.00557712
2022-12-09,UZS,10000,55.4477,0.00554477
2022-12-10,UZS,10000,55.3984,0.00553984
2022-12-13,UZS,10000,55.7833,0.00557833
2022-12-14,UZS,10000,56.0825,0.00560825
2022-12-15,UZS,10000,56.1443,0.00561443
2022-12-16,UZS,10000,57.1254,0.00571254
2022-12-17,UZS,10000,57.5255,0.00575255
2022-12-20,UZS,10000,58.8971,0.00588971
2022-12-21,UZS,10000,61.14,0.006114
2022-12-22,UZS,10000,62.5347,0.00625347
2022-12-23,UZS,10000,64.0871,0.00640871
2022-12-24,UZS,10000,61.1797,0.00611797
2022-12-27,UZS,10000,61.0816,0.00610816
2022-12-28,UZS,10000,62.474,0.0062474
2022-12-29,UZS,10000,63.855,0.0063855
2022-12-30,UZS,10000,64.2913,0.00642913
2022-12-31,UZS,10000,62.6589,0.00626589
2023-01-10,UZS,10000,62.2125,0.00622125
2023-01-11,UZS,10000,61.6845,0.00616845
2023-01-12,UZS,10000,61.0513,0.00610513
2023-01-13,UZS,10000,59.863,0.0059863
2023-01-14,UZS,10000,59.7983,0.00597983
2023-01-17,UZS,10000,60.3415,0.00603415
2023-01-18,UZS,10000,60.5392,0.00605392
2023-01-19,UZS,10000,60.8485,0.00608485
2023-01-20,UZS,10000,60.9747,0.00609747
2023-01-21,UZS,10000,60.8468,0.00608468
2023-01-24,UZS,10000,60.6801,0.00606801
2023-01-25,UZS,10000,60.8957,0.00608957
2023-01-26,UZS,10000,61.1829,0.00611829
2023-01-27,UZS,10000,61.2133,0.00612133
2023-01-28,UZS,10000,61.2518,0.00612518
2023-01-31,UZS,10000,61.3965,0.00613965
2023-02-01,UZS,10000,62.396,0.0062396
2023-02-02,UZS,10000,62.2208,0.00622208
2023-02-03,UZS,10000,62.077,0.0062077
2023-02-04,UZS,10000,62.3136,0.00623136
2023-02-07,UZS,10000,62.3829,0.00623829
2023-02-08,UZS,10000,62.5011,0.00625011
2023-02-09,UZS,10000,63.0618,0.00630618
2023-02-10,UZS,10000,64.111,0.0064111
2023-02-11,UZS,10000,64.1335,0.00641335
2023-02-14,UZS,10000,64.9403,0.00649403
2023-02-15,UZS,10000,65.1935,0.00651935
2023-02-16,UZS,10000,65.3231,0.00653231
2023-02-17,UZS,10000,65.7612,0.00657612
2023-02-18,UZS,10000,65.8439,0.00658439
2023-02-21,UZS,10000,65.2823,0.00652823
2023-02-22,UZS,10000,66.1299,0.00661299
2023-02-23,UZS,10000,66.0995,0.00660995
2023-02-28,UZS,10000,66.4602,0.00664602
2023-03-01,UZS,10000,66.16,0.006616
2023-03-02,UZS,10000,66.3824,0.00663824
2023-03-03,UZS,10000,66.496,0.0066496
2023-03-04,UZS,10000,66.402,0.0066402
2023-03-07,UZS,10000,66.3491,0.00663491
2023-03-08,UZS,10000,66.4941,0.00664941
2023-03-10,UZS,10000,66.6691,0.00666691
2023-03-11,UZS,10000,66.5731,0.00665731
2023-03-14,UZS,10000,66.1815,0.00661815
2023-03-15,UZS,10000,65.8415,0.00658415
2023-03-16,UZS,10000,66.1763,0.00661763
2023-03-17,UZS,10000,66.7355,0.00667355
2023-03-18,UZS,10000,67.091,0.0067091
2023-03-21,UZS,10000,67.6496,0.00676496
2023-03-22,UZS,10000,67.295,0.0067295
2023-03-23,UZS,10000,67.399,0.0067399
2023-03-24,UZS,10000,67.083,0.0067083
2023-03-25,UZS,10000,67.1112,0.00671112
2023-03-28,UZS,10000,66.9866,0.00669866
2023-03-29,UZS,10000,67.1553,0.00671553
2023-03-30,UZS,10000,67.5724,0.00675724
2023-03-31,UZS,10000,67.5304,0.00675304
2023-04-01,UZS,10000,67.6304,0.00676304
2023-04-04,UZS,10000,68.3502,0.00683502
2023-04-05,UZS,10000,69.6369,0.00696369
2023-04-06,UZS,10000,69.8486,0.00698486
2023-04-07,UZS,10000,70.9806,0.00709806
2023-04-08,UZS,10000,72.4449,0.00724449
2023-04-11,UZS,10000,71.724,0.0071724
2023-04-12,UZS,10000,72.0234,0.00720234
2023-04-13,UZS,10000,71.8975,0.00718975
2023-04-14,UZS,10000,71.4568,0.00714568
2023-04-15,UZS,10000,71.3637,0.00713637
2023-04-18,UZS,10000,71.3408,0.00713408
2023-04-19,UZS,10000,71.2377,0.00712377
2023-04-20,UZS,10000,71.4017,0.00714017
2023-04-21,UZS,10000,71.494,0.0071494
2023-04-22,UZS,10000,71.378,0.0071378
2023-04-25,UZS,10000,71.1924,0.00711924
2023-04-26,UZS,10000,71.3793,0.00713793
2023-04-27,UZS,10000,71.5904,0.00715904
2023-04-28,UZS,10000,71.6879,0.00716879
2023-04-29,UZS,10000,70.6827,0.00706827
2023-05-03,UZS,10000,70.0182,0.00700182
2023-05-04,UZS,10000,69.3364,0.00693364
2023-05-05,UZS,10000,68.6017,0.00686017
2023-05-06,UZS,10000,67.1214,0.00671214
2023-05-11,UZS,10000,67.08,0.006708
2023-05-12,UZS,10000,66.257,0.0066257
2023-05-13,UZS,10000,67.3389,0.00673389
2023-05-16,UZS,10000,69.1859,0.00691859
2023-05-17,UZS,10000,70.0522,0.00700522
2023-05-18,UZS,10000,70.7215,0.00707215
2023-05-19,UZS,10000,69.8216,0.00698216
2023-05-20,UZS,10000,69.5581,0.00695581
2023-05-23,UZS,10000,69.6435,0.00696435
2023-05-24,UZS,10000,70.0142,0.00700142
2023-05-25,UZS,10000,69.9617,0.00699617
2023-05-26,UZS,10000,70.0509,0.00700509
2023-05-27,UZS,10000,69.9918,0.00699918
2023-05-30,UZS,10000,70.1318,0.00701318
2023-05-31,UZS,10000,70.6531,0.00706531
2023-06-01,UZS,10000,71.0112,0.00710112
2023-06-02,UZS,10000,71.0215,0.00710215
2023-06-03,UZS,10000,70.8856,0.00708856
2023-06-06,UZS,10000,71.1729,0.00711729
2023-06-07,UZS,10000,70.9662,0.00709662
2023-06-08,UZS,10000,71.0666,0.00710666
2023-06-09,UZS,10000,71.6781,0.00716781
2023-06-10,UZS,10000,72.271,0.0072271
2023-06-14,UZS,10000,73.0969,0.00730969
2023-06-15,UZS,10000,73.5493,0.00735493
2023-06-16,UZS,10000,73.1497,0.00731497
2023-06-17,UZS,10000,72.9923,0.00729923
2023-06-20,UZS,10000,73.2674,0.00732674
2023-06-21,UZS,10000,73.3934,0.00733934
2023-06-22,UZS,10000,73.3218,0.00733218
2023-06-23,UZS,10000,72.7023,0.00727023
2023-06-24,UZS,10000,73.2253,0.00732253
2023-06-27,UZS,10000,73.8164,0.00738164
2023-06-28,UZS,10000,74.0333,0.00740333
2023-06-29,UZS,10000,74.5285,0.00745285
2023-06-30,UZS,10000,75.7601,0.00757601
2023-07-01,UZS,10000,76.9355,0.00769355
2023-07-04,UZS,10000,77.5252,0.00775252
2023-07-05,UZS,10000,77.629,0.0077629
2023-07-06,UZS,10000,78.2757,0.00782757
2023-07-07,UZS,10000,80.2825,0.00802825
2023-07-08,UZS,10000,79.3624,0.00793624
2023-07-11,UZS,10000,79.0773,0.00790773
2023-07-12,UZS,10000,78.321,0.0078321
2023-07-13,UZS,10000,78.2999,0.00782999
2023-07-14,UZS,10000,77.7845,0.00777845
2023-07-15,UZS,10000,77.8086,0.00778086
2023-07-18,UZS,10000,78.1002,0.00781002
2023-07-19,UZS,10000,78.2547,0.00782547
2023-07-20,UZS,10000,78.5703,0.00785703
2023-07-21,UZS,10000,78.3221,0.00783221
2023-07-22,UZS,10000,77.9649,0.00779649
2023-07-25,UZS,10000,77.9404,0.00779404
2023-07-26,UZS,10000,77.701,0.0077701
2023-07-27,UZS,10000,77.5393,0.00775393
2023-07-28,UZS,10000,77.4392,0.00774392
2023-07-29,UZS,10000,78.4286,0.00784286
2023-08-01,UZS,10000,78.9577,0.00789577
2023-08-02,UZS,10000,78.9932,0.00789932
2023-08-03,UZS,10000,79.8075,0.00798075
2023-08-04,UZS,10000,80.4626,0.00804626
2023-08-05,UZS,10000,81.3954,0.00813954
2023-08-08,UZS,10000,82.8187,0.00828187
2023-08-09,UZS,10000,82.2916,0.00822916
2023-08-10,UZS,10000,83.4986,0.00834986
2023-08-11,UZS,10000,83.38,0.008338
2023-08-12,UZS,10000,81.3303,0.00813303
2023-08-15,UZS,10000,83.9071,0.00839071
2023-08-16,UZS,10000,80.7672,0.00807672
2023-08-17,UZS,10000,80.0866,0.00800866
2023-08-18,UZS,10000,77.5465,0.00775465
2023-08-19,UZS,10000,77.4103,0.00774103
2023-08-22,UZS,10000,77.9453,0.00779453
2023-08-23,UZS,10000,77.7838,0.00777838
2023-08-24,UZS,10000,78.1163,0.00781163
2023-08-25,UZS,10000,78.2269,0.00782269
2023-08-26,UZS,10000,78.6053,0.00786053
2023-08-29,UZS,10000,79.0977,0.00790977
2023-08-30,UZS,10000,79.2788,0.00792788
2023-08-31,UZS,10000,79.379,0.0079379
2023-09-01,UZS,10000,79.6813,0.00796813
2023-09-02,UZS,10000,79.6868,0.00796868
2023-09-05,UZS,10000,79.838,0.0079838
2023-09-06,UZS,10000,80.49,0.008049
2023-09-07,UZS,10000,80.6628,0.00806628
2023-09-08,UZS,10000,80.8724,0.00808724
2023-09-09,UZS,10000,80.6812,0.00806812
2023-09-12,UZS,10000,79.4487,0.00794487
2023-09-13,UZS,10000,77.8586,0.00778586
2023-09-14,UZS,10000,78.8008,0.00788008
2023-09-15,UZS,10000,79.0664,0.00790664
2023-09-16,UZS,10000,79.5077,0.00795077
2023-09-19,UZS,10000,79.3817,0.00793817
2023-09-20,UZS,10000,79.1287,0.00791287
2023-09-21,UZS,10000,79.4024,0.00794024
2023-09-22,UZS,10000,78.8926,0.00788926
2023-09-23,UZS,10000,78.7874,0.00787874
2023-09-26,UZS,10000,78.73,0.007873
2023-09-27,UZS,10000,78.8438,0.00788438
2023-09-28,UZS,10000,79.1301,0.00791301
2023-09-29,UZS,10000,79.6206,0.00796206
2023-09-30,UZS,10000,80.0116,0.00800116
2023-10-03,UZS,10000,80.8854,0.00808854
2023-10-04,UZS,10000,81.3662,0.00813662
2023-10-05,UZS,10000,81.4141,0.00814141
2023-10-06,UZS,10000,81.6488,0.00816488
2023-10-07,UZS,10000,82.3824,0.00823824
2023-10-10,UZS,10000,83.1513,0.00831513
2023-10-11,UZS,10000,82.048,0.0082048
2023-10-12,UZS,10000,81.95,0.008195
2023-10-13,UZS,10000,79.3992,0.00793992
2023-10-14,UZS,10000,79.571,0.0079571
2023-10-17,UZS,10000,79.6265,0.00796265
2023-10-18,UZS,10000,79.7848,0.00797848
2023-10-19,UZS,10000,79.8457,0.00798457
2023-10-20,UZS,10000,79.7149,0.00797149
2023-10-21,UZS,10000,78.4116,0.00784116
2023-10-24,UZS,10000,77.566,0.0077566
2023-10-25,UZS,10000,76.5445,0.00765445
2023-10-26,UZS,10000,76.3535,0.00763535
2023-10-27,UZS,10000,76.7205,0.00767205
2023-10-28,UZS,10000,76.3446,0.00763446
2023-10-31,UZS,10000,76.2538,0.00762538
2023-11-01,UZS,10000,75.3097,0.00753097
2023-11-02,UZS,10000,76.244,0.0076244
2023-11-03,UZS,10000,76.0658,0.00760658
2023-11-04,UZS,10000,76.009,0.0076009
2023-11-08,UZS,10000,75.3179,0.00753179
2023-11-09,UZS,10000,75.0787,0.00750787
2023-11-10,UZS,10000,74.7552,0.00747552
2023-11-11,UZS,10000,74.9131,0.00749131
2023-11-14,UZS,10000,75.0755,0.00750755
2023-11-15,UZS,10000,74.3066,0.00743066
2023-11-16,UZS,10000,72.7882,0.00727882
2023-11-17,UZS,10000,72.4203,0.00724203
2023-11-18,UZS,10000,72.6349,0.00726349
2023-11-21,UZS,10000,72.0647,0.00720647
2023-11-22,UZS,10000,71.5705,0.00715705
2023-11-23,UZS,10000,71.8535,0.00718535
2023-11-24,UZS,10000,71.7503,0.00717503
2023-11-25,UZS,10000,72.1767,0.00721767
2023-11-28,UZS,10000,72.14,0.007214
2023-11-29,UZS,10000,71.9821,0.00719821
2023-11-30,UZS,10000,72.1755,0.00721755
2023-12-01,UZS,10000,72.135,0.0072135
2023-12-02,UZS,10000,73.096,0.0073096
2023-12-05,UZS,10000,73.7172,0.00737172
2023-12-06,UZS,10000,74.627,0.0074627
2023-12-07,UZS,10000,75.4981,0.00754981
2023-12-08,UZS,10000,75.2248,0.00752248
2023-12-09,UZS,10000,74.4729,0.00744729
2023-12-12,UZS,10000,73.8992,0.00738992
2023-12-13,UZS,10000,73.1855,0.00731855
2023-12-14,UZS,10000,72.7934,0.00727934
2023-12-15,UZS,10000,72.5108,0.00725108
2023-12-16,UZS,10000,72.5816,0.00725816
2023-12-19,UZS,10000,73.0489,0.00730489
2023-12-20,UZS,10000,72.7289,0.00727289
2023-12-21,UZS,10000,73.0745,0.00730745
2023-12-22,UZS,10000,74.0165,0.00740165
2023-12-23,UZS,10000,74.3251,0.00743251
2023-12-26,UZS,10000,74.426,0.0074426
2023-12-27,UZS,10000,74.2709,0.00742709
2023-12-28,UZS,10000,74.2261,0.00742261
2023-12-29,UZS,10000,73.1198,0.00731198
2023-12-30,UZS,10000,72.6882,0.00726882
2024-01-10,UZS,10000,72.9648,0.00729648
2024-01-11,UZS,10000,72.1091,0.00721091
2024-01-12,UZS,10000,71.4943,0.00714943
2024-01-13,UZS,10000,70.9829,0.00709829
2024-01-16,UZS,10000,70.6967,0.00706967
2024-01-17,UZS,10000,70.6307,0.00706307
2024-01-18,UZS,10000,71.1668,0.00711668
2024-01-19,UZS,10000,71.3455,0.00713455
2024-01-20,UZS,10000,71.3273,0.00713273
2024-01-23,UZS,10000,70.9055,0.00709055
2024-01-24,UZS,10000,70.8003,0.00708003
2024-01-25,UZS,10000,70.9955,0.00709955
2024-01-26,UZS,10000,71.3717,0.00713717
2024-01-27,UZS,10000,72.1204,0.00721204
2024-01-30,UZS,10000,72.2653,0.00722653
2024-01-31,UZS,10000,71.8679,0.00718679
2024-02-01,UZS,10000,72.1379,0.00721379
2024-02-02,UZS,10000,72.6475,0.00726475
2024-02-03,UZS,10000,72.9209,0.00729209
2024-02-06,UZS,10000,73.2996,0.00732996
2024-02-07,UZS,10000,72.7225,0.00727225
2024-02-08,UZS,10000,73.0146,0.00730146
2024-02-09,UZS,10000,73.2509,0.00732509
2024-02-10,UZS,10000,72.9168,0.00729168
2024-02-13,UZS,10000,73.0945,0.00730945
2024-02-14,UZS,10000,73.1421,0.00731421
2024-02-15,UZS,10000,73.2623,0.00732623
2024-02-16,UZS,10000,73.541,0.0073541
2024-02-17,UZS,10000,74.0571,0.00740571
2024-02-20,UZS,10000,73.9878,0.00739878
2024-02-21,UZS,10000,73.9968,0.00739968
2024-02-22,UZS,10000,74.0961,0.00740961
2024-02-23,UZS,10000,74.231,0.0074231
2024-02-27,UZS,10000,74.165,0.0074165
2024-02-28,UZS,10000,73.7467,0.00737467
2024-02-29,UZS,10000,73.4953,0.00734953
2024-03-01,UZS,10000,72.7615,0.00727615
2024-03-02,UZS,10000,73.0856,0.00730856
2024-03-05,UZS,10000,72.9983,0.00729983
2024-03-06,UZS,10000,72.7827,0.00727827
2024-03-07,UZS,10000,72.1207,0.00721207
2024-03-08,UZS,10000,72.5364,0.00725364
2024-03-12,UZS,10000,72.4821,0.00724821
2024-03-13,UZS,10000,72.6298,0.00726298
2024-03-14,UZS,10000,73.0372,0.00730372
2024-03-15,UZS,10000,73.0398,0.00730398
2024-03-16,UZS,10000,73.1041,0.00731041
2024-03-19,UZS,10000,73.1765,0.00731765
2024-03-20,UZS,10000,73.4278,0.00734278
2024-03-21,UZS,10000,73.7837,0.00737837
2024-03-22,UZS,10000,73.1976,0.00731976
2024-03-23,UZS,10000,73.7245,0.00737245
2024-03-26,UZS,10000,73.7782,0.00737782
2024-03-27,UZS,10000,73.4889,0.00734889
2024-03-28,UZS,10000,73.544,0.0073544
2024-03-29,UZS,10000,73.2236,0.00732236
2024-03-30,UZS,10000,73.1897,0.00731897
2024-04-02,UZS,10000,73.0844,0.00730844
2024-04-03,UZS,10000,73.1715,0.00731715
2024-04-04,UZS,10000,73.1302,0.00731302
2024-04-05,UZS,10000,72.8653,0.00728653
2024-04-06,UZS,10000,72.8825,0.00728825
2024-04-09,UZS,10000,72.9842,0.00729842
2024-04-10,UZS,10000,73.1675,0.00731675
2024-04-11,UZS,10000,73.5411,0.00735411
2024-04-12,UZS,10000,73.9354,0.00739354
2024-04-13,UZS,10000,73.7163,0.00737163
2024-04-16,UZS,10000,73.8842,0.00738842
2024-04-17,UZS,10000,74.3401,0.00743401
2024-04-18,UZS,10000,74.4361,0.00744361
2024-04-19,UZS,10000,74.1178,0.00741178
2024-04-20,UZS,10000,73.5929,0.00735929
2024-04-23,UZS,10000,73.4846,0.00734846
2024-04-24,UZS,10000,73.3945,0.00733945
2024-04-25,UZS,10000,72.8105,0.00728105
2024-04-26,UZS,10000,72.6017,0.00726017
2024-04-27,UZS,10000,72.7942,0.00727942
2024-04-28,UZS,10000,72.6088,0.00726088
2024-05-03,UZS,10000,72.8722,0.00728722
2024-05-04,UZS,10000,72.3689,0.00723689
2024-05-07,UZS,10000,72.0413,0.00720413
2024-05-08,UZS,10000,72.0448,0.00720448
2024-05-09,UZS,10000,72.3935,0.00723935
2024-05-14,UZS,10000,72.0494,0.00720494
2024-05-15,UZS,10000,71.9371,0.00719371
2024-05-16,UZS,10000,71.7942,0.00717942
2024-05-17,UZS,10000,71.4363,0.00714363
2024-05-18,UZS,10000,71.5309,0.00715309
2024-05-21,UZS,10000,71.4097,0.00714097
2024-05-22,UZS,10000,71.2566,0.00712566
2024-05-23,UZS,10000,70.9652,0.00709652
2024-05-24,UZS,10000,70.9238,0.00709238
2024-05-25,UZS,10000,70.5604,0.00705604
2024-05-28,UZS,10000,69.8051,0.00698051
2024-05-29,UZS,10000,69.7457,0.00697457
2024-05-30,UZS,10000,70.5599,0.00705599
2024-05-31,UZS,10000,71.0291,0.00710291
2024-06-01,UZS,10000,71.4681,0.00714681
2024-06-04,UZS,10000,70.9338,0.00709338
2024-06-05,UZS,10000,70.3589,0.00703589
2024-06-06,UZS,10000,70.0698,0.00700698
2024-06-07,UZS,10000,70.0222,0.00700222
2024-06-08,UZS,10000,70.1112,0.00701112
2024-06-11,UZS,10000,70.3687,0.00703687
2024-06-12,UZS,10000,70.4566,0.00704566
2024-06-14,UZS,10000,69.8898,0.00698898
2024-06-15,UZS,10000,70.6042,0.00706042
2024-06-18,UZS,10000,70.5916,0.00705916
2024-06-19,UZS,10000,68.9947,0.00689947
2024-06-20,UZS,10000,65.4376,0.00654376
2024-06-21,UZS,10000,67.5563,0.00675563
2024-06-22,UZS,10000,69.5893,0.00695893
2024-06-25,UZS,10000,69.2053,0.00692053
2024-06-26,UZS,10000,69.2679,0.00692679
2024-06-27,UZS,10000,69.7629,0.00697629
2024-06-28,UZS,10000,67.5375,0.00675375
2024-06-29,UZS,10000,68.297,0.0068297
2024-07-02,UZS,10000,69.517,0.0069517
2024-07-03,UZS,10000,69.9182,0.00699182
2024-07-04,UZS,10000,69.9581,0.00699581
2024-07-05,UZS,10000,70.0255,0.00700255
2024-07-06,UZS,10000,69.948,0.0069948
2024-07-09,UZS,10000,69.9546,0.00699546
2024-07-10,UZS,10000,69.7427,0.00697427
2024-07-11,UZS,10000,69.5605,0.00695605
2024-07-12,UZS,10000,69.65,0.006965
2024-07-13,UZS,10000,69.3343,0.00693343
2024-07-16,UZS,10000,69.4941,0.00694941
2024-07-17,UZS,10000,70.023,0.0070023
2024-07-18,UZS,10000,69.9881,0.00699881
2024-07-19,UZS,10000,69.8092,0.00698092
2024-07-20,UZS,10000,69.8516,0.00698516
2024-07-23,UZS,10000,69.6116,0.00696116
2024-07-24,UZS,10000,69.3232,0.00693232
2024-07-25,UZS,10000,68.7764,0.00687764
2024-07-26,UZS,10000,67.6513,0.00676513
2024-07-27,UZS,10000,67.726,0.0067726
2024-07-30,UZS,10000,68.6957,0.00686957
2024-07-31,UZS,10000,68.6555,0.00686555
2024-08-01,UZS,10000,68.6618,0.00686618
2024-08-02,UZS,10000,68.3853,0.00683853
2024-08-03,UZS,10000,68.1537,0.00681537
2024-08-06,UZS,10000,67.5155,0.00675155
2024-08-07,UZS,10000,67.6186,0.00676186
2024-08-08,UZS,10000,68.1313,0.00681313
2024-08-09,UZS,10000,68.4826,0.00684826
2024-08-10,UZS,10000,69.548,0.0069548
2024-08-13,UZS,10000,71.1441,0.00711441
2024-08-14,UZS,10000,73.3588,0.00733588
2024-08-15,UZS,10000,71.32,0.007132
2024-08-16,UZS,10000,70.3459,0.00703459
2024-08-17,UZS,10000,70.2813,0.00702813
2024-08-20,UZS,10000,70.7401,0.00707401
2024-08-21,UZS,10000,71.7466,0.00717466
2024-08-22,UZS,10000,72.6215,0.00726215
2024-08-23,UZS,10000,72.193,0.0072193
2024-08-24,UZS,10000,72.2576,0.00722576
2024-08-27,UZS,10000,72.3313,0.00723313
2024-08-28,UZS,10000,72.2046,0.00722046
2024-08-29,UZS,10000,72.2759,0.00722759
2024-08-30,UZS,10000,72.1597,0.00721597
2024-08-31,UZS,10000,72.2271,0.00722271
2024-09-03,UZS,10000,71.2881,0.00712881
2024-09-04,UZS,10000,70.1875,0.00701875
2024-09-05,UZS,10000,70.3548,0.00703548
2024-09-06,UZS,10000,70.9111,0.00709111
2024-09-07,UZS,10000,70.6821,0.00706821
2024-09-10,UZS,10000,71.169,0.0071169
2024-09-11,UZS,10000,71.8453,0.00718453
2024-09-12,UZS,10000,71.9377,0.00719377
2024-09-13,UZS,10000,71.6548,0.00716548
2024-09-14,UZS,10000,71.3673,0.00713673
2024-09-17,UZS,10000,71.4856,0.00714856
2024-09-18,UZS,10000,71.8248,0.00718248
2024-09-19,UZS,10000,71.9975,0.00719975
2024-09-20,UZS,10000,72.7603,0.00727603
2024-09-21,UZS,10000,72.7591,0.00727591
2024-09-24,UZS,10000,72.9939,0.00729939
2024-09-25,UZS,10000,72.8486,0.00728486
2024-09-26,UZS,10000,72.4337,0.00724337
2024-09-27,UZS,10000,72.4329,0.00724329
2024-09-28,UZS,10000,72.793,0.0072793
2024-10-01,UZS,10000,73.3142,0.00733142
2024-10-02,UZS,10000,73.4212,0.00734212
2024-10-03,UZS,10000,74.1801,0.00741801
2024-10-04,UZS,10000,74.484,0.0074484
2024-10-05,UZS,10000,74.4603,0.00744603
2024-10-08,UZS,10000,75.1975,0.00751975
2024-10-09,UZS,10000,75.1143,0.00751143
2024-10-10,UZS,10000,75.8177,0.00758177
2024-10-11,UZS,10000,76.0991,0.00760991
2024-10-12,UZS,10000,75.2399,0.00752399
2024-10-15,UZS,10000,75.1964,0.00751964
2024-10-16,UZS,10000,75.7726,0.00757726
2024-10-17,UZS,10000,76.0233,0.00760233
2024-10-18,UZS,10000,76.0339,0.00760339
2024-10-19,UZS,10000,75.3079,0.00753079
2024-10-22,UZS,10000,74.9836,0.00749836
2024-10-23,UZS,10000,75.4323,0.00754323
2024-10-24,UZS,10000,75.3932,0.00753932
2024-10-25,UZS,10000,75.4139,0.00754139
2024-10-26,UZS,10000,75.4251,0.00754251
2024-10-29,UZS,10000,75.9112,0.00759112
2024-10-30,UZS,10000,76.0662,0.00760662
2024-10-31,UZS,10000,75.9118,0.00759118
2024-11-01,UZS,10000,75.9512,0.00759512
2024-11-02,UZS,10000,76.2438,0.00762438
2024-11-03,UZS,10000,76.3296,0.00763296
2024-11-06,UZS,10000,76.6656,0.00766656
2024-11-07,UZS,10000,76.8875,0.00768875
2024-11-08,UZS,10000,76.6972,0.00766972
2024-11-09,UZS,10000,76.3784,0.00763784
2024-11-12,UZS,10000,76.3902,0.00763902
2024-11-13,UZS,10000,76.5053,0.00765053
2024-11-14,UZS,10000,76.888,0.0076888
2024-11-15,UZS,10000,77.3093,0.00773093
2024-11-16,UZS,10000,78.1219,0.00781219
2024-11-19,UZS,10000,78.0055,0.00780055
2024-11-20,UZS,10000,77.9998,0.00779998
2024-11-21,UZS,10000,78.028,0.0078028
2024-11-22,UZS,10000,78.3139,0.00783139
2024-11-23,UZS,10000,79.8617,0.00798617
2024-11-26,UZS,10000,80.9028,0.00809028
2024-11-27,UZS,10000,81.9838,0.00819838
2024-11-28,UZS,10000,84.2484,0.00842484
2024-11-29,UZS,10000,85.2856,0.00852856
2024-11-30,UZS,10000,83.747,0.0083747
2024-12-03,UZS,10000,83.3923,0.00833923
2024-12-04,UZS,10000,82.7115,0.00827115
2024-12-05,UZS,10000,81.273,0.0081273
2024-12-06,UZS,10000,80.6863,0.00806863
2024-12-07,UZS,10000,77.4486,0.00774486
2024-12-10,UZS,10000,77.413,0.0077413
2024-12-11,UZS,10000,77.7781,0.00777781
2024-12-12,UZS,10000,80.2164,0.00802164
2024-12-13,UZS,10000,80.7965,0.00807965
2024-12-14,UZS,10000,80.4275,0.00804275
2024-12-17,UZS,10000,79.8206,0.00798206
2024-12-18,UZS,10000,79.9992,0.00799992
2024-12-19,UZS,10000,79.8579,0.00798579
2024-12-20,UZS,10000,80.409,0.0080409
2024-12-21,UZS,10000,79.49,0.007949
2024-12-24,UZS,10000,78.8131,0.00788131
2024-12-25,UZS,10000,77.4089,0.00774089
2024-12-26,UZS,10000,77.1604,0.00771604
2024-12-27,UZS,10000,76.7539,0.00767539
2024-12-28,UZS,10000,77.8052,0.00778052
2024-12-29,UZS,10000,78.6965,0.00786965
2025-01-10,UZS,10000,78.9102,0.00789102
2025-01-11,UZS,10000,78.7567,0.00787567
2025-01-14,UZS,10000,79.2684,0.00792684
2025-01-15,UZS,10000,79.7389,0.00797389
2025-01-16,UZS,10000,79.2597,0.00792597
2025-01-17,UZS,10000,78.9817,0.00789817
2025-01-18,UZS,10000,79.0518,0.00790518
2025-01-21,UZS,10000,78.6287,0.00786287
2025-01-22,UZS,10000,77.0154,0.00770154
2025-01-23,UZS,10000,75.6909,0.00756909
2025-01-24,UZS,10000,76.2878,0.00762878
2025-01-25,UZS,10000,75.7089,0.00757089
2025-01-28,UZS,10000,74.8952,0.00748952
2025-01-29,UZS,10000,75.5718,0.00755718
2025-01-30,UZS,10000,75.5397,0.00755397
2025-01-31,UZS,10000,75.5734,0.00755734
2025-02-01,UZS,10000,75.4886,0.00754886
2025-02-04,UZS,10000,77.0273,0.00770273
2025-02-05,UZS,10000,75.8826,0.00758826
2025-02-06,UZS,10000,75.4337,0.00754337
2025-02-07,UZS,10000,74.6307,0.00746307
2025-02-08,UZS,10000,75.0019,0.00750019
2025-02-11,UZS,10000,74.6948,0.00746948
2025-02-12,UZS,10000,73.8536,0.00738536
2025-02-13,UZS,10000,72.4565,0.00724565
2025-02-14,UZS,10000,70.083,0.0070083
2025-02-15,UZS,10000,69.4481,0.00694481
2025-02-18,UZS,10000,70.3715,0.00703715
2025-02-19,UZS,10000,70.3629,0.00703629
2025-02-20,UZS,10000,69.7189,0.00697189
2025-02-21,UZS,10000,68.3476,0.00683476
2025-02-22,UZS,10000,68.1888,0.00681888
2025-02-25,UZS,10000,68.2915,0.00682915
2025-02-26,UZS,10000,67.1569,0.00671569
2025-02-27,UZS,10000,66.6903,0.00666903
2025-02-28,UZS,10000,68.0878,0.00680878
2025-03-01,UZS,10000,68.5364,0.00685364
2025-03-04,UZS,10000,69.2391,0.00692391
2025-03-05,UZS,10000,69.197,0.0069197
2025-03-06,UZS,10000,69.585,0.0069585
2025-03-07,UZS,10000,69.434,0.0069434
2025-03-08,UZS,10000,68.9996,0.00689996
2025-03-11,UZS,10000,68.4198,0.00684198
2025-03-12,UZS,10000,66.8981,0.00668981
2025-03-13,UZS,10000,66.9818,0.00669818
2025-03-14,UZS,10000,67.0426,0.00670426
2025-03-15,UZS,10000,66.1375,0.00661375
2025-03-18,UZS,10000,65.085,0.0065085
2025-03-19,UZS,10000,62.9679,0.00629679
2025-03-20,UZS,10000,64.0467,0.00640467
2025-03-21,UZS,10000,65.2887,0.00652887
2025-03-22,UZS,10000,65.4778,0.00654778
2025-03-25,UZS,10000,64.8145,0.00648145
2025-03-26,UZS,10000,65.0286,0.00650286
2025-03-27,UZS,10000,65.1281,0.00651281
2025-03-28,UZS,10000,64.9419,0.00649419
2025-03-29,UZS,10000,64.803,0.0064803
2025-04-01,UZS,10000,66.2085,0.00662085
2025-04-02,UZS,10000,65.6023,0.00656023
2025-04-03,UZS,10000,65.4166,0.00654166
2025-04-04,UZS,10000,65.3372,0.00653372
2025-04-05,UZS,10000,65.228,0.0065228
2025-04-08,UZS,10000,66.5697,0.00665697
2025-04-09,UZS,10000,65.9121,0.00659121
2025-04-10,UZS,10000,66.4273,0.00664273
2025-04-11,UZS,10000,65.5314,0.00655314
2025-04-12,UZS,10000,64.776,0.0064776
2025-04-15,UZS,10000,63.7635,0.00637635
2025-04-16,UZS,10000,63.4565,0.00634565
2025-04-17,UZS,10000,63.6237,0.00636237
2025-04-18,UZS,10000,63.1186,0.00631186
2025-04-19,UZS,10000,62.5844,0.00625844
2025-04-22,UZS,10000,62.4196,0.00624196
2025-04-23,UZS,10000,63.1017,0.00631017
2025-04-24,UZS,10000,63.9521,0.00639521
2025-04-25,UZS,10000,64.2771,0.00642771
2025-04-26,UZS,10000,63.9389,0.00639389
2025-04-29,UZS,10000,63.7075,0.00637075
2025-04-30,UZS,10000,62.9912,0.00629912
2025-05-01,UZS,10000,63.0111,0.00630111
2025-05-06,UZS,10000,63.4249,0.00634249
2025-05-07,UZS,10000,62.5787,0.00625787
2025-05-08,UZS,10000,62.5622,0.00625622
2025-05-13,UZS,10000,62.7998,0.00627998
2025-05-14,UZS,10000,62.4634,0.00624634
2025-05-15,UZS,10000,62.0193,0.00620193
2025-05-16,UZS,10000,61.874,0.0061874
2025-05-17,UZS,10000,62.296,0.0062296
2025-05-20,UZS,10000,62.2537,0.00622537
2025-05-21,UZS,10000,62.4565,0.00624565
2025-05-22,UZS,10000,61.858,0.0061858
2025-05-23,UZS,10000,61.6294,0.00616294
2025-05-24,UZS,10000,61.7697,0.00617697
2025-05-27,UZS,10000,61.675,0.0061675
2025-05-28,UZS,10000,61.5286,0.00615286
2025-05-29,UZS,10000,61.771,0.0061771
2025-05-30,UZS,10000,61.177,0.0061177
2025-05-31,UZS,10000,61.5723,0.00615723
2025-06-03,UZS,10000,61.8654,0.00618654
2025-06-04,UZS,10000,61.4393,0.00614393
2025-06-05,UZS,10000,61.0565,0.00610565
2025-06-06,UZS,10000,61.6649,0.00616649
2025-06-07,UZS,10000,61.6985,0.00616985
2025-06-10,UZS,10000,61.9481,0.00619481
2025-06-11,UZS,10000,61.8313,0.00618313
2025-06-12,UZS,10000,62.3327,0.00623327
2025-06-17,UZS,10000,61.5246,0.00615246
2025-06-18,UZS,10000,61.9054,0.00619054
2025-06-19,UZS,10000,62.1381,0.00621381
2025-06-20,UZS,10000,62.1968,0.00621968
2025-06-21,UZS,10000,62.505,0.0062505
2025-06-24,UZS,10000,62.6492,0.00626492
2025-06-25,UZS,10000,63.1611,0.00631611
2025-06-26,UZS,10000,62.7764,0.00627764
2025-06-27,UZS,10000,62.4107,0.00624107
2025-06-28,UZS,10000,62.3438,0.00623438
2025-07-01,UZS,10000,62.0575,0.00620575
2025-07-02,UZS,10000,61.771,0.0061771
2025-07-03,UZS,10000,62.049,0.0062049
2025-07-04,UZS,10000,62.5674,0.00625674
2025-07-05,UZS,10000,62.7792,0.00627792
2025-07-08,UZS,10000,62.4416,0.00624416
2025-07-09,UZS,10000,61.6627,0.00616627
2025-07-10,UZS,10000,61.4948,0.00614948
2025-07-11,UZS,10000,61.5672,0.00615672
2025-07-12,UZS,10000,61.6459,0.00616459
2025-07-15,UZS,10000,62.1259,0.00621259
2025-07-16,UZS,10000,61.3887,0.00613887
2025-07-17,UZS,10000,61.0094,0.00610094
2025-07-18,UZS,10000,61.2819,0.00612819
2025-07-19,UZS,10000,61.8674,0.00618674
2025-07-22,UZS,10000,62.2723,0.00622723
2025-07-23,UZS,10000,61.9575,0.00619575
2025-07-24,UZS,10000,61.7503,0.00617503
2025-07-25,UZS,10000,61.7921,0.00617921
2025-07-26,UZS,10000,62.8702,0.00628702
2025-07-29,UZS,10000,63.249,0.0063249
2025-07-30,UZS,10000,65.7004,0.00657004
2025-07-31,UZS,10000,65.4677,0.00654677
2025-08-01,UZS,10000,63.7858,0.00637858
2025-08-02,UZS,10000,63.2889,0.00632889
2025-08-05,UZS,10000,62.6111,0.00626111
2025-08-06,UZS,10000,63.4238,0.00634238
2025-08-07,UZS,10000,64.0256,0.00640256
2025-08-08,UZS,10000,63.4926,0.00634926
2025-08-09,UZS,10000,63.3485,0.00633485
2025-08-12,UZS,10000,62.8651,0.00628651
2025-08-13,UZS,10000,63.4436,0.00634436
2025-08-14,UZS,10000,63.6325,0.00636325
2025-08-15,UZS,10000,63.8237,0.00638237
2025-08-16,UZS,10000,63.6009,0.00636009
2025-08-19,UZS,10000,64.0975,0.00640975
2025-08-20,UZS,10000,64.2917,0.00642917
2025-08-21,UZS,10000,63.9561,0.00639561
2025-08-22,UZS,10000,64.3767,0.00643767
2025-08-23,UZS,10000,65.0485,0.00650485
2025-08-26,UZS,10000,65.2939,0.00652939
2025-08-27,UZS,10000,65.4381,0.00654381
2025-08-28,UZS,10000,65.1108,0.00651108
2025-08-29,UZS,10000,64.6837,0.00646837
2025-08-30,UZS,10000,64.356,0.0064356
2025-09-02,UZS,10000,64.4317,0.00644317
2025-09-03,UZS,10000,64.6791,0.00646791
2025-09-04,UZS,10000,65.0805,0.00650805
2025-09-05,UZS,10000,65.6975,0.00656975
2025-09-06,UZS,10000,65.5742,0.00655742
2025-09-09,UZS,10000,65.7624,0.00657624
2025-09-10,UZS,10000,66.9184,0.00669184
2025-09-11,UZS,10000,68.7334,0.00687334
2025-09-12,UZS,10000,69.3032,0.00693032
2025-09-13,UZS,10000,67.7894,0.00677894
2025-09-16,UZS,10000,66.8487,0.00668487
2025-09-17,UZS,10000,67.1029,0.00671029
2025-09-18,UZS,10000,67.5601,0.00675601
2025-09-19,UZS,10000,67.8723,0.00678723
2025-09-20,UZS,10000,67.8785,0.00678785
2025-09-23,UZS,10000,68.032,0.0068032
2025-09-24,UZS,10000,68.0017,0.00680017
2025-09-25,UZS,10000,69.0093,0.00690093
2025-09-26,UZS,10000,68.4232,0.00684232
2025-09-27,UZS,10000,68.5359,0.00685359
2025-09-30,UZS,10000,68.2674,0.00682674
2025-10-01,UZS,10000,68.4538,0.00684538
2025-10-02,UZS,10000,67.5326,0.00675326
2025-10-03,UZS,10000,67.0373,0.00670373
2025-10-04,UZS,10000,67.685,0.0067685
2025-10-07,UZS,10000,68.8198,0.00688198
2025-10-08,UZS,10000,68.149,0.0068149
2025-10-09,UZS,10000,67.7382,0.00677382
2025-10-10,UZS,10000,67.4371,0.00674371
2025-10-11,UZS,10000,66.9696,0.00669696
2025-10-14,UZS,10000,66.597,0.0066597
2025-10-15,UZS,10000,65.8122,0.00658122
2025-10-16,UZS,10000,64.7011,0.00647011
2025-10-17,UZS,10000,64.6445,0.00646445
2025-10-18,UZS,10000,66.5928,0.00665928
2025-10-21,UZS,10000,67.1924,0.00671924
2025-10-22,UZS,10000,67.4515,0.00674515
2025-10-23,UZS,10000,67.9833,0.00679833
2025-10-24,UZS,10000,67.1573,0.00671573
2025-10-25,UZS,10000,66.7566,0.00667566
2025-10-28,UZS,10000,65.1832,0.00651832
2025-10-29,UZS,10000,66.2195,0.00662195
2025-10-30,UZS,10000,66.2016,0.00662016
2025-10-31,UZS,10000,67.1394,0.00671394
2025-11-01,UZS,10000,67.533,0.0067533
2025-11-02,UZS,10000,67.2637,0.00672637
2025-11-06,UZS,10000,67.9366,0.00679366
2025-11-07,UZS,10000,67.9799,0.00679799
2025-11-08,UZS,10000,67.559,0.0067559
2025-11-11,UZS,10000,67.1736,0.00671736
2025-11-12,UZS,10000,67.7125,0.00677125
2025-11-13,UZS,10000,67.7942,0.00677942
2025-11-14,UZS,10000,67.3226,0.00673226
2025-11-15,UZS,10000,67.6904,0.00676904
2025-11-18,UZS,10000,67.3861,0.00673861
2025-11-19,UZS,10000,67.4898,0.00674898
2025-11-20,UZS,10000,67.789,0.0067789
2025-11-21,UZS,10000,67.7798,0.00677798
2025-11-22,UZS,10000,66.3255,0.00663255
2025-11-25,UZS,10000,65.924,0.0065924
2025-11-26,UZS,10000,65.8654,0.00658654
2025-11-27,UZS,10000,65.8414,0.00658414
2025-11-28,UZS,10000,65.8584,0.00658584
2025-11-29,UZS,10000,65.7254,0.00657254
2025-12-02,UZS,10000,65.0725,0.00650725
2025-12-03,UZS,10000,65.1193,0.00651193
2025-12-04,UZS,10000,65.6141,0.00656141
2025-12-05,UZS,10000,64.6141,0.00646141
2025-12-06,UZS,10000,63.6063,0.00636063
2025-12-09,UZS,10000,64.5923,0.00645923
2025-12-10,UZS,10000,64.0599,0.00640599
2025-12-11,UZS,10000,64.8993,0.00648993
2025-12-12,UZS,10000,66.0015,0.00660015
2025-12-13,UZS,10000,66.1796,0.00661796
2025-12-16,UZS,10000,65.672,0.0065672
2025-12-17,UZS,10000,65.6146,0.00656146
2025-12-18,UZS,10000,66.6519,0.00666519
2025-12-19,UZS,10000,66.5719,0.00665719
2025-12-20,UZS,10000,67.29,0.006729
2025-12-23,UZS,10000,66.1168,0.00661168
2025-12-24,UZS,10000,65.2032,0.00652032
2025-12-25,UZS,10000,64.9978,0.00649978
2025-12-26,UZS,10000,64.482,0.0064482
2025-12-27,UZS,10000,64.4358,0.00644358
2025-12-30,UZS,10000,64.4029,0.00644029
2025-12-31,UZS,10000,65.165,0.0065165
2026-01-13,UZS,10000,65.1212,0.00651212
2026-01-14,UZS,10000,65.4486,0.00654486
2026-01-15,UZS,10000,65.4666,0.00654666
2026-01-16,UZS,10000,65.6059,0.00656059
2026-01-17,UZS,10000,65.0628,0.00650628
2026-01-20,UZS,10000,64.5208,0.00645208
2026-01-21,UZS,10000,64.4602,0.00644602
2026-01-22,UZS,10000,63.9461,0.00639461
2026-01-23,UZS,10000,62.6503,0.00626503
2026-01-24,UZS,10000,62.8257,0.00628257
2026-01-27,UZS,10000,62.828,0.0062828
2026-01-28,UZS,10000,63.1199,0.00631199
2026-01-29,UZS,10000,62.6726,0.00626726
2026-01-30,UZS,10000,62.3203,0.00623203
2026-01-31,UZS,10000,61.9482,0.00619482
2026-02-03,UZS,10000,62.9156,0.00629156
2026-02-04,UZS,10000,62.7992,0.00627992
2026-02-05,UZS,10000,62.7031,0.00627031
2026-02-06,UZS,10000,62.3416,0.00623416
2026-02-07,UZS,10000,62.6294,0.00626294
2026-02-10,UZS,10000,63.026,0.0063026
2026-02-11,UZS,10000,62.7207,0.00627207
2026-02-12,UZS,10000,63.0446,0.00630446
2026-02-13,UZS,10000,62.8793,0.00628793
2026-02-14,UZS,10000,63.1655,0.00631655
2026-02-17,UZS,10000,62.8482,0.00628482
2026-02-18,UZS,10000,63.2228,0.00632228
2026-02-19,UZS,10000,62.7674,0.00627674
2026-02-20,UZS,10000,62.978,0.0062978
2026-02-21,UZS,10000,62.8455,0.00628455
2026-02-25,UZS,10000,62.8784,0.00628784
2026-02-26,UZS,10000,63.0034,0.00630034
2026-02-27,UZS,10000,63.545,0.0063545
2026-02-28,UZS,10000,63.4838,0.00634838
2026-03-03,UZS,10000,63.3058,0.00633058
2026-03-04,UZS,10000,63.5628,0.00635628
2026-03-05,UZS,10000,63.8769,0.00638769
2026-03-06,UZS,10000,64.219,0.0064219
2026-03-07,UZS,10000,64.9236,0.00649236
2026-03-11,UZS,10000,64.7629,0.00647629
2026-03-12,UZS,10000,65.1529,0.00651529
2026-03-13,UZS,10000,65.3318,0.00653318
2026-03-14,UZS,10000,66.4028,0.00664028
2026-03-17,UZS,10000,67.0335,0.00670335
2026-03-18,UZS,10000,67.5326,0.00675326
2026-03-19,UZS,10000,68.2543,0.00682543
2026-03-20,UZS,10000,69.5845,0.00695845
2026-03-21,UZS,10000,68.8958,0.00688958
2026-03-24,UZS,10000,67.1554,0.00671554
2026-03-25,UZS,10000,66.3827,0.00663827
2026-03-26,UZS,10000,66.3176,0.00663176
2026-03-27,UZS,10000,67.4321,0.00674321
2026-03-28,UZS,10000,66.5363,0.00665363
2026-03-31,UZS,10000,66.5772,0.00665772
2026-04-01,UZS,10000,66.6303,0.00666303
2026-04-02,UZS,10000,66.6303,0.00666303
2026-04-03,UZS,10000,66.1187,0.00661187
2026-04-04,UZS,10000,65.5094,0.00655094
2026-04-07,UZS,10000,64.6616,0.00646616
2026-04-08,UZS,10000,64.5061,0.00645061
2026-04-09,UZS,10000,64.0338,0.00640338
2026-04-10,UZS,10000,63.8095,0.00638095
2026-04-11,UZS,10000,63.307,0.0063307
2026-04-14,UZS,10000,62.88,0.006288
2026-04-15,UZS,10000,62.4749,0.00624749
2026-04-16,UZS,10000,61.7161,0.00617161
2026-04-17,UZS,10000,62.5439,0.00625439
2026-04-18,UZS,10000,62.7066,0.00627066
2026-04-21,UZS,10000,62.1931,0.00621931
2026-04-22,UZS,10000,61.846,0.0061846
2026-04-23,UZS,10000,62.2791,0.00622791
2026-04-24,UZS,10000,62.2796,0.00622796
2026-04-25,UZS,10000,62.8322,0.00628322
2026-04-28,UZS,10000,61.9633,0.00619633
2026-04-29,UZS,10000,62.0945,0.00620945
2026-04-30,UZS,10000,62.5319,0.00625319
2026-05-01,UZS,10000,62.6603,0.00626603
2026-05-05,UZS,10000,62.8996,0.00628996
2026-05-06,UZS,10000,62.5932,0.00625932
2026-05-07,UZS,10000,62.3015,0.00623015
2026-05-08,UZS,10000,61.594,0.0061594
2026-05-09,UZS,10000,61.1898,0.00611898
2026-05-13,UZS,10000,60.7525,0.00607525
2026-05-14,UZS,10000,60.7467,0.00607467
2026-05-15,UZS,10000,61.0742,0.00610742
2026-05-16,UZS,10000,61.0092,0.00610092
2026-05-19,UZS,10000,60.1948,0.00601948
2026-05-20,UZS,10000,59.1355,0.00591355
2026-05-21,UZS,10000,58.7528,0.00587528
2026-05-22,UZS,10000,58.8877,0.00588877
2026-05-23,UZS,10000,59.4417,0.00594417
2026-05-26,UZS,10000,59.6325,0.00596325
2026-05-27,UZS,10000,59.7137,0.00597137
2026-05-28,UZS,10000,59.0748,0.00590748
2026-05-29,UZS,10000,59.4666,0.00594666
2026-05-30,UZS,10000,59.1758,0.00591758
2026-06-02,UZS,10000,59.882,0.0059882
2026-06-03,UZS,10000,60.7976,0.00607976
2026-06-04,UZS,10000,61.2694,0.00612694
2026-06-05,UZS,10000,61.9274,0.00619274
2026-06-06,UZS,10000,61.9274,0.00619274
2026-06-09,UZS,10000,60.9856,0.00609856
2026-06-10,UZS,10000,59.6016,0.00596016
2026-06-11,UZS,10000,59.5562,0.00595562
2026-06-12,UZS,10000,59.8509,0.00598509
2026-06-16,UZS,10000,60.4777,0.00604777
2026-06-17,UZS,10000,60.055,0.0060055
2026-06-18,UZS,10000,60.3614,0.00603614
2026-06-19,UZS,10000,60.6998,0.00606998
2026-06-20,UZS,10000,60.9025,0.00609025
2026-06-23,UZS,10000,61.5208,0.00615208
2026-06-24,UZS,10000,62.0952,0.00620952
2026-06-25,UZS,10000,62.1851,0.00621851
2026-06-26,UZS,10000,62.958,0.0062958
2026-06-27,UZS,10000,64.1679,0.00641679
2026-06-30,UZS,10000,64.4681,0.00644681
2026-07-01,UZS,10000,65.1743,0.00651743
2026-07-02,UZS,10000,65.5804,0.00655804
2026-07-03,UZS,10000,65.4337,0.00654337
2026-07-04,UZS,10000,64.4956,0.00644956
2026-07-07,UZS,10000,64.7477,0.00647477
2026-07-08,UZS,10000,63.3257,0.00633257
2026-07-09,UZS,10000,63.6436,0.00636436
2026-07-10,UZS,10000,63.2107,0.00632107
2026-07-11,UZS,10000,63.4853,0.00634853
2026-07-14,UZS,10000,63.3607,0.00633607
2026-07-15,UZS,10000,64.2255,0.00642255
2026-07-16,UZS,10000,64.4858,0.00644858
2026-07-17,UZS,10000,64.7613,0.00647613
2026-07-18,UZS,10000,65.1626,0.00651626
2026-07-21,UZS,10000,65.481,0.0065481
2026-07-22,UZS,10000,65.5351,0.00655351
2026-07-23,UZS,10000,65.1312,0.00651312
2026-07-24,UZS,10000,64.7876,0.00647876
2026-07-25,UZS,10000,64.9224,0.00649224
2026-07-28,UZS,10000,65.0744,0.00650744
2026-07-29,UZS,10000,65.3077,0.00653077
2026-07-30,UZS,10000,65.9371,0.00659371
2026-07-31,UZS,10000,66.5123,0.00665123
2026-08-01,UZS,10000,66.4402,0.00664402
2026-08-04,UZS,10000,66.7826,0.00667826
2026-08-05,UZS,10000,67.9347,0.00679347
2026-08-06,UZS,10000,68.0838,0.00680838
2026-08-07,UZS,10000,68.32,0.006832
2026-08-08,UZS,10000,68.7465,0.00687465
2026-08-11,UZS,10000,69.2155,0.00692155
2026-08-12,UZS,10000,69.0213,0.00690213
2026-08-13,UZS,10000,69.8049,0.00698049
2026-08-14,UZS,10000,70.1387,0.00701387
2026-08-15,UZS,10000,70.8206,0.00708206
2026-08-18,UZS,10000,71.493,0.0071493
2026-08-19,UZS,10000,71.8242,0.00718242
2026-08-20,UZS,10000,72.019,0.0072019
2026-08-21,UZS,10000,70.6705,0.00706705
2026-08-22,UZS,10000,69.9924,0.00699924
2026-08-25,UZS,10000,70.264,0.0070264
2026-08-26,UZS,10000,71.7098,0.00717098
2026-08-27,UZS,10000,71.5557,0.00715557
2026-08-28,UZS,10000,72.6965,0.00726965
2026-08-29,UZS,10000,72.5354,0.00725354
2026-09-01,UZS,10000,73.076,0.0073076
2026-09-02,UZS,10000,73.3921,0.00733921
